CASE_ID,ACCIDENT_YEAR,PROC_DATE,JURIS,COLLISION_DATE,COLLISION_TIME,OFFICER_ID,REPORTING_DISTRICT,DAY_OF_WEEK,CHP_SHIFT,POPULATION,CNTY_CITY_LOC,SPECIAL_COND,BEAT_TYPE,CHP_BEAT_TYPE,CITY_DIVISION_LAPD,CHP_BEAT_CLASS,BEAT_NUMBER,PRIMARY_RD,SECONDARY_RD,DISTANCE,DIRECTION,INTERSECTION,WEATHER_1,WEATHER_2,STATE_HWY_IND,CALTRANS_COUNTY,CALTRANS_DISTRICT,STATE_ROUTE,ROUTE_SUFFIX,POSTMILE_PREFIX,POSTMILE,LOCATION_TYPE,RAMP_INTERSECTION,SIDE_OF_HWY,TOW_AWAY,COLLISION_SEVERITY,NUMBER_KILLED,NUMBER_INJURED,PARTY_COUNT,PRIMARY_COLL_FACTOR,PCF_CODE_OF_VIOL,PCF_VIOL_CATEGORY,PCF_VIOLATION,PCF_VIOL_SUBSECTION,HIT_AND_RUN,TYPE_OF_COLLISION,MVIW,PED_ACTION,ROAD_SURFACE,ROAD_COND_1,ROAD_COND_2,LIGHTING,CONTROL_DEVICE,CHP_ROAD_TYPE,PEDESTRIAN_ACCIDENT,BICYCLE_ACCIDENT,MOTORCYCLE_ACCIDENT,TRUCK_ACCIDENT,NOT_PRIVATE_PROPERTY,ALCOHOL_INVOLVED,STWD_VEHTYPE_AT_FAULT,CHP_VEHTYPE_AT_FAULT,COUNT_SEVERE_INJ,COUNT_VISIBLE_INJ,COUNT_COMPLAINT_PAIN,COUNT_PED_KILLED,COUNT_PED_INJURED,COUNT_BICYCLIST_KILLED,COUNT_BICYCLIST_INJURED,COUNT_MC_KILLED,COUNT_MC_INJURED,PRIMARY_RAMP,SECONDARY_RAMP,LATITUDE,LONGITUDE,COUNTY,CITY,POINT_X,POINT_Y
9347767,2021,2021-11-16,1941,2021-10-10,1358,10951,NA,7,5,7,1941,0,0,0,NA,0,NA,CARSON AV,CARSON AV 7250,0,NA,N,A,-,N,NA,NA,NA,NA,NA,NA,NA,NA,NA,N,4,0,1,2,D,-,00,NA,NA,N,D,C,A,A,H,-,A,D,0,NA,NA,NA,NA,Y,NA,-,-,0,0,1,0,0,0,0,0,0,-,-,NA,NA,LOS ANGELES,LONG BEACH,-118.11487579345705,33.83222579956055
9347769,2021,2021-11-30,1941,2021-10-10,1425,11418,NA,7,5,7,1941,0,0,0,NA,0,NA,N LONG BEACH BL,NORTH 7TH ST,34,N,N,A,-,N,NA,NA,NA,NA,NA,NA,NA,NA,NA,N,4,0,1,2,D,-,00,NA,NA,F,G,C,F,A,H,-,A,D,0,Y,NA,NA,NA,Y,NA,-,-,0,0,1,0,1,0,0,0,0,-,-,NA,NA,LOS ANGELES,LONG BEACH,-118.18946075439452,33.77543258666992
9347801,2021,2021-10-26,1934,2021-09-26,1544,779,IRWPD,7,5,1,1934,0,0,0,NA,0,001,ARROW HWY,MARINE AV,0,NA,Y,A,-,N,NA,NA,NA,NA,NA,NA,NA,NA,NA,Y,4,0,2,2,A,-,12,21453,A,N,D,C,A,A,H,-,A,A,0,NA,NA,NA,NA,Y,NA,A,01,0,0,2,0,0,0,0,0,0,-,-,34.106849670410156,-117.9605712890625,LOS ANGELES,IRWINDALE,-117.96054840087892,34.106929779052734
9347802,2021,2021-10-26,1934,2021-09-30,1811,800,IRWPD,4,5,1,1934,0,0,0,NA,0,001,LIVE OAK AV,LONGDEN AV,0,NA,Y,A,-,N,NA,NA,NA,NA,NA,NA,NA,NA,NA,Y,4,0,1,2,A,-,12,21453,A,N,D,C,A,A,H,-,A,A,0,NA,NA,NA,NA,Y,NA,A,07,0,0,1,0,0,0,0,0,0,-,-,34.11214828491211,-117.9973373413086,LOS ANGELES,IRWINDALE,-117.99887847900392,34.111961364746094
9347901,2021,2021-10-30,1900,2021-09-18,0900,642100,1365,6,5,5,1952,0,0,0,NA,0,136D,ROSECRANS AV,PARAMOUNT BL,0,NA,Y,A,-,N,NA,NA,NA,NA,NA,NA,NA,NA,NA,Y,3,0,1,2,A,-,03,22350,NA,N,C,C,A,A,H,-,A,A,0,NA,NA,NA,NA,Y,NA,A,01,0,1,0,0,0,0,0,0,0,-,-,NA,NA,LOS ANGELES,PARAMOUNT,-118.16024017333984,33.90364074707031
9347920,2021,2021-11-15,1900,2021-09-10,1646,642840,0456,5,5,6,1949,0,0,0,NA,0,45T1,BLOOMFIELD AV,EXCELSIOR DR,261,S,N,A,-,N,NA,NA,NA,NA,NA,NA,NA,NA,NA,Y,3,0,1,2,A,-,08,22107,NA,M,B,C,A,A,H,-,A,D,0,NA,NA,NA,NA,Y,NA,A,07,0,1,0,0,0,0,0,0,0,-,-,NA,NA,LOS ANGELES,NORWALK,-118.06414031982422,33.894283294677734
9347960,2021,2021-11-02,1900,2021-09-21,1726,646988,1334,2,5,5,1908,0,0,0,NA,0,132T1,VIRGINIA AV,BELMONT ST,0,NA,Y,A,-,N,NA,NA,NA,NA,NA,NA,NA,NA,NA,Y,3,0,1,2,A,-,01,23152,A,M,B,C,A,A,H,-,A,A,0,NA,NA,NA,NA,Y,Y,A,01,0,1,0,0,0,0,0,0,0,-,-,NA,NA,LOS ANGELES,BELLFLOWER,-118.13832855224608,33.88383865356445
9348008,2021,2021-12-31,1942,2021-09-27,0825,34959,0622,1,5,7,1942,0,0,0,F,0,27TL29,HILLSIDE AV,FULLER AV,323,E,N,B,-,N,NA,NA,NA,NA,NA,NA,NA,NA,NA,Y,2,0,2,2,A,-,09,21804,A,N,D,C,A,A,H,-,A,D,0,NA,NA,NA,NA,Y,NA,I,12,1,1,0,0,0,0,0,0,0,-,-,NA,NA,LOS ANGELES,LOS ANGELES,-118.34788513183594,34.1046142578125
9348012,2021,2021-10-29,1942,2021-09-29,1010,40452,0667,3,5,7,1942,0,0,0,F,0,27TL25,SANTA MONICA BL,BRONSON AV,20,E,N,A,-,Y,LA,7,2,-,-,12.09,H,-,E,Y,2,0,2,2,A,-,03,22350,NA,N,C,C,A,A,H,-,A,A,0,NA,NA,NA,NA,Y,NA,-,NA,1,0,1,0,0,0,0,0,0,-,-,NA,NA,LOS ANGELES,LOS ANGELES,-118.31788635253906,34.09075927734375
9348025,2021,2021-10-26,1934,2021-09-20,1453,750,IRWPD,1,5,1,1934,0,0,0,NA,0,001,AZUSA CANYON RD,CYPRESS ST,0,NA,Y,A,-,N,NA,NA,NA,NA,NA,NA,NA,NA,NA,N,4,0,1,2,D,-,00,NA,NA,N,B,C,A,A,H,-,A,A,0,NA,NA,NA,NA,Y,NA,-,-,0,0,1,0,0,0,0,0,0,-,-,34.09611892700195,-117.94300079345705,LOS ANGELES,IRWINDALE,-117.94298553466795,34.09610366821289
9348036,2021,2021-12-31,1942,2021-09-01,1220,40315,0657,3,5,7,1942,0,0,0,F,0,27TL46,WILTON PL,SIERRA VISTA AV,0,NA,Y,A,-,N,NA,NA,NA,NA,NA,NA,NA,NA,NA,N,4,0,1,2,A,-,08,22107,NA,F,C,C,A,A,H,-,A,A,0,NA,NA,NA,NA,Y,NA,-,99,0,0,1,0,0,0,0,0,0,-,-,NA,NA,LOS ANGELES,LOS ANGELES,-118.31358337402344,34.089542388916016
9348044,2021,2021-12-31,1942,2021-09-01,1045,39022,2069,3,5,7,1942,0,0,0,NA,0,27TL25,ELDEN AV,12TH ST,150,S,N,B,-,N,NA,NA,NA,NA,NA,NA,NA,NA,NA,N,4,0,1,2,A,-,21,22106,NA,N,H,C,A,A,H,-,A,D,0,NA,NA,NA,Y,Y,NA,F,24,0,0,1,0,0,0,0,0,0,-,-,NA,NA,LOS ANGELES,LOS ANGELES,-118.2877197265625,34.048709869384766
9348054,2021,2021-10-27,1934,2021-08-09,1931,752,1,1,5,1,1934,0,0,0,NA,0,NA,IRWINDALE AV,JARDIN DE ROCA,75,N,N,A,-,N,NA,NA,210,NA,NA,NA,NA,NA,NA,Y,2,0,3,2,A,-,03,22350,NA,N,C,C,A,A,H,-,A,A,0,NA,NA,NA,NA,Y,NA,D,22,1,0,2,0,0,0,0,0,0,-,-,34.12982940673828,-117.933837890625,LOS ANGELES,IRWINDALE,-117.93384552001952,34.129852294921875
9348056,2021,2021-12-31,1942,2021-09-05,1947,40899,0647,7,5,7,1942,0,0,0,F,0,27Q14,HOLLYWOOD BL,GOWER ST,365,E,N,A,-,N,NA,NA,NA,NA,NA,NA,NA,NA,NA,Y,3,0,2,4,A,-,03,22350,NA,N,B,E,A,A,H,-,B,D,0,NA,NA,NA,NA,Y,NA,A,01,0,1,1,0,0,0,0,0,0,-,-,NA,NA,LOS ANGELES,LOS ANGELES,-118.32118988037108,34.101661682128906
9348058,2021,2021-10-25,1934,2021-07-29,0830,777,IRWPD,4,5,1,1934,0,0,0,NA,0,001,AZUSA CANYON RD,NUBIA ST,0,NA,Y,A,-,N,NA,NA,NA,NA,NA,NA,NA,NA,NA,Y,4,0,1,2,A,-,09,21802,A,N,D,C,A,A,H,-,A,D,0,NA,NA,NA,Y,Y,NA,A,01,0,0,1,0,0,0,0,0,0,-,-,34.10335922241211,-117.94297790527344,LOS ANGELES,IRWINDALE,-117.94297790527344,34.10337448120117
9348064,2021,2021-11-15,1942,2021-10-02,0240,42011,0557,6,5,7,1942,0,0,0,E,0,25T31-,GAFFEY ST,1ST ST,60,S,N,A,-,N,NA,NA,NA,NA,NA,NA,NA,NA,NA,Y,2,0,1,3,A,-,03,22350,NA,N,C,C,A,A,H,-,C,A,0,NA,NA,Y,NA,Y,NA,A,01,1,0,0,0,0,0,0,0,1,-,-,NA,NA,LOS ANGELES,LOS ANGELES,-118.29232025146484,33.74314498901367
9348066,2021,2021-10-27,1934,2021-08-02,1431,782,IRWPD,1,5,1,1934,0,0,0,NA,0,NA,MYRTLE AV,LONGDEN AV,180,S,N,A,-,N,NA,NA,NA,NA,NA,NA,NA,NA,NA,N,4,0,1,2,A,-,03,22350,NA,N,C,C,A,A,H,-,A,A,0,NA,NA,NA,NA,Y,NA,A,01,0,0,1,0,0,0,0,0,0,-,-,34.11402130126953,-118.00424957275392,LOS ANGELES,IRWINDALE,-118.00338745117188,34.11321258544922
9348076,2021,2021-12-31,1942,2021-09-12,2310,41973,1823,7,5,7,1942,0,0,0,R,0,25T31,102ND ST,SAN PEDRO ST,142,W,N,A,-,N,NA,NA,NA,NA,NA,NA,NA,NA,NA,Y,2,0,1,6,A,-,03,22350,NA,N,A,E,A,A,H,-,C,D,0,NA,NA,NA,NA,Y,NA,A,07,1,0,0,0,0,0,0,0,0,-,-,NA,NA,LOS ANGELES,LOS ANGELES,-118.26998901367188,33.94377136230469
9348080,2021,2021-12-31,1972,2021-09-18,0840,19767,NA,6,5,6,1972,0,0,0,NA,0,NA,190TH ST,ANZA AV,230,E,N,B,-,N,NA,NA,NA,NA,NA,NA,NA,NA,NA,Y,4,0,1,2,A,-,09,21804,A,N,D,C,A,A,H,-,A,D,0,NA,NA,NA,NA,Y,NA,D,NA,0,0,1,0,0,0,0,0,0,-,-,NA,NA,LOS ANGELES,TORRANCE,-118.3647232055664,33.85826110839844
9348092,2021,2021-11-18,1941,2021-10-05,1450,6237,NA,2,5,7,1941,0,0,0,NA,0,NA,RT 710,PICO AV,350,S,N,A,-,Y,LA,7,710,-,-,6,R,2,S,Y,4,0,1,1,A,-,03,22350,NA,N,F,I,A,A,H,-,A,D,0,NA,NA,NA,Y,Y,NA,G,NA,0,0,1,0,0,0,0,0,0,-,-,NA,NA,LOS ANGELES,LONG BEACH,-118.20718383789064,33.777122497558594
9348101,2021,2021-10-27,1941,2021-09-12,1943,11562,NA,7,5,7,1941,0,0,0,NA,0,NA,LONG BEACH AV,3ND WAY,0,NA,Y,A,-,N,NA,NA,NA,NA,NA,NA,NA,NA,NA,Y,4,0,2,2,D,-,00,NA,NA,N,B,C,A,A,H,-,C,D,0,NA,NA,NA,NA,Y,NA,-,-,0,0,2,0,0,0,0,0,0,-,-,NA,NA,LOS ANGELES,LONG BEACH,-118.18947,33.77051
9348107,2021,2021-10-27,1941,2021-08-20,2003,10363,NA,5,5,7,1941,0,0,0,NA,0,NA,ATLANTIC AV,WARDLOW RD,226,S,N,A,-,N,NA,NA,NA,NA,NA,NA,NA,NA,NA,Y,2,0,1,2,A,-,11,21954,A,N,H,B,E,A,H,-,C,D,0,Y,NA,NA,NA,Y,NA,N,60,1,0,0,0,1,0,0,0,0,-,-,NA,NA,LOS ANGELES,LONG BEACH,-118.18502044677734,33.81829071044922
9348126,2021,2021-11-01,1900,2021-04-28,1030,634170,0251,3,5,4,1945,0,0,0,NA,0,28M,ATLANTIC BL,SLAUSON AV,30,N,N,A,-,N,NA,NA,NA,NA,NA,NA,NA,NA,NA,Y,4,0,1,2,A,-,08,22107,NA,N,D,C,A,A,H,-,A,A,0,NA,NA,NA,NA,Y,NA,A,01,0,0,1,0,0,0,0,0,0,-,-,NA,NA,LOS ANGELES,MAYWOOD,-118.18560028076172,33.987159729003906
9348127,2021,2021-10-27,1900,2021-04-19,1640,640990,0243,1,5,3,1914,0,0,0,NA,0,27T,TELEGRAPH RD,KERN AV,40,E,N,A,-,N,NA,NA,NA,NA,NA,NA,NA,NA,NA,Y,4,0,1,4,A,-,03,22350,NA,N,C,C,A,A,H,-,A,D,0,NA,NA,NA,NA,Y,NA,A,01,0,0,1,0,0,0,0,0,0,-,-,NA,NA,LOS ANGELES,COMMERCE,-118.16793060302734,34.01470947265625
9348129,2021,2021-11-05,1900,2021-04-15,1427,649307,0263,4,5,4,1917,0,0,0,NA,0,26T,SANTA ANA ST,WILCOX AV,285,E,N,A,-,N,NA,NA,NA,NA,NA,NA,NA,NA,NA,Y,4,0,1,2,A,-,09,21804,A,N,A,C,A,A,H,-,A,-,0,NA,NA,NA,NA,Y,NA,A,01,0,0,1,0,0,0,0,0,0,-,-,NA,NA,LOS ANGELES,CUDAHY,-118.17832183837892,33.96007537841797
9348130,2021,2021-10-27,1900,2021-04-09,1545,617315,0251,5,5,4,1945,0,0,0,NA,0,28T,ATLANTIC BL,RANDOLPH ST,0,NA,Y,A,-,N,NA,NA,NA,NA,NA,NA,NA,NA,NA,N,4,0,1,2,A,-,10,21950,NA,N,G,B,B,A,H,-,A,A,0,Y,NA,NA,NA,Y,NA,A,01,0,0,1,0,1,0,0,0,0,-,-,NA,NA,LOS ANGELES,MAYWOOD,-118.18642425537108,33.9816780090332
9348131,2021,2021-10-28,1900,2021-04-03,1010,648688,0245,6,5,3,1914,0,0,0,NA,0,27TD,FERGUSON DR,WESTSIDE DR,86,E,N,A,-,N,NA,NA,NA,NA,NA,NA,NA,NA,NA,Y,4,0,1,2,A,-,12,22450,NA,M,A,E,A,A,H,-,A,D,0,NA,NA,NA,NA,Y,NA,A,07,0,0,1,0,0,0,0,0,0,-,-,NA,NA,LOS ANGELES,COMMERCE,-118.13787841796876,34.00894546508789
9348133,2021,2021-10-27,1900,2021-04-07,0804,630400,0245,3,5,3,1914,0,0,0,NA,0,27T,ATLANTIC BL,TELEGRAPH RD,319,N,N,A,-,N,NA,NA,NA,NA,NA,NA,NA,NA,NA,Y,4,0,1,2,A,-,04,21703,NA,N,C,C,A,A,H,-,A,A,0,NA,NA,NA,NA,Y,NA,-,NA,0,0,1,0,0,0,0,0,0,-,-,34.009769439697266,-118.15868377685548,LOS ANGELES,COMMERCE,-118.1591567993164,34.01155090332031
9348142,2021,2021-11-17,1910,2021-06-20,0047,05290,NA,7,5,4,1910,0,0,0,NA,0,006,S COLDWATER CANYON DR S,LINDACREST DR,137,N,N,A,-,N,NA,NA,NA,NA,NA,NA,NA,NA,NA,Y,4,0,1,2,A,-,05,21460,A,N,D,C,A,A,H,-,C,D,0,NA,NA,NA,NA,Y,NA,A,01,0,0,1,0,0,0,0,0,0,-,-,NA,NA,LOS ANGELES,BEVERLY HILLS,-118.40618896484376,34.09721374511719
9348147,2021,2021-10-25,1934,2021-07-07,1756,748,IRWPD,3,5,1,1934,0,0,0,NA,0,001,IRWINDALE AV,CENTRAL ST,16,N,N,A,-,N,NA,NA,NA,NA,NA,NA,NA,NA,NA,N,3,0,1,2,A,-,12,22450,A,N,D,C,A,A,H,-,A,D,0,NA,NA,NA,NA,Y,NA,A,01,0,1,0,0,0,0,0,0,0,-,-,NA,NA,LOS ANGELES,IRWINDALE,-117.93428802490234,34.10291290283203
9348188,2021,2021-11-01,1900,2021-09-27,0200,616065,1320,1,5,5,1935,0,0,0,NA,0,132BE,HAYTER AV,MICHELSON ST,70,N,N,A,-,N,NA,NA,NA,NA,NA,NA,NA,NA,NA,N,3,0,1,3,A,-,08,22107,NA,N,A,E,A,A,H,-,C,D,0,NA,NA,NA,NA,Y,NA,A,01,0,1,0,0,0,0,0,0,0,-,-,NA,NA,LOS ANGELES,LAKEWOOD,-118.14617919921876,33.85750198364258
9348189,2021,2021-10-28,1900,2021-09-11,1936,636541,0560,6,5,3,1968,0,0,0,NA,0,55T1PM,GARVEY AV,LEE AV,0,NA,Y,A,-,N,NA,NA,NA,NA,NA,NA,NA,NA,NA,N,3,0,1,2,A,-,04,21703,NA,N,C,C,A,A,H,-,A,A,0,NA,NA,NA,NA,Y,NA,A,NA,0,1,0,0,0,0,0,0,0,-,-,34.06269073486328,-118.06656646728516,LOS ANGELES,SOUTH EL MONTE,-118.0668487548828,34.062721252441406
9348193,2021,2021-10-29,1900,2021-09-18,0205,615109,0562,6,5,3,1968,0,0,0,NA,0,55T1EM,KLINGERMAN ST,LORIN AV,103,W,N,A,-,N,NA,NA,NA,NA,NA,NA,NA,NA,NA,Y,4,0,1,2,A,-,08,22107,NA,N,C,C,A,A,H,-,C,D,0,NA,NA,NA,Y,Y,NA,A,01,0,0,1,0,0,0,0,0,0,-,-,34.05604934692383,-118.03987121582033,LOS ANGELES,SOUTH EL MONTE,-118.03972625732422,34.05604553222656
9348197,2021,2021-10-28,1900,2021-09-12,1859,512462,1332,7,5,5,1908,0,0,0,NA,0,133T1,BELLFLOWER BL,FLORA VISTA ST,20,N,N,A,-,N,NA,NA,NA,NA,NA,NA,NA,NA,NA,Y,4,0,1,2,A,-,08,22107,NA,N,B,E,A,A,H,-,B,A,0,NA,NA,NA,NA,Y,NA,A,01,0,0,1,0,0,0,0,0,0,-,-,NA,NA,LOS ANGELES,BELLFLOWER,-118.12532043457033,33.88668441772461
9348205,2021,2021-11-09,1900,2021-10-07,1229,530855,0522,4,5,4,1971,0,0,0,NA,0,52T1/A,ROSEMEAD BL,LAS TUNAS DR,0,NA,Y,A,-,N,NA,NA,NA,NA,NA,NA,NA,NA,NA,N,4,0,1,2,A,-,04,21703,NA,M,C,C,A,A,H,-,A,A,0,NA,NA,NA,NA,Y,NA,D,22,0,0,1,0,0,0,0,0,0,-,-,34.10369873046875,-118.07362365722656,LOS ANGELES,TEMPLE CITY,-118.07347869873048,34.103546142578125
9348210,2021,2021-11-09,1900,2021-10-06,1500,613235,1335,3,5,5,1908,0,0,0,NA,0,133H,BEACH ST,CLARK AV,700,E,N,A,-,N,NA,NA,NA,NA,NA,NA,NA,NA,NA,Y,3,0,1,3,A,-,03,22350,NA,N,B,C,A,A,H,-,A,D,0,NA,NA,NA,NA,Y,NA,A,01,0,1,0,0,0,0,0,0,0,-,-,NA,NA,LOS ANGELES,BELLFLOWER,-118.1318359375,33.87712097167969
9348214,2021,2022-01-07,1900,2021-05-29,2220,646988,1351,6,5,3,1927,0,0,0,NA,0,135E,NORWALK BL,CARSON ST,0,NA,Y,A,-,N,NA,NA,NA,NA,NA,NA,NA,NA,NA,Y,4,0,2,2,A,-,12,21453,A,N,D,C,A,A,H,-,C,A,0,NA,NA,NA,NA,Y,NA,A,01,0,0,2,0,0,0,0,0,0,-,-,NA,NA,LOS ANGELES,HAWAIIAN GARDENS,-118.07208251953124,33.831424713134766
9348226,2021,2021-11-17,1900,2021-10-02,2259,638628,1352,6,5,3,1927,0,0,0,NA,0,134A,CARSON ST,VERNE AV,0,NA,Y,A,-,N,NA,NA,NA,NA,NA,NA,NA,NA,NA,N,3,0,1,2,A,-,04,21703,NA,N,C,C,A,-,H,-,C,A,0,NA,NA,NA,Y,Y,NA,F,26,0,1,0,0,0,0,0,0,0,-,-,NA,NA,LOS ANGELES,HAWAIIAN GARDENS,-118.06710052490234,33.831512451171875
9348238,2021,2021-11-24,1900,2021-08-18,0749,625546,1368,3,5,5,1952,0,0,0,NA,0,136B,SOMERSET BL,PARAMOUNT BL,30,W,N,A,-,N,NA,NA,NA,NA,NA,NA,NA,NA,NA,N,4,0,1,2,A,-,08,22107,NA,N,-,C,A,A,H,-,A,A,0,NA,NA,NA,NA,Y,NA,D,22,0,0,1,0,0,0,0,0,0,-,-,NA,NA,LOS ANGELES,PARAMOUNT,-118.16030120849608,33.89636993408203
9348241,2021,2021-11-02,1942,2021-10-16,1500,38088,0505,6,5,7,1942,0,0,0,E,0,25MX87,VERMONT AV,190TH ST,60,S,N,A,-,N,NA,NA,NA,NA,NA,NA,NA,NA,NA,N,4,0,3,4,A,-,03,22350,NA,F,B,C,A,A,H,-,A,A,0,NA,NA,NA,NA,Y,NA,-,99,0,0,3,0,0,0,0,0,0,-,-,NA,NA,LOS ANGELES,LOS ANGELES,-118.29054260253906,33.858665466308594
9348243,2021,2021-11-01,1900,2021-09-16,2255,652853,0647,4,5,6,1985,0,0,0,NA,0,61T1,SOLEDAD CANYON RD,VALEO WY,425,W,N,A,-,N,NA,NA,NA,NA,NA,NA,NA,NA,NA,Y,2,0,2,1,A,-,01,23152,A,N,E,I,A,A,H,-,C,D,0,NA,NA,NA,NA,Y,Y,D,22,1,0,1,0,0,0,0,0,0,-,-,34.41453170776367,-118.52216339111328,LOS ANGELES,SANTA CLARITA,NA,NA
9348245,2021,2021-11-02,1942,2021-10-17,1315,42539,0397,7,5,7,1942,0,0,0,C,0,25TL27,KENWOOD AV,42ND ST,0,NA,Y,A,-,N,NA,NA,NA,NA,NA,NA,NA,NA,NA,Y,4,0,1,2,A,-,03,22350,NA,F,C,C,A,A,H,-,A,A,0,NA,NA,NA,NA,Y,NA,D,22,0,0,1,0,0,0,0,0,0,-,-,NA,NA,LOS ANGELES,LOS ANGELES,-118.2991180419922,34.00730895996094
9348252,2021,2021-12-03,1900,2021-10-06,0655,608504,0461,3,5,4,1936,0,0,0,NA,0,46T1DA,IMPERIAL HWY,VALLEY VIEW AV,32,W,N,B,-,N,NA,NA,NA,NA,NA,NA,NA,NA,NA,N,4,0,1,2,A,-,07,21658,A,N,D,C,A,A,H,-,A,D,0,NA,NA,NA,NA,Y,NA,A,01,0,0,1,0,0,0,0,0,0,-,-,NA,NA,LOS ANGELES,LA MIRADA,-118.02948760986328,33.917030334472656
9348259,2021,2021-11-09,1900,2021-10-07,1451,476466,0612,4,5,6,1985,0,0,0,NA,0,61T1,SOLEDAD CANYON RD,CAMP PLENTY RD,73,W,N,B,-,N,NA,NA,NA,NA,NA,NA,NA,NA,NA,Y,4,0,1,3,A,-,08,22107,NA,N,D,C,A,A,H,-,A,D,0,NA,NA,NA,NA,Y,NA,D,22,0,0,1,0,0,0,0,0,0,-,-,34.41563034057617,-118.47576141357422,LOS ANGELES,SANTA CLARITA,-118.47586059570313,34.415618896484375
9348261,2021,2021-11-02,1942,2021-10-14,1310,42282,1218,4,5,7,1942,0,0,0,L,0,25TL23,SLAUSONA V,FIGUEROA ST,75,E,N,A,-,N,NA,NA,NA,NA,NA,NA,NA,NA,NA,N,4,0,1,2,A,-,09,21804,A,F,B,C,A,-,H,-,A,D,0,NA,NA,NA,NA,Y,NA,-,99,0,0,1,0,0,0,0,0,0,-,-,NA,NA,LOS ANGELES,LOS ANGELES,-118.28243255615234,33.98915481567383
9348265,2021,2021-12-13,1942,2021-10-14,1510,37724,1844,4,5,7,1942,0,0,0,R,0,25TL22,111TH PL,STANFORD AV,90,E,N,A,-,N,NA,NA,NA,NA,NA,NA,NA,NA,NA,Y,3,0,1,2,A,-,01,23152,A,M,C,C,A,A,H,-,A,D,0,NA,NA,NA,Y,Y,Y,D,22,0,1,0,0,0,0,0,0,0,-,-,NA,NA,LOS ANGELES,LOS ANGELES,-118.26273345947266,33.93454360961914
9348268,2021,2021-11-16,1955,2021-10-06,1212,42314,83,3,5,6,1955,0,0,0,NA,0,005,RT 71,RIO RANCHO RD,1095,N,N,A,-,Y,LA,7,71,-,-,3.4,H,-,N,Y,3,0,6,6,A,-,03,22350,NA,N,C,C,A,A,H,-,A,D,0,NA,NA,NA,NA,Y,NA,D,22,0,3,3,0,0,0,0,0,0,-,-,NA,NA,LOS ANGELES,POMONA,-117.76064300537108,34.034217834472656
9348274,2021,2021-12-07,1900,2021-10-12,1308,510509,1121,2,5,6,1992,0,0,0,NA,0,112T4,20TH ST WEST,AVENUE I,240,NA,N,A,-,N,NA,NA,NA,NA,NA,NA,NA,NA,NA,Y,4,0,1,2,A,-,09,21804,A,N,C,C,A,A,H,-,A,D,0,NA,NA,Y,NA,Y,NA,C,02,0,0,1,0,0,0,0,0,1,-,-,NA,NA,LOS ANGELES,LANCASTER,-118.1659698486328,34.70405578613281
9348284,2021,2021-10-28,1955,2021-09-29,1738,41949,40,3,5,6,1955,0,0,0,NA,0,002,FAIRPLEX DR,VERA CRUZ,0,NA,Y,A,-,N,NA,NA,NA,NA,NA,NA,NA,NA,NA,Y,4,0,1,2,A,-,09,21801,A,N,D,C,A,A,H,-,A,A,0,NA,NA,NA,NA,Y,NA,D,22,0,0,1,0,0,0,0,0,0,-,-,34.07905960083008,-117.77964019775392,LOS ANGELES,POMONA,-117.7796630859375,34.07904815673828
9348291,2021,2021-12-06,1900,2021-10-05,0717,621411,1621,2,5,5,1977,0,0,0,NA,0,164T,ALAMEDA ST,DEL AMO BL,0,NA,Y,A,-,N,NA,NA,NA,NA,NA,NA,NA,NA,NA,Y,2,0,1,1,A,-,16,24002,A,N,H,A,A,A,H,-,A,A,0,NA,NA,NA,Y,Y,NA,G,25,1,0,0,0,0,0,0,0,0,-,CN,33.846431732177734,-118.22042083740234,LOS ANGELES,CARSON,-118.22036743164064,33.84623718261719
9348296,2021,2021-11-17,1928,2021-10-01,1008,50324,530,5,5,5,1928,0,0,0,NA,0,501,IMPERIAL HWY,MANSEL AV,88,E,N,A,-,N,NA,NA,NA,NA,NA,NA,NA,NA,NA,Y,3,0,2,2,A,-,01,23152,A,M,C,E,A,A,H,-,A,A,0,NA,NA,NA,NA,Y,Y,A,01,0,1,1,0,0,0,0,0,0,-,-,33.930938720703125,-118.35587310791016,LOS ANGELES,HAWTHORNE,-118.35556793212892,33.930938720703125
9348299,2021,2021-11-02,1900,2021-10-02,0720,430275,1516,6,5,5,1954,0,0,0,NA,0,151T1,SLAUSON AV,INDUSTRY AV,952,W,N,A,-,N,NA,NA,NA,NA,NA,NA,NA,NA,NA,Y,3,0,1,1,A,-,08,22107,NA,N,E,I,A,A,H,-,A,D,0,NA,NA,NA,NA,Y,NA,D,22,0,1,0,0,0,0,0,0,0,-,-,33.975399017333984,-118.1186981201172,LOS ANGELES,PICO RIVERA,-118.11766815185548,33.974830627441406
9348300,2021,2021-11-12,1928,2021-10-09,0216,50386,520,6,5,5,1928,0,0,0,NA,0,503,ROSECRANS AV,LEMOLI AV,0,NA,Y,A,-,N,NA,NA,NA,NA,NA,NA,NA,NA,NA,Y,4,0,3,2,A,-,12,21453,A,M,D,C,A,A,H,-,C,A,0,NA,NA,NA,NA,Y,NA,D,22,0,0,3,0,0,0,0,0,0,-,-,33.90188980102539,-118.33077239990234,LOS ANGELES,HAWTHORNE,-118.33087158203124,33.90192794799805
9348310,2021,2021-11-12,1900,2021-08-28,1959,652882,1124,6,5,6,1992,0,0,0,NA,0,112T2,GADSDEN AV,AVENUE K,0,NA,Y,A,-,N,NA,NA,NA,NA,NA,NA,NA,NA,NA,N,4,0,1,2,A,-,00,21459,A,N,B,B,B,A,H,-,C,A,0,Y,NA,NA,NA,Y,NA,-,-,0,0,1,0,1,0,0,0,0,-,-,NA,NA,LOS ANGELES,LANCASTER,-118.14350128173828,34.67491149902344
9348311,2021,2021-11-02,1900,2021-10-05,1246,621411,1621,2,5,5,1977,0,0,0,NA,0,164T,WALNUT ST,KEEGAN AV,811,W,N,A,-,N,NA,NA,NA,NA,NA,NA,NA,NA,NA,N,3,0,1,2,A,-,11,21954,A,N,G,B,D,A,H,-,A,D,0,Y,NA,NA,NA,Y,NA,N,60,0,1,0,0,1,0,0,0,0,-,-,NA,NA,LOS ANGELES,CARSON,-118.25486755371094,33.87535858154297