CASE_ID,ACCIDENT_YEAR,PROC_DATE,JURIS,COLLISION_DATE,COLLISION_TIME,OFFICER_ID,REPORTING_DISTRICT,DAY_OF_WEEK,CHP_SHIFT,POPULATION,CNTY_CITY_LOC,SPECIAL_COND,BEAT_TYPE,CHP_BEAT_TYPE,CITY_DIVISION_LAPD,CHP_BEAT_CLASS,BEAT_NUMBER,PRIMARY_RD,SECONDARY_RD,DISTANCE,DIRECTION,INTERSECTION,WEATHER_1,WEATHER_2,STATE_HWY_IND,CALTRANS_COUNTY,CALTRANS_DISTRICT,STATE_ROUTE,ROUTE_SUFFIX,POSTMILE_PREFIX,POSTMILE,LOCATION_TYPE,RAMP_INTERSECTION,SIDE_OF_HWY,TOW_AWAY,COLLISION_SEVERITY,NUMBER_KILLED,NUMBER_INJURED,PARTY_COUNT,PRIMARY_COLL_FACTOR,PCF_CODE_OF_VIOL,PCF_VIOL_CATEGORY,PCF_VIOLATION,PCF_VIOL_SUBSECTION,HIT_AND_RUN,TYPE_OF_COLLISION,MVIW,PED_ACTION,ROAD_SURFACE,ROAD_COND_1,ROAD_COND_2,LIGHTING,CONTROL_DEVICE,CHP_ROAD_TYPE,PEDESTRIAN_ACCIDENT,BICYCLE_ACCIDENT,MOTORCYCLE_ACCIDENT,TRUCK_ACCIDENT,NOT_PRIVATE_PROPERTY,ALCOHOL_INVOLVED,STWD_VEHTYPE_AT_FAULT,CHP_VEHTYPE_AT_FAULT,COUNT_SEVERE_INJ,COUNT_VISIBLE_INJ,COUNT_COMPLAINT_PAIN,COUNT_PED_KILLED,COUNT_PED_INJURED,COUNT_BICYCLIST_KILLED,COUNT_BICYCLIST_INJURED,COUNT_MC_KILLED,COUNT_MC_INJURED,PRIMARY_RAMP,SECONDARY_RAMP,LATITUDE,LONGITUDE,COUNTY,CITY,POINT_X,POINT_Y
9349252,2021,2021-12-21,1900,2021-04-26,1708,633643,NA,1,5,5,1915,0,0,0,NA,0,283T3,COMPTON BL,OLEANDER AV,0,NA,Y,A,-,N,NA,NA,NA,NA,NA,NA,NA,NA,NA,Y,4,0,2,3,A,-,09,21801,NA,N,B,C,A,A,H,-,A,A,0,NA,NA,NA,NA,Y,NA,D,22,0,0,2,0,0,0,0,0,0,-,-,NA,NA,LOS ANGELES,COMPTON,-118.22875213623048,33.89592742919922
9349282,2021,2022-01-12,1942,2021-09-25,2150,43092,1265,6,5,7,1942,0,0,0,L,0,12A39W,MANCHESTER AV,HALLDALE AV,60,E,N,A,-,N,NA,NA,NA,NA,NA,NA,NA,NA,NA,Y,2,0,2,3,A,-,09,21804,A,N,B,C,A,A,H,-,C,D,0,NA,NA,NA,NA,Y,NA,D,22,2,0,0,0,0,0,0,0,0,-,-,NA,NA,LOS ANGELES,LOS ANGELES,-118.3022918701172,33.959999084472656
9349290,2021,2021-12-31,1942,2021-09-30,1000,33599,1239,4,5,7,1942,0,0,0,L,0,25TL27,60TH ST,VERMONT,20,E,N,A,-,N,NA,NA,NA,NA,NA,NA,NA,NA,NA,N,4,0,1,2,A,-,06,21755,A,N,B,D,A,A,H,-,A,D,0,NA,NA,Y,NA,Y,NA,D,22,0,0,1,0,0,0,0,0,1,-,-,NA,NA,LOS ANGELES,LOS ANGELES,-118.29142761230467,33.98548889160156
9349302,2021,2021-12-31,1942,2021-09-29,1905,24926,1385,3,5,7,1942,0,0,0,M,0,24T31,METTLER ST,59TH PL,22,N,N,A,-,N,NA,NA,NA,NA,NA,NA,NA,NA,NA,Y,2,0,1,3,A,-,09,21801,A,N,C,E,A,A,H,-,C,D,0,NA,NA,NA,NA,Y,NA,A,01,1,0,0,0,0,0,0,0,0,-,-,NA,NA,LOS ANGELES,LOS ANGELES,-118.26637268066406,33.986141204833984
9349314,2021,2021-10-27,1942,2021-09-25,1501,38942,1313,6,5,7,1942,0,0,0,M,0,24MQ37,SAN PEDRO ST,WASHINGTON BL,56,N,N,A,-,N,NA,NA,NA,NA,NA,NA,NA,NA,NA,N,3,0,1,2,A,-,05,21460,A,M,B,C,A,A,H,-,A,D,0,NA,NA,NA,NA,Y,NA,A,01,0,1,0,0,0,0,0,0,0,-,-,NA,NA,LOS ANGELES,LOS ANGELES,-118.25735473632813,34.02775192260742
93493155,2024,2024-08-05,9580,2024-07-25,525,023705,NA,4,3,7,1942,0,1,1,NA,2,405,I-405 S/B (SAN DIEGO FWY),VICTORY BLVD,1000,S,N,A,-,Y,LA,NA,405,NA,NA,41.177,H,NA,L,Y,3,0,1,1,C,-,18,NA,NA,N,E,I,A,A,H,-,B,D,0,NA,NA,Y,NA,Y,NA,-,-,0,1,0,0,0,0,0,0,1,-,-,34.1839714050293,-118.47318267822266,LOS ANGELES,LOS ANGELES,-118.47325897216795,34.183937072753906
9349361,2021,2021-10-27,1942,2021-09-25,2310,38202,1245,6,5,7,1942,0,0,0,L,0,25MX88,GAGE AV,NORMANDIE AV,0,NA,Y,B,-,N,NA,NA,NA,NA,NA,NA,NA,NA,NA,Y,3,0,1,2,A,-,12,21453,A,F,D,C,A,A,H,-,C,A,0,NA,NA,NA,NA,Y,NA,-,99,0,1,0,0,0,0,0,0,0,-,-,NA,NA,LOS ANGELES,LOS ANGELES,-118.30026245117188,33.98235321044922
9349362,2021,2021-10-27,1942,2021-09-17,0010,43357,1241,5,5,7,1942,0,0,0,L,0,12A73,WEST BL,64TH ST,0,NA,Y,A,-,N,NA,NA,NA,NA,NA,NA,NA,NA,NA,Y,3,0,5,2,A,-,05,21651,B,N,D,C,A,A,H,-,C,D,0,NA,NA,NA,NA,Y,NA,A,01,0,5,0,0,0,0,0,0,0,-,-,NA,NA,LOS ANGELES,LOS ANGELES,-118.3351821899414,33.98176956176758
9349374,2021,2021-10-27,1900,2021-09-27,1205,455303,1516,1,5,5,1954,0,0,0,NA,0,151T1,PARAMOUNT BL,WASHINGTON BL,432,S,N,A,-,N,NA,NA,NA,NA,NA,NA,NA,NA,NA,Y,4,0,1,4,A,-,03,22350,NA,N,C,C,A,A,H,-,A,A,0,NA,NA,NA,NA,Y,NA,A,01,0,0,1,0,0,0,0,0,0,-,-,33.9864387512207,-118.10588073730467,LOS ANGELES,PICO RIVERA,-118.10597229003906,33.98653793334961
9349375,2021,2021-10-27,1920,2021-09-06,2258,10705,NA,1,5,6,1920,0,0,0,NA,0,005,DOWNEY AV,4TH ST,114,N,N,A,-,N,NA,NA,NA,NA,NA,NA,NA,NA,NA,Y,4,0,1,1,A,-,01,23152,A,N,E,I,A,A,H,-,C,D,0,NA,NA,NA,NA,Y,Y,A,01,0,0,1,0,0,0,0,0,0,-,-,NA,NA,LOS ANGELES,DOWNEY,-118.13092803955078,33.94292068481445
9349376,2021,2021-10-27,1920,2021-09-06,0802,12605,1920,1,5,6,1920,0,0,0,NA,0,004,LAKEWOOD BL,MULLER ST,0,NA,Y,A,-,N,NA,NA,NA,NA,NA,NA,NA,NA,NA,N,3,0,1,2,A,-,05,21650,1,N,H,G,A,A,H,-,A,A,0,NA,Y,NA,NA,Y,NA,L,04,0,1,0,0,0,0,1,0,0,-,-,NA,NA,LOS ANGELES,DOWNEY,-118.12049102783205,33.9411506652832
9349379,2021,2021-10-27,1900,2021-09-18,1445,610204,2822,6,5,5,1915,0,0,0,NA,0,285D,COMPTON BL,WILLOWBROOK AV,0,NA,Y,A,-,N,NA,NA,NA,NA,NA,NA,NA,NA,NA,Y,3,0,2,3,A,-,12,21457,A,N,D,C,A,A,H,-,A,A,0,NA,NA,NA,NA,Y,NA,A,01,0,2,0,0,0,0,0,0,0,-,-,33.89591979980469,-118.22406005859376,LOS ANGELES,COMPTON,-118.22438049316406,33.89598846435547
9349380,2021,2021-10-27,1900,2021-09-10,2149,623673,2825,5,5,5,1915,0,0,0,NA,0,281T1,ROSECRANS AV,HARRIS AV,0,NA,Y,A,-,N,NA,NA,NA,NA,NA,NA,NA,NA,NA,N,4,0,1,2,A,-,09,21801,A,N,D,C,A,A,H,-,C,A,0,NA,NA,NA,NA,Y,NA,A,07,0,0,1,0,0,0,0,0,0,-,-,33.90351104736328,-118.1993408203125,LOS ANGELES,COMPTON,-118.19934844970705,33.903594970703125
9349381,2021,2021-11-08,1900,2021-09-10,1115,652805,2840,5,5,5,1915,0,0,0,NA,0,282T1,MYRRH ST,SANTA FE AV,0,NA,Y,A,-,N,NA,NA,NA,NA,NA,NA,NA,NA,NA,N,3,0,1,2,A,-,10,21950,A,N,G,B,B,A,H,-,A,A,0,Y,NA,NA,NA,Y,NA,A,01,0,1,0,0,1,0,0,0,0,-,-,33.89223098754883,-118.21620941162108,LOS ANGELES,COMPTON,-118.21614837646484,33.89230728149414
9349382,2021,2021-10-28,1900,2021-09-10,1958,633643,2845,5,5,5,1915,0,0,0,NA,0,283T2,SANTA FE AV,ARTESIA BL,0,NA,Y,A,-,N,NA,NA,NA,NA,NA,NA,NA,NA,NA,Y,3,0,1,2,A,-,09,21801,A,N,A,C,A,A,H,-,C,A,0,NA,NA,Y,NA,Y,NA,A,01,0,1,0,0,0,0,0,0,1,-,-,NA,NA,LOS ANGELES,COMPTON,-118.21454620361328,33.87431716918945
9349383,2021,2021-10-28,1900,2021-09-06,2334,644775,2825,1,5,5,1915,0,0,0,NA,0,281E,BULLIS RD,ROSECRANS AV,0,NA,Y,A,-,N,NA,NA,NA,NA,NA,NA,NA,NA,NA,Y,4,0,1,2,A,-,12,21453,A,N,D,C,A,A,H,-,C,A,0,NA,NA,NA,NA,Y,NA,A,01,0,0,1,0,0,0,0,0,0,-,-,33.90380859375,-118.20671081542967,LOS ANGELES,COMPTON,-118.2070770263672,33.90352249145508
9349384,2021,2021-10-28,1900,2021-09-03,1625,642584,2813,5,5,5,1915,0,0,0,NA,0,283T2,ROSECRANS AV,MATTHISEN AV,0,NA,Y,A,-,N,NA,NA,NA,NA,NA,NA,NA,NA,NA,Y,4,0,1,2,A,-,09,21801,A,N,-,C,A,A,H,-,A,A,0,NA,NA,NA,NA,Y,NA,A,07,0,0,1,0,0,0,0,0,0,-,-,33.9033317565918,-118.23435974121094,LOS ANGELES,COMPTON,-118.2343521118164,33.90336990356445
9349385,2021,2021-10-28,1900,2021-09-20,0129,654611,2 116,1,5,5,1943,0,0,0,NA,0,21274,LONG BEACH BL,EUCLID AV,0,NA,Y,A,-,N,NA,NA,NA,NA,NA,NA,NA,NA,NA,N,4,0,2,2,A,-,12,21453,A,N,D,C,A,A,H,-,A,A,0,NA,NA,NA,NA,Y,NA,A,01,0,0,2,0,0,0,0,0,0,-,-,NA,NA,LOS ANGELES,LYNWOOD,-118.20912170410156,33.91266632080078
9349386,2021,2021-10-27,1900,2021-09-30,1145,525754,2914,4,5,4,1974,0,0,0,NA,0,291K1,LEMON AV,LA PUENTE RD,300,S,N,A,-,N,NA,NA,NA,NA,NA,NA,NA,NA,NA,N,4,0,1,2,A,-,09,21804,A,N,B,C,A,A,H,-,A,D,0,NA,NA,NA,NA,Y,NA,A,07,0,0,1,0,0,0,0,0,0,-,-,34.01890182495117,-117.86509704589844,LOS ANGELES,WALNUT,-117.86546325683594,34.01960372924805
9349387,2021,2021-10-27,1900,2021-09-29,1415,639869,2910,3,5,4,1974,0,0,0,NA,0,291K2,AMAR RD,AMBER VALLEY,555,E,N,A,-,N,NA,NA,NA,NA,NA,NA,NA,NA,NA,Y,3,0,1,1,C,-,18,NA,NA,N,E,I,A,A,-,-,A,D,0,NA,NA,NA,NA,Y,NA,-,-,0,1,0,0,0,0,0,0,0,-,-,34.03110885620117,-117.88825988769533,LOS ANGELES,WALNUT,-117.88794708251952,34.03114700317383
9349418,2021,2021-10-26,1976,2021-09-30,1407,482,NA,4,5,3,1964,0,0,0,NA,0,001,TELEGRAPH RD,PAINTER AV,164,E,N,A,-,N,NA,NA,NA,NA,NA,NA,NA,NA,NA,Y,3,0,1,1,A,-,03,22350,NA,N,E,I,A,A,H,-,A,A,0,NA,NA,NA,NA,Y,NA,A,01,0,1,0,0,0,0,0,0,0,-,-,NA,NA,LOS ANGELES,SANTA FE SPRINGS,-118.05085754394533,33.941810607910156
9349419,2021,2021-10-26,1976,2021-09-29,0654,219,NA,3,5,3,1964,0,0,0,NA,0,002,FLORENCE AV,ROSETON AV,393,E,N,A,-,N,NA,NA,NA,NA,NA,NA,NA,NA,NA,N,4,0,1,3,A,-,03,22350,NA,N,C,C,A,A,H,-,A,D,0,NA,NA,NA,NA,Y,NA,A,07,0,0,1,0,0,0,0,0,0,-,-,NA,NA,LOS ANGELES,SANTA FE SPRINGS,-118.08663940429688,33.93513488769531
9349420,2021,2021-10-26,1976,2021-09-29,1232,559,NA,3,5,3,1964,0,0,0,NA,0,NA,SLAUSON AV,ALLPORT AV,662,E,N,A,-,N,NA,NA,NA,NA,NA,NA,NA,NA,NA,Y,2,0,1,1,A,-,08,22107,NA,N,E,I,A,A,H,-,C,D,0,NA,NA,NA,NA,Y,NA,A,01,1,0,0,0,0,0,0,0,0,-,-,NA,NA,LOS ANGELES,SANTA FE SPRINGS,-118.06269073486328,33.964534759521484
9349421,2021,2021-10-28,1976,2021-09-29,0158,499,1964,3,5,3,1964,0,0,0,NA,0,001,MCCANN DR,S JORDAN CIR,182,W,N,A,-,N,NA,NA,NA,NA,NA,NA,NA,NA,NA,Y,2,0,1,1,A,-,08,22107,NA,N,E,I,A,A,H,-,C,D,0,NA,NA,NA,NA,Y,NA,A,01,1,0,0,0,0,0,0,0,0,-,-,NA,NA,LOS ANGELES,SANTA FE SPRINGS,-118.06899261474608,33.947025299072266
9349422,2021,2021-10-28,1976,2021-09-23,1438,545,NA,4,5,3,1964,0,0,0,NA,0,001,TELEGRAPH RD,PAINTER AV,234,E,N,A,-,N,NA,NA,NA,NA,NA,NA,NA,NA,NA,Y,3,0,1,1,A,-,08,22107,NA,N,F,A,A,A,H,-,A,A,0,NA,NA,Y,NA,Y,NA,C,02,0,1,0,0,0,0,0,0,1,-,-,NA,NA,LOS ANGELES,SANTA FE SPRINGS,-118.05062866210938,33.941810607910156
9349424,2021,2021-10-28,1906,2021-09-13,1607,4441,NA,1,5,5,1906,0,0,0,NA,0,003,FRANCISQUITO AV,MAINE AV,0,NA,Y,A,-,N,NA,NA,NA,NA,NA,NA,NA,NA,NA,Y,4,0,2,2,A,-,09,21801,A,N,D,C,A,A,H,-,A,A,0,NA,NA,NA,NA,Y,NA,A,07,0,0,2,0,0,0,0,0,0,-,-,NA,NA,LOS ANGELES,BALDWIN PARK,-117.97669982910156,34.07046127319336
9349425,2021,2021-10-28,1906,2021-09-06,1858,4450,ELMON,1,5,5,1906,0,0,0,NA,0,004,MAINE AV,NUBIA ST,0,NA,Y,A,-,N,NA,NA,NA,NA,NA,NA,NA,NA,NA,N,4,0,1,2,A,-,09,21801,A,N,D,C,A,A,H,-,A,D,0,NA,NA,NA,NA,Y,NA,-,NA,0,0,1,0,0,0,0,0,0,-,-,NA,NA,LOS ANGELES,BALDWIN PARK,-117.96054077148438,34.1036262512207
9349426,2021,2021-10-28,1906,2021-09-12,1954,4450,ELMON,7,5,5,1906,0,0,0,NA,0,003,FRANCISQUITO AV,VINELAND AV,0,NA,Y,A,-,N,NA,NA,NA,NA,NA,NA,NA,NA,NA,Y,3,0,1,2,A,-,12,21453,A,N,D,C,A,A,H,-,C,A,0,NA,NA,NA,NA,Y,NA,A,01,0,1,0,0,0,0,0,0,0,-,-,NA,NA,LOS ANGELES,BALDWIN PARK,-117.9730224609375,34.06779098510742
9349427,2021,2021-10-28,1900,2021-09-07,1110,489533,0451,2,5,6,1949,0,0,0,NA,0,43T1,FIRESTONE BL,ORR AND DAY RD,332,W,N,A,-,N,NA,NA,NA,NA,NA,NA,NA,NA,NA,Y,3,0,2,1,A,-,03,22350,NA,N,E,I,A,A,H,-,A,A,0,NA,NA,NA,NA,Y,NA,A,07,0,1,1,0,0,0,0,0,0,-,-,NA,NA,LOS ANGELES,NORWALK,-118.09220886230467,33.918212890625
9349428,2021,2021-10-28,1900,2021-09-12,1525,489533,0455,7,5,6,1949,0,0,0,NA,0,45T1,ALONDRA BL,STUDEBAKER RD,562,E,N,A,-,N,NA,NA,NA,NA,NA,NA,NA,NA,NA,Y,4,0,2,1,A,-,08,22107,NA,N,E,I,A,A,H,-,A,D,0,NA,NA,NA,NA,Y,NA,A,01,0,0,2,0,0,0,0,0,0,-,-,NA,NA,LOS ANGELES,NORWALK,-118.09812927246094,33.887611389160156
9349429,2021,2021-10-28,1900,2021-09-15,1652,610211,NA,3,5,6,1949,0,0,0,NA,0,43T1,NORWALK BL,CREWE ST,249,S,N,A,-,N,NA,NA,NA,NA,NA,NA,NA,NA,NA,Y,4,0,2,3,A,-,09,21801,A,N,D,C,A,A,H,-,A,D,0,NA,NA,NA,NA,Y,NA,A,01,0,0,2,0,0,0,0,0,0,-,-,NA,NA,LOS ANGELES,NORWALK,-118.07283782958984,33.92073059082031
9349430,2021,2021-11-05,1900,2021-09-14,1412,602218,0466,2,5,4,1936,0,0,0,NA,0,4671,ALONDRA BL,TROJAN WY,0,NA,Y,A,-,N,NA,NA,NA,NA,NA,NA,NA,NA,NA,N,3,0,1,2,A,-,05,21650,1,N,D,G,A,A,H,-,A,A,0,NA,Y,NA,NA,Y,NA,L,04,0,1,0,0,0,0,1,0,0,-,-,33.8880615234375,-118.015869140625,LOS ANGELES,LA MIRADA,-118.01589965820313,33.8880615234375
9349431,2021,2021-10-27,1900,2021-09-18,1722,494990,0463,6,5,4,1936,0,0,0,NA,0,46T1,SANTA GERTRUDES AV,LEMON DR,1245,S,N,A,-,N,NA,NA,NA,NA,NA,NA,NA,NA,NA,Y,4,0,1,2,A,-,09,21801,A,N,D,C,A,A,H,-,A,A,0,NA,NA,NA,NA,Y,NA,A,07,0,0,1,0,0,0,0,0,0,-,-,NA,NA,LOS ANGELES,LA MIRADA,-117.99437713623048,33.92106628417969
9349488,2021,2021-10-28,1900,2021-09-18,1915,548515,2113,6,5,5,1943,0,0,0,NA,0,212T3,MARTIN LUTHER KING JR BL,ABBOTT RD,100,W,N,A,-,N,NA,NA,NA,NA,NA,NA,NA,NA,NA,N,4,0,1,2,A,-,03,22350,NA,M,C,C,A,A,H,-,B,D,0,NA,NA,NA,NA,Y,NA,A,01,0,0,1,0,0,0,0,0,0,-,-,NA,NA,LOS ANGELES,LYNWOOD,-118.20770263671876,33.93623733520508
9349490,2021,2021-10-28,1900,2021-09-21,0145,654611,2112,2,5,5,1943,0,0,0,NA,0,212T4,CALIFORNIA AV,SANBORN AV,0,NA,Y,A,-,N,NA,NA,NA,NA,NA,NA,NA,NA,NA,N,4,0,1,3,A,-,08,22107,NA,M,B,E,A,A,H,-,C,D,0,NA,NA,NA,NA,Y,Y,D,72,0,0,1,0,0,0,0,0,0,-,-,NA,NA,LOS ANGELES,LYNWOOD,-118.20895385742188,33.9284782409668
9349527,2021,2021-10-28,1906,2021-09-17,0004,2891,1906,5,5,5,1906,0,0,0,NA,0,001,BALDWIN PARK BL,FRANCISQUITO AV,25,NA,N,A,-,N,NA,NA,NA,NA,NA,NA,NA,NA,NA,Y,4,0,1,2,A,-,01,23152,A,N,C,C,A,A,H,-,C,-,0,NA,NA,NA,NA,Y,Y,A,01,0,0,1,0,0,0,0,0,0,-,-,NA,NA,LOS ANGELES,BALDWIN PARK,-117.9779052734375,34.071353912353516
9349561,2021,2021-10-29,1942,2021-09-24,1705,34426,1344,5,5,7,1942,0,0,0,M,0,24TL51,42ND PL,SAN PEDRO ST,0,NA,Y,A,-,N,NA,NA,NA,NA,NA,NA,NA,NA,NA,N,2,0,1,2,A,-,09,21802,A,N,G,B,B,A,H,-,A,A,0,Y,NA,NA,NA,Y,NA,A,08,1,0,0,0,1,0,0,0,0,-,-,NA,NA,LOS ANGELES,LOS ANGELES,-118.26966094970705,34.00657272338867
9349562,2021,2021-12-23,1942,2021-09-25,1503,37540,1353,6,5,7,1942,0,0,0,M,0,24TL52,42ND PL,CENTRAL AV,93,E,N,A,-,N,NA,NA,NA,NA,NA,NA,NA,NA,NA,N,3,0,1,3,A,-,03,22350,NA,M,D,E,A,A,H,-,A,D,0,NA,NA,NA,NA,Y,NA,A,01,0,1,0,0,0,0,0,0,0,-,-,NA,NA,LOS ANGELES,LOS ANGELES,-118.25619506835938,34.006649017333984
9349563,2021,2021-12-22,1942,2021-09-27,1645,37143,1395,1,5,7,1942,0,0,0,M,0,24MQ57,CENTRAL AV,67TH ST,36,S,N,B,D,N,NA,NA,NA,NA,NA,NA,NA,NA,NA,N,3,0,1,2,A,-,07,21658,A,F,B,C,A,A,H,-,A,D,0,NA,NA,NA,NA,Y,NA,-,99,0,1,0,0,0,0,0,0,0,-,-,NA,NA,LOS ANGELES,LOS ANGELES,-118.25645446777344,33.979103088378906
9349564,2021,2021-10-29,1942,2021-09-29,1720,39508,1321,3,5,7,1942,0,0,0,M,0,24TL53,HILL ST,ADAMS BL,0,NA,Y,A,-,N,NA,NA,NA,NA,NA,NA,NA,NA,NA,N,3,0,1,2,A,-,12,21453,A,F,G,B,-,A,H,-,A,A,0,Y,NA,NA,NA,Y,NA,-,NA,0,1,0,0,1,0,0,0,0,-,-,NA,NA,LOS ANGELES,LOS ANGELES,-118.27084350585938,34.025821685791016
9349565,2021,2021-10-27,1942,2021-09-30,0730,37505,1345,4,5,7,1942,0,0,0,M,0,24TL24,HOOPER AV,40TH PL,35,N,N,A,-,N,NA,NA,NA,NA,NA,NA,NA,NA,NA,Y,3,0,1,2,A,-,05,21460,A,F,B,C,A,A,H,-,A,A,0,NA,NA,NA,NA,Y,NA,-,99,0,1,0,0,0,0,0,0,0,-,-,NA,NA,LOS ANGELES,LOS ANGELES,-118.25214385986328,34.01031494140625
9349568,2021,2021-12-23,1900,2021-09-30,1225,538098,2242,4,5,3,1989,0,0,0,NA,0,224T1,AGOURA RD,LAS VIRGENES RD,1214,W,N,A,-,N,NA,NA,NA,NA,NA,NA,NA,NA,NA,Y,3,0,1,1,A,-,08,22107,NA,N,B,E,A,A,H,-,A,D,0,NA,NA,NA,NA,Y,NA,A,01,0,1,0,0,0,0,0,0,0,-,-,34.14311981201172,-118.70217895507813,LOS ANGELES,CALABASAS,-118.70201110839844,34.14305877685547
9349569,2021,2021-10-27,1900,2021-09-22,1452,467716,2261,3,5,2,1993,0,0,0,NA,0,226,VIA COLINAS,THOUSAND OAKS BL,25,S,N,A,-,N,NA,NA,NA,NA,NA,NA,NA,NA,NA,N,4,0,1,2,A,-,09,21801,A,N,D,C,A,A,H,-,A,A,0,NA,NA,NA,NA,Y,NA,A,01,0,0,1,0,0,0,0,0,0,-,-,NA,NA,LOS ANGELES,WESTLAKE VILLAGE,-118.80632781982422,34.1569709777832
9349570,2021,2021-12-23,1900,2021-09-25,2203,467505,1811,6,5,2,1904,0,0,0,NA,0,184H,VIEUDELOU AV,HILL ST,50,S,N,A,-,N,NA,NA,NA,NA,NA,NA,NA,NA,NA,N,2,0,2,1,A,-,03,22350,NA,F,F,-,A,A,H,-,D,D,0,NA,NA,NA,NA,Y,Y,-,NA,1,1,0,0,0,0,0,0,0,-,-,33.34634017944336,-118.32982635498048,LOS ANGELES,AVALON,-118.32957458496094,33.34597396850586
9349572,2021,2021-10-27,1944,2021-09-17,1927,335,NA,5,5,4,1944,0,0,0,NA,0,NA,ARTESIA BL,PECK AV,0,NA,Y,A,-,N,NA,NA,NA,NA,NA,NA,NA,NA,NA,Y,4,0,1,2,A,-,09,21801,A,N,E,I,A,A,H,-,C,A,0,NA,NA,NA,NA,Y,NA,A,07,0,0,1,0,0,0,0,0,0,-,-,33.872859954833984,-118.38741302490234,LOS ANGELES,MANHATTAN BEACH,-118.38739776611328,33.872920989990234
9349573,2021,2021-10-29,1944,2021-09-14,0358,361,M5,2,5,4,1944,0,0,0,NA,0,0M3,VALLEY DR,1ST ST,0,NA,Y,E,F,N,NA,NA,NA,NA,NA,NA,NA,NA,NA,Y,4,0,2,1,A,-,00,28002,A,N,E,I,A,A,H,-,C,A,0,NA,NA,NA,NA,Y,NA,A,01,0,0,2,0,0,0,0,0,0,-,-,33.879371643066406,-118.40251922607422,LOS ANGELES,MANHATTAN BEACH,-118.40254974365234,33.8793830871582
9349574,2021,2021-12-22,1944,2021-09-20,1558,372,M3,1,5,4,1944,0,0,0,NA,0,0M3,HIGHLAND AV,23RD PL,0,NA,Y,A,-,N,NA,NA,NA,NA,NA,NA,NA,NA,NA,N,4,0,2,2,A,-,08,22107,NA,N,D,C,A,A,H,-,A,A,0,NA,NA,NA,NA,Y,NA,A,01,0,0,2,0,0,0,0,0,0,-,-,33.892738342285156,-118.41407775878906,LOS ANGELES,MANHATTAN BEACH,-118.41407012939452,33.8927116394043
9349575,2021,2021-10-29,1944,2021-09-04,1728,329,SOUTH,6,5,4,1944,0,0,0,NA,0,002,MANHATTAN BEACH BL,DIANTHUS ST,0,NA,Y,A,-,N,NA,NA,NA,NA,NA,NA,NA,NA,NA,Y,2,0,1,2,A,-,09,21801,A,N,D,C,A,A,H,-,A,D,0,NA,NA,Y,NA,Y,NA,A,07,1,0,0,0,0,0,0,0,1,-,-,NA,NA,LOS ANGELES,MANHATTAN BEACH,-118.39827728271484,33.887367248535156
9349594,2021,2021-10-26,1942,2021-09-30,2019,42926,1352,4,5,7,1942,0,0,0,M,0,24T31,43RD ST,AVALON BL,30,E,N,A,-,N,NA,NA,NA,NA,NA,NA,NA,NA,NA,N,4,0,1,2,A,-,03,22350,NA,F,C,C,A,A,H,-,C,A,0,NA,NA,NA,NA,Y,NA,-,99,0,0,1,0,0,0,0,0,0,-,-,NA,NA,LOS ANGELES,LOS ANGELES,-118.26517486572266,34.005680084228516
9349595,2021,2021-10-26,1942,2021-09-28,1430,35230,1321,2,5,7,1942,0,0,0,M,0,24MQ44,MAPLE AV,20TH ST,0,NA,Y,A,-,N,NA,NA,NA,NA,NA,NA,NA,NA,NA,N,4,0,1,2,A,-,08,22107,NA,F,G,B,D,A,H,-,A,D,0,Y,NA,NA,NA,Y,NA,-,99,0,0,1,0,1,0,0,0,0,-,-,NA,NA,LOS ANGELES,LOS ANGELES,-118.26217651367188,34.028621673583984
9349596,2021,2021-10-26,1942,2021-09-26,0430,38323,1309,7,5,7,1942,0,0,0,M,0,13A13,WASHINGTON BL,ALAMEDA,1710,E,N,A,-,N,NA,NA,NA,NA,NA,NA,NA,NA,NA,N,2,0,2,1,A,-,08,22107,NA,N,A,I,A,A,H,-,C,D,0,NA,NA,NA,NA,Y,NA,-,-,1,1,0,0,0,0,0,0,0,-,-,NA,NA,LOS ANGELES,LOS ANGELES,-118.23406982421876,34.01894760131836
9349597,2021,2021-10-26,1942,2021-09-24,1230,44212,1313,5,5,7,1942,0,0,0,M,0,FRONT,WASHINGTON,STANFORD,0,NA,Y,A,-,N,NA,NA,NA,NA,NA,NA,NA,NA,NA,N,3,0,2,2,A,-,00,20015,NA,F,G,B,B,A,H,-,A,A,0,Y,NA,NA,NA,Y,NA,-,-,0,1,1,0,1,0,0,0,0,-,-,NA,NA,LOS ANGELES,LOS ANGELES,-118.44908142089844,33.98984146118164
9349598,2021,2021-10-26,1942,2021-09-20,1530,41232,1331,1,5,7,1942,0,0,0,M,0,13A75,JEFFERSON BL,HILL ST,0,NA,Y,A,-,N,NA,NA,NA,NA,NA,NA,NA,NA,NA,N,4,0,1,2,D,-,00,NA,NA,N,D,G,A,A,H,-,A,A,0,NA,Y,NA,NA,Y,NA,-,-,0,0,1,0,0,0,1,0,0,-,-,NA,NA,LOS ANGELES,LOS ANGELES,-118.27490997314452,34.01966857910156
9349599,2021,2021-10-26,1942,2021-09-22,1845,3168,1345,3,5,7,1942,0,0,0,M,0,24MQ52,HOOPER AV,33RD ST,150,N,N,A,-,N,NA,NA,NA,NA,NA,NA,NA,NA,NA,Y,3,0,1,1,A,-,03,22350,NA,N,E,I,A,A,H,-,A,D,0,NA,NA,NA,NA,Y,NA,A,01,0,1,0,0,0,0,0,0,0,-,-,NA,NA,LOS ANGELES,LOS ANGELES,-118.25215911865234,34.01367950439453
9349600,2021,2021-10-26,1942,2021-09-23,1845,35273,1342,4,5,7,1942,0,0,0,M,0,24M052,TRINITY ST,36TH ST,0,N,N,A,-,N,NA,NA,NA,NA,NA,NA,NA,NA,NA,Y,3,0,1,3,A,-,01,23152,A,N,C,E,A,A,H,-,A,D,0,NA,NA,NA,NA,Y,Y,A,01,0,1,0,0,0,0,0,0,0,-,-,NA,NA,LOS ANGELES,LOS ANGELES,-118.2682647705078,34.0146369934082