CASE_ID,ACCIDENT_YEAR,PROC_DATE,JURIS,COLLISION_DATE,COLLISION_TIME,OFFICER_ID,REPORTING_DISTRICT,DAY_OF_WEEK,CHP_SHIFT,POPULATION,CNTY_CITY_LOC,SPECIAL_COND,BEAT_TYPE,CHP_BEAT_TYPE,CITY_DIVISION_LAPD,CHP_BEAT_CLASS,BEAT_NUMBER,PRIMARY_RD,SECONDARY_RD,DISTANCE,DIRECTION,INTERSECTION,WEATHER_1,WEATHER_2,STATE_HWY_IND,CALTRANS_COUNTY,CALTRANS_DISTRICT,STATE_ROUTE,ROUTE_SUFFIX,POSTMILE_PREFIX,POSTMILE,LOCATION_TYPE,RAMP_INTERSECTION,SIDE_OF_HWY,TOW_AWAY,COLLISION_SEVERITY,NUMBER_KILLED,NUMBER_INJURED,PARTY_COUNT,PRIMARY_COLL_FACTOR,PCF_CODE_OF_VIOL,PCF_VIOL_CATEGORY,PCF_VIOLATION,PCF_VIOL_SUBSECTION,HIT_AND_RUN,TYPE_OF_COLLISION,MVIW,PED_ACTION,ROAD_SURFACE,ROAD_COND_1,ROAD_COND_2,LIGHTING,CONTROL_DEVICE,CHP_ROAD_TYPE,PEDESTRIAN_ACCIDENT,BICYCLE_ACCIDENT,MOTORCYCLE_ACCIDENT,TRUCK_ACCIDENT,NOT_PRIVATE_PROPERTY,ALCOHOL_INVOLVED,STWD_VEHTYPE_AT_FAULT,CHP_VEHTYPE_AT_FAULT,COUNT_SEVERE_INJ,COUNT_VISIBLE_INJ,COUNT_COMPLAINT_PAIN,COUNT_PED_KILLED,COUNT_PED_INJURED,COUNT_BICYCLIST_KILLED,COUNT_BICYCLIST_INJURED,COUNT_MC_KILLED,COUNT_MC_INJURED,PRIMARY_RAMP,SECONDARY_RAMP,LATITUDE,LONGITUDE,COUNTY,CITY,POINT_X,POINT_Y
9356716,2021,2021-11-10,1900,2021-10-17,1232,508441,NA,7,5,5,1977,0,0,0,NA,0,NA,NEPTUNE AV,219TH ST,40,N,N,A,-,N,NA,NA,NA,NA,NA,NA,NA,NA,NA,NA,3,0,2,5,A,-,03,22350,NA,N,H,B,E,A,H,-,A,D,0,Y,NA,NA,NA,Y,NA,A,01,0,2,0,0,2,0,0,0,0,-,-,33.829078674316406,-118.27021026611328,LOS ANGELES,CARSON,-118.27013397216795,33.829200744628906
9356717,2021,2021-11-10,1900,2021-10-12,1403,621411,1613,2,5,5,1977,0,0,0,NA,0,164T,CENTRAL AV,UNIVERSITY DR,66,N,N,A,-,N,NA,NA,NA,NA,NA,NA,NA,NA,NA,Y,4,0,1,3,A,-,03,22350,NA,N,C,C,A,A,H,-,A,A,0,NA,NA,NA,NA,Y,NA,A,07,0,0,1,0,0,0,0,0,0,-,-,33.512901306152344,-118.14550018310548,LOS ANGELES,CARSON,-118.24863433837892,33.85784149169922
9356805,2021,2021-11-04,1953,2021-09-17,0747,0809,1953,5,5,6,1953,0,0,0,NA,0,003,SIERRA BONITA AV,WALNUT ST,500,S,N,A,-,N,NA,NA,NA,NA,NA,NA,NA,NA,NA,N,3,0,1,2,A,-,06,21750,NA,M,B,G,A,A,H,-,A,A,0,NA,Y,NA,NA,Y,NA,D,22,0,1,0,0,0,0,1,0,0,-,-,NA,NA,LOS ANGELES,PASADENA,-118.11705780029295,34.14817810058594
9356806,2021,2021-11-12,1975,2021-10-05,0900,353,NA,2,5,6,1975,0,0,0,NA,0,004,CAMERON AV,LARK ELLEN AV,33,E,N,A,-,N,NA,NA,NA,NA,NA,NA,NA,NA,NA,N,4,0,2,2,A,-,03,22350,NA,N,C,C,A,A,H,-,A,A,0,NA,NA,NA,NA,Y,NA,A,07,0,0,2,0,0,0,0,0,0,-,-,34.06122970581055,-117.91667175292967,LOS ANGELES,WEST COVINA,-117.91661834716795,34.0611686706543
9356814,2021,2021-12-24,1953,2021-10-21,0755,5678,1956,4,5,6,1953,0,0,0,NA,0,003,COLORADO BL,ALLEN AV,0,NA,Y,A,-,N,NA,NA,NA,NA,NA,NA,NA,NA,NA,N,3,0,2,3,A,-,03,22350,NA,N,C,C,A,A,-,-,A,A,0,NA,NA,NA,NA,Y,NA,I,20,0,1,1,0,0,0,0,0,0,-,-,NA,NA,LOS ANGELES,PASADENA,-118.1131591796875,34.146018981933594
9356815,2021,2021-11-06,1953,2021-10-22,0902,0344,1953,5,5,6,1953,0,0,0,NA,0,003,ALLEN AV,DEL MAR BL,0,NA,Y,A,-,N,NA,NA,NA,NA,NA,NA,NA,NA,NA,Y,4,0,1,2,A,-,12,21453,NA,N,D,C,A,A,H,-,A,A,0,NA,NA,NA,NA,Y,NA,-,-,0,0,1,0,0,0,0,0,0,-,-,NA,NA,LOS ANGELES,PASADENA,-118.11313629150392,34.14196014404297
9356816,2021,2021-11-06,1953,2021-10-23,2117,1541,1953,6,5,6,1953,0,0,0,NA,0,004,FOOTHILL BL,SAN GABRIEL BL,0,NA,Y,B,-,N,NA,NA,NA,NA,NA,NA,NA,NA,NA,Y,3,0,3,2,A,-,09,21801,A,N,B,C,A,A,H,-,C,A,0,NA,NA,NA,NA,Y,NA,-,-,0,1,2,0,0,0,0,0,0,-,-,NA,NA,LOS ANGELES,PASADENA,-118.09423065185548,34.14988708496094
9356818,2021,2021-11-10,1953,2021-10-23,1842,0444,1953,6,5,6,1953,0,0,0,NA,0,002,ORANGE GROVE BL,GARFIELD AV,100,W,N,A,-,N,NA,NA,NA,NA,NA,NA,NA,NA,NA,Y,4,0,1,2,A,-,01,23152,A,M,C,C,A,A,H,-,C,A,0,NA,NA,NA,NA,Y,Y,D,22,0,0,1,0,0,0,0,0,0,-,-,NA,NA,LOS ANGELES,PASADENA,-118.14414978027344,34.1578483581543
93568400,2024,2024-08-05,9540,2024-07-28,1710,022923,NA,7,2,6,1985,0,1,3,NA,1,145,SR-14 S/B,GOLDEN VALLEY ROAD,400,S,N,A,-,Y,LA,NA,14,NA,R,29.603,H,NA,L,Y,3,0,1,1,A,-,08,22107,NA,N,E,I,A,A,H,-,A,D,0,NA,NA,NA,NA,Y,NA,A,07,0,1,0,0,0,0,0,0,0,-,-,34.39181900024414,-118.47382354736328,LOS ANGELES,SANTA CLARITA,-118.47390747070313,34.391937255859375
9356852,2021,2021-12-06,1902,2021-10-22,1836,815,7,5,5,5,1902,0,0,0,NA,0,001,W FOOTHILL BL,N MICHILLINDA AV,55,E,N,A,-,N,NA,NA,NA,NA,NA,NA,NA,NA,NA,Y,3,0,1,2,A,-,03,22350,NA,N,C,C,A,A,H,-,C,A,0,NA,NA,NA,NA,Y,NA,A,01,0,1,0,0,0,0,0,0,0,-,-,NA,NA,LOS ANGELES,ARCADIA,-118.06764221191406,34.150352478027344
9356853,2021,2021-11-29,1902,2021-10-24,2018,779,26,7,5,5,1902,0,0,0,NA,0,004,BALDWIN AV,DUARTE RD,0,NA,Y,A,-,N,NA,NA,NA,NA,NA,NA,NA,NA,NA,Y,4,0,2,2,A,-,17,21457,B,N,D,C,A,A,H,-,C,A,0,NA,NA,NA,NA,Y,NA,A,01,0,0,2,0,0,0,0,0,0,-,-,NA,NA,LOS ANGELES,ARCADIA,-118.054931640625,34.126075744628906
9356901,2021,2021-11-16,1953,2021-09-15,1849,5478,1953,3,5,6,1953,0,0,0,NA,0,002,MAR VISTA AV,WASHINGTON BL,0,NA,Y,A,-,N,NA,NA,NA,NA,NA,NA,NA,NA,NA,Y,3,0,4,2,A,-,03,22350,NA,N,A,C,A,A,H,-,A,A,0,NA,NA,NA,NA,Y,NA,A,01,0,4,0,0,0,0,0,0,0,-,-,NA,NA,LOS ANGELES,PASADENA,-118.1272430419922,34.16902160644531
9356902,2021,2021-11-05,1953,2021-09-14,1038,7231,1953,2,5,6,1953,0,0,0,NA,0,005,COLORADO BL,LAKE AV,0,NA,Y,A,-,N,NA,NA,NA,NA,NA,NA,NA,NA,NA,Y,3,0,2,2,A,-,09,21801,A,N,D,C,A,A,H,-,A,A,0,NA,NA,NA,NA,Y,NA,A,01,0,1,1,0,0,0,0,0,0,-,-,NA,NA,LOS ANGELES,PASADENA,-118.13233947753906,34.14589309692383
93569024,2024,2024-08-05,9540,2024-07-28,1705,023097,NA,7,2,9,1900,0,1,1,NA,2,508,I-5 N/B,LOWER CROSSOVER,11616,N,N,A,-,Y,LA,NA,5,NA,R,62.332,H,NA,R,N,4,0,3,2,A,-,03,22350,NA,N,C,C,A,A,H,-,A,D,0,NA,NA,NA,NA,Y,NA,A,01,0,0,3,0,0,0,0,0,0,-,-,34.52988052368164,-118.64984130859376,LOS ANGELES,UNINCORPORATED,-118.64983367919922,34.52988052368164
9356903,2021,2021-11-05,1953,2021-09-07,0834,1001,1953,2,5,6,1953,0,0,0,NA,0,004,CASA GRANDE ST,ALTADENA DR,0,NA,Y,A,-,N,NA,NA,NA,NA,NA,NA,NA,NA,NA,N,3,0,1,2,A,-,09,21802,A,N,D,C,A,A,H,-,A,A,0,NA,NA,NA,NA,Y,NA,A,01,0,1,0,0,0,0,0,0,0,-,-,NA,NA,LOS ANGELES,PASADENA,-118.09838104248048,34.164241790771484
9356904,2021,2021-11-05,1953,2021-09-10,1820,0552,1953,5,5,6,1953,0,0,0,NA,0,002,SUNSET AV,ORANGE GROVE BL,0,NA,Y,A,-,N,NA,NA,NA,NA,NA,NA,NA,NA,NA,N,3,0,1,2,A,-,08,22107,NA,N,G,B,B,A,H,-,A,D,0,Y,NA,NA,NA,Y,NA,A,07,0,1,0,0,1,0,0,0,0,-,-,NA,NA,LOS ANGELES,PASADENA,-118.1511459350586,34.157752990722656
9356905,2021,2021-11-05,1953,2021-09-27,0541,0551,93,1,5,6,1953,0,0,0,NA,0,001,LINDA VISTA AV,LA VEREDA RD,0,NA,Y,B,-,N,NA,NA,NA,NA,NA,NA,NA,NA,NA,Y,3,0,1,2,A,-,01,23152,A,N,B,C,A,A,H,-,C,A,0,NA,NA,NA,NA,Y,Y,A,01,0,1,0,0,0,0,0,0,0,-,-,NA,NA,LOS ANGELES,PASADENA,-118.16696166992188,34.14754867553711
9356906,2021,2021-11-16,1953,2021-09-30,1623,3134,PASAD,4,5,6,1953,0,0,0,NA,0,004,ORANGE GROVE BL,SIERRA MADRE BL,0,NA,Y,A,-,N,NA,NA,NA,NA,NA,NA,NA,NA,NA,Y,3,0,2,2,A,-,12,21453,A,N,A,C,A,A,H,-,A,A,0,NA,NA,NA,NA,Y,NA,-,-,0,1,1,0,0,0,0,0,0,-,-,NA,NA,LOS ANGELES,PASADENA,-118.09416198730467,34.15840148925781
9356907,2021,2021-11-05,1953,2021-09-30,2047,2941,1953,4,5,6,1953,0,0,0,NA,0,004,WALNUT ST,VINEDO AV,160,E,N,A,-,N,NA,NA,NA,NA,NA,NA,NA,NA,NA,Y,3,0,2,1,A,-,03,22350,NA,N,E,I,A,A,H,-,C,A,0,NA,NA,NA,NA,Y,NA,A,01,0,2,0,0,0,0,0,0,0,-,-,NA,NA,LOS ANGELES,PASADENA,-118.09556579589844,34.14796829223633
9356908,2021,2021-11-05,1953,2021-09-30,1615,4815,1953,4,5,6,1953,0,0,0,NA,0,005,SHOPPERS LN,DEL MAR BL,164,S,N,A,-,N,NA,NA,NA,NA,NA,NA,NA,NA,NA,N,4,0,1,2,A,-,08,22107,NA,N,D,C,A,A,H,-,A,D,0,NA,NA,NA,NA,Y,NA,A,07,0,0,1,0,0,0,0,0,0,-,-,NA,NA,LOS ANGELES,PASADENA,-118.13149261474608,34.140419006347656
9356909,2021,2021-11-05,1953,2021-09-09,0846,5472,1953,4,5,6,1953,0,0,0,NA,0,004,ROSEMEAD BL,GREENHILL RD,0,NA,Y,A,-,N,NA,NA,NA,NA,NA,NA,NA,NA,NA,N,4,0,3,2,A,-,09,21801,A,N,D,C,A,A,H,-,A,A,0,NA,NA,NA,NA,Y,NA,A,01,0,0,3,0,0,0,0,0,0,-,-,NA,NA,LOS ANGELES,PASADENA,-118.07846069335938,34.15489196777344
9356910,2021,2021-11-05,1953,2021-09-06,1932,7040,PASAD,1,5,6,1953,0,0,0,NA,0,003,HILL AV,CLIFTON ALY,20,S,N,A,-,N,NA,NA,NA,NA,NA,NA,NA,NA,NA,N,3,0,1,2,A,-,22,23123,NA,N,B,E,A,A,H,-,C,D,0,NA,NA,NA,NA,Y,NA,A,01,0,1,0,0,0,0,0,0,0,-,-,NA,NA,LOS ANGELES,PASADENA,-118.12143707275392,34.15593338012695
9356911,2021,2021-11-05,1953,2021-09-05,1556,5268,PASAD,7,5,6,1953,0,0,0,NA,0,001,ORANGE GROVE BL,HOLLY ST,0,NA,Y,A,-,N,NA,NA,NA,NA,NA,NA,NA,NA,NA,Y,3,0,2,2,A,-,12,21453,A,N,D,C,A,A,H,-,A,A,0,NA,NA,NA,NA,Y,NA,A,01,0,2,0,0,0,0,0,0,0,-,-,NA,NA,LOS ANGELES,PASADENA,-118.16133880615234,34.14735794067383
9356912,2021,2021-11-05,1953,2021-09-05,1523,4606,PASAD,7,5,6,1953,0,0,0,NA,0,002,MOUNTAIN ST,BARTHE DR,300,W,N,A,-,N,NA,NA,NA,NA,NA,NA,NA,NA,NA,Y,3,0,1,1,A,-,03,22350,NA,N,A,I,A,A,H,-,A,D,0,NA,NA,NA,NA,Y,NA,A,07,0,1,0,0,0,0,0,0,0,-,-,NA,NA,LOS ANGELES,PASADENA,-118.1554718017578,34.16143798828125
9356913,2021,2021-11-05,1953,2021-09-05,1620,3133,1953,7,5,6,1953,0,0,0,NA,0,002,FOREST AV,HAMMOND ST,50,N,N,A,-,N,NA,NA,NA,NA,NA,NA,NA,NA,NA,Y,2,0,1,1,A,-,03,22350,NA,N,E,J,A,A,H,-,A,D,0,NA,NA,Y,NA,Y,NA,C,02,1,0,0,0,0,0,0,0,1,-,-,NA,NA,LOS ANGELES,PASADENA,-118.16368865966795,34.16673278808594
9356914,2021,2021-11-05,1953,2021-09-21,1533,3133,PASAD,2,5,6,1953,0,0,0,NA,0,002,ORANGE GROVE BL,SUMMIT AV,300,E,N,A,-,N,NA,NA,NA,NA,NA,NA,NA,NA,NA,N,2,0,1,2,A,-,03,22350,NA,M,C,C,A,A,H,-,A,D,0,NA,NA,NA,NA,Y,Y,A,01,1,0,0,0,0,0,0,0,0,-,-,NA,NA,LOS ANGELES,PASADENA,-118.14682769775392,34.157840728759766
9356915,2021,2021-11-05,1953,2021-09-20,2045,0701,PASAD,1,5,6,1953,0,0,0,NA,0,003,HILL AV,CRAWFORD ALLEY,50,S,N,A,-,N,NA,NA,NA,NA,NA,NA,NA,NA,NA,Y,4,0,1,2,A,-,07,21658,A,N,B,E,A,A,H,-,C,D,0,NA,NA,NA,NA,Y,Y,A,01,0,0,1,0,0,0,0,0,0,-,-,NA,NA,LOS ANGELES,PASADENA,-118.1214599609375,34.15696334838867
9356916,2021,2021-11-05,1953,2021-09-23,1410,3134,4,4,5,6,1953,0,0,0,NA,0,004,CALIFORNIA BL,SAN GABRIEL BL,60,E,N,B,-,N,NA,NA,NA,NA,NA,NA,NA,NA,NA,Y,4,0,1,2,A,-,03,22350,NA,N,C,C,A,A,H,-,A,A,0,NA,NA,NA,NA,Y,NA,A,07,0,0,1,0,0,0,0,0,0,-,-,NA,NA,LOS ANGELES,PASADENA,-118.09416198730467,34.1357536315918
9356917,2021,2021-11-05,1953,2021-09-27,1716,3133,887,1,5,6,1953,0,0,0,NA,0,003,GREEN ST,HOLLISTON AV,0,NA,Y,B,-,N,NA,NA,NA,NA,NA,NA,NA,NA,NA,N,4,0,1,2,A,-,09,21800,A,N,B,C,A,A,H,-,A,D,0,NA,NA,NA,NA,Y,NA,A,01,0,0,1,0,0,0,0,0,0,-,-,NA,NA,LOS ANGELES,PASADENA,-118.12287139892578,34.144615173339844
9356918,2021,2021-11-05,1953,2021-09-24,1455,1333,PASAD,5,5,6,1953,0,0,0,NA,0,001,ORANGE GROVE BL,COLUMBIA ST,0,NA,Y,A,-,N,NA,NA,NA,NA,NA,NA,NA,NA,NA,Y,4,0,2,3,A,-,08,22107,NA,N,C,C,A,A,H,-,A,D,0,NA,NA,NA,NA,Y,NA,A,01,0,0,2,0,0,0,0,0,0,-,-,NA,NA,LOS ANGELES,PASADENA,-118.15798950195313,34.12403869628906
9356919,2021,2021-11-05,1953,2021-09-14,0739,3775,1953,2,5,6,1953,0,0,0,NA,0,001,ORANGE GROVE BL,CALIFORNIA BL,275,N,N,A,-,N,NA,NA,NA,NA,NA,NA,NA,NA,NA,Y,3,0,2,3,C,-,18,NA,NA,N,C,C,A,A,H,-,A,A,0,NA,NA,NA,NA,Y,NA,-,-,0,1,1,0,0,0,0,0,0,-,-,NA,NA,LOS ANGELES,PASADENA,-118.15906524658205,34.13648223876953
9356920,2021,2021-11-05,1953,2021-09-24,1525,6878,1953,5,5,6,1953,0,0,0,NA,0,003,WALNUT ST,MAR VISTA AV,0,NA,Y,A,-,N,NA,NA,NA,NA,NA,NA,NA,NA,NA,Y,4,0,1,3,A,-,12,22450,A,N,D,C,A,A,H,-,A,A,0,NA,NA,NA,NA,Y,NA,A,01,0,0,1,0,0,0,0,0,0,-,-,NA,NA,LOS ANGELES,PASADENA,-118.126708984375,34.14958953857422
9356921,2021,2021-11-05,1900,2021-09-23,0720,546526,1352,4,5,3,1927,0,0,0,NA,0,135A,214TH ST,NORWALK BL,112,W,N,A,-,N,NA,NA,NA,NA,NA,NA,NA,NA,NA,N,4,0,1,2,A,-,10,21950,A,N,G,B,D,A,H,-,A,D,0,Y,NA,NA,NA,Y,NA,A,01,0,0,1,0,1,0,0,0,0,-,-,NA,NA,LOS ANGELES,HAWAIIAN GARDENS,-118.07241058349608,33.83509063720703
9356922,2021,2021-11-10,1900,2021-09-24,1357,602978,1332,5,5,5,1908,0,0,0,NA,0,133B,RT 19,SOMERSET BL,100,N,N,A,-,N,NA,NA,NA,NA,NA,NA,NA,NA,NA,Y,4,0,2,3,A,-,03,22350,NA,M,C,C,A,A,H,-,A,A,0,NA,NA,NA,NA,Y,NA,A,07,0,0,2,0,0,0,0,0,0,-,-,NA,NA,LOS ANGELES,BELLFLOWER,-118.14282989501952,33.89678192138672
9356923,2021,2021-11-19,1900,2021-09-30,1026,625546,1361,4,5,5,1952,0,0,0,NA,0,136B,GARFIELD AV,RT 710,0,NA,Y,A,-,Y,LA,7,105,-,R,14,R,4,W,Y,4,0,2,3,A,-,12,21453,A,N,D,C,A,A,H,-,A,A,0,NA,NA,NA,NA,Y,NA,A,01,0,0,2,0,0,0,0,0,0,-,-,NA,NA,LOS ANGELES,PARAMOUNT,-118.17086029052734,33.911258697509766
9356924,2021,2021-11-05,1953,2021-09-02,1624,7868,1953,4,5,6,1953,0,0,0,NA,0,002,EAST WASHINGTON BL,E WASHINGTON BL 485,0,NA,Y,A,-,N,NA,NA,NA,NA,NA,NA,NA,NA,NA,N,4,0,1,2,A,-,03,22350,NA,N,G,B,F,A,H,-,A,-,0,Y,NA,NA,NA,Y,NA,A,01,0,0,1,0,1,0,0,0,0,-,-,NA,NA,LOS ANGELES,PASADENA,-118.15068817138672,34.1688346862793
9356925,2021,2021-11-05,1953,2021-09-09,1534,2900,PASAD,4,5,6,1953,0,0,0,NA,0,004,CALIFORNIA BL,SAN GABRIEL BL,0,NA,Y,A,-,N,NA,NA,NA,NA,NA,NA,NA,NA,NA,Y,4,0,1,2,A,-,09,21801,A,N,D,C,A,A,H,-,A,A,0,NA,NA,NA,NA,Y,NA,A,01,0,0,1,0,0,0,0,0,0,-,-,NA,NA,LOS ANGELES,PASADENA,-118.0943603515625,34.13574981689453
9356926,2021,2021-11-05,1953,2021-09-12,0807,3055,1953,7,5,6,1953,0,0,0,NA,0,004,ALTADENA DR,CANYON CLOSE RD,200,N,N,A,-,N,NA,NA,NA,NA,NA,NA,NA,NA,NA,N,4,0,1,2,A,-,21,22106,NA,N,G,B,F,A,H,-,A,D,0,Y,NA,NA,NA,Y,NA,A,08,0,0,1,0,1,0,0,0,0,-,-,NA,NA,LOS ANGELES,PASADENA,-118.1003875732422,34.18318557739258
9356927,2021,2021-11-05,1953,2021-09-28,1639,9226,PASAD,2,5,6,1953,0,0,0,NA,0,002,W HOWARD ST,NORTH FAIR OAKS AV,100,W,N,A,-,N,NA,NA,NA,NA,NA,NA,NA,NA,NA,N,3,0,1,2,A,-,17,22517,NA,F,-,G,A,A,H,-,A,D,0,NA,Y,NA,NA,Y,NA,A,01,0,1,0,0,0,0,1,0,0,-,-,NA,NA,LOS ANGELES,PASADENA,-118.15104675292967,34.17253112792969
9356928,2021,2021-11-05,1953,2021-09-16,1256,5651,1953,4,5,6,1953,0,0,0,NA,0,002,ORANGE GROVE BL,GARFIELD AV,0,NA,Y,A,-,N,NA,NA,NA,NA,NA,NA,NA,NA,NA,N,4,0,4,2,A,-,09,21801,A,N,A,C,A,A,H,-,A,A,0,NA,NA,NA,NA,Y,NA,A,01,0,0,4,0,0,0,0,0,0,-,-,NA,NA,LOS ANGELES,PASADENA,-118.1438217163086,34.15785217285156
9356929,2021,2021-11-05,1953,2021-09-17,1758,3134,PASAD,5,5,6,1953,0,0,0,NA,0,NA,COLORADO BL,KINNELOA AV,0,NA,Y,A,-,N,NA,NA,NA,NA,NA,NA,NA,NA,NA,Y,4,0,2,2,A,-,12,21453,A,M,D,C,A,A,H,-,A,A,0,NA,NA,NA,NA,Y,NA,A,01,0,0,2,0,0,0,0,0,0,-,-,NA,NA,LOS ANGELES,PASADENA,-118.0869369506836,34.14620590209961
9356930,2021,2021-11-05,1953,2021-09-28,1338,8889,1953,2,5,6,1953,0,0,0,NA,0,005,DEL MAR BL,LOS ROBLES AV,0,NA,Y,B,-,N,NA,NA,NA,NA,NA,NA,NA,NA,NA,Y,4,0,1,2,A,-,12,21453,A,N,D,C,A,A,D,-,A,A,0,NA,NA,NA,NA,Y,NA,A,01,0,0,1,0,0,0,0,0,0,-,-,NA,NA,LOS ANGELES,PASADENA,-118.14136505126952,34.140403747558594
9356931,2021,2021-11-05,1953,2021-09-12,0538,2799,1953,7,5,6,1953,0,0,0,NA,0,005,WALNUT ST,FAIR OAKS BL,0,NA,Y,A,-,N,NA,NA,NA,NA,NA,NA,NA,NA,NA,Y,4,0,1,1,A,-,01,23152,A,N,E,I,A,A,H,-,C,A,0,NA,NA,NA,NA,Y,Y,A,01,0,0,1,0,0,0,0,0,0,-,-,NA,NA,LOS ANGELES,PASADENA,-118.15052032470705,34.149600982666016
9356932,2021,2021-11-09,1953,2021-09-08,1719,2037,PASAD,3,5,6,1953,0,0,0,NA,0,003,E CALIFORNIA BL,S HILL AV,0,NA,Y,A,-,N,NA,NA,NA,NA,NA,NA,NA,NA,NA,Y,3,0,2,3,A,-,01,23152,A,N,-,C,A,A,H,-,A,A,0,NA,NA,NA,NA,Y,Y,A,01,0,1,1,0,0,0,0,0,0,-,-,NA,NA,LOS ANGELES,PASADENA,-118.12126922607422,34.135902404785156
9356933,2021,2021-11-05,1953,2021-09-18,2018,0999,1953,6,5,6,1953,0,0,0,NA,0,005,FAIR OAKS AV,HOLLY ST,0,NA,Y,A,-,N,NA,NA,NA,NA,NA,NA,NA,NA,NA,N,3,0,1,2,A,-,09,21801,NA,N,D,C,A,A,H,-,C,A,0,NA,NA,Y,NA,Y,NA,C,02,0,1,0,0,0,0,0,0,1,-,-,NA,NA,LOS ANGELES,PASADENA,-118.15052795410156,34.147674560546875
9356934,2021,2021-11-09,1953,2021-09-19,0202,2377,1953,7,5,6,1953,0,0,0,NA,0,002,FAIR OAKS AV,MAPLE ST,0,NA,Y,A,-,N,NA,NA,NA,NA,NA,NA,NA,NA,NA,Y,4,0,1,2,A,-,12,21453,NA,N,D,D,A,A,H,-,C,A,0,NA,NA,NA,NA,Y,NA,A,01,0,0,1,0,0,0,0,0,0,-,-,NA,NA,LOS ANGELES,PASADENA,-118.15048980712892,34.152427673339844
9356935,2021,2021-11-05,1953,2021-09-09,0605,1929,1953,4,5,6,1953,0,0,0,NA,0,005,E WALNUT ST,E WALNUT ST 483,0,NA,Y,A,-,N,NA,NA,NA,NA,NA,NA,NA,NA,NA,N,3,0,1,2,A,-,08,22107,NA,F,G,B,F,A,H,-,C,D,0,Y,NA,NA,NA,Y,NA,A,07,0,1,0,0,1,0,0,0,0,-,-,NA,NA,LOS ANGELES,PASADENA,-118.14057,34.149542
9356936,2021,2021-11-09,1953,2021-09-05,1540,2037,1953,7,5,6,1953,0,0,0,NA,0,003,EAST WASHINGTON BL,SINALOA AV,0,NA,Y,A,-,N,NA,NA,NA,NA,NA,NA,NA,NA,NA,Y,3,0,3,2,A,-,08,22107,NA,N,D,C,A,A,H,-,A,A,0,NA,NA,NA,NA,Y,NA,A,01,0,1,2,0,0,0,0,0,0,-,-,NA,NA,LOS ANGELES,PASADENA,-118.11542510986328,34.16912078857422
9356937,2021,2021-11-05,1953,2021-09-04,1837,7525,PASAD,6,5,6,1953,0,0,0,NA,0,005,CORDOVA ST,EUCLID AV,15,E,N,A,-,N,NA,NA,NA,NA,NA,NA,NA,NA,NA,N,3,0,1,1,A,-,-,NA,NA,N,-,-,A,A,A,-,B,A,0,NA,Y,NA,NA,Y,NA,-,-,0,1,0,0,0,0,1,0,0,-,-,NA,NA,LOS ANGELES,PASADENA,-118.1428680419922,34.14213943481445
9356938,2021,2021-11-09,1953,2021-09-03,0905,0999,1953,5,5,6,1953,0,0,0,NA,0,005,GREEN ST,DE LACEY AV,0,NA,Y,A,-,N,NA,NA,NA,NA,NA,NA,NA,NA,NA,Y,4,0,1,2,A,-,12,21453,A,N,D,C,A,A,H,-,A,A,0,NA,NA,NA,NA,Y,NA,A,01,0,0,1,0,0,0,0,0,0,-,-,NA,NA,LOS ANGELES,PASADENA,-118.15235137939452,34.14447021484375
9356939,2021,2021-11-09,1953,2021-09-16,0806,8091,1953,4,5,6,1953,0,0,0,NA,0,004,SIERRRA MADRE BL,WASHINGTON BL,0,NA,Y,A,-,N,NA,NA,NA,NA,NA,NA,NA,NA,NA,Y,4,0,1,2,A,-,12,21453,A,N,F,C,A,A,H,-,A,A,0,NA,NA,NA,NA,Y,NA,A,07,0,0,1,0,0,0,0,0,0,-,-,NA,NA,LOS ANGELES,PASADENA,-118.09017944335938,34.16164016723633
9356940,2021,2021-11-09,1953,2021-09-15,1213,3775,1953,3,5,6,1953,0,0,0,NA,0,003,DEL MAR BL,WILSON AV,0,NA,Y,A,-,N,NA,NA,NA,NA,NA,NA,NA,NA,NA,N,3,0,1,2,A,-,08,22100,B,N,D,G,A,A,H,-,A,A,0,NA,Y,NA,NA,Y,NA,L,04,0,1,0,0,0,0,1,0,0,-,-,NA,NA,LOS ANGELES,PASADENA,-118.12801361083984,34.140968322753906
9356941,2021,2022-02-08,1942,2021-09-17,1914,42640,0221,5,5,7,1942,0,0,0,B,0,27T33W,VERMONT AV,BEVERLY BL,100,N,N,A,-,N,NA,NA,NA,NA,NA,NA,NA,NA,NA,Y,4,0,1,2,A,-,03,22350,NA,F,C,C,A,A,H,-,C,D,0,NA,NA,NA,NA,Y,NA,A,01,0,0,1,0,0,0,0,0,0,-,-,NA,NA,LOS ANGELES,LOS ANGELES,-118.29169464111328,34.076595306396484
9356944,2021,2021-11-09,1953,2021-09-17,1833,2377,1953,5,5,6,1953,0,0,0,NA,0,NA,HAMMOND ST,RAYMOND AV,0,NA,Y,A,-,N,NA,NA,NA,NA,NA,NA,NA,NA,NA,N,3,0,1,2,A,-,10,21950,NA,F,G,B,B,A,H,-,A,A,0,Y,NA,NA,NA,Y,NA,A,01,0,1,0,0,1,0,0,0,0,-,-,NA,NA,LOS ANGELES,PASADENA,-118.14907073974608,34.16516876220703
9356955,2021,2021-11-09,1900,2021-09-15,1913,641161,1365,3,5,5,1952,0,0,0,NA,0,136E,ROSECRANS AV,DOWNEY AV,1,E,N,A,-,N,NA,NA,NA,NA,NA,NA,NA,NA,NA,Y,4,0,1,2,A,-,07,21658,A,N,B,C,A,A,H,-,C,A,0,NA,NA,NA,NA,Y,NA,A,01,0,0,1,0,0,0,0,0,0,-,-,NA,NA,LOS ANGELES,PARAMOUNT,-118.15155792236328,33.90367126464844
9356956,2021,2021-11-09,1900,2021-09-10,1551,641161,1349,5,5,3,1903,0,0,0,NA,0,134,183RD ST,GRAYLAND AV,21,W,N,A,-,N,NA,NA,NA,NA,NA,NA,NA,NA,NA,N,4,0,1,2,A,-,03,22350,NA,N,C,C,A,A,H,-,A,D,0,NA,NA,NA,NA,Y,NA,A,01,0,0,1,0,0,0,0,0,0,-,-,NA,NA,LOS ANGELES,ARTESIA,-118.07583618164064,33.86576843261719
9356957,2021,2021-11-09,1900,2021-09-16,1924,512462,1327,4,5,5,1935,0,0,0,NA,0,132T2,STUDEBAKER RD,GORDON PL,20,S,N,A,-,N,NA,NA,NA,NA,NA,NA,NA,NA,NA,Y,2,0,1,2,A,-,09,21801,A,N,-,C,A,A,H,-,C,D,0,NA,NA,Y,NA,Y,NA,A,01,1,0,0,0,0,0,0,0,1,-,-,NA,NA,LOS ANGELES,LAKEWOOD,-118.09524536132813,33.84355926513672