CASE_ID,ACCIDENT_YEAR,PROC_DATE,JURIS,COLLISION_DATE,COLLISION_TIME,OFFICER_ID,REPORTING_DISTRICT,DAY_OF_WEEK,CHP_SHIFT,POPULATION,CNTY_CITY_LOC,SPECIAL_COND,BEAT_TYPE,CHP_BEAT_TYPE,CITY_DIVISION_LAPD,CHP_BEAT_CLASS,BEAT_NUMBER,PRIMARY_RD,SECONDARY_RD,DISTANCE,DIRECTION,INTERSECTION,WEATHER_1,WEATHER_2,STATE_HWY_IND,CALTRANS_COUNTY,CALTRANS_DISTRICT,STATE_ROUTE,ROUTE_SUFFIX,POSTMILE_PREFIX,POSTMILE,LOCATION_TYPE,RAMP_INTERSECTION,SIDE_OF_HWY,TOW_AWAY,COLLISION_SEVERITY,NUMBER_KILLED,NUMBER_INJURED,PARTY_COUNT,PRIMARY_COLL_FACTOR,PCF_CODE_OF_VIOL,PCF_VIOL_CATEGORY,PCF_VIOLATION,PCF_VIOL_SUBSECTION,HIT_AND_RUN,TYPE_OF_COLLISION,MVIW,PED_ACTION,ROAD_SURFACE,ROAD_COND_1,ROAD_COND_2,LIGHTING,CONTROL_DEVICE,CHP_ROAD_TYPE,PEDESTRIAN_ACCIDENT,BICYCLE_ACCIDENT,MOTORCYCLE_ACCIDENT,TRUCK_ACCIDENT,NOT_PRIVATE_PROPERTY,ALCOHOL_INVOLVED,STWD_VEHTYPE_AT_FAULT,CHP_VEHTYPE_AT_FAULT,COUNT_SEVERE_INJ,COUNT_VISIBLE_INJ,COUNT_COMPLAINT_PAIN,COUNT_PED_KILLED,COUNT_PED_INJURED,COUNT_BICYCLIST_KILLED,COUNT_BICYCLIST_INJURED,COUNT_MC_KILLED,COUNT_MC_INJURED,PRIMARY_RAMP,SECONDARY_RAMP,LATITUDE,LONGITUDE,COUNTY,CITY,POINT_X,POINT_Y
9360566,2021,2022-01-04,1942,2021-11-02,1455,36406,1729,2,5,7,1942,0,0,0,Q,0,26M44,BALBOA BL,SAN FERNANDO MISSION BL,224,N,N,A,-,N,NA,NA,NA,NA,NA,NA,NA,NA,NA,Y,3,0,1,2,A,-,08,22107,NA,N,E,I,F,A,H,-,A,D,0,Y,NA,NA,NA,Y,NA,I,19,0,1,0,0,1,0,0,0,0,-,-,NA,NA,LOS ANGELES,LOS ANGELES,-118.502197265625,34.27266311645508
9360567,2021,2022-01-10,1942,2021-11-02,1259,36479,1637,2,5,7,1942,0,0,0,P,0,26M43,FOOTHILL BL,WOODWARD AV,50,E,N,A,-,N,NA,NA,NA,NA,NA,NA,NA,NA,NA,Y,4,0,2,2,A,-,08,22107,NA,N,B,C,A,A,H,-,A,A,0,NA,NA,NA,NA,Y,Y,A,07,0,0,2,0,0,0,0,0,0,-,-,NA,NA,LOS ANGELES,LOS ANGELES,-118.30689239501952,34.25965118408203
9360569,2021,2021-12-09,1900,2021-10-28,1722,044136,0814,4,5,4,1960,0,0,0,NA,0,81T2,BADILLO ST,COVINA BL,0,NA,Y,A,-,N,NA,NA,NA,NA,NA,NA,NA,NA,NA,Y,4,0,1,2,A,-,12,21453,A,N,D,C,A,A,H,-,A,A,0,NA,NA,NA,NA,Y,NA,A,08,0,0,1,0,0,0,0,0,0,-,-,34.098960876464844,-117.83419036865234,LOS ANGELES,SAN DIMAS,-117.83428192138672,34.09904861450195
9360572,2021,2021-12-03,1900,2021-10-16,0830,472766,0813,6,5,4,1960,0,0,0,NA,0,81K1,FOOTHILL BL,SAN DIMAS CANYON RD,50,W,N,A,-,N,NA,NA,NA,NA,NA,NA,NA,NA,NA,N,4,0,1,2,A,-,21,22106,NA,N,-,G,A,A,H,-,A,A,0,NA,Y,NA,NA,Y,NA,D,22,0,0,1,0,0,0,1,0,0,-,-,34.122520446777344,-117.79435729980467,LOS ANGELES,SAN DIMAS,-117.79436492919922,34.1225471496582
9360607,2021,2021-11-24,1976,2021-11-02,1755,449,NA,2,5,5,1976,0,0,0,NA,0,003,LAMBERT RD,CALMADA AV,0,NA,Y,A,-,N,NA,NA,NA,NA,NA,NA,NA,NA,NA,Y,4,0,1,2,A,-,12,21453,A,N,D,C,A,A,H,-,B,A,0,NA,NA,NA,NA,Y,NA,D,22,0,0,1,0,0,0,0,0,0,-,-,NA,NA,LOS ANGELES,WHITTIER,-118.02899169921876,33.951961517333984
9360617,2021,2021-11-24,1976,2021-11-08,0554,239,WPD,1,5,3,1964,0,0,0,NA,0,001,SALUSON AV,CHETLE AV,125,W,N,A,-,N,NA,NA,NA,NA,NA,NA,NA,NA,NA,N,4,0,1,2,A,-,07,21658,A,N,B,C,A,A,H,-,A,D,0,NA,NA,NA,NA,Y,NA,D,22,0,0,1,0,0,0,0,0,0,-,-,NA,NA,LOS ANGELES,SANTA FE SPRINGS,-118.05593872070313,33.96149826049805
9360618,2021,2021-11-24,1976,2021-11-04,1835,535,NA,4,5,3,1964,0,0,0,NA,0,001,TELEGRAPH RD,HERITAGE PARK DR,40,W,N,B,-,N,NA,NA,NA,NA,NA,NA,NA,NA,NA,Y,2,0,1,2,A,-,03,22350,NA,N,C,C,A,A,H,-,C,A,0,NA,NA,NA,NA,Y,NA,A,01,1,0,0,0,0,0,0,0,0,-,-,NA,NA,LOS ANGELES,SANTA FE SPRINGS,-118.07537078857422,33.94287109375
9360707,2021,2021-12-23,1942,2021-11-02,1750,38687,1033,2,5,7,1942,0,0,0,J,0,26TL72,VICTORY BL,SYLVIA AV,175,E,N,A,-,N,NA,NA,NA,NA,NA,NA,NA,NA,NA,N,2,0,1,2,A,-,09,21801,A,N,B,G,A,A,H,-,A,D,0,NA,Y,NA,NA,Y,NA,A,07,1,0,0,0,0,0,1,0,0,-,-,NA,NA,LOS ANGELES,LOS ANGELES,-118.55176544189452,34.18656921386719
9360708,2021,2022-03-10,1942,2021-11-02,2230,38033,0998,2,5,7,1942,0,0,0,I,0,26T37,COLDWATER CANYON AV,VENTURA BL,0,NA,-,A,-,N,NA,NA,NA,NA,NA,NA,NA,NA,NA,Y,3,0,1,2,A,-,09,21801,A,N,D,C,A,A,H,-,C,A,0,NA,NA,NA,NA,Y,NA,A,07,0,1,0,0,0,0,0,0,0,-,-,NA,NA,LOS ANGELES,LOS ANGELES,-118.41371917724608,34.14512634277344
9360709,2021,2022-03-10,1942,2021-11-02,1640,40398,1981,2,5,7,1942,0,0,0,NA,0,26M72,ORION AV,PARTHENIA ST,0,NA,Y,-,-,N,NA,NA,NA,NA,NA,NA,NA,NA,NA,N,3,0,1,2,A,-,09,21801,A,N,-,-,A,-,-,-,B,-,0,NA,Y,NA,NA,Y,NA,A,07,0,1,0,0,0,0,1,0,0,-,-,NA,NA,LOS ANGELES,LOS ANGELES,-118.47202301025392,34.228294372558594
9360716,2021,2022-03-16,1942,2021-11-02,1730,39048,1061,2,5,7,1942,0,0,0,J,0,26TL44,VENTURA BL,SHIRLEY AV,0,E,N,A,-,N,NA,NA,NA,NA,NA,NA,NA,NA,NA,N,4,0,1,2,A,-,10,21952,NA,F,G,B,F,A,H,-,A,D,0,Y,NA,NA,NA,Y,NA,-,99,0,0,1,0,1,0,0,0,0,-,-,NA,NA,LOS ANGELES,LOS ANGELES,-118.5578384399414,34.172767639160156
9360717,2021,2021-12-23,1942,2021-11-04,1915,33504,1083,4,5,7,1942,0,0,0,J,0,26T52,VANALDEN AV,SANTA RITA ST,50,S,N,A,-,N,NA,NA,NA,NA,NA,NA,NA,NA,NA,Y,4,0,1,2,A,-,01,23152,A,N,H,C,A,A,H,-,C,D,0,NA,NA,NA,NA,Y,Y,A,07,0,0,1,0,0,0,0,0,0,-,-,NA,NA,LOS ANGELES,LOS ANGELES,-118.55001068115234,34.166908264160156
9360718,2021,2022-01-27,1942,2021-11-02,1955,39476,1681,2,5,7,1942,0,0,0,P,0,26T55,LAUREL CANYON BL,NEENACH ST,90,S,N,A,-,N,NA,NA,NA,NA,NA,NA,NA,NA,NA,N,3,0,3,2,A,-,01,23152,A,F,C,C,A,A,H,-,C,D,0,NA,NA,NA,NA,Y,Y,A,07,0,3,0,0,0,0,0,0,0,-,-,NA,NA,LOS ANGELES,LOS ANGELES,-118.39642333984376,34.225101470947266
9360719,2021,2022-03-03,1942,2021-11-03,2025,37685,1681,3,5,7,1942,0,0,0,P,0,16A81,LAUREL CANYON BL,RT 5,0,NA,Y,A,-,Y,LA,7,5,-,-,35.851,R,4,S,N,3,0,2,2,A,-,12,22450,A,F,B,C,A,A,H,-,C,D,0,NA,NA,NA,NA,Y,NA,-,NA,0,2,0,0,0,0,0,0,0,-,WF,NA,NA,LOS ANGELES,LOS ANGELES,-118.40155029296876,34.231101989746094
9360749,2021,2021-11-18,1900,2021-09-27,1500,655224,2841,1,5,5,1915,0,0,0,NA,0,283T2,WILLOWBROOK AV E,TICHENOR ST,0,NA,Y,A,-,N,NA,NA,NA,NA,NA,NA,NA,NA,NA,N,3,0,1,2,A,-,09,21802,A,N,D,C,A,A,H,-,A,A,0,NA,NA,NA,NA,Y,NA,A,08,0,1,0,0,0,0,0,0,0,-,-,33.8856201171875,-118.22338104248048,LOS ANGELES,COMPTON,-118.2236099243164,33.88526153564453
9360750,2021,2021-11-18,1900,2021-09-20,1640,645885,2820,1,5,5,1915,0,0,0,NA,0,288T1,SANTA FE AV,PINE ST,0,NA,Y,A,-,N,NA,NA,NA,NA,NA,NA,NA,NA,NA,N,4,0,1,2,D,-,00,NA,NA,N,D,C,A,A,H,-,A,A,0,NA,NA,NA,NA,Y,NA,-,-,0,0,1,0,0,0,0,0,0,-,-,33.91141891479492,-118.21675872802734,LOS ANGELES,COMPTON,-118.2166748046875,33.91142272949219
9360751,2021,2021-11-18,1900,2021-09-20,1830,655224,2813,1,5,5,1915,0,0,0,NA,0,283T2,WILLOWBROOK AV,WINONA ST,367,S,N,A,-,N,NA,NA,NA,NA,NA,NA,NA,NA,NA,N,2,0,1,2,A,-,08,22107,NA,N,A,C,A,A,H,-,A,D,0,NA,NA,Y,NA,Y,NA,A,07,1,0,0,0,0,0,0,0,1,-,-,33.90666961669922,-118.22667694091795,LOS ANGELES,COMPTON,-118.22632598876952,33.90682601928711
9360752,2021,2021-11-18,1900,2021-09-14,1828,645885,2810,2,5,5,1915,0,0,0,NA,0,283T11,ROSECRANS AV,APRILIA AV,27,E,N,A,-,N,NA,NA,NA,NA,NA,NA,NA,NA,NA,Y,3,0,1,2,A,-,03,22350,NA,N,C,C,A,A,H,-,A,A,0,NA,NA,NA,NA,Y,NA,A,01,0,1,0,0,0,0,0,0,0,-,-,NA,NA,LOS ANGELES,COMPTON,-118.25737762451172,33.90263366699219
9360754,2021,2021-11-18,1941,2021-09-24,2054,11098,NA,5,5,7,1941,0,0,0,NA,0,NA,MAGNOLIA,N 7TH ST,5,S,N,A,-,N,NA,NA,NA,NA,NA,NA,NA,NA,NA,Y,4,0,2,2,A,-,12,21453,A,N,D,C,A,A,H,-,C,A,0,NA,NA,NA,NA,Y,NA,A,NA,0,0,2,0,0,0,0,0,0,-,-,NA,NA,LOS ANGELES,LONG BEACH,-118.19803619384766,33.77534484863281
9360755,2021,2021-12-29,1941,2021-09-02,0025,11410,NA,4,5,7,1941,0,0,0,NA,0,NA,CHERRY AV,10TH ST,0,NA,Y,A,-,N,NA,NA,NA,NA,NA,NA,NA,NA,NA,N,4,0,1,2,D,-,00,NA,NA,N,C,-,A,A,H,-,C,A,0,NA,NA,NA,NA,Y,NA,-,-,0,0,1,0,0,0,0,0,0,-,-,NA,NA,LOS ANGELES,LONG BEACH,-118.16766357421876,33.77897262573242
9360759,2021,2021-11-18,1900,2021-09-14,0730,649267,1192,2,5,6,1992,0,0,0,NA,0,112T2,20TH ST W,AV L,0,NA,Y,A,-,N,NA,NA,NA,NA,NA,NA,NA,NA,NA,N,4,0,1,2,A,-,21,22106,NA,N,C,C,A,A,H,-,A,A,0,NA,NA,NA,NA,Y,NA,A,01,0,0,1,0,0,0,0,0,0,-,-,NA,NA,LOS ANGELES,LANCASTER,-118.16564178466795,34.660404205322266
9360760,2021,2021-12-06,1900,2021-09-19,1843,617242,1132,7,5,6,1992,0,0,0,NA,0,112T21,LANCASTER BL,12TH ST EAST,100,N,N,A,-,N,NA,NA,NA,NA,NA,NA,NA,NA,NA,N,3,0,1,2,-,-,-,NA,NA,F,G,B,D,A,G,-,A,D,0,Y,NA,NA,NA,Y,NA,N,60,0,1,0,0,1,0,0,0,0,-,-,NA,NA,LOS ANGELES,LANCASTER,-118.10820770263672,34.696861267089844
9360800,2021,2021-12-14,1900,2021-10-29,2200,623674,2228,5,5,3,1994,0,0,0,NA,0,2221/E,KANAN RD,THOUSAND OAKS BL,1320,N,N,A,-,N,NA,NA,NA,NA,NA,NA,NA,NA,NA,Y,3,0,1,4,A,-,03,22350,NA,N,D,C,A,A,H,-,C,D,0,NA,NA,NA,NA,Y,NA,A,01,0,1,0,0,0,0,0,0,0,-,-,34.15536880493164,-118.75628662109376,LOS ANGELES,AGOURA HILLS,-118.75626373291016,34.15743637084961
9360822,2021,2021-11-22,1976,2021-10-18,1906,555,NA,1,5,3,1964,0,0,0,NA,0,001,TELEGRAPH RD,BLOOOMFIELD AV,60,W,N,A,-,N,NA,NA,NA,NA,NA,NA,NA,NA,NA,Y,4,0,1,2,A,-,03,22350,NA,N,C,C,A,A,H,-,C,A,0,NA,NA,NA,NA,Y,NA,A,07,0,0,1,0,0,0,0,0,0,-,-,NA,NA,LOS ANGELES,SANTA FE SPRINGS,-118.06427001953124,33.94179916381836
9360826,2021,2021-11-23,1900,2021-10-28,1449,618940,1616,4,5,5,1977,0,0,0,NA,0,164T1,TURMONT ST,GUNLOCK AV,83,W,N,A,-,N,NA,NA,NA,NA,NA,NA,NA,NA,NA,Y,4,0,1,2,A,-,03,22350,NA,N,A,E,A,A,H,-,A,A,0,NA,NA,NA,NA,Y,NA,A,01,0,0,1,0,0,0,0,0,0,-,-,33.853538513183594,-118.23809814453124,LOS ANGELES,CARSON,-118.23799896240234,33.853553771972656
9360827,2021,2021-11-23,1900,2021-10-28,1539,613996,1623,4,5,5,1977,0,0,0,NA,0,167T1,228TH ST,ATMORE AV,0,NA,Y,A,-,N,NA,NA,NA,NA,NA,NA,NA,NA,NA,Y,2,0,1,2,A,-,12,22450,A,N,D,C,A,A,H,-,A,A,0,NA,NA,Y,NA,Y,NA,C,02,1,0,0,0,0,0,0,0,1,-,-,33.818931579589844,-118.28215789794922,LOS ANGELES,CARSON,-118.28211212158205,33.818912506103516
9360828,2021,2021-11-23,1900,2021-10-01,0722,629993,1624,5,5,5,1977,0,0,0,NA,0,169A,223RD ST,AVALON BL,0,NA,Y,A,-,N,NA,NA,NA,NA,NA,NA,NA,NA,NA,Y,3,0,1,2,A,-,12,21453,A,N,D,C,A,A,H,-,A,A,0,NA,NA,NA,NA,Y,NA,A,01,0,1,0,0,0,0,0,0,0,-,-,NA,NA,LOS ANGELES,CARSON,-118.26372528076172,33.824222564697266
9360829,2021,2021-11-23,1976,2021-10-28,1922,535,NA,4,5,5,1976,0,0,0,NA,0,003,LAMBERT RD,CALMADA AV,124,E,N,A,-,N,NA,NA,NA,NA,NA,NA,NA,NA,NA,Y,4,0,1,2,A,-,12,21453,A,N,D,C,A,A,H,-,C,A,0,NA,NA,NA,NA,Y,NA,A,01,0,0,1,0,0,0,0,0,0,-,-,NA,NA,LOS ANGELES,WHITTIER,-118.02867889404295,33.951744079589844
9360830,2021,2021-11-23,1976,2021-10-26,1755,244,NA,2,5,5,1976,0,0,0,NA,0,002,BRIGHT AV,HELMER DR,21,S,N,A,-,N,NA,NA,NA,NA,NA,NA,NA,NA,NA,N,3,0,1,2,A,-,08,22107,NA,N,D,C,A,A,H,-,A,D,0,NA,NA,Y,NA,Y,NA,C,03,0,1,0,0,0,0,0,0,1,-,-,NA,NA,LOS ANGELES,WHITTIER,-118.03947448730467,33.961727142333984
9360841,2021,2021-11-23,1900,2021-10-22,0727,647475,1123,5,5,6,1992,0,0,0,NA,0,111T2,10TH ST WEST,AVENUE J-12,0,NA,Y,A,-,N,NA,NA,NA,NA,NA,NA,NA,NA,NA,N,4,0,1,2,A,-,09,21802,A,N,D,C,A,A,H,-,A,A,0,NA,NA,NA,NA,Y,NA,A,01,0,0,1,0,0,0,0,0,0,-,-,NA,NA,LOS ANGELES,LANCASTER,-118.14788818359376,34.678096771240234
9360842,2021,2021-11-23,1900,2021-10-25,1317,647475,113,1,5,6,1992,0,0,0,NA,0,111T4,AVENUE K,STANRIDGE AV,324,E,N,B,-,N,NA,NA,NA,NA,NA,NA,NA,NA,NA,Y,2,0,2,2,D,-,00,NA,NA,N,B,C,A,B,H,-,A,D,0,NA,NA,NA,NA,Y,NA,-,-,1,1,0,0,0,0,0,0,0,-,-,NA,NA,LOS ANGELES,LANCASTER,-118.12611389160156,34.67499923706055
9360843,2021,2021-11-24,1900,2021-10-23,0959,510509,1130,6,5,6,1992,0,0,0,NA,0,112T2,AVENUE H,TREVOR AV,992,W,N,B,-,N,NA,NA,NA,NA,NA,NA,NA,NA,NA,Y,3,0,1,1,A,-,08,22107,NA,N,F,I,A,A,H,-,A,D,0,NA,NA,Y,NA,Y,NA,C,02,0,1,0,0,0,0,0,0,1,-,-,NA,NA,LOS ANGELES,LANCASTER,-118.13719177246094,34.718605041503906
9360844,2021,2021-11-23,1900,2021-10-27,2141,610418,1134,3,5,6,1992,0,0,0,NA,0,111T1,AVENUE M,SIERRA HWY,34,E,N,A,-,N,NA,NA,NA,NA,NA,NA,NA,NA,NA,N,4,0,1,2,A,-,07,21658,A,N,B,C,A,A,H,-,C,A,0,NA,NA,NA,NA,Y,NA,A,01,0,0,1,0,0,0,0,0,0,-,-,NA,NA,LOS ANGELES,LANCASTER,-118.12813568115234,34.64585876464844
9360845,2021,2021-11-23,1900,2021-10-16,1917,624926,1126,6,5,6,1992,0,0,0,NA,0,112T1,10TH ST WEST,COMMERCE  CENTER WY,0,NA,Y,A,-,N,NA,NA,NA,NA,NA,NA,NA,NA,NA,Y,4,0,2,2,A,-,07,21658,A,N,D,C,A,A,H,-,-,A,0,NA,NA,NA,NA,Y,NA,A,01,0,0,2,0,0,0,0,0,0,-,-,NA,NA,LOS ANGELES,LANCASTER,-118.14786529541016,34.672481536865234
9360846,2021,2021-11-23,1900,2021-10-08,1534,624926,1137,5,5,6,1992,0,0,0,NA,0,112T2,AVENUE K,CHALLENGER WY,230,W,N,A,-,N,NA,NA,NA,NA,NA,NA,NA,NA,NA,Y,4,0,1,2,A,-,04,21703,NA,N,C,C,A,A,H,-,A,D,0,NA,NA,NA,NA,Y,NA,A,07,0,0,1,0,0,0,0,0,0,-,-,NA,NA,LOS ANGELES,LANCASTER,-118.11318206787108,34.6749382019043
9360847,2021,2021-11-23,1900,2021-10-07,1853,624926,1137,4,5,6,1992,0,0,0,NA,0,112T1,AVENUE K,STANCLIFF AV,0,NA,Y,A,-,N,NA,NA,NA,NA,NA,NA,NA,NA,NA,Y,3,0,3,2,A,-,09,21801,A,N,D,C,A,A,H,-,A,D,0,NA,NA,NA,NA,Y,NA,A,01,0,1,2,0,0,0,0,0,0,-,-,NA,NA,LOS ANGELES,LANCASTER,-118.09626007080078,34.67500305175781
9360848,2021,2021-11-23,1900,2021-10-07,1647,617242,1126,4,5,6,1992,0,0,0,NA,0,11T2/P,AVENUE K,20TH ST WEST,420,W,N,A,-,N,NA,NA,NA,NA,NA,NA,NA,NA,NA,Y,4,0,1,3,A,-,09,21801,A,N,D,C,A,A,H,-,A,D,0,NA,NA,NA,NA,Y,Y,A,01,0,0,1,0,0,0,0,0,0,-,-,NA,NA,LOS ANGELES,LANCASTER,-118.16712188720705,34.67499923706055
9360860,2021,2021-11-24,1976,2021-10-29,1445,556,NA,5,5,3,1964,0,0,0,NA,0,001,TELEGRAPH RD,GUNN AV,219,W,N,A,-,N,NA,NA,NA,NA,NA,NA,NA,NA,NA,N,3,0,1,2,A,-,11,21955,NA,N,G,B,D,A,H,-,A,A,0,Y,NA,NA,NA,Y,NA,-,-,0,1,0,0,1,0,0,0,0,-,-,NA,NA,LOS ANGELES,SANTA FE SPRINGS,-118.04506683349608,33.93928146362305
9360861,2021,2021-12-02,1900,2021-10-28,0344,609742,1610,4,5,5,1977,0,0,0,NA,0,161T,ALONDRA BL,FIGUEROA ST,580,E,N,A,-,N,NA,NA,NA,NA,NA,NA,NA,NA,NA,Y,4,0,1,1,A,-,03,22350,NA,N,E,I,A,A,H,-,C,A,0,NA,NA,NA,NA,Y,NA,A,01,0,0,1,0,0,0,0,0,0,-,-,33.88549041748047,-118.28076934814452,LOS ANGELES,CARSON,-118.28086090087892,33.88544845581055
9360908,2021,2021-12-29,1976,2021-11-05,1516,463,NA,5,5,5,1976,0,0,0,NA,0,003,BRIGHT AV,WALNUT ST,550,S,N,A,-,N,NA,NA,NA,NA,NA,NA,NA,NA,NA,N,4,0,2,2,A,-,17,22517,NA,N,B,C,A,A,H,-,A,D,0,NA,NA,NA,NA,Y,NA,A,01,0,0,2,0,0,0,0,0,0,-,-,NA,NA,LOS ANGELES,WHITTIER,-118.03618621826172,33.97030258178711
9360910,2021,2021-12-29,1926,2021-11-14,1819,0056,4,7,5,5,1926,0,0,0,NA,0,NA,RT 66,LOPE LN,0,NA,Y,A,-,N,NA,NA,NA,NA,NA,NA,NA,NA,NA,Y,4,0,1,2,A,-,09,21801,B,N,D,C,A,A,H,-,C,A,0,NA,NA,NA,NA,Y,NA,-,NA,0,0,1,0,0,0,0,0,0,-,-,34.12860870361328,-117.82913208007813,LOS ANGELES,GLENDORA,-117.83111572265624,34.12886428833008
9360911,2021,2021-12-29,1926,2021-11-08,1745,0139,1,1,5,5,1926,0,0,0,NA,0,001,ADA AV,GLENDORA AV,10,E,N,A,-,N,NA,NA,NA,NA,NA,NA,NA,NA,NA,Y,3,0,1,2,A,-,03,22350,NA,N,C,C,A,A,H,-,C,A,0,NA,NA,NA,NA,Y,NA,A,01,0,1,0,0,0,0,0,0,0,-,-,34.13240051269531,-117.86549377441406,LOS ANGELES,GLENDORA,-117.86547088623048,34.13236999511719
9360912,2021,2021-12-29,1926,2021-11-06,1455,0166,2,6,5,5,1926,0,0,0,NA,0,002,SOUTH GLENDORA AV,MAUNA LOA,0,NA,Y,A,-,N,NA,NA,NA,NA,NA,NA,NA,NA,NA,Y,4,0,2,2,A,-,08,22107,NA,N,D,C,A,A,H,-,A,A,0,NA,NA,NA,NA,Y,NA,A,01,0,0,2,0,0,0,0,0,0,-,-,41.25114822387695,-117.86387634277344,LOS ANGELES,GLENDORA,-117.86386871337892,34.125091552734375
9360913,2021,2021-12-29,1976,2021-11-06,0058,499,1964,6,5,3,1964,0,0,0,NA,0,002,FLORENCE AV,ORRAND DAY RD,30,W,N,A,-,N,NA,NA,NA,NA,NA,NA,NA,NA,NA,Y,4,0,2,3,A,-,03,22350,NA,N,C,C,A,A,H,-,C,A,0,NA,NA,NA,NA,Y,NA,A,07,0,0,2,0,0,0,0,0,0,-,-,NA,NA,LOS ANGELES,SANTA FE SPRINGS,-118.09072875976564,33.93538284301758
9360914,2021,2022-05-19,1976,2021-11-05,0846,561,1976,5,5,3,1964,0,0,0,NA,0,001,ORR AND DAY,DARCY ST,0,NA,Y,A,-,N,NA,NA,NA,NA,NA,NA,NA,NA,NA,N,4,0,1,2,A,-,09,21802,A,N,D,C,A,A,H,-,A,A,0,NA,NA,NA,NA,Y,NA,A,08,0,0,1,0,0,0,0,0,0,-,-,NA,NA,LOS ANGELES,SANTA FE SPRINGS,-118.0907974243164,33.938560485839844
9360915,2021,2021-12-29,1976,2021-11-02,1903,555,NA,2,5,3,1964,0,0,0,NA,0,001,EAST WASHINGTON BL,BOERAV,171,W,N,A,-,N,NA,NA,NA,NA,NA,NA,NA,NA,NA,N,3,0,3,2,A,-,09,21801,A,N,D,C,A,A,H,-,C,D,0,NA,NA,NA,NA,Y,NA,A,01,0,3,0,0,0,0,0,0,0,-,-,NA,NA,LOS ANGELES,SANTA FE SPRINGS,-118.0722885131836,33.97211456298828
9360916,2021,2021-12-29,1976,2021-11-02,0554,555,BELLF,2,5,3,1964,0,0,0,NA,0,001,FLORENCE AV,BLOOMFIELD AV,117,E,N,E,-,N,NA,NA,NA,NA,NA,NA,NA,NA,NA,Y,3,0,2,3,A,-,03,22350,NA,N,C,C,A,A,H,-,C,A,0,NA,NA,NA,NA,Y,NA,A,01,0,1,1,0,0,0,0,0,0,-,-,NA,NA,LOS ANGELES,SANTA FE SPRINGS,-118.0636749267578,33.935325622558594
9360917,2021,2021-12-29,1976,2021-11-01,1654,516,NA,1,5,3,1964,0,0,0,NA,0,002,FLORENCE AV,BLOOMFIELD AV,50,E,N,A,-,N,NA,NA,NA,NA,NA,NA,NA,NA,NA,Y,3,0,1,3,A,-,03,22350,NA,N,C,C,A,A,H,-,A,A,0,NA,NA,NA,NA,Y,NA,A,01,0,1,0,0,0,0,0,0,0,-,-,NA,NA,LOS ANGELES,SANTA FE SPRINGS,-118.06389617919922,33.93532943725586
9360921,2021,2021-12-29,1942,2021-11-07,1840,39217,0941,7,5,7,1942,0,0,0,I,0,26T32,BURBANK BL,NATICK AV,170,W,N,A,-,N,NA,NA,NA,NA,NA,NA,NA,NA,NA,Y,3,0,2,4,A,-,08,22107,NA,F,B,C,A,A,H,-,C,D,0,NA,NA,NA,NA,Y,NA,-,99,0,2,0,0,0,0,0,0,0,-,-,NA,NA,LOS ANGELES,LOS ANGELES,-118.45475006103516,34.17210006713867
9360922,2021,2021-12-31,1942,2021-11-06,1605,38687,0933,6,5,7,1942,0,0,0,I,0,26TL72,SYLVAN ST,VAN NUYS BL,0,NA,Y,A,-,N,NA,NA,NA,NA,NA,NA,NA,NA,NA,N,3,0,1,2,A,-,09,21453,B,F,B,G,A,A,H,-,A,A,0,NA,Y,NA,NA,Y,NA,-,99,0,1,0,0,0,0,1,0,0,-,-,NA,NA,LOS ANGELES,LOS ANGELES,-118.44876098632813,34.184635162353516
9360923,2021,2021-12-31,1942,2021-11-06,1950,41239,0904,6,5,7,1942,0,0,0,I,0,26Q45,COHASSET ST,BURNET AV,70,W,N,A,-,N,NA,NA,NA,NA,NA,NA,NA,NA,NA,N,3,0,2,2,A,-,03,22350,NA,F,C,C,A,A,H,-,C,D,0,NA,NA,NA,NA,Y,NA,-,99,0,2,0,0,0,0,0,0,0,-,-,NA,NA,LOS ANGELES,LOS ANGELES,-118.46424102783205,34.20663070678711
9360924,2021,2021-12-31,1942,2021-11-08,2100,33504,1676,1,5,7,1942,0,0,0,P,0,26T55,GLENOAKS BL,NETTLETON ST,200,S,N,A,-,N,NA,NA,NA,NA,NA,NA,NA,NA,NA,N,4,0,1,2,A,-,11,21955,NA,F,G,B,D,A,H,-,C,D,0,Y,NA,NA,NA,Y,NA,N,60,0,0,1,0,1,0,0,0,0,-,-,NA,NA,LOS ANGELES,LOS ANGELES,-118.3613510131836,34.22453689575195
9360925,2021,2021-12-31,1942,2021-11-08,1200,39473,1612,1,5,7,1942,0,0,0,P,0,26T47,VAN NUYS BL,RALSTON AV,0,NA,Y,A,-,N,NA,NA,NA,NA,NA,NA,NA,NA,NA,Y,4,0,3,2,A,-,09,21801,A,F,A,C,A,A,H,-,A,A,0,NA,NA,NA,NA,Y,NA,-,99,0,0,3,0,0,0,0,0,0,-,-,NA,NA,LOS ANGELES,LOS ANGELES,-118.42031097412108,34.26740264892578
9360926,2021,2021-12-31,1942,2021-11-06,0424,44397,0933,6,5,7,1942,0,0,0,I,0,9A5,VAN NUYS,VICTORY,0,NA,Y,E,-,N,NA,NA,NA,NA,NA,NA,NA,NA,NA,Y,3,0,4,3,A,-,12,21453,A,F,D,C,A,A,-,-,C,A,0,NA,NA,NA,NA,Y,NA,A,01,0,4,0,0,0,0,0,0,0,-,-,NA,NA,LOS ANGELES,LOS ANGELES,-118.44873809814452,34.18667221069336
9360927,2021,2021-12-31,1942,2021-11-08,1330,39473,1063,1,5,7,1942,0,0,0,J,0,26TL47,PHILLIPRIM ST,YOLANDA AV,200,W,N,A,-,N,NA,NA,NA,NA,NA,NA,NA,NA,NA,N,4,0,1,2,A,-,03,22350,NA,N,G,B,E,A,H,-,A,D,0,Y,NA,NA,NA,Y,NA,A,07,0,0,1,0,1,0,0,0,0,-,-,NA,NA,LOS ANGELES,LOS ANGELES,-118.54139709472656,34.173030853271484
9360928,2021,2021-12-31,1942,2021-11-08,1445,38687,1921,1,5,7,1942,0,0,0,NA,0,26TL72,BLEDSOE ST,ENCINITAS AV,40,E,N,A,-,N,NA,NA,NA,NA,NA,NA,NA,NA,NA,Y,3,0,1,1,A,-,08,22107,NA,N,E,I,A,A,H,-,A,D,0,NA,NA,NA,NA,Y,NA,A,07,0,1,0,0,0,0,0,0,0,-,-,NA,NA,LOS ANGELES,LOS ANGELES,-118.47232055664064,34.29902648925781