CASE_ID,ACCIDENT_YEAR,PROC_DATE,JURIS,COLLISION_DATE,COLLISION_TIME,OFFICER_ID,REPORTING_DISTRICT,DAY_OF_WEEK,CHP_SHIFT,POPULATION,CNTY_CITY_LOC,SPECIAL_COND,BEAT_TYPE,CHP_BEAT_TYPE,CITY_DIVISION_LAPD,CHP_BEAT_CLASS,BEAT_NUMBER,PRIMARY_RD,SECONDARY_RD,DISTANCE,DIRECTION,INTERSECTION,WEATHER_1,WEATHER_2,STATE_HWY_IND,CALTRANS_COUNTY,CALTRANS_DISTRICT,STATE_ROUTE,ROUTE_SUFFIX,POSTMILE_PREFIX,POSTMILE,LOCATION_TYPE,RAMP_INTERSECTION,SIDE_OF_HWY,TOW_AWAY,COLLISION_SEVERITY,NUMBER_KILLED,NUMBER_INJURED,PARTY_COUNT,PRIMARY_COLL_FACTOR,PCF_CODE_OF_VIOL,PCF_VIOL_CATEGORY,PCF_VIOLATION,PCF_VIOL_SUBSECTION,HIT_AND_RUN,TYPE_OF_COLLISION,MVIW,PED_ACTION,ROAD_SURFACE,ROAD_COND_1,ROAD_COND_2,LIGHTING,CONTROL_DEVICE,CHP_ROAD_TYPE,PEDESTRIAN_ACCIDENT,BICYCLE_ACCIDENT,MOTORCYCLE_ACCIDENT,TRUCK_ACCIDENT,NOT_PRIVATE_PROPERTY,ALCOHOL_INVOLVED,STWD_VEHTYPE_AT_FAULT,CHP_VEHTYPE_AT_FAULT,COUNT_SEVERE_INJ,COUNT_VISIBLE_INJ,COUNT_COMPLAINT_PAIN,COUNT_PED_KILLED,COUNT_PED_INJURED,COUNT_BICYCLIST_KILLED,COUNT_BICYCLIST_INJURED,COUNT_MC_KILLED,COUNT_MC_INJURED,PRIMARY_RAMP,SECONDARY_RAMP,LATITUDE,LONGITUDE,COUNTY,CITY,POINT_X,POINT_Y
9361564,2021,2021-11-18,1972,2021-10-07,2330,22136,NA,4,5,6,1972,0,0,0,NA,0,NA,ARLINGTON AV,220TH ST,50,N,N,A,-,N,NA,NA,NA,NA,NA,NA,NA,NA,NA,Y,4,0,1,3,A,-,08,22107,NA,N,C,E,A,A,H,-,C,D,0,NA,NA,NA,NA,Y,NA,E,NA,0,0,1,0,0,0,0,0,0,-,-,NA,NA,LOS ANGELES,TORRANCE,-118.31778717041016,33.82798767089844
9361565,2021,2021-11-18,1972,2021-10-08,0956,18263,NA,5,5,6,1972,0,0,0,NA,0,NA,CALLE MAYOR,VIA PASQUAL,0,NA,Y,B,-,N,NA,NA,NA,NA,NA,NA,NA,NA,NA,Y,4,0,1,2,A,-,09,21802,A,N,D,C,A,A,H,-,A,D,0,NA,NA,NA,NA,Y,NA,A,NA,0,0,1,0,0,0,0,0,0,-,-,NA,NA,LOS ANGELES,TORRANCE,-118.3874969482422,33.80784225463867
9361566,2021,2021-11-17,1972,2021-10-02,1601,19767,NA,6,5,6,1972,0,0,0,NA,0,NA,CRENSHAW BL,225TH PL,0,NA,Y,A,-,N,NA,NA,NA,NA,NA,NA,NA,NA,NA,Y,4,0,3,2,A,-,09,21802,A,N,D,C,A,A,H,-,A,D,0,NA,NA,NA,NA,Y,NA,A,NA,0,0,3,0,0,0,0,0,0,-,-,NA,NA,LOS ANGELES,TORRANCE,-118.32823944091795,33.820648193359375
9361567,2021,2021-11-17,1972,2021-10-13,0804,18263,NA,3,5,6,1972,0,0,0,NA,0,NA,MACAFEE RD,CARLOW,58,W,N,-,-,N,NA,NA,NA,NA,NA,NA,NA,NA,NA,N,4,0,1,2,D,-,00,NA,NA,N,-,-,A,-,-,-,-,-,0,NA,NA,NA,NA,Y,NA,-,-,0,0,1,0,0,0,0,0,0,-,-,NA,NA,LOS ANGELES,TORRANCE,-118.3627471923828,33.81696701049805
9361568,2021,2021-11-17,1972,2021-10-18,0111,22136,NA,1,5,6,1972,0,0,0,NA,0,NA,MADISON ST,AIRPORT DR,0,NA,Y,A,-,N,NA,NA,NA,NA,NA,NA,NA,NA,NA,Y,4,0,1,1,A,-,08,22107,NA,N,-,I,A,A,H,-,C,D,0,NA,NA,NA,NA,Y,NA,A,NA,0,0,1,0,0,0,0,0,0,-,-,NA,NA,LOS ANGELES,TORRANCE,-118.34791564941406,33.804630279541016
9361569,2021,2021-11-17,1972,2021-10-05,1249,22270,NA,2,5,6,1972,0,0,0,NA,0,NA,LOMITA BL,CRENSHAW BL,500,W,N,A,-,N,NA,NA,NA,NA,NA,NA,NA,NA,NA,N,3,0,1,2,A,-,09,21804,B,N,D,G,A,A,H,-,A,C,0,NA,Y,NA,Y,Y,NA,L,NA,0,1,0,0,0,0,1,0,0,-,-,NA,NA,LOS ANGELES,TORRANCE,-118.32942962646484,33.80656051635742
9361570,2021,2021-11-17,1972,2021-10-12,1710,17433,NA,2,5,6,1972,0,0,0,NA,0,NA,SEPULVEDA BL,HAWTHORNE BL,75,E,N,A,-,N,NA,NA,NA,NA,NA,NA,NA,NA,NA,Y,3,0,2,2,A,-,09,21804,A,N,D,D,A,A,H,-,A,D,0,NA,NA,Y,NA,Y,NA,A,NA,0,1,1,0,0,0,0,0,1,-,-,NA,NA,LOS ANGELES,TORRANCE,-118.35135650634766,33.8255500793457
9361571,2021,2021-11-17,1972,2021-10-13,0907,22270,NA,3,5,6,1972,0,0,0,NA,0,NA,TORRANCE BL,HENRIETTA ST,25,E,N,A,-,N,NA,NA,NA,NA,NA,NA,NA,NA,NA,Y,4,0,1,2,A,-,03,22350,NA,N,C,C,A,A,H,-,A,A,0,NA,NA,NA,NA,Y,NA,A,NA,0,0,1,0,0,0,0,0,0,-,-,NA,NA,LOS ANGELES,TORRANCE,-118.37101745605467,33.83757019042969
9361572,2021,2021-11-17,1972,2021-10-15,1431,19767,NA,5,5,6,1972,0,0,0,NA,0,NA,TORRANCE BL,BEECH AV,0,NA,Y,A,-,N,NA,NA,NA,NA,NA,NA,NA,NA,NA,Y,3,0,2,2,A,-,09,21801,A,N,D,C,A,A,H,-,A,D,0,NA,NA,NA,NA,Y,NA,A,NA,0,1,1,0,0,0,0,0,0,-,-,NA,NA,LOS ANGELES,TORRANCE,-118.32748413085938,33.83636474609375
9361573,2021,2021-11-17,1972,2021-10-15,1325,15554,NA,5,5,6,1972,0,0,0,NA,0,NA,182ND,ANIE,0,NA,Y,A,-,N,NA,NA,NA,NA,NA,NA,NA,NA,NA,N,4,0,2,2,A,-,08,22100,5,N,D,C,A,A,H,-,A,D,0,NA,NA,NA,NA,Y,NA,A,NA,0,0,2,0,0,0,0,0,0,-,-,NA,NA,LOS ANGELES,TORRANCE,-118.3482,33.86557
9361574,2021,2021-11-17,1972,2021-10-16,1031,19767,NA,6,5,6,1972,0,0,0,NA,0,NA,LOMITA BL,LOMITA BL 3100,433,E,N,A,-,N,NA,NA,NA,NA,NA,NA,NA,NA,NA,Y,4,0,1,2,A,-,03,22350,NA,N,C,C,A,A,H,-,A,D,0,NA,NA,NA,NA,Y,NA,A,NA,0,0,1,0,0,0,0,0,0,-,-,NA,NA,LOS ANGELES,TORRANCE,NA,NA
9361575,2021,2021-11-17,1972,2021-10-08,0728,18263,NA,5,5,6,1972,0,0,0,NA,0,NA,GRENSHAW,CRENSHAW 23525,209,NA,Y,A,-,N,NA,NA,NA,NA,NA,NA,NA,NA,NA,Y,4,0,2,2,A,-,09,21804,A,N,D,C,A,A,H,-,A,D,0,NA,NA,NA,NA,Y,NA,A,NA,0,0,2,0,0,0,0,0,0,-,-,NA,NA,LOS ANGELES,TORRANCE,-118.328065,33.812145
9361576,2021,2021-11-17,1972,2021-10-04,1812,19524,NA,1,5,6,1972,0,0,0,NA,0,NA,SEPULVEDA BL,MADISON ST,0,NA,Y,B,-,N,NA,NA,NA,NA,NA,NA,NA,NA,NA,Y,4,0,2,2,A,-,12,21453,A,N,D,C,A,B,H,-,B,A,0,NA,NA,NA,NA,Y,NA,A,NA,0,0,2,0,0,0,0,0,0,-,-,NA,NA,LOS ANGELES,TORRANCE,-118.34773254394533,33.82525634765625
9361577,2021,2021-11-17,1972,2021-10-17,1722,21151,NA,7,5,6,1972,0,0,0,NA,0,NA,ANZA AV,EMERALD ST,0,NA,Y,A,-,N,NA,NA,NA,NA,NA,NA,NA,NA,NA,Y,3,0,1,2,A,-,09,21801,A,N,A,C,A,A,H,-,A,A,0,NA,NA,NA,NA,Y,NA,A,NA,0,1,0,0,0,0,0,0,0,-,-,NA,NA,LOS ANGELES,TORRANCE,-118.36238098144533,33.84136962890625
9361578,2021,2021-11-17,1972,2021-10-19,0911,15472,NA,2,5,6,1972,0,0,0,NA,0,NA,CARSON ST,CRENSHAW,200,W,N,A,-,N,NA,NA,NA,NA,NA,NA,NA,NA,NA,Y,3,0,1,3,A,-,03,22350,NA,N,C,C,A,A,H,-,A,A,0,NA,NA,NA,NA,Y,NA,A,NA,0,1,0,0,0,0,0,0,0,-,-,NA,NA,LOS ANGELES,TORRANCE,-118.32926940917967,33.83129119873047
9361627,2021,2021-11-17,1972,2021-09-29,1554,21239,SOBAY,3,5,6,1972,0,0,0,NA,0,NA,PALOS VERDES BL,SHADYCROFT AV,25,N,N,A,-,N,NA,NA,NA,NA,NA,NA,NA,NA,NA,Y,3,0,1,2,A,-,08,22107,NA,N,C,E,A,A,H,-,A,D,0,NA,NA,Y,NA,Y,NA,C,NA,0,1,0,0,0,0,0,0,1,-,-,NA,NA,LOS ANGELES,TORRANCE,-118.37303161621094,33.822879791259766
9361703,2021,2021-12-03,1900,2021-09-25,0715,618064,2111,6,5,5,1943,0,0,0,NA,0,212T4,LONG BEACH BL,RT 105,0,NA,Y,A,-,Y,LA,7,105,-,R,11.702,R,4,W,Y,4,0,1,2,A,-,03,22350,NA,N,C,C,A,A,H,-,A,A,0,NA,NA,NA,NA,Y,NA,A,08,0,0,1,0,0,0,0,0,0,-,-,NA,NA,LOS ANGELES,LYNWOOD,-118.20753479003906,33.92403793334961
9361801,2021,2021-11-29,1900,2021-10-19,1530,530406,2248,2,5,3,1989,0,0,0,NA,0,224T1,MULHOLLAND DR,EDDINGHAM AV,0,NA,Y,A,-,N,NA,NA,NA,NA,NA,NA,NA,NA,NA,Y,4,0,1,2,A,-,09,21801,A,N,D,C,A,A,H,-,A,D,0,NA,NA,NA,NA,Y,NA,A,01,0,0,1,0,0,0,0,0,0,-,-,34.138790130615234,-118.62178802490234,LOS ANGELES,CALABASAS,-118.62161254882813,34.13883590698242
9361802,2021,2021-11-29,1900,2021-10-28,0900,525862,1017,4,5,3,1995,0,0,0,NA,0,101T11,RT 1,BUDWOOD MTWY,1250,N,N,A,-,N,NA,NA,1,NA,NA,NA,NA,NA,NA,Y,3,0,4,2,A,-,08,22107,A,N,D,-,A,A,H,-,A,D,0,NA,NA,NA,NA,Y,NA,A,01,0,4,0,0,0,0,0,0,0,-,-,34.03929138183594,-118.6037368774414,LOS ANGELES,MALIBU,-118.60375213623048,34.039337158203125
9361803,2021,2021-11-29,1900,2021-10-27,1400,602404,2263,3,5,2,1993,0,0,0,NA,0,222T1,THOUSAND OAKS BL,LINDERO CANYON RD,200,W,N,A,-,N,NA,NA,NA,NA,NA,NA,NA,NA,NA,Y,4,0,1,3,A,-,07,21658,A,N,C,D,A,A,H,-,A,A,0,NA,NA,NA,NA,Y,NA,A,07,0,0,1,0,0,0,0,0,0,-,-,34.15570831298828,-118.79499816894533,LOS ANGELES,WESTLAKE VILLAGE,-118.7956085205078,34.156211853027344
9361810,2021,2021-11-29,1942,2021-10-04,0315,44097,0911,1,5,7,1942,0,0,0,I,0,9A23,VANOWEN ST,FIRMAMENT AV,49,E,N,A,-,N,NA,NA,NA,NA,NA,NA,NA,NA,NA,Y,4,0,1,2,A,-,03,22350,NA,N,C,E,A,A,H,-,C,D,0,NA,NA,NA,NA,Y,NA,A,01,0,0,1,0,0,0,0,0,0,-,-,NA,NA,LOS ANGELES,LOS ANGELES,-118.47277069091795,34.19392013549805
9361811,2021,2021-11-29,1942,2021-10-09,1815,75567,1654,6,5,7,1942,0,0,0,P,0,16X12,MONTAGUE,GLENOAKS BL,1000,E,N,A,-,N,NA,NA,NA,NA,NA,NA,NA,NA,NA,Y,4,0,1,1,A,-,01,23152,A,N,E,I,A,A,H,-,B,D,0,NA,NA,NA,NA,Y,Y,A,01,0,0,1,0,0,0,0,0,0,-,-,NA,NA,LOS ANGELES,LOS ANGELES,-118.39290618896484,34.25800323486328
9361812,2021,2021-11-29,1942,2021-10-08,0100,42402,1533,5,5,7,1942,0,0,0,O,0,15A33,LAUREL CANYON BL,OXNARD ST,0,NA,Y,A,-,N,NA,NA,NA,NA,NA,NA,NA,NA,NA,Y,4,0,1,2,A,-,03,22350,NA,F,A,C,A,A,H,-,C,A,0,NA,NA,NA,NA,Y,NA,A,01,0,0,1,0,0,0,0,0,0,-,-,NA,NA,LOS ANGELES,LOS ANGELES,-118.3965301513672,34.17941665649414
9361836,2021,2021-12-20,1928,2021-10-18,2034,50423,507,1,5,5,1928,0,0,0,NA,0,502,CRENSHAW BL,120TH ST,250,N,N,A,-,N,NA,NA,NA,NA,NA,NA,NA,NA,NA,Y,4,0,1,3,A,-,03,22350,NA,N,C,C,A,A,H,-,C,A,0,NA,NA,NA,NA,Y,NA,A,01,0,0,1,0,0,0,0,0,0,-,-,33.923648834228516,-118.32642364501952,LOS ANGELES,HAWTHORNE,-118.32657623291016,33.92440414428711
9361837,2021,2021-12-20,1928,2021-10-21,1912,50406,530,4,5,5,1928,0,0,0,NA,0,501,HAWTHORN BL,IMPERIAL HWY,0,NA,Y,A,-,N,NA,NA,NA,NA,NA,NA,NA,NA,NA,Y,4,0,1,2,A,-,09,21801,A,N,D,C,A,A,H,-,C,A,0,NA,NA,NA,NA,Y,NA,A,01,0,0,1,0,0,0,0,0,0,-,-,33.930938720703125,-118.35256958007813,LOS ANGELES,HAWTHORNE,-118.35270690917967,33.93096160888672
9361838,2021,2021-12-20,1928,2021-10-31,1917,50423,526,7,5,5,1928,0,0,0,NA,0,501,INGLEWOOD AV,117TH ST,90,N,N,A,-,N,NA,NA,NA,NA,NA,NA,NA,NA,NA,Y,4,0,1,2,A,-,08,22107,NA,N,B,C,A,A,H,-,C,D,0,NA,NA,NA,NA,Y,NA,A,07,0,0,1,0,0,0,0,0,0,-,-,33.92824935913086,-118.361328125,LOS ANGELES,HAWTHORNE,-118.36132049560548,33.928466796875
9361839,2021,2021-12-13,1900,2021-10-25,1550,407357,0645,1,5,6,1985,0,0,0,NA,0,64T1,MCBEACH PKWY,DECORO DR,190,N,N,C,-,N,NA,NA,NA,NA,NA,NA,NA,NA,NA,N,4,0,1,2,A,-,09,21804,A,M,B,C,A,B,H,-,A,D,0,NA,NA,NA,NA,Y,NA,A,01,0,0,1,0,0,0,0,0,0,-,-,34.44486999511719,-118.55332183837892,LOS ANGELES,SANTA CLARITA,NA,NA
9361840,2021,2021-12-13,1900,2021-10-22,0930,618139,0610,5,5,6,1985,0,0,0,NA,0,63T1,SOLEDAD CANHON RD,RUETHER AV,0,NA,Y,A,-,N,NA,NA,NA,NA,NA,NA,NA,NA,NA,N,3,0,1,2,A,-,09,21800,A,N,A,G,A,A,H,-,A,A,0,NA,Y,NA,NA,Y,NA,-,-,0,1,0,0,0,0,1,0,0,-,-,NA,NA,LOS ANGELES,SANTA CLARITA,-118.49846649169922,34.420806884765625
9361883,2021,2021-11-17,1955,2021-10-28,1522,42591,77,4,5,6,1955,0,0,0,NA,0,005,MISSION BL,HUMANE WY,0,NA,Y,A,-,N,NA,NA,NA,NA,NA,NA,NA,NA,NA,Y,2,0,4,3,A,-,12,21453,A,N,D,C,A,A,H,-,A,A,0,NA,NA,NA,NA,Y,NA,A,01,1,2,1,0,0,0,0,0,0,-,-,34.05234146118164,-117.78954315185548,LOS ANGELES,POMONA,-117.78961944580078,34.052284240722656
9361884,2021,2021-11-17,1955,2021-10-27,2233,42758,14,3,5,6,1955,0,0,0,NA,0,003,INDIAN HILL BL,KINGSBURY ST,33,N,N,A,-,N,NA,NA,NA,NA,NA,NA,NA,NA,NA,Y,3,0,2,2,A,-,12,21453,A,N,D,C,A,A,H,-,C,A,0,NA,NA,NA,NA,Y,NA,A,01,0,1,1,0,0,0,0,0,0,-,-,34.067108154296875,-117.71922302246094,LOS ANGELES,POMONA,-118.1807098388672,33.79713821411133
9361885,2021,2021-11-17,1955,2021-10-27,0645,41484,4,3,5,6,1955,0,0,0,NA,0,005,MISSION BL,ELEANOR ST,0,NA,Y,A,-,N,NA,NA,NA,NA,NA,NA,NA,NA,NA,Y,4,0,1,2,A,-,09,21802,A,N,D,C,A,A,H,-,A,A,0,NA,NA,NA,NA,Y,NA,A,01,0,0,1,0,0,0,0,0,0,-,-,34.055389404296875,-117.74346923828124,LOS ANGELES,POMONA,-117.74349212646484,34.05526351928711
9361912,2021,2021-11-30,1941,2021-07-19,1342,10777,NA,1,5,7,1941,0,0,0,NA,0,NA,CLARK AV,WARDLOW RD,76,S,N,A,-,N,NA,NA,NA,NA,NA,NA,NA,NA,NA,N,4,0,2,3,A,-,03,22350,NA,N,C,C,A,A,H,-,A,D,0,NA,NA,NA,NA,Y,NA,-,-,0,0,2,0,0,0,0,0,0,-,-,NA,NA,LOS ANGELES,LONG BEACH,-118.13396453857422,33.81854248046875
9361914,2021,2021-11-30,1942,2021-07-07,1300,41671,1151,3,5,7,1942,0,0,0,K,0,27TL44,KENMORE AV,HOLLYWOOD BL,285,S,N,A,-,N,NA,NA,NA,NA,NA,NA,NA,NA,NA,N,3,0,1,2,A,-,03,22350,NA,F,G,B,E,A,H,-,A,D,0,Y,NA,NA,NA,Y,NA,-,99,0,1,0,0,1,0,0,0,0,-,-,NA,NA,LOS ANGELES,LOS ANGELES,-118.29727172851564,34.10098648071289
9361959,2021,2021-12-06,1900,2021-10-28,1550,530048,2248,4,5,3,1989,0,0,0,NA,0,224T1,PARK ORA,VALMAR RD,50,W,N,A,-,N,NA,NA,NA,NA,NA,NA,NA,NA,NA,N,3,0,1,2,A,-,11,21954,A,N,G,B,D,A,H,-,A,A,0,Y,NA,NA,NA,Y,NA,N,60,0,1,0,0,1,0,0,0,0,-,-,34.14746856689453,-118.7534637451172,LOS ANGELES,CALABASAS,-118.62984466552734,34.149085998535156
9361987,2021,2021-11-29,1975,2021-11-05,1709,474,WEST,5,5,6,1975,0,0,0,NA,0,005,AZUSA AV,GIAMBI LN,293,N,N,A,-,N,NA,NA,NA,NA,NA,NA,NA,NA,NA,Y,4,0,1,2,A,-,01,23152,A,N,B,C,A,A,H,-,A,A,0,NA,NA,NA,NA,Y,Y,A,01,0,0,1,0,0,0,0,0,0,-,-,34.03845977783203,-117.91300964355467,LOS ANGELES,WEST COVINA,-117.9130859375,34.03887176513672
9361992,2021,2021-12-07,1900,2021-10-28,1711,548515,NA,4,5,5,1943,0,0,0,NA,0,NA,SAMPSON AV,ABBOTT RD,15,S,N,A,-,N,NA,NA,NA,NA,NA,NA,NA,NA,NA,N,2,0,1,2,A,-,10,21950,A,N,G,B,B,A,H,-,A,D,0,Y,NA,NA,NA,Y,NA,D,22,1,0,0,0,1,0,0,0,0,-,-,NA,NA,LOS ANGELES,LYNWOOD,-118.18982696533205,33.93457794189453
9362062,2021,2022-01-04,1942,2021-11-04,1500,36514,1128,4,5,7,1942,0,0,0,K,0,24T34,AVENUE 63,REPTON ST,0,NA,Y,A,-,N,NA,NA,NA,NA,NA,NA,NA,NA,NA,N,2,0,1,2,A,-,11,21954,A,F,G,B,D,A,H,-,A,D,0,Y,NA,NA,NA,Y,NA,N,60,1,0,0,0,1,0,0,0,0,-,-,NA,NA,LOS ANGELES,LOS ANGELES,-118.1798095703125,34.119205474853516
9362064,2021,2022-01-19,1951,2021-11-13,1058,725,707,6,5,3,1951,0,0,0,NA,0,002,PALOS VERDES DR W,PASEO DEL MAR,585,E,N,A,-,N,NA,NA,NA,NA,NA,NA,NA,NA,NA,N,3,0,1,2,A,-,00,21760,NA,N,B,G,A,A,H,-,A,D,0,NA,Y,NA,NA,Y,NA,A,01,0,1,0,0,0,0,1,0,0,-,-,NA,NA,LOS ANGELES,PALOS VERDES EST,-118.40984344482422,33.788631439208984
9362099,2021,2021-12-20,1902,2021-11-11,1017,786,18,4,5,5,1902,0,0,0,NA,0,003,PORTOLA DR,SUNSET BL,12,E,N,A,-,N,NA,NA,NA,NA,NA,NA,NA,NA,NA,N,4,0,1,1,A,-,08,22107,NA,N,E,I,A,A,H,-,A,D,0,NA,NA,NA,NA,Y,NA,A,07,0,0,1,0,0,0,0,0,0,-,-,NA,NA,LOS ANGELES,ARCADIA,-118.0652084350586,34.13200759887695
9362100,2021,2021-12-20,1902,2021-11-11,1745,783,27,4,5,5,1902,0,0,0,NA,0,005,6TH AV,CAMINO REAL,20,S,N,A,-,N,NA,NA,NA,NA,NA,NA,NA,NA,NA,N,4,0,2,2,A,-,03,22350,NA,N,C,C,A,A,H,-,C,A,0,NA,NA,NA,NA,Y,NA,A,07,0,0,2,0,0,0,0,0,0,-,-,NA,NA,LOS ANGELES,ARCADIA,-118.01863861083984,34.121883392333984
9362101,2021,2021-12-23,1902,2021-11-11,2133,813,31,4,5,5,1902,0,0,0,NA,0,005,SOUTH BALDWIN AV,WEST CAMINO REAL AV,144,S,N,A,-,N,NA,NA,NA,NA,NA,NA,NA,NA,NA,Y,3,0,1,1,A,-,08,22107,NA,N,A,I,A,A,H,-,C,A,0,NA,NA,NA,NA,Y,NA,A,01,0,1,0,0,0,0,0,0,0,-,-,NA,NA,LOS ANGELES,ARCADIA,-118.0551528930664,34.12179946899414
9362102,2021,2022-06-01,1902,2021-11-12,1405,783,32,5,5,5,1902,0,0,0,NA,0,005,RODELL AV,RODELL PL 418,0,S,N,A,-,N,NA,NA,NA,NA,NA,NA,NA,NA,NA,Y,3,0,1,2,A,-,03,22350,NA,N,G,B,F,A,H,-,A,D,0,Y,NA,NA,NA,Y,NA,A,01,0,1,0,0,1,0,0,0,0,-,-,NA,NA,LOS ANGELES,ARCADIA,-118.03089141845705,34.110904693603516
9362103,2021,2021-12-23,1902,2021-11-10,1948,815,29,3,5,5,1902,0,0,0,NA,0,005,SOUTH SANTA ANITA AV,WEST CAMINO REAL AV,0,NA,Y,A,-,N,NA,NA,NA,NA,NA,NA,NA,NA,NA,Y,4,0,4,3,A,-,12,21453,A,N,D,C,A,A,H,-,C,A,0,NA,NA,NA,NA,Y,NA,A,01,0,0,4,0,0,0,0,0,0,-,-,NA,NA,LOS ANGELES,ARCADIA,-118.03115844726564,34.12179946899414
9362104,2021,2021-12-23,1902,2021-11-09,1435,631,8,2,5,5,1902,0,0,0,NA,0,001,FOOTHILL BL,1ST AV,150,E,N,B,-,N,NA,NA,NA,NA,NA,NA,NA,NA,NA,Y,4,0,1,3,D,-,00,NA,NA,N,B,C,A,A,H,-,A,D,0,NA,NA,NA,NA,Y,NA,-,-,0,0,1,0,0,0,0,0,0,-,-,NA,NA,LOS ANGELES,ARCADIA,-118.02806854248048,34.15102767944336
9362123,2021,2021-12-21,1900,2021-11-02,1500,623588,0623,2,5,6,1985,0,0,0,NA,0,64T1,TOURNAMENT RD,MCBEAN PKWY,1000,E,N,A,-,N,NA,NA,NA,NA,NA,NA,NA,NA,NA,N,3,0,1,2,A,-,08,22103,NA,N,D,G,A,A,H,-,A,D,0,NA,Y,NA,NA,Y,NA,A,01,0,1,0,0,0,0,1,0,0,-,-,34.39025115966797,-118.55977630615234,LOS ANGELES,SANTA CLARITA,-118.56346893310548,34.3924674987793
9362139,2021,2021-12-21,1975,2021-11-01,0834,353,NA,1,5,6,1975,0,0,0,NA,0,005,AZUSA AV,WING LN,230,N,N,A,-,N,NA,NA,NA,NA,NA,NA,NA,NA,NA,Y,4,0,2,5,A,-,08,22107,NA,N,B,C,A,A,H,-,A,A,0,NA,NA,NA,NA,Y,NA,A,01,0,0,2,0,0,0,0,0,0,-,-,34.02738952636719,-117.9165496826172,LOS ANGELES,WEST COVINA,-117.9163818359375,34.02799987792969
9362140,2021,2021-12-20,1975,2021-11-03,1830,476,WCPD,3,5,6,1975,0,0,0,NA,0,001,W PACIFIC AV,W CAMERON AV,0,NA,Y,A,-,N,NA,NA,NA,NA,NA,NA,NA,NA,NA,Y,3,0,1,2,A,-,01,23152,A,F,A,C,A,A,H,-,C,A,0,NA,NA,NA,NA,Y,Y,A,01,0,1,0,0,0,0,0,0,0,-,-,NA,NA,LOS ANGELES,WEST COVINA,-117.94622802734376,34.074745178222656
9362230,2021,2021-12-09,1956,2021-09-24,1824,1359,55,5,5,5,1956,0,0,0,NA,0,004,INGLEWOOD AV,GRAHAM AV,25,N,N,A,-,N,NA,NA,NA,NA,NA,NA,NA,NA,NA,Y,4,0,1,2,A,-,08,22107,NA,N,B,C,A,A,H,-,A,D,0,NA,NA,NA,NA,Y,NA,A,01,0,0,1,0,0,0,0,0,0,-,-,33.87947082519531,-118.36134338378906,LOS ANGELES,REDONDO BEACH,-118.361328125,33.87948989868164
9362236,2021,2022-02-17,1942,2021-09-29,0400,43203,0979,3,5,7,1942,0,0,0,I,0,9A63W3,COLDWATER CANYON AV,RT 101,0,NA,Y,A,-,Y,LA,7,101,-,-,14.011,R,4,S,Y,3,0,1,1,A,-,12,21453,A,N,A,I,A,A,H,-,C,A,0,NA,NA,NA,NA,Y,NA,A,01,0,1,0,0,0,0,0,0,0,-,EF,NA,NA,LOS ANGELES,LOS ANGELES,-118.41596221923828,34.15665054321289
9362239,2021,2021-11-30,1941,2021-09-20,2258,11667,NA,1,5,7,1941,0,0,0,NA,0,NA,SOUTH ST,LOCUST AV,131,S,N,A,-,N,NA,NA,NA,NA,NA,NA,NA,NA,NA,Y,3,0,2,3,A,-,08,22107,NA,N,D,D,A,A,H,-,C,D,0,NA,NA,NA,NA,Y,Y,A,NA,0,2,0,0,0,0,0,0,0,-,-,NA,NA,LOS ANGELES,LONG BEACH,-118.18988037109376,33.86006164550781
9362240,2021,2021-11-30,1941,2021-09-09,0805,11341,NA,4,5,7,1941,0,0,0,NA,0,NA,16TH ST,LONG BEACH BL,0,NA,Y,A,-,N,NA,NA,NA,NA,NA,NA,NA,NA,NA,N,4,0,1,2,A,-,10,21950,A,F,H,B,B,A,H,-,A,A,0,Y,NA,NA,NA,Y,NA,A,NA,0,0,1,0,1,0,0,0,0,-,-,NA,NA,LOS ANGELES,LONG BEACH,-118.1894989013672,33.78715133666992
9362294,2021,2021-12-16,1900,2021-10-30,1630,630214,2924,6,5,5,1990,0,0,0,NA,0,292K1,FERN HOLLOW DR,LOS CERROS DR,0,NA,Y,A,-,N,NA,NA,NA,NA,NA,NA,NA,NA,NA,Y,3,0,1,2,A,-,12,22450,A,N,D,C,A,A,H,-,A,D,0,NA,NA,NA,NA,Y,NA,-,-,0,1,0,0,0,0,0,0,0,-,-,33.986019134521484,-117.84073638916016,LOS ANGELES,DIAMOND BAR,-117.8407745361328,33.98601531982422
9362313,2021,2021-11-30,1900,2021-10-29,0745,627967,1132,5,5,6,1992,0,0,0,NA,0,111T4,AVENUE I,3RD ST EAST,0,NA,Y,A,-,N,NA,NA,NA,NA,NA,NA,NA,NA,NA,Y,4,0,1,2,D,-,00,NA,NA,M,D,C,A,A,H,-,A,D,0,NA,NA,NA,NA,Y,NA,-,-,0,0,1,0,0,0,0,0,0,-,-,NA,NA,LOS ANGELES,LANCASTER,-118.1259994506836,34.70402526855469
9362323,2021,2021-11-30,1953,2021-10-14,1903,1541,1953,4,5,6,1953,0,0,0,NA,0,002,LAKE AV,BELVIDERE ST,0,NA,Y,A,-,N,NA,NA,NA,NA,NA,NA,NA,NA,NA,Y,4,0,4,2,A,-,08,22107,NA,N,B,C,A,A,H,-,C,A,0,NA,NA,NA,NA,Y,NA,-,-,0,0,4,0,0,0,0,0,0,-,-,NA,NA,LOS ANGELES,PASADENA,-118.13245391845705,34.164188385009766
9362337,2021,2021-12-01,1928,2021-10-30,2357,50421,501,6,5,5,1928,0,0,0,NA,0,502,120TH ST,HAWTHORNE BL,111,E,N,A,-,N,NA,NA,NA,NA,NA,NA,NA,NA,NA,Y,3,0,4,2,A,-,01,23152,A,N,C,C,A,A,H,-,C,A,0,NA,NA,NA,NA,Y,Y,A,01,0,1,3,0,0,0,0,0,0,-,-,33.923648834228516,-118.35267639160156,LOS ANGELES,HAWTHORNE,-118.35230255126952,33.92367172241211
9362338,2021,2021-12-01,1928,2021-10-28,1025,50384,509,4,5,5,1928,0,0,0,NA,0,502,EL SEGUNDO BL,YUKON AV,0,NA,Y,A,-,N,NA,NA,NA,NA,NA,NA,NA,NA,NA,Y,4,0,1,2,A,-,12,21453,A,N,D,C,A,A,H,-,A,A,0,NA,NA,NA,NA,Y,NA,A,07,0,0,1,0,0,0,0,0,0,-,-,NA,NA,LOS ANGELES,HAWTHORNE,-118.33528900146484,33.916419982910156