CASE_ID,ACCIDENT_YEAR,PROC_DATE,JURIS,COLLISION_DATE,COLLISION_TIME,OFFICER_ID,REPORTING_DISTRICT,DAY_OF_WEEK,CHP_SHIFT,POPULATION,CNTY_CITY_LOC,SPECIAL_COND,BEAT_TYPE,CHP_BEAT_TYPE,CITY_DIVISION_LAPD,CHP_BEAT_CLASS,BEAT_NUMBER,PRIMARY_RD,SECONDARY_RD,DISTANCE,DIRECTION,INTERSECTION,WEATHER_1,WEATHER_2,STATE_HWY_IND,CALTRANS_COUNTY,CALTRANS_DISTRICT,STATE_ROUTE,ROUTE_SUFFIX,POSTMILE_PREFIX,POSTMILE,LOCATION_TYPE,RAMP_INTERSECTION,SIDE_OF_HWY,TOW_AWAY,COLLISION_SEVERITY,NUMBER_KILLED,NUMBER_INJURED,PARTY_COUNT,PRIMARY_COLL_FACTOR,PCF_CODE_OF_VIOL,PCF_VIOL_CATEGORY,PCF_VIOLATION,PCF_VIOL_SUBSECTION,HIT_AND_RUN,TYPE_OF_COLLISION,MVIW,PED_ACTION,ROAD_SURFACE,ROAD_COND_1,ROAD_COND_2,LIGHTING,CONTROL_DEVICE,CHP_ROAD_TYPE,PEDESTRIAN_ACCIDENT,BICYCLE_ACCIDENT,MOTORCYCLE_ACCIDENT,TRUCK_ACCIDENT,NOT_PRIVATE_PROPERTY,ALCOHOL_INVOLVED,STWD_VEHTYPE_AT_FAULT,CHP_VEHTYPE_AT_FAULT,COUNT_SEVERE_INJ,COUNT_VISIBLE_INJ,COUNT_COMPLAINT_PAIN,COUNT_PED_KILLED,COUNT_PED_INJURED,COUNT_BICYCLIST_KILLED,COUNT_BICYCLIST_INJURED,COUNT_MC_KILLED,COUNT_MC_INJURED,PRIMARY_RAMP,SECONDARY_RAMP,LATITUDE,LONGITUDE,COUNTY,CITY,POINT_X,POINT_Y
9362562,2021,2021-11-23,1951,2021-11-05,1541,750,1951,5,5,3,1951,0,0,0,NA,0,002,PALOS VERDES DR W,PASEO DEL MAR,1660,N,N,B,-,N,NA,NA,NA,NA,NA,NA,NA,NA,NA,N,4,0,1,2,A,-,03,22350,NA,N,C,C,A,A,H,-,A,D,0,NA,NA,Y,NA,Y,NA,C,02,0,0,1,0,0,0,0,0,1,-,-,NA,NA,LOS ANGELES,PALOS VERDES EST,-118.41169738769533,33.78612518310547
9362563,2021,2021-12-06,1942,2021-11-01,0800,34634,1001,1,5,7,1942,0,0,0,J,0,26M34,SATICOY ST,CORBIN AV,0,NA,Y,B,-,N,NA,NA,NA,NA,NA,NA,NA,NA,NA,N,2,0,3,3,A,-,12,21453,A,N,A,B,F,A,H,-,A,A,0,Y,NA,NA,NA,Y,NA,A,01,1,0,2,0,1,0,0,0,0,-,-,NA,NA,LOS ANGELES,LOS ANGELES,-118.56227111816406,34.208343505859375
9362632,2021,2021-11-30,1922,2021-03-18,0226,686,1,4,5,6,1922,0,0,0,NA,0,NA,ROWLAND AV,ROWLAND AV 3229,0,NA,Y,A,-,N,NA,NA,NA,NA,NA,NA,NA,NA,NA,N,3,0,1,2,D,-,00,NA,NA,F,G,B,A,A,H,-,C,D,0,NA,Y,NA,NA,Y,Y,-,-,0,1,0,0,0,0,1,0,0,-,-,34.080318450927734,-118.05506896972656,LOS ANGELES,EL MONTE,-117.92591094970705,34.07912063598633
9362641,2021,2021-12-21,1900,2021-10-30,1130,480768,0631,6,5,6,1985,0,0,0,NA,0,61T1,SIERRA HWY,RACQUET CT,0,NA,Y,A,-,N,NA,NA,NA,NA,NA,NA,NA,NA,NA,Y,4,0,1,2,A,-,09,21801,A,N,D,C,A,A,H,-,A,D,0,NA,NA,NA,NA,Y,NA,A,07,0,0,1,0,0,0,0,0,0,-,-,34.42034149169922,-118.45377349853516,LOS ANGELES,SANTA CLARITA,-118.45378112792967,34.420284271240234
9362642,2021,2021-12-15,1900,2021-10-26,1345,609942,0613,2,5,6,1985,0,0,0,NA,0,63T1,SOLEDAD CANYON RD,CAMP PLENTY RD,0,NA,Y,A,-,N,NA,NA,NA,NA,NA,NA,NA,NA,NA,N,3,0,1,2,A,-,12,21453,A,N,D,C,A,A,A,-,A,A,0,NA,NA,NA,NA,Y,NA,A,01,0,1,0,0,0,0,0,0,0,-,-,34.41566848754883,-118.47566986083984,LOS ANGELES,SANTA CLARITA,-118.47562408447266,34.41562271118164
9362643,2021,2021-12-15,1900,2021-10-28,1740,623701,0644,4,5,6,1985,0,0,0,NA,0,63T1,VALENCIA BL,BOUQUET CANYON RD,119,W,N,A,-,N,NA,NA,NA,NA,NA,NA,NA,NA,NA,N,4,0,1,2,A,-,08,22100,A,N,D,C,A,A,H,-,A,D,0,NA,NA,NA,NA,Y,NA,A,07,0,0,1,0,0,0,0,0,0,-,-,34.252201080322266,-118.32289886474608,LOS ANGELES,SANTA CLARITA,-118.54153442382813,34.422672271728516
9362644,2021,2021-12-15,1900,2021-10-28,1015,623588,0642,4,5,6,1985,0,0,0,NA,0,62T1,DICKSON DR,SMYTH DR,0,NA,Y,A,-,N,NA,NA,NA,NA,NA,NA,NA,NA,NA,N,4,0,1,2,A,-,12,21453,A,N,D,C,A,A,H,-,A,A,0,NA,NA,NA,NA,Y,NA,A,01,0,0,1,0,0,0,0,0,0,-,-,34.43859100341797,-118.56305694580078,LOS ANGELES,SANTA CLARITA,-118.56312561035156,34.43895721435547
9362645,2021,2021-12-15,1900,2021-10-24,0845,508705,0631,7,5,6,1985,0,0,0,NA,0,61T1,SOLEDAD CANYON RD,SOLAMINT RD,168,E,N,A,-,N,NA,NA,NA,NA,NA,NA,NA,NA,NA,Y,4,0,1,2,A,-,09,21801,A,N,D,C,A,A,H,-,A,D,0,NA,NA,NA,NA,Y,NA,A,07,0,0,1,0,0,0,0,0,0,-,-,34.416500091552734,-118.45200347900392,LOS ANGELES,SANTA CLARITA,-118.4518814086914,34.41654968261719
9362646,2021,2021-12-15,1900,2021-10-15,1929,527057,0641,5,5,6,1985,0,0,0,NA,0,63T1,BOUQUET CANYON RD,CENTRAL PARK,18,N,N,A,-,N,NA,NA,NA,NA,NA,NA,NA,NA,NA,N,4,0,2,2,A,-,04,21703,NA,N,C,C,A,A,H,-,C,A,0,NA,NA,NA,NA,Y,NA,A,07,0,0,2,0,0,0,0,0,0,-,-,34.43587112426758,-118.5314483642578,LOS ANGELES,SANTA CLARITA,-118.52127838134766,34.435611724853516
9362647,2021,2021-12-15,1900,2021-10-17,1050,629500,0625,7,5,6,1985,0,0,0,NA,0,62T1,RAILROAD AV,15TH ST,0,NA,Y,A,-,N,NA,NA,NA,NA,NA,NA,NA,NA,NA,N,4,0,1,2,A,-,12,21453,A,N,D,C,A,A,H,-,A,A,0,NA,NA,NA,NA,Y,NA,A,01,0,0,1,0,0,0,0,0,0,-,-,34.38825988769531,-118.53408050537108,LOS ANGELES,SANTA CLARITA,-118.53404235839844,34.38826370239258
9362648,2021,2021-12-14,1900,2021-10-15,2300,527057,0631,5,5,6,1985,0,0,0,NA,0,62T1,PLUM CANYON RD,HELLER CIR,0,NA,Y,A,-,N,NA,NA,NA,NA,NA,NA,NA,NA,NA,Y,3,0,2,3,A,-,01,23152,A,N,C,C,A,A,D,-,C,A,0,NA,NA,NA,NA,Y,Y,A,08,0,2,0,0,0,0,0,0,0,-,-,34.4444694519043,-118.47313690185548,LOS ANGELES,SANTA CLARITA,-118.47897338867188,34.44695281982422
9362649,2021,2021-12-14,1900,2021-10-17,2117,652853,0628,7,5,6,1985,0,0,0,NA,0,62T1,WILEY CANYON RD,FOURL RD,100,N,N,A,-,N,NA,NA,NA,NA,NA,NA,NA,NA,NA,Y,2,0,1,1,A,-,01,23152,A,N,E,I,A,A,H,-,C,D,0,NA,NA,NA,NA,Y,Y,A,01,1,0,0,0,0,0,0,0,0,-,-,34.36920928955078,-118.55590057373048,LOS ANGELES,SANTA CLARITA,-118.55680084228516,34.372718811035156
9362650,2021,2021-12-14,1900,2021-10-19,1640,625432,0621,2,5,6,1985,0,0,0,NA,0,62T1,VALENCIA BL,GOLDCREST DR,0,NA,Y,A,-,N,NA,NA,NA,NA,NA,NA,NA,NA,NA,Y,3,0,2,2,A,-,12,21453,A,N,D,C,A,A,H,-,A,A,0,NA,NA,NA,NA,Y,NA,A,07,0,2,0,0,0,0,0,0,0,-,-,NA,NA,LOS ANGELES,SANTA CLARITA,-118.56511688232422,34.410682678222656
9362651,2021,2021-12-14,1900,2021-10-20,0815,623701,0641,3,5,6,1985,0,0,0,NA,0,64T1,GROVEPARK DR,HASKELL CANYON RD,0,NA,Y,A,-,N,NA,NA,NA,NA,NA,NA,NA,NA,NA,N,4,0,1,2,A,-,05,21650,1,N,D,G,A,A,H,-,A,A,0,NA,Y,NA,NA,Y,NA,L,04,0,0,1,0,0,0,1,0,0,-,-,34.265098571777344,-118.30470275878906,LOS ANGELES,SANTA CLARITA,-118.51303863525392,34.44770812988281
9362660,2021,2021-12-06,1900,2021-10-23,1223,629461,1126,6,5,6,1992,0,0,0,NA,0,111T1,AVE K,10TH ST WEST,162,E,N,A,-,N,NA,NA,NA,NA,NA,NA,NA,NA,NA,N,4,0,1,2,A,-,07,21658,A,N,B,C,A,A,H,-,A,D,0,NA,NA,NA,NA,Y,NA,A,01,0,0,1,0,0,0,0,0,0,-,-,NA,NA,LOS ANGELES,LANCASTER,-118.14735412597656,34.67487716674805
9362661,2021,2021-12-07,1900,2021-10-23,1715,654611,2116,6,5,5,1943,0,0,0,NA,0,212T4,LONG BEACH BL,CARLIN AV,0,NA,Y,A,-,N,NA,NA,NA,NA,NA,NA,NA,NA,NA,N,4,0,1,2,A,-,09,21804,A,N,B,D,A,A,H,-,A,B,0,NA,NA,NA,NA,Y,Y,D,22,0,0,1,0,0,0,0,0,0,-,-,NA,NA,LOS ANGELES,LYNWOOD,-118.20928192138672,33.914791107177734
9362664,2021,2021-12-03,1900,2021-10-23,0909,629461,1133,6,5,6,1992,0,0,0,NA,0,111T1,AVENUE J,5TH ST EAST,38,W,N,A,-,N,NA,NA,NA,NA,NA,NA,NA,NA,NA,N,4,0,1,2,A,-,03,22350,NA,N,C,C,A,A,H,-,A,A,0,NA,NA,NA,NA,Y,NA,A,01,0,0,1,0,0,0,0,0,0,-,-,NA,NA,LOS ANGELES,LANCASTER,-118.1216278076172,34.68946838378906
9362667,2021,2021-12-23,1953,2021-11-08,1553,2183,1953,1,5,6,1953,0,0,0,NA,0,003,WILSON AV,MAPLE ST,50,N,N,A,-,N,NA,NA,NA,NA,NA,NA,NA,NA,NA,N,4,0,1,2,A,-,03,22350,NA,N,C,C,A,A,H,-,A,D,0,NA,NA,NA,Y,Y,NA,F,26,0,0,1,0,0,0,0,0,0,-,-,NA,NA,LOS ANGELES,PASADENA,-118.12816619873048,34.15252685546875
9362671,2021,2021-12-15,1953,2021-11-08,1447,2900,1953,1,5,6,1953,0,0,0,NA,0,002,HOWARD ST,LINCOLN AV,0,NA,Y,A,-,N,NA,NA,NA,NA,NA,NA,NA,NA,NA,Y,3,0,2,2,A,-,12,21453,A,N,D,C,A,A,H,-,A,A,0,NA,NA,NA,NA,Y,NA,D,22,0,2,0,0,0,0,0,0,0,-,-,NA,NA,LOS ANGELES,PASADENA,-118.1596221923828,34.17357635498047
9362676,2021,2021-12-22,1900,2021-10-20,0839,602401,1137,3,5,6,1992,0,0,0,NA,0,112T2,30TH AV,AVE J-4,60,N,N,A,-,N,NA,NA,NA,NA,NA,NA,NA,NA,NA,Y,4,0,1,2,A,-,04,21703,NA,N,C,C,A,A,H,-,A,D,0,NA,NA,NA,NA,Y,NA,D,22,0,0,1,0,0,0,0,0,0,-,-,NA,NA,LOS ANGELES,LANCASTER,-118.18375396728516,34.684844970703125
9362684,2021,2021-12-23,1900,2021-11-01,1413,627967,1135,1,5,6,1992,0,0,0,NA,0,111T4,AVENUE I,18TH ST EAST,89,E,N,A,-,N,NA,NA,NA,NA,NA,NA,NA,NA,NA,N,4,0,1,3,A,-,03,22350,NA,N,C,C,A,A,H,-,A,D,0,NA,NA,NA,NA,Y,NA,D,22,0,0,1,0,0,0,0,0,0,-,-,NA,NA,LOS ANGELES,LANCASTER,-118.09678649902344,34.70423126220703
9362686,2021,2022-01-10,1941,2021-11-06,0555,6219,NA,6,5,7,1941,0,0,0,NA,0,NA,PIER T AV,MEDITERRANEAN WY,200,N,N,B,-,N,NA,NA,NA,NA,NA,NA,NA,NA,NA,Y,3,0,1,2,A,-,07,21658,A,N,C,C,A,A,H,-,C,D,0,NA,NA,NA,Y,Y,NA,A,NA,0,1,0,0,0,0,0,0,0,-,-,NA,NA,LOS ANGELES,LONG BEACH,-118.22197723388672,33.75905227661133
9362688,2021,2021-12-22,1900,2021-10-04,1644,652882,1123,1,5,6,1992,0,0,0,NA,0,112T1,AVE K,BEECH AV,54,E,N,A,-,N,NA,NA,NA,NA,NA,NA,NA,NA,NA,N,4,0,1,2,A,-,09,21802,A,N,B,C,A,A,H,-,A,A,0,NA,NA,NA,NA,Y,NA,A,01,0,0,1,0,0,0,0,0,0,-,-,NA,NA,LOS ANGELES,LANCASTER,NA,NA
9362700,2021,2021-12-06,1900,2021-10-04,2218,652882,1127,1,5,6,1992,0,0,0,NA,0,112T1,AVE I,23RD ST WEST,0,NA,Y,A,-,N,NA,NA,NA,NA,NA,NA,NA,NA,NA,Y,3,0,1,2,A,-,09,21453,C,N,D,C,A,A,H,-,C,A,0,NA,NA,NA,NA,Y,NA,A,07,0,1,0,0,0,0,0,0,0,-,-,NA,NA,LOS ANGELES,LANCASTER,-118.17152404785156,34.70405578613281
9362710,2021,2021-12-03,1953,2021-10-10,1556,9610,1953,7,5,6,1953,0,0,0,NA,0,003,WASHINGTON BL,CHESTER AV,0,NA,Y,A,-,N,NA,NA,NA,NA,NA,NA,NA,NA,NA,Y,3,0,2,2,A,-,09,21801,NA,N,D,C,A,A,H,-,A,D,0,NA,NA,NA,Y,Y,NA,F,26,0,2,0,0,0,0,0,0,0,-,-,NA,NA,LOS ANGELES,PASADENA,-118.12445831298828,34.16904830932617
9362714,2021,2021-12-03,1953,2021-10-12,1424,2900,PASAD,2,5,6,1953,0,0,0,NA,0,002,WASHINGTON BL,MARENGO AV,0,NA,Y,A,-,N,NA,NA,NA,NA,NA,NA,NA,NA,NA,N,4,0,4,2,A,-,21,22106,NA,N,C,C,A,A,H,-,A,A,0,NA,NA,NA,NA,Y,NA,D,22,0,0,4,0,0,0,0,0,0,-,-,NA,NA,LOS ANGELES,PASADENA,-118.14617919921876,34.16887664794922
9362715,2021,2021-12-15,1900,2021-11-04,1642,647475,1137,4,5,6,1992,0,0,0,NA,0,111T2,20TH ST EAST,AVENUE J-8,310,S,N,A,G,N,NA,NA,NA,NA,NA,NA,NA,NA,NA,Y,4,0,3,3,A,-,01,23152,A,M,C,C,A,A,H,-,A,D,0,NA,NA,NA,NA,Y,Y,D,22,0,0,3,0,0,0,0,0,0,-,-,NA,NA,LOS ANGELES,LANCASTER,-118.0947036743164,34.681480407714844
9362718,2021,2021-12-08,1953,2021-10-10,0737,2900,PASAD,7,5,6,1953,0,0,0,NA,0,002,MOUNTAIN ST,SUNSET AV,100,W,N,A,-,N,NA,NA,NA,NA,NA,NA,NA,NA,NA,N,4,0,3,2,A,-,21,22106,NA,N,D,C,A,A,H,-,A,D,0,NA,NA,NA,NA,Y,NA,D,22,0,0,3,0,0,0,0,0,0,-,-,NA,NA,LOS ANGELES,PASADENA,-118.15430450439452,34.16120147705078
9362741,2021,2021-11-23,1900,2021-06-23,0925,652805,2810,3,5,5,1915,0,0,0,NA,0,282T1,CENTRAL AV,EL SEGUNDO BL,145,N,N,A,-,N,NA,NA,NA,NA,NA,NA,NA,NA,NA,N,4,0,1,2,A,-,08,22107,NA,F,E,I,A,A,A,-,A,A,0,NA,NA,NA,NA,Y,NA,A,01,0,0,1,0,0,0,0,0,0,-,-,33.91688919067383,-118.25430297851564,LOS ANGELES,COMPTON,-118.2543716430664,33.916358947753906
9362750,2021,2021-11-23,1942,2021-08-17,1945,40730,0161,2,5,7,1942,0,0,0,A,0,1A61,FRANCISCO ST,8TH PL,88,S,N,A,-,N,NA,NA,NA,NA,NA,NA,NA,NA,NA,Y,2,0,1,2,A,-,07,21658,A,N,C,C,A,A,H,-,B,D,0,NA,NA,Y,NA,Y,NA,-,-,1,0,0,0,0,0,0,0,1,-,-,NA,NA,LOS ANGELES,LOS ANGELES,-118.26393127441406,34.04743194580078
9362751,2021,2021-11-23,1900,2021-08-09,1350,465644,2913,1,5,4,1974,0,0,0,NA,0,291K3,VALLEY BL,CAMINO DE TEODORO,85,E,N,A,-,N,NA,NA,NA,NA,NA,NA,NA,NA,NA,N,4,0,1,2,A,-,03,22350,NA,N,C,C,A,A,H,-,A,A,0,NA,NA,NA,NA,Y,NA,A,01,0,0,1,0,0,0,0,0,0,-,-,34.00326156616211,-117.87123870849608,LOS ANGELES,WALNUT,-117.87137603759766,34.00321578979492
9362752,2021,2021-12-09,1942,2021-08-16,1210,37611,0497,1,5,7,1942,0,0,0,D,0,24XL24,E OLYMPIC BL,ESPERANZA ST,116,E,N,A,-,N,NA,NA,NA,NA,NA,NA,NA,NA,NA,N,4,0,4,2,A,-,08,22107,NA,N,D,C,A,A,H,-,A,D,0,NA,NA,NA,NA,Y,NA,A,01,0,0,4,0,0,0,0,0,0,-,-,NA,NA,LOS ANGELES,LOS ANGELES,-118.20063018798828,34.018798828125
9362753,2021,2021-11-23,1942,2021-08-22,1400,37143,0412,7,5,7,1942,0,0,0,D,0,24MQ57,AV 26,HUMBOLDT ST,12,S,N,A,-,N,NA,NA,NA,NA,NA,NA,NA,NA,NA,N,3,0,6,3,A,-,04,21703,NA,N,C,C,A,A,H,-,A,A,0,NA,NA,NA,NA,Y,NA,-,NA,0,1,5,0,0,0,0,0,0,-,-,NA,NA,LOS ANGELES,LOS ANGELES,-118.21846771240234,34.07978439331055
9362754,2021,2021-11-23,1942,2021-08-13,0935,42118,0359,5,5,7,1942,0,0,0,C,0,25TL23,FLOWER ST,JEFFERSON BL,100,N,N,A,-,N,NA,NA,NA,NA,NA,NA,NA,NA,NA,Y,4,0,2,2,A,-,07,21658,A,N,B,C,A,A,H,-,A,A,0,NA,NA,NA,NA,Y,NA,A,01,0,0,2,0,0,0,0,0,0,-,-,NA,NA,LOS ANGELES,LOS ANGELES,-118.27857208251952,34.0216178894043
9362763,2021,2021-11-29,1972,2021-09-23,1040,19767,NA,4,5,6,1972,0,0,0,NA,0,NA,PENNSYLVANIA AV,227TH ST,0,NA,Y,A,-,N,NA,NA,NA,NA,NA,NA,NA,NA,NA,Y,4,0,1,2,A,-,09,21802,A,N,D,C,A,A,H,-,A,D,0,NA,NA,NA,NA,Y,NA,A,NA,0,0,1,0,0,0,0,0,0,-,-,NA,NA,LOS ANGELES,TORRANCE,-118.32535552978516,33.820003509521484
9362764,2021,2021-12-03,1972,2021-09-27,1208,18263,NA,1,5,6,1972,0,0,0,NA,0,NA,MADRONA,FASHION WY,0,NA,Y,B,-,N,NA,NA,NA,NA,NA,NA,NA,NA,NA,Y,4,0,1,2,A,-,12,21453,A,N,D,C,A,A,H,-,A,A,0,NA,NA,NA,NA,Y,NA,A,NA,0,0,1,0,0,0,0,0,0,-,-,NA,NA,LOS ANGELES,TORRANCE,-118.34506988525392,33.835166931152344
9362882,2021,2021-12-21,1931,2021-10-30,2325,5326,1931,6,5,5,1931,0,0,0,NA,0,004,FLORENCE AV,MOUNTAIN VIEW AV,0,NA,Y,A,-,N,NA,NA,NA,NA,NA,NA,NA,NA,NA,NA,4,0,1,2,A,-,09,21804,A,F,D,C,A,A,H,-,C,A,0,NA,NA,NA,NA,Y,NA,A,01,0,0,1,0,0,0,0,0,0,-,-,NA,NA,LOS ANGELES,HUNTINGTON PARK,-118.21756744384766,33.97340774536133
9362890,2021,2021-12-21,1925,2021-11-06,0730,28823,267,6,5,6,1925,0,0,0,NA,0,002,COLUMBUS AV,RIVERDALE DR,0,NA,Y,A,-,N,NA,NA,NA,NA,NA,NA,NA,NA,NA,N,4,0,1,2,A,-,10,21950,A,N,G,B,B,A,H,-,A,A,0,Y,NA,NA,NA,Y,NA,D,22,0,0,1,0,1,0,0,0,0,-,-,NA,NA,LOS ANGELES,GLENDALE,-118.26079559326172,34.13869094848633
9362899,2021,2021-12-08,1900,2021-10-07,2018,633749,0560,4,5,3,1968,0,0,0,NA,0,55/PM,ROSEMEAD BL,GARVEY AV,0,NA,Y,A,-,Y,LA,7,164,-,-,4.81,I,5,S,N,3,0,1,2,A,-,08,22107,NA,N,D,C,A,A,H,-,C,A,0,NA,NA,NA,NA,Y,NA,A,08,0,1,0,0,0,0,0,0,0,-,-,34.062801361083984,-118.06559753417967,LOS ANGELES,SOUTH EL MONTE,-118.06552124023438,34.06270217895508
9362904,2021,2021-12-21,1900,2021-10-25,1452,525413,2610,1,5,6,1950,0,0,0,NA,0,264T1,AVENUE R,25TH ST EAST,854,W,N,C,-,N,NA,NA,NA,NA,NA,NA,NA,NA,NA,N,4,0,1,2,A,-,07,21658,A,N,B,C,A,B,H,-,A,D,0,NA,NA,NA,NA,Y,NA,-,-,0,0,1,0,0,0,0,0,0,-,-,34.57276916503906,-118.08792877197266,LOS ANGELES,PALMDALE,-118.08779907226564,34.572731018066406
9362908,2021,2021-11-19,1900,2021-10-23,1100,639633,2603,6,5,6,1950,0,0,0,NA,0,264T1,PEARBLOSSOM HWY,25TH ST EAST,0,NA,Y,A,-,N,NA,NA,NA,NA,NA,NA,NA,NA,NA,N,4,0,2,2,A,-,17,21461,A,N,D,C,A,A,H,-,A,A,0,NA,NA,NA,NA,Y,NA,A,01,0,0,2,0,0,0,0,0,0,-,-,34.53794860839844,-118.0825424194336,LOS ANGELES,PALMDALE,-118.08253479003906,34.53794860839844
9362911,2021,2021-12-08,1900,2021-10-26,0813,519502,0541,2,5,3,1921,0,0,0,NA,0,58T1AM,HIGHLAND AV,CENTRAL AV,0,NA,Y,B,-,N,NA,NA,NA,NA,NA,NA,NA,NA,NA,Y,3,0,1,2,A,-,12,21453,A,N,A,C,A,A,H,-,A,A,0,NA,NA,NA,Y,Y,NA,A,07,0,1,0,0,0,0,0,0,0,-,-,34.13602828979492,-117.9665985107422,LOS ANGELES,DUARTE,-117.96662139892578,34.13604736328125
9362919,2021,2021-11-19,1900,2021-10-25,0828,534558,0532,1,5,5,1959,0,0,0,NA,0,53T1/A,STEVENS AV,HELLMAN AV,665,S,N,B,-,N,NA,NA,NA,NA,NA,NA,NA,NA,NA,Y,3,0,1,2,A,-,09,21804,A,N,D,C,A,A,H,-,A,D,0,NA,NA,NA,NA,Y,NA,A,07,0,1,0,0,0,0,0,0,0,-,-,34.06793975830078,-118.10652923583984,LOS ANGELES,ROSEMEAD,-118.10648345947266,34.06802749633789
9362923,2021,2021-12-03,1900,2021-09-29,1616,551890,0531,3,5,5,1959,0,0,0,NA,0,53T1PM,TEMPLE CITY BL,LORICA ST,61,N,N,A,-,N,NA,NA,NA,NA,NA,NA,NA,NA,NA,N,4,0,1,2,A,-,03,22350,NA,N,C,D,A,A,H,-,A,D,0,NA,NA,NA,NA,Y,NA,A,01,0,0,1,0,0,0,0,0,0,-,-,34.095699310302734,-118.03279876708984,LOS ANGELES,ROSEMEAD,-118.05779266357422,34.08252716064453
9362924,2021,2021-11-24,1900,2021-10-02,1936,637051,2607,6,5,6,1950,0,0,0,NA,0,263A,47TH ST EAST,FORT TEJON RD,40,W,N,A,-,N,NA,NA,138,NA,NA,NA,NA,NA,NA,Y,3,0,4,4,A,-,03,22350,NA,N,C,C,A,A,H,-,B,A,0,NA,NA,NA,NA,Y,NA,A,01,0,2,2,0,0,0,0,0,0,-,-,34.55342102050781,-118.04531860351564,LOS ANGELES,PALMDALE,-118.0448989868164,34.55365753173828
9362943,2021,2021-12-02,1925,2021-10-28,1058,22783,146,4,5,6,1925,0,0,0,NA,0,005,VERDUGO RD,GLORIETTA AV,171,S,N,A,-,N,NA,NA,NA,NA,NA,NA,NA,NA,NA,Y,3,0,1,1,A,-,03,22350,NA,N,E,I,A,A,H,-,A,D,0,NA,NA,NA,Y,Y,NA,F,26,0,1,0,0,0,0,0,0,0,-,-,NA,NA,LOS ANGELES,GLENDALE,-118.22586822509766,34.18696975708008
9362944,2021,2021-12-21,1900,2021-10-29,0745,540241,2619,5,5,6,1950,0,0,0,NA,0,262T1,10TH ST WEST,AVENUE N,377,S,N,A,-,N,NA,NA,NA,NA,NA,NA,NA,NA,NA,Y,3,0,1,2,A,-,08,22102,NA,N,D,C,A,A,H,-,A,D,0,NA,NA,NA,NA,Y,NA,D,22,0,1,0,0,0,0,0,0,0,-,-,34.630001068115234,-118.1477508544922,LOS ANGELES,PALMDALE,-118.14769744873048,34.63017654418945
9362948,2021,2021-11-24,1900,2021-10-26,1910,625597,2607,2,5,6,1950,0,0,0,NA,0,264T1,AVENUE T,FORT TEJON RD,0,NA,Y,A,-,N,NA,NA,NA,NA,NA,NA,NA,NA,NA,Y,4,0,1,2,A,-,05,21460,A,N,A,C,A,A,H,-,C,D,0,NA,NA,NA,NA,Y,NA,A,01,0,0,1,0,0,0,0,0,0,-,-,34.542728424072266,-118.02906799316406,LOS ANGELES,PALMDALE,-118.03037261962892,34.542720794677734
9362952,2021,2021-11-24,1900,2021-10-22,2223,615106,2612,5,5,6,1950,0,0,0,NA,0,262T1,45TH ST WEST,AVENUE N,0,NA,Y,A,-,N,NA,NA,NA,NA,NA,NA,NA,NA,NA,Y,4,0,1,2,A,-,09,21801,A,N,D,C,A,A,H,-,D,A,0,NA,NA,NA,NA,Y,NA,A,01,0,0,1,0,0,0,0,0,0,-,-,34.630889892578125,-118.21009063720705,LOS ANGELES,PALMDALE,-118.20999908447266,34.63093948364258
9362956,2021,2021-12-17,1900,2021-10-20,1545,615106,2619,3,5,6,1950,0,0,0,NA,0,262T1,RANCHO VISTA BL,RT 14,0,NA,Y,A,-,Y,LA,7,14,-,R,61.208,R,4,N,N,4,0,1,3,A,-,08,22107,NA,M,D,C,A,A,H,-,A,A,0,NA,NA,NA,NA,Y,NA,D,22,0,0,1,0,0,0,0,0,0,-,NF,34.60169982910156,-118.14208221435548,LOS ANGELES,PALMDALE,-118.14034271240234,34.60023880004883
9362959,2021,2021-12-20,1925,2021-11-02,0841,21092,NA,2,5,6,1925,0,0,0,NA,0,002,CHEVY CHASE DR,COLUMBUS AV,0,NA,Y,A,-,N,NA,NA,NA,NA,NA,NA,NA,NA,NA,NA,4,0,2,2,A,-,09,21802,A,N,D,C,A,A,H,-,A,A,0,NA,NA,NA,NA,Y,NA,A,07,0,0,2,0,0,0,0,0,0,-,-,NA,NA,LOS ANGELES,GLENDALE,-118.26073455810548,34.13349914550781
9362970,2021,2021-12-06,1900,2021-10-06,1611,641950,0972,3,5,4,1979,0,0,0,NA,0,93T3,MELROSE AV,WESTMOUNT DR,0,NA,Y,A,-,N,NA,NA,NA,NA,NA,NA,NA,NA,NA,Y,3,0,2,3,A,-,03,22350,NA,N,D,C,A,A,H,-,A,D,0,NA,NA,NA,NA,Y,NA,A,07,0,1,1,0,0,0,0,0,0,-,-,NA,NA,LOS ANGELES,WEST HOLLYWOOD,-118.37866973876952,34.081947326660156
9362976,2021,2022-01-14,1973,2021-07-12,0530,654,1973,1,5,1,1973,0,0,0,NA,0,001,LEONIS BL,PACIFIC BL,532,E,N,A,-,N,NA,NA,NA,NA,NA,NA,NA,NA,NA,N,4,0,1,2,A,-,08,22107,NA,N,B,C,A,A,H,-,B,D,0,NA,NA,NA,Y,Y,NA,F,25,0,0,1,0,0,0,0,0,0,-,-,NA,NA,LOS ANGELES,VERNON,-118.22349548339844,34.00001907348633
9362984,2021,2022-01-06,1973,2021-07-14,0652,639,1973,3,5,1,1973,0,0,0,NA,0,001,SANTA FE AV,38TH ST,0,NA,Y,A,-,N,NA,NA,NA,NA,NA,NA,NA,NA,NA,Y,4,0,1,3,A,-,03,22350,NA,N,D,C,A,A,H,-,A,A,0,NA,NA,NA,NA,Y,NA,-,NA,0,0,1,0,0,0,0,0,0,-,-,NA,NA,LOS ANGELES,VERNON,-118.23028564453124,34.00806427001953