CASE_ID,ACCIDENT_YEAR,PROC_DATE,JURIS,COLLISION_DATE,COLLISION_TIME,OFFICER_ID,REPORTING_DISTRICT,DAY_OF_WEEK,CHP_SHIFT,POPULATION,CNTY_CITY_LOC,SPECIAL_COND,BEAT_TYPE,CHP_BEAT_TYPE,CITY_DIVISION_LAPD,CHP_BEAT_CLASS,BEAT_NUMBER,PRIMARY_RD,SECONDARY_RD,DISTANCE,DIRECTION,INTERSECTION,WEATHER_1,WEATHER_2,STATE_HWY_IND,CALTRANS_COUNTY,CALTRANS_DISTRICT,STATE_ROUTE,ROUTE_SUFFIX,POSTMILE_PREFIX,POSTMILE,LOCATION_TYPE,RAMP_INTERSECTION,SIDE_OF_HWY,TOW_AWAY,COLLISION_SEVERITY,NUMBER_KILLED,NUMBER_INJURED,PARTY_COUNT,PRIMARY_COLL_FACTOR,PCF_CODE_OF_VIOL,PCF_VIOL_CATEGORY,PCF_VIOLATION,PCF_VIOL_SUBSECTION,HIT_AND_RUN,TYPE_OF_COLLISION,MVIW,PED_ACTION,ROAD_SURFACE,ROAD_COND_1,ROAD_COND_2,LIGHTING,CONTROL_DEVICE,CHP_ROAD_TYPE,PEDESTRIAN_ACCIDENT,BICYCLE_ACCIDENT,MOTORCYCLE_ACCIDENT,TRUCK_ACCIDENT,NOT_PRIVATE_PROPERTY,ALCOHOL_INVOLVED,STWD_VEHTYPE_AT_FAULT,CHP_VEHTYPE_AT_FAULT,COUNT_SEVERE_INJ,COUNT_VISIBLE_INJ,COUNT_COMPLAINT_PAIN,COUNT_PED_KILLED,COUNT_PED_INJURED,COUNT_BICYCLIST_KILLED,COUNT_BICYCLIST_INJURED,COUNT_MC_KILLED,COUNT_MC_INJURED,PRIMARY_RAMP,SECONDARY_RAMP,LATITUDE,LONGITUDE,COUNTY,CITY,POINT_X,POINT_Y
9363804,2021,2021-12-06,1920,2021-10-27,1149,13022,NA,3,5,6,1920,0,0,0,NA,0,002,PARAMOUNT BL,DE PALMA ST,0,NA,Y,A,-,N,NA,NA,NA,NA,NA,NA,NA,NA,NA,N,4,0,2,2,A,-,12,21453,A,N,D,C,A,A,H,-,A,A,0,NA,NA,NA,NA,Y,NA,D,22,0,0,2,0,0,0,0,0,0,-,-,NA,NA,LOS ANGELES,DOWNEY,-118.14299011230467,33.935848236083984
9363814,2021,2021-12-15,1900,2021-01-24,1640,542413,0561,7,5,3,1968,0,0,0,NA,0,55T1PM,CENTRAL AV,RUSH ST,0,NA,Y,A,-,N,NA,NA,NA,NA,NA,NA,NA,NA,NA,N,3,0,1,2,D,-,00,NA,NA,N,B,C,A,A,H,-,A,A,0,NA,NA,NA,NA,Y,NA,-,-,0,1,0,0,0,0,0,0,0,-,-,34.051841735839844,-118.0469207763672,LOS ANGELES,SOUTH EL MONTE,-118.04692840576172,34.051849365234375
9363822,2021,2021-12-15,1973,2021-07-14,1500,612,1973,3,5,1,1973,0,0,0,NA,0,002,S SOTO ST,FRUITLAND AV,7,S,N,A,-,N,NA,NA,NA,NA,NA,NA,NA,NA,NA,N,4,0,1,2,D,-,00,NA,NA,N,D,C,A,A,H,-,A,A,0,NA,NA,NA,NA,Y,NA,-,-,0,0,1,0,0,0,0,0,0,-,-,NA,NA,LOS ANGELES,VERNON,-118.21949768066406,33.99639129638672
9363823,2021,2021-12-14,1973,2021-07-16,1353,529,1973,5,5,1,1973,0,0,0,NA,0,001,E 52ND ST,S ALAMEDA ST,623,E,N,A,-,N,NA,NA,NA,NA,NA,NA,NA,NA,NA,N,4,0,1,1,A,-,03,22350,NA,N,E,I,A,A,H,-,A,D,0,NA,NA,NA,NA,Y,NA,A,01,0,0,1,0,0,0,0,0,0,-,-,NA,NA,LOS ANGELES,VERNON,-118.23616027832033,33.99517059326172
9363825,2021,2021-12-15,1973,2021-07-16,1744,529,1973,5,5,1,1973,0,0,0,NA,0,002,LEONIS BL,S SOTO ST,107,E,N,A,-,N,NA,NA,NA,NA,NA,NA,NA,NA,NA,N,3,0,3,2,A,-,09,21804,A,N,D,C,A,A,H,-,E,A,0,NA,NA,NA,NA,Y,NA,A,01,0,1,2,0,0,0,0,0,0,-,-,NA,NA,LOS ANGELES,VERNON,-118.21924591064452,34.00004577636719
9363826,2021,2021-12-14,1973,2021-07-19,1440,652,1973,1,5,1,1973,0,0,0,NA,0,002,SOTO ST,FRUITLAND AV,0,NA,Y,A,-,N,NA,NA,NA,NA,NA,NA,NA,NA,NA,N,3,0,1,2,A,-,05,21202,A,N,G,G,A,A,H,-,A,A,0,NA,Y,NA,NA,Y,NA,A,01,0,1,0,0,0,0,0,0,0,-,-,NA,NA,LOS ANGELES,VERNON,-118.21949768066406,33.99641036987305
9363827,2021,2021-12-15,1973,2021-07-29,1758,65,1973,4,5,1,1973,0,0,0,NA,0,001,S ALAMEDA ST,E VERNON AV,19,S,N,A,-,N,NA,NA,NA,NA,NA,NA,NA,NA,NA,N,4,0,2,2,A,-,09,21801,A,N,D,A,A,A,H,-,A,A,0,NA,NA,NA,NA,Y,NA,A,01,0,0,2,0,0,0,0,0,0,-,-,NA,NA,LOS ANGELES,VERNON,-118.23917388916016,34.00387954711914
9363828,2021,2021-12-16,1900,2021-10-29,1305,508441,1610,5,5,5,1977,0,0,0,NA,0,164T,MAIN ST,RT 91,15,N,N,A,-,Y,LA,7,91,-,R,7.06,R,4,W,N,3,0,1,2,D,-,00,NA,NA,N,D,C,A,A,H,-,A,A,0,NA,NA,NA,Y,Y,NA,-,-,0,1,0,0,0,0,0,0,0,-,WF,33.522499084472656,-118.16310119628906,LOS ANGELES,CARSON,-118.27255249023438,33.872737884521484
9363831,2021,2021-12-15,1900,2021-07-27,1230,614031,0562,2,5,3,1968,0,0,0,NA,0,55T1PM,RUSH ST,CENTRAL AV,35,W,N,A,-,N,NA,NA,NA,NA,NA,NA,NA,NA,NA,Y,3,0,2,2,D,-,00,NA,NA,N,C,C,A,A,H,-,A,D,0,NA,NA,NA,NA,Y,NA,-,-,0,2,0,0,0,0,0,0,0,-,-,34.051849365234375,-118.04705810546876,LOS ANGELES,SOUTH EL MONTE,-118.04704284667967,34.051849365234375
9363834,2021,2021-12-14,1900,2021-08-19,1951,620929,0986,4,5,4,1979,0,0,0,NA,0,92T1,SUNSET BL,SUNSET PLAZA DR,196,E,N,A,-,N,NA,NA,NA,NA,NA,NA,NA,NA,NA,N,4,0,1,2,A,-,00,21703,A,M,C,C,A,A,H,-,B,D,0,NA,NA,NA,NA,Y,NA,-,-,0,0,1,0,0,0,0,0,0,-,-,34.092491149902344,-118.37930297851564,LOS ANGELES,WEST HOLLYWOOD,-118.37908172607422,34.09263610839844
9363835,2021,2021-12-16,1900,2021-08-26,2030,531409,0974,4,5,4,1979,0,0,0,NA,0,92T2,GENESEE AV,NORTON AV,144,S,N,A,-,N,NA,NA,NA,NA,NA,NA,NA,NA,NA,N,4,0,1,2,A,-,03,22350,NA,N,G,B,-,A,H,-,C,D,0,Y,NA,NA,NA,Y,NA,-,NA,0,0,1,0,1,0,0,0,0,-,-,NA,NA,LOS ANGELES,WEST HOLLYWOOD,-118.35807037353516,34.09133529663086
9363843,2021,2021-12-16,1926,2021-11-16,1634,0165,NA,2,5,5,1926,0,0,0,NA,0,004,E GLADSTONE ST,N SHELLMAN AV,83,W,N,A,-,N,NA,NA,NA,NA,NA,NA,NA,NA,NA,N,4,0,1,2,A,-,03,22350,NA,N,C,C,A,A,H,-,A,A,0,NA,NA,NA,NA,Y,NA,D,22,0,0,1,0,0,0,0,0,0,-,-,NA,NA,LOS ANGELES,GLENDORA,-117.83574676513672,34.113948822021484
9363851,2021,2021-12-16,1916,2021-11-08,0029,2819,D27F1,1,5,4,1916,0,0,0,NA,0,DOWNTO,HOLLENBACK AV,SAN BERNARDINO RD,0,NA,Y,A,-,N,NA,NA,NA,NA,NA,NA,NA,NA,NA,N,3,0,5,2,A,-,12,21453,A,N,D,C,A,A,H,-,C,A,0,NA,NA,NA,NA,Y,NA,D,22,0,1,4,0,0,0,0,0,0,-,-,34.089630126953125,-117.89897918701172,LOS ANGELES,COVINA,-117.89897918701172,34.08960723876953
9363915,2021,2022-01-10,1955,2021-11-09,0816,41484,70,2,5,6,1955,0,0,0,NA,0,005,VILLAGE LOOP RD,SANTA CLARA DR,0,NA,Y,A,-,N,NA,NA,NA,NA,NA,NA,NA,NA,NA,Y,3,0,2,3,A,-,09,21801,A,N,D,C,A,A,H,-,A,A,0,NA,NA,NA,NA,Y,NA,A,01,0,1,1,0,0,0,0,0,0,-,-,34.036380767822266,-117.7807388305664,LOS ANGELES,POMONA,-117.78070068359376,34.03634262084961
9363919,2021,2021-12-16,1955,2021-11-10,0940,41897,35,3,5,6,1955,0,0,0,NA,0,002,WHITE AV,MCKINLEY AV,18,N,N,A,-,N,NA,NA,NA,NA,NA,NA,NA,NA,NA,N,4,0,1,2,A,-,03,22350,NA,F,C,C,A,A,H,-,A,A,0,NA,NA,NA,NA,Y,NA,D,22,0,0,1,0,0,0,0,0,0,-,-,34.077880859375,-117.7597427368164,LOS ANGELES,POMONA,-117.75984954833984,34.077938079833984
9363927,2021,2021-12-28,1910,2021-11-14,1513,01755,NA,7,5,4,1910,0,0,0,NA,0,006,SUNSET BL,PALM DR,0,NA,Y,A,-,N,NA,NA,NA,NA,NA,NA,NA,NA,NA,Y,2,0,1,2,A,-,08,22107,NA,N,B,C,A,A,H,-,A,D,0,NA,NA,Y,NA,Y,NA,A,01,1,0,0,0,0,0,0,0,1,-,-,NA,NA,LOS ANGELES,BEVERLY HILLS,-118.40029907226564,34.08679962158203
9363928,2021,2021-12-29,1910,2021-11-10,0855,03633,NA,3,5,4,1910,0,0,0,NA,0,007,WILSHIRE BL,ALMONT DR,0,NA,Y,A,-,N,NA,NA,NA,NA,NA,NA,NA,NA,NA,N,4,0,1,3,A,-,09,21801,A,N,D,C,A,A,H,-,A,D,0,NA,NA,NA,NA,Y,NA,A,01,0,0,1,0,0,0,0,0,0,-,-,NA,NA,LOS ANGELES,BEVERLY HILLS,-118.38770294189452,34.06706237792969
9363929,2021,2021-12-29,1910,2021-11-14,1253,04267,NA,7,5,4,1910,0,0,0,NA,0,NA,BEVERLY DR,LEXINGTON,100,N,N,A,-,N,NA,NA,NA,NA,NA,NA,NA,NA,NA,N,4,0,1,4,A,-,03,22350,NA,N,C,C,A,A,H,-,A,A,0,NA,NA,NA,NA,Y,NA,A,01,0,0,1,0,0,0,0,0,0,-,-,NA,NA,LOS ANGELES,BEVERLY HILLS,-118.41284942626952,34.08583068847656
9363930,2021,2021-12-29,1910,2021-11-15,1231,03633,NA,1,5,4,1910,0,0,0,NA,0,005,SOUTH SANTA MONICA BL,BEVERLY DR,0,NA,Y,A,-,N,NA,NA,NA,NA,NA,NA,NA,NA,NA,Y,4,0,1,2,A,-,12,21453,A,N,D,C,A,A,H,-,A,A,0,NA,NA,NA,NA,Y,NA,A,01,0,0,1,0,0,0,0,0,0,-,-,NA,NA,LOS ANGELES,BEVERLY HILLS,-118.40328979492188,34.0713005065918
9363931,2021,2021-12-29,1910,2021-11-05,1453,03438,NA,5,5,4,1910,0,0,0,NA,0,007,N CRESCENT DR,WILSHIRE BL,30,N,N,A,-,N,NA,NA,NA,NA,NA,NA,NA,NA,NA,Y,4,0,1,2,A,-,07,21658,A,N,B,C,A,A,H,-,A,D,0,NA,NA,NA,Y,Y,NA,G,24,0,0,1,0,0,0,0,0,0,-,-,NA,NA,LOS ANGELES,BEVERLY HILLS,-118.39580535888672,34.06712341308594
9363932,2021,2021-12-29,1910,2021-11-09,0729,03209,NA,2,5,4,1910,0,0,0,NA,0,005,SOUTH SANTA MONICA BL,CHARLEVILLE BL,108,E,N,A,-,N,NA,NA,NA,NA,NA,NA,NA,NA,NA,Y,4,0,1,2,A,-,08,22107,NA,N,D,C,A,A,H,-,A,A,0,NA,NA,Y,NA,Y,NA,A,07,0,0,1,0,0,0,0,0,1,-,-,NA,NA,LOS ANGELES,BEVERLY HILLS,-118.4113311767578,34.06578826904297
9363933,2021,2021-12-29,1910,2021-11-10,0801,03438,NA,3,5,4,1910,0,0,0,NA,0,007,SOUTH SANTA MONICA BL,BEDFORD DR,80,E,N,A,-,N,NA,NA,NA,NA,NA,NA,NA,NA,NA,Y,4,0,1,2,A,-,03,22350,NA,N,D,E,A,A,H,-,A,D,0,NA,NA,NA,NA,Y,NA,A,01,0,0,1,0,0,0,0,0,0,-,-,NA,NA,LOS ANGELES,BEVERLY HILLS,-118.40615081787108,34.06937789916992
9363934,2021,2021-12-29,1910,2021-11-12,1723,03633,NA,5,5,4,1910,0,0,0,NA,0,006,CRESCENT DR,CARMELITA AV,0,NA,Y,A,-,N,NA,NA,NA,NA,NA,NA,NA,NA,NA,Y,4,0,2,2,A,-,12,22450,A,N,D,C,A,A,H,-,C,D,0,NA,NA,NA,NA,Y,NA,A,01,0,0,2,0,0,0,0,0,0,-,-,NA,NA,LOS ANGELES,BEVERLY HILLS,-118.40408325195313,34.07600784301758
9363975,2021,2021-12-09,1900,2021-10-15,2357,525335,0562,5,5,3,1968,0,0,0,NA,0,55T/1E,SANTA ANA AV,MERCED AV,151,N,N,A,-,N,NA,NA,NA,NA,NA,NA,NA,NA,NA,Y,3,0,1,2,A,-,03,22350,NA,N,C,C,A,A,H,-,C,D,0,NA,NA,NA,NA,Y,NA,A,01,0,1,0,0,0,0,0,0,0,-,-,34.04130172729492,-118.04965972900392,LOS ANGELES,SOUTH EL MONTE,NA,NA
9363980,2021,2021-12-28,1900,2021-11-05,1210,608904,0467,5,5,4,1936,0,0,0,NA,0,46T1DA,BEACH BL,HILLSBOROUGH DR,89,S,N,A,-,N,NA,NA,NA,NA,NA,NA,NA,NA,NA,N,4,0,1,2,A,-,08,22100,A,N,C,C,A,A,H,-,A,D,0,NA,NA,NA,NA,Y,NA,A,08,0,0,1,0,0,0,0,0,0,-,-,NA,NA,LOS ANGELES,LA MIRADA,-117.97793579101564,33.908294677734375
9363981,2021,2021-12-31,1942,2021-11-01,2340,43754,0375,1,5,7,1942,0,0,0,C,0,3A55,WESTERN AV,BROWNING BL,100,N,N,A,-,N,NA,NA,NA,NA,NA,NA,NA,NA,NA,Y,3,0,1,2,A,-,01,23152,A,N,C,E,A,A,H,-,C,D,0,NA,NA,NA,Y,Y,Y,A,01,0,1,0,0,0,0,0,0,0,-,-,NA,NA,LOS ANGELES,LOS ANGELES,-118.30892181396484,34.01215362548828
9363987,2021,2021-12-21,1900,2021-11-02,1535,614031,0560,2,5,3,1968,0,0,0,NA,0,55T1PM,GARVEY AV,BRUIN AV,85,E,N,A,-,N,NA,NA,NA,NA,NA,NA,NA,NA,NA,Y,3,0,1,2,A,-,08,22107,NA,N,C,C,A,A,H,-,A,D,0,NA,NA,NA,NA,Y,NA,A,07,0,1,0,0,0,0,0,0,0,-,-,34.06278991699219,-118.06405639648438,LOS ANGELES,SOUTH EL MONTE,-118.06417083740234,34.06272888183594
9363989,2021,2021-12-23,1942,2021-11-14,1300,41514,2118,7,5,7,1942,0,0,0,NA,0,26TL26,SATICOY ST,MASON AV,0,NA,Y,A,-,N,NA,NA,NA,NA,NA,NA,NA,NA,NA,Y,2,0,3,2,A,-,09,21801,A,N,D,C,A,A,H,-,A,A,0,NA,NA,NA,NA,Y,NA,A,01,1,1,1,0,0,0,0,0,0,-,-,NA,NA,LOS ANGELES,LOS ANGELES,-118.57971954345705,34.208343505859375
9363993,2021,2021-12-23,1942,2021-11-16,0155,33504,1636,2,5,7,1942,0,0,0,P,0,26TL55,FOOTHILL BL,NEWHOME AV,0,NA,Y,A,-,N,NA,NA,NA,NA,NA,NA,NA,NA,NA,Y,1,1,2,3,A,-,12,21453,A,N,D,C,A,A,H,-,C,A,0,NA,NA,NA,NA,Y,NA,D,22,1,0,1,0,0,0,0,0,0,-,-,NA,NA,LOS ANGELES,LOS ANGELES,-118.32247924804688,34.25975036621094
9363995,2021,2021-12-23,1900,2021-11-11,0740,530855,0524,4,5,4,1971,0,0,0,NA,0,52T1/A,LOWER AZUSA RD,TEMPLE CITY BL,3,W,N,A,-,N,NA,NA,NA,NA,NA,NA,NA,NA,NA,N,2,0,1,2,A,-,10,21950,A,N,G,B,B,A,H,-,A,A,0,Y,NA,NA,NA,Y,NA,D,22,1,0,0,0,1,0,0,0,0,-,-,34.08946990966797,-118.05726623535156,LOS ANGELES,TEMPLE CITY,-118.05734252929688,34.0894889831543
9363997,2021,2021-12-23,1942,2021-11-17,1100,37676,1531,3,5,7,1942,0,0,0,O,0,26M57,WHITSETT AV,ALBERS ST,20,S,N,A,-,N,NA,NA,NA,NA,NA,NA,NA,NA,NA,Y,3,0,2,2,A,-,01,23152,A,F,A,C,A,A,D,-,A,A,0,NA,NA,NA,NA,Y,Y,A,01,0,1,1,0,0,0,0,0,0,-,-,NA,NA,LOS ANGELES,LOS ANGELES,-118.40525817871094,34.1702766418457
9364003,2021,2021-12-16,1942,2021-11-01,1440,42876,0202,1,5,7,1942,0,0,0,B,0,24TL54,VIRGIL AV,NORMAL A,13,S,N,A,-,N,NA,NA,NA,NA,NA,NA,NA,NA,NA,N,2,0,1,2,A,-,10,21950,A,F,G,B,C,A,H,-,A,A,0,Y,NA,NA,NA,Y,NA,-,99,1,0,0,0,1,0,0,0,0,-,-,NA,NA,LOS ANGELES,LOS ANGELES,-118.28688049316406,34.08659362792969
9364004,2021,2021-12-28,1942,2021-11-06,2315,44356,0182,6,5,7,1942,0,0,0,A,0,1A61,W OLYMPIC BL,FLOWER,0,NA,-,B,-,N,NA,NA,NA,NA,NA,NA,NA,NA,NA,Y,3,0,1,3,A,-,00,20001,A,F,C,C,A,A,H,-,C,A,0,NA,NA,NA,NA,Y,NA,-,-,0,1,0,0,0,0,0,0,0,-,-,NA,NA,LOS ANGELES,LOS ANGELES,-118.26278686523438,34.04438018798828
9364019,2021,2021-12-23,1916,2021-11-04,1501,2592,W15M1,4,5,4,1916,0,0,0,NA,0,WEST,W COVINA BL,CONWELL AV,15,E,N,A,-,N,NA,NA,NA,NA,NA,NA,NA,NA,NA,N,4,0,1,2,A,-,03,22350,NA,N,C,C,A,A,H,-,A,D,0,NA,NA,NA,NA,Y,NA,A,01,0,0,1,0,0,0,0,0,0,-,-,34.09939956665039,-117.90561676025392,LOS ANGELES,COVINA,-117.90557098388672,34.09939956665039
9364020,2021,2021-12-16,1916,2021-11-13,2229,2953,D27R1,6,5,4,1916,0,0,0,NA,0,WEST,HOLLENBECK RD,ADAMS PARK AV,70,N,N,A,-,N,NA,NA,NA,NA,NA,NA,NA,NA,NA,Y,3,0,1,3,A,-,03,22350,NA,N,C,E,A,A,H,-,D,D,0,NA,NA,NA,NA,Y,NA,A,01,0,1,0,0,0,0,0,0,0,-,-,NA,NA,LOS ANGELES,COVINA,-117.89895629882813,34.08824157714844
9364021,2021,2021-12-29,1916,2021-11-06,1647,2673,D41R1,6,5,4,1916,0,0,0,NA,0,NA,BADILLO ST,SAN JOSE AV,0,NA,Y,A,-,N,NA,NA,NA,NA,NA,NA,NA,NA,NA,N,3,0,1,2,A,-,11,21954,A,N,G,B,D,A,H,-,A,D,0,Y,NA,NA,NA,Y,NA,N,60,0,1,0,0,1,0,0,0,0,-,-,NA,NA,LOS ANGELES,COVINA,-117.88353729248048,34.086151123046875
9364022,2021,2021-12-29,1916,2021-11-11,0929,2592,D30G1,4,5,4,1916,0,0,0,NA,0,DOWNTO,E SAN BERNARDINO RD,PARK AV,16,W,N,A,-,N,NA,NA,NA,NA,NA,NA,NA,NA,NA,N,4,0,1,2,A,-,09,21801,A,N,D,C,A,A,H,-,A,D,0,NA,NA,NA,NA,Y,NA,A,01,0,0,1,0,0,0,0,0,0,-,-,34.090110778808594,-117.8900909423828,LOS ANGELES,COVINA,-117.88915252685548,34.09024429321289
9364023,2021,2021-12-29,1916,2021-11-03,1243,2592,D27H1,3,5,4,1916,0,0,0,NA,0,WEST,N HOLLENBECK AV,W BADILLO ST,0,NA,Y,A,-,N,NA,NA,NA,NA,NA,NA,NA,NA,NA,Y,4,0,1,2,A,-,09,21801,B,N,D,C,A,A,H,-,A,A,0,NA,NA,NA,NA,Y,NA,A,07,0,0,1,0,0,0,0,0,0,-,-,34.086368560791016,-117.8989715576172,LOS ANGELES,COVINA,-117.8989715576172,34.08633041381836
9364024,2021,2021-12-29,1926,2021-11-10,1810,0097,4,3,5,5,1926,0,0,0,NA,0,004,S AMELIA AV,DUELL ST,0,NA,Y,A,-,N,NA,NA,NA,NA,NA,NA,NA,NA,NA,Y,4,0,1,2,A,-,03,22350,NA,M,C,C,A,A,H,-,C,A,0,NA,NA,NA,NA,Y,NA,-,NA,0,0,1,0,0,0,0,0,0,-,-,34.12546157836914,-117.8203125,LOS ANGELES,GLENDORA,-117.82021331787108,34.12459945678711
9364025,2021,2021-12-29,1926,2021-11-15,1625,0165,NA,1,5,5,1926,0,0,0,NA,0,002,S GRAND AV,W COLORADO AV,293,N,N,A,-,N,NA,NA,NA,NA,NA,NA,NA,NA,NA,N,4,0,1,2,A,-,09,21801,A,N,D,C,A,A,H,-,A,D,0,NA,NA,NA,NA,Y,NA,A,01,0,0,1,0,0,0,0,0,0,-,-,34.12862014770508,-117.8725128173828,LOS ANGELES,GLENDORA,-117.87271881103516,34.12750244140625
9364034,2021,2021-12-29,1900,2021-11-01,1935,529571,1517,1,5,5,1954,0,0,0,NA,0,151T2,SLAUSON AV,PASSONS BL,1160,E,N,A,-,N,NA,NA,NA,NA,NA,NA,NA,NA,NA,Y,2,0,1,2,A,-,09,21801,NA,N,C,C,A,A,H,-,C,D,0,NA,NA,Y,NA,Y,NA,A,01,1,0,0,0,0,0,0,0,1,-,-,33.967529296875,-118.0934600830078,LOS ANGELES,PICO RIVERA,-118.09363555908205,33.96747589111328
9364035,2021,2021-12-29,1955,2021-11-09,1244,41484,14,2,5,6,1955,0,0,0,NA,0,003,INDIANA HILL BL,KINGSLEY AV,101,N,N,A,-,N,NA,NA,NA,NA,NA,NA,NA,NA,NA,Y,4,0,1,2,A,-,03,22350,NA,N,C,C,A,A,H,-,A,A,0,NA,NA,NA,NA,Y,NA,A,01,0,0,1,0,0,0,0,0,0,-,-,34.066978454589844,-117.71925354003906,LOS ANGELES,POMONA,-117.71920776367188,34.06720733642578
9364036,2021,2021-12-30,1955,2021-11-06,1551,41456,6,6,5,6,1955,0,0,0,NA,0,001,PARK AV,HOLT AV,135,N,N,A,-,N,NA,NA,NA,NA,NA,NA,NA,NA,NA,Y,3,0,1,2,A,-,05,21460,A,N,-,C,A,A,H,-,A,A,0,NA,NA,NA,NA,Y,NA,A,01,0,1,0,0,0,0,0,0,0,-,-,34.062259674072266,-117.75469207763672,LOS ANGELES,POMONA,-117.75466918945313,34.06264877319336
9364037,2021,2021-12-30,1955,2021-11-05,0619,41883,0094,5,5,6,1955,0,0,0,NA,0,004,MISSION BL,ELEANOR ST,0,NA,Y,A,-,N,NA,NA,NA,NA,NA,NA,NA,NA,NA,NA,4,0,1,1,A,-,08,22107,NA,N,E,I,A,A,H,-,B,A,0,NA,NA,NA,NA,Y,NA,A,01,0,0,1,0,0,0,0,0,0,-,-,34.05529022216797,-117.74349212646484,LOS ANGELES,POMONA,-117.74349212646484,34.05526351928711
9364074,2021,2021-12-13,1929,2021-10-27,1139,235,SW,3,5,3,1929,0,0,0,NA,0,002,HERMOSA AV,16TH ST,0,NA,Y,A,-,N,NA,NA,NA,NA,NA,NA,NA,NA,NA,Y,2,0,2,3,A,-,05,21651,B,F,A,C,A,A,H,-,A,D,0,NA,NA,NA,NA,Y,NA,A,01,1,1,0,0,0,0,0,0,0,-,-,NA,NA,LOS ANGELES,HERMOSA BEACH,-118.40087127685548,33.86516571044922
9364291,2021,2021-12-03,1976,2021-10-07,0752,538,1976,4,5,5,1976,0,0,0,NA,0,004,WHITTIER BL,LA SERNA DR,18,E,N,B,-,Y,LA,7,72,-,-,1.61,H,-,N,N,4,0,1,2,A,-,07,21658,A,N,B,C,A,A,H,-,A,A,0,NA,NA,NA,NA,Y,NA,D,22,0,0,1,0,0,0,0,0,0,-,-,NA,NA,LOS ANGELES,WHITTIER,-118.00251770019533,33.94762420654297
9364305,2021,2021-12-03,1900,2021-10-27,2023,605526,0469,3,5,4,1936,0,0,0,NA,0,46T1,RATLIFFE ST,WOODRIDGE AV,42,E,N,A,-,N,NA,NA,NA,NA,NA,NA,NA,NA,NA,Y,4,0,1,2,A,-,08,22107,NA,N,A,C,A,A,H,-,C,D,0,NA,NA,NA,NA,Y,NA,A,01,0,0,1,0,0,0,0,0,0,-,-,NA,NA,LOS ANGELES,LA MIRADA,-118.03478240966795,33.91299057006836
9364313,2021,2021-12-23,1900,2021-11-03,2350,642089,0455,3,5,6,1949,0,0,0,NA,0,43T1/E,STUDEBAKER RD,ALONDRA BL,0,NA,Y,A,-,N,NA,NA,NA,NA,NA,NA,NA,NA,NA,Y,3,0,2,3,A,-,01,23152,A,N,D,C,A,A,H,-,C,A,0,NA,NA,NA,NA,Y,Y,A,01,0,2,0,0,0,0,0,0,0,-,-,NA,NA,LOS ANGELES,NORWALK,-118.09998321533205,33.88759994506836
9364352,2021,2021-12-24,1976,2021-11-15,1607,424,1976,1,5,5,1976,0,0,0,NA,0,004,STARBUCK ST,SCOTT AV,3,E,N,A,-,N,NA,NA,NA,NA,NA,NA,NA,NA,NA,Y,4,0,2,2,A,-,05,21651,B,N,A,C,A,A,H,-,A,A,0,NA,NA,NA,NA,Y,NA,A,07,0,0,2,0,0,0,0,0,0,-,-,NA,NA,LOS ANGELES,WHITTIER,-118.00083160400392,33.94261932373047
9364353,2021,2021-12-24,1976,2021-11-11,1640,532,NA,4,5,5,1976,0,0,0,NA,0,001,NORWALK BL,DORLAND ST,0,NA,Y,A,-,N,NA,NA,NA,NA,NA,NA,NA,NA,NA,Y,3,0,1,3,A,-,09,21802,A,F,C,C,A,A,H,-,A,A,0,NA,NA,NA,NA,Y,Y,A,01,0,1,0,0,0,0,0,0,0,-,-,NA,NA,LOS ANGELES,WHITTIER,-118.06366729736328,33.990318298339844
9364354,2021,2021-12-24,1976,2021-11-10,1655,424,NA,3,5,5,1976,0,0,0,NA,0,002,MAR VISTA ST,COMSTOCK AV,0,NA,Y,A,-,N,NA,NA,NA,NA,NA,NA,NA,NA,NA,Y,4,0,2,2,A,-,09,21801,A,N,D,C,A,A,H,-,B,D,0,NA,NA,NA,NA,Y,NA,A,01,0,0,2,0,0,0,0,0,0,-,-,NA,NA,LOS ANGELES,WHITTIER,-118.03856658935548,33.97366714477539
9364355,2021,2021-12-24,1976,2021-11-04,1511,540,CA019,4,5,5,1976,0,0,0,NA,0,003,S COLIMA RD,E EL SONETO DR,0,NA,Y,A,-,N,NA,NA,NA,NA,NA,NA,NA,NA,NA,N,3,0,1,2,A,-,09,21801,A,N,D,C,A,A,H,-,A,D,0,NA,NA,Y,NA,Y,NA,A,01,0,1,0,0,0,0,0,0,0,-,-,NA,NA,LOS ANGELES,WHITTIER,-118.0048599243164,33.95140075683594
9364356,2021,2021-12-24,1900,2021-11-05,1730,548515,2116,5,5,5,1943,0,0,0,NA,0,212T3,SANTA FE AV,WEBBER ST,0,NA,Y,A,-,N,NA,NA,NA,NA,NA,NA,NA,NA,NA,Y,4,0,1,3,A,-,09,21802,A,N,D,D,A,A,H,-,C,A,0,NA,NA,NA,NA,Y,NA,A,01,0,0,1,0,0,0,0,0,0,-,-,NA,NA,LOS ANGELES,LYNWOOD,-118.21810150146484,33.9203987121582
9364357,2021,2021-12-24,1900,2021-11-09,1520,618405,2112,2,5,5,1943,0,0,0,NA,0,212T3,STATE ST,TWEEDY BL,4,S,N,A,-,N,NA,NA,NA,NA,NA,NA,NA,NA,NA,N,3,0,1,2,A,-,10,21950,A,N,G,B,B,A,H,-,A,A,0,Y,NA,NA,NA,Y,NA,A,01,0,1,0,0,1,0,0,0,0,-,-,NA,NA,LOS ANGELES,LYNWOOD,-118.213623046875,33.94506072998047
9364360,2021,2021-12-24,1976,2021-11-10,0738,376,NA,3,5,3,1964,0,0,0,NA,0,001,SANTA FE SPRINGS RD,LOS NIETOS RD,0,NA,Y,A,-,N,NA,NA,NA,NA,NA,NA,NA,NA,NA,Y,3,0,3,3,A,-,12,21453,A,N,D,C,A,A,H,-,A,A,0,NA,NA,NA,NA,Y,NA,A,07,0,3,0,0,0,0,0,0,0,-,-,NA,NA,LOS ANGELES,SANTA FE SPRINGS,-118.06005859375,33.94965744018555