CASE_ID,ACCIDENT_YEAR,PROC_DATE,JURIS,COLLISION_DATE,COLLISION_TIME,OFFICER_ID,REPORTING_DISTRICT,DAY_OF_WEEK,CHP_SHIFT,POPULATION,CNTY_CITY_LOC,SPECIAL_COND,BEAT_TYPE,CHP_BEAT_TYPE,CITY_DIVISION_LAPD,CHP_BEAT_CLASS,BEAT_NUMBER,PRIMARY_RD,SECONDARY_RD,DISTANCE,DIRECTION,INTERSECTION,WEATHER_1,WEATHER_2,STATE_HWY_IND,CALTRANS_COUNTY,CALTRANS_DISTRICT,STATE_ROUTE,ROUTE_SUFFIX,POSTMILE_PREFIX,POSTMILE,LOCATION_TYPE,RAMP_INTERSECTION,SIDE_OF_HWY,TOW_AWAY,COLLISION_SEVERITY,NUMBER_KILLED,NUMBER_INJURED,PARTY_COUNT,PRIMARY_COLL_FACTOR,PCF_CODE_OF_VIOL,PCF_VIOL_CATEGORY,PCF_VIOLATION,PCF_VIOL_SUBSECTION,HIT_AND_RUN,TYPE_OF_COLLISION,MVIW,PED_ACTION,ROAD_SURFACE,ROAD_COND_1,ROAD_COND_2,LIGHTING,CONTROL_DEVICE,CHP_ROAD_TYPE,PEDESTRIAN_ACCIDENT,BICYCLE_ACCIDENT,MOTORCYCLE_ACCIDENT,TRUCK_ACCIDENT,NOT_PRIVATE_PROPERTY,ALCOHOL_INVOLVED,STWD_VEHTYPE_AT_FAULT,CHP_VEHTYPE_AT_FAULT,COUNT_SEVERE_INJ,COUNT_VISIBLE_INJ,COUNT_COMPLAINT_PAIN,COUNT_PED_KILLED,COUNT_PED_INJURED,COUNT_BICYCLIST_KILLED,COUNT_BICYCLIST_INJURED,COUNT_MC_KILLED,COUNT_MC_INJURED,PRIMARY_RAMP,SECONDARY_RAMP,LATITUDE,LONGITUDE,COUNTY,CITY,POINT_X,POINT_Y
9374531,2021,2021-12-29,1942,2021-11-28,1310,39395,1363,7,5,7,1942,0,0,0,M,0,24TL28,49TH PL,MCKINLEY AV,200,E,N,A,-,N,NA,NA,NA,NA,NA,NA,NA,NA,NA,N,3,0,2,2,A,-,21,22106,NA,F,B,C,A,A,H,-,A,D,0,NA,NA,NA,NA,Y,NA,A,01,0,2,0,0,0,0,0,0,0,-,-,NA,NA,LOS ANGELES,LOS ANGELES,-118.26022338867188,33.99842834472656
9374532,2021,2021-12-29,1942,2021-11-26,2006,40730,1385,5,5,7,1942,0,0,0,M,0,24T31,62ND ST,SAN PEDRO ST,28,W,N,A,-,N,NA,NA,NA,NA,NA,NA,NA,NA,NA,Y,4,0,1,2,A,-,01,23152,A,F,B,C,A,A,H,-,C,D,0,NA,NA,NA,NA,Y,Y,A,08,0,0,1,0,0,0,0,0,0,-,-,NA,NA,LOS ANGELES,LOS ANGELES,-118.26966857910156,33.983341217041016
9374533,2021,2021-12-29,1942,2021-11-26,0735,34269,1364,5,5,7,1942,0,0,0,M,0,24MQ75,HOOPER AV,48TH PL,2,S,N,A,-,N,NA,NA,NA,NA,NA,NA,NA,NA,NA,N,4,0,1,2,A,-,08,22107,NA,F,E,C,A,A,H,-,A,D,0,NA,NA,NA,NA,Y,NA,-,99,0,0,1,0,0,0,0,0,0,-,-,NA,NA,LOS ANGELES,LOS ANGELES,-118.2521514892578,33.999305725097656
9374534,2021,2021-12-29,1942,2021-11-22,1945,40985,1367,1,5,7,1942,0,0,0,M,0,13X76,LONG BEACH BL,48TH ST,0,NA,Y,A,-,N,NA,NA,NA,NA,NA,NA,NA,NA,NA,N,3,0,1,2,D,-,00,NA,NA,N,A,B,D,A,H,-,C,A,0,Y,NA,NA,NA,Y,NA,-,-,0,1,0,0,1,0,0,0,0,-,-,NA,NA,LOS ANGELES,LOS ANGELES,-118.2431640625,33.99938201904297
9374535,2021,2021-12-29,1942,2021-11-23,0915,32973,1303,2,5,7,1942,0,0,0,M,0,24TL21,9TH ST,MAPLE ST,50,E,N,A,-,N,NA,NA,NA,NA,NA,NA,NA,NA,NA,N,3,0,1,3,A,-,17,22517,NA,F,B,E,E,A,H,-,A,D,0,Y,NA,NA,NA,Y,NA,N,60,0,1,0,0,1,0,0,0,0,-,-,NA,NA,LOS ANGELES,LOS ANGELES,-118.25260925292967,34.039398193359375
9374536,2021,2022-01-13,1942,2021-11-06,0040,42963,1383,6,5,7,1942,0,0,0,M,0,13A,BROADWAY,GAGE AV,0,NA,Y,A,-,N,NA,NA,NA,NA,NA,NA,NA,NA,NA,Y,2,0,3,2,A,-,03,22350,NA,N,A,C,A,A,H,-,C,A,0,NA,NA,NA,NA,Y,NA,-,-,2,0,1,0,0,0,0,0,0,-,-,NA,NA,LOS ANGELES,LOS ANGELES,-118.27830505371094,33.98237228393555
9374537,2021,2022-02-11,1942,2021-11-16,1410,37143,1331,2,5,7,1942,0,0,0,M,0,24MQ57,GRAND AV,ADAMS BL,340,S,N,A,D,N,NA,NA,NA,NA,NA,NA,NA,NA,NA,N,2,0,1,2,A,-,11,21954,A,F,G,B,E,A,H,-,A,D,0,Y,NA,NA,NA,Y,NA,N,60,1,0,0,0,1,0,0,0,0,-,-,NA,NA,LOS ANGELES,LOS ANGELES,-118.27278900146484,34.0256462097168
9374538,2021,2021-12-29,1942,2021-11-05,1040,40800,1942,5,5,7,1942,0,0,0,NA,0,1309,WASHINGTON BL,ALAMEDA,30,E,N,A,-,N,NA,NA,NA,NA,NA,NA,NA,NA,NA,Y,4,0,1,2,A,-,03,22350,NA,N,C,D,A,A,-,-,A,D,0,NA,NA,NA,NA,Y,NA,A,01,0,0,1,0,0,0,0,0,0,-,-,NA,NA,LOS ANGELES,LOS ANGELES,-118.23944091796876,34.01994705200195
9374539,2021,2021-12-29,1942,2021-11-20,0255,41677,1372,6,5,7,1942,0,0,0,M,0,13A13,54TH ST,MAIN ST,340,E,N,A,-,N,NA,NA,NA,NA,NA,NA,NA,NA,NA,Y,2,0,2,4,A,-,03,22350,NA,N,B,E,A,A,H,-,C,A,0,NA,NA,NA,NA,Y,NA,A,07,1,1,0,0,0,0,0,0,0,-,-,NA,NA,LOS ANGELES,LOS ANGELES,-118.2739715576172,33.99332809448242
9374561,2021,2022-04-22,1900,2021-10-26,1928,605526,0460,2,5,4,1936,0,0,0,NA,0,46T1,IMPERIAL HWY,LA MIRADA BL,422,E,N,A,-,N,NA,NA,NA,NA,NA,NA,NA,NA,NA,Y,4,0,3,2,A,-,03,22350,NA,F,A,C,A,A,H,-,B,D,0,NA,NA,NA,NA,Y,NA,A,01,0,0,3,0,0,0,0,0,0,-,-,NA,NA,LOS ANGELES,LA MIRADA,-118.01060485839844,33.91712951660156
9374562,2021,2021-12-02,1900,2021-10-26,1825,534587,0455,2,5,6,1949,0,0,0,NA,0,45T1,PIONEER BL,EXCELSIOR AV,320,N,N,A,-,N,NA,NA,NA,NA,NA,NA,NA,NA,NA,Y,4,0,2,3,A,-,03,22350,NA,N,C,C,A,A,H,-,C,A,0,NA,NA,NA,NA,Y,NA,A,01,0,0,2,0,0,0,0,0,0,-,-,NA,NA,LOS ANGELES,NORWALK,-118.08264923095705,33.89578628540039
9374564,2021,2021-12-21,1942,2021-11-15,1055,43270,0503,1,5,7,1942,0,0,0,E,0,25TL23,NORMANDIE AV,LOMITA BL,60,N,N,A,-,N,NA,NA,NA,NA,NA,NA,NA,NA,NA,Y,4,0,1,3,A,-,07,21658,A,N,B,C,A,A,H,-,A,A,0,NA,NA,NA,NA,Y,NA,A,01,0,0,1,0,0,0,0,0,0,-,-,NA,NA,LOS ANGELES,LOS ANGELES,-118.29747009277344,33.79790496826172
9374565,2021,2021-12-02,1900,2021-10-27,1500,622995,0541,3,5,3,1921,0,0,0,NA,0,58T1P,HUNTINGTON DR,COTTER AV,0,NA,Y,A,-,N,NA,NA,NA,NA,NA,NA,NA,NA,NA,N,3,0,1,2,A,-,09,21801,A,N,C,C,A,A,D,-,A,D,0,NA,NA,Y,NA,Y,NA,A,01,0,1,0,0,0,0,0,0,1,-,-,34.13969039916992,-117.87328338623048,LOS ANGELES,DUARTE,-117.97328948974608,34.13970947265625
9374566,2021,2021-12-02,1900,2021-10-27,1649,527978,0561,3,5,3,1968,0,0,0,NA,0,5551AM,SANTA ANITA AV,RUSH ST,0,NA,Y,A,-,N,NA,NA,NA,NA,NA,NA,NA,NA,NA,Y,2,0,2,2,A,-,09,21801,A,N,A,C,A,A,H,-,A,A,0,NA,NA,NA,NA,Y,NA,A,01,2,0,0,0,0,0,0,0,0,-,-,34.030601501464844,-118.02320098876952,LOS ANGELES,SOUTH EL MONTE,-118.0424346923828,34.051849365234375
9374567,2021,2021-12-02,1900,2021-10-28,1638,530855,0560,4,5,3,1968,0,0,0,NA,0,55T1PM,SANTA ANITA AV,RUSH ST,0,NA,Y,A,-,N,NA,NA,NA,NA,NA,NA,NA,NA,NA,Y,3,0,1,2,A,-,09,21801,A,M,D,C,A,A,H,-,A,A,0,NA,NA,NA,NA,Y,NA,A,01,0,1,0,0,0,0,0,0,0,-,-,34.051849365234375,-118.04235076904295,LOS ANGELES,SOUTH EL MONTE,-118.0424346923828,34.051849365234375
9374569,2021,2021-12-02,1900,2021-10-05,0756,504708,0542,2,5,3,1921,0,0,0,NA,0,58T1AM,HUNTINGTON DR,ELMHURST AV,10,E,N,A,-,N,NA,NA,NA,NA,NA,NA,NA,NA,NA,N,4,0,1,2,A,-,08,22107,NA,N,B,C,A,A,H,-,A,A,0,NA,NA,NA,NA,Y,NA,A,01,0,0,1,0,0,0,0,0,0,-,-,34.13977813720703,-117.95945739746094,LOS ANGELES,DUARTE,-117.95915985107422,34.13969039916992
9374570,2021,2021-12-02,1900,2021-10-29,0734,530855,0521,5,5,4,1971,0,0,0,NA,0,52T1AM,OAK AV,CAMINO REAL AV,13,S,N,A,-,N,NA,NA,NA,NA,NA,NA,NA,NA,NA,N,3,0,1,2,D,-,00,NA,NA,N,B,G,A,A,H,-,A,D,0,NA,Y,NA,NA,Y,NA,-,-,0,1,0,0,0,0,1,0,0,-,-,34.120399475097656,-118.06806182861328,LOS ANGELES,TEMPLE CITY,-118.06803131103516,34.12034606933594
9374571,2021,2021-12-02,1900,2021-10-08,1030,529395,0533,5,5,5,1959,0,0,0,NA,0,53T1AM,SAN GABRIEL BL,GARVEY AV,134,S,N,A,-,N,NA,NA,NA,NA,NA,NA,NA,NA,NA,Y,2,0,1,2,A,-,21,22106,NA,N,G,B,E,A,H,-,A,D,0,Y,NA,NA,NA,Y,NA,A,01,1,0,0,0,1,0,0,0,0,-,-,34.062110900878906,-118.0906219482422,LOS ANGELES,ROSEMEAD,-118.09052276611328,34.06227111816406
9374573,2021,2021-12-27,1900,2021-10-31,1200,527455,0541,7,5,3,1921,0,0,0,NA,0,58T1DA,DUARTE RD,BUENA VISTA ST,23,W,N,B,-,N,NA,NA,NA,NA,NA,NA,NA,NA,NA,N,3,0,1,2,A,-,12,21453,A,N,D,G,A,A,H,-,A,A,0,NA,Y,NA,NA,Y,NA,L,04,0,1,0,0,0,0,1,0,0,-,-,34.13254165649414,-117.9777603149414,LOS ANGELES,DUARTE,-117.97762298583984,34.13220977783203
9374580,2021,2021-12-16,1900,2021-11-02,1255,522016,0523,2,5,4,1971,0,0,0,NA,0,52T1AM,LAS TUNAS DR,PRIMROSE AV,0,NA,Y,A,-,N,NA,NA,NA,NA,NA,NA,NA,NA,NA,N,3,0,1,2,A,-,10,21950,A,N,G,B,B,A,H,-,A,A,0,Y,NA,NA,NA,Y,NA,A,07,0,1,0,0,1,0,0,0,0,-,-,34.106468200683594,-118.06227111816406,LOS ANGELES,TEMPLE CITY,-118.06233215332033,34.10649871826172
9374581,2021,2021-12-16,1900,2021-11-01,0054,615109,0562,1,5,3,1968,0,0,0,NA,0,55T1EM,SANTA ANITA AV,KLINGERMAN AV,0,NA,Y,A,-,N,NA,NA,NA,NA,NA,NA,NA,NA,NA,N,4,0,2,2,A,-,12,21453,A,M,D,C,A,A,H,-,C,A,0,NA,NA,NA,NA,Y,Y,-,NA,0,0,2,0,0,0,0,0,0,-,-,34.05598068237305,-118.04238891601564,LOS ANGELES,SOUTH EL MONTE,-118.04238891601564,34.056053161621094
9374582,2021,2021-12-27,1900,2021-11-06,2113,617953,0540,6,5,3,1921,0,0,0,NA,0,58T1PM,BUENA VISTA ST,DUARTE RD,344,S,N,A,-,N,NA,NA,NA,NA,NA,NA,NA,NA,NA,Y,4,0,1,2,A,-,08,22107,NA,M,C,E,A,A,H,-,C,D,0,NA,NA,NA,NA,Y,NA,A,01,0,0,1,0,0,0,0,0,0,-,-,NA,NA,LOS ANGELES,DUARTE,-117.97754669189452,34.13126754760742
9374638,2021,2021-12-31,1900,2021-11-23,1750,524692,2913,2,5,4,1974,0,0,0,NA,0,291K2,PASEO DEL PRADO,LEMON CREEK DR,293,E,N,A,-,N,NA,NA,NA,NA,NA,NA,NA,NA,NA,Y,3,0,1,2,A,-,08,22107,NA,N,A,E,A,A,H,-,C,D,0,NA,NA,NA,NA,Y,NA,A,07,0,1,0,0,0,0,0,0,0,-,-,34.01089096069336,-117.86192321777344,LOS ANGELES,WALNUT,-117.86203002929688,34.0108757019043
9374640,2021,2022-01-12,1900,2021-11-15,0950,524146,2924,1,5,5,1990,0,0,0,NA,0,292K1,GRAND AV,LAVRENDER DR,19,S,N,A,-,N,NA,NA,NA,NA,NA,NA,NA,NA,NA,Y,3,0,1,2,A,-,12,21453,A,N,B,C,A,A,H,-,A,A,0,NA,NA,NA,NA,Y,NA,D,22,0,1,0,0,0,0,0,0,0,-,-,34.004520416259766,-117.81965637207033,LOS ANGELES,DIAMOND BAR,-117.81958770751952,34.00448989868164
9374651,2021,2021-12-20,1900,2021-11-06,1218,487556,1810,6,5,2,1904,0,0,0,NA,0,184,BEACON ST,SUMNER AV,0,NA,-,A,-,N,NA,NA,NA,NA,NA,NA,NA,NA,NA,N,3,0,1,2,A,-,-,NA,NA,N,D,G,A,A,H,-,A,D,0,NA,Y,NA,NA,Y,Y,L,04,0,1,0,0,0,0,1,0,0,-,-,NA,NA,LOS ANGELES,AVALON,-118.32760620117188,33.34210968017578
9374722,2021,2021-12-20,1900,2021-11-21,1536,636459,1618,7,5,5,1977,0,0,0,NA,0,168T,213TH ST,ORRICK AV,12,E,N,A,-,N,NA,NA,NA,NA,NA,NA,NA,NA,NA,N,3,0,1,2,A,-,04,21703,NA,N,C,C,A,A,H,-,A,D,0,NA,NA,Y,NA,Y,NA,A,07,0,1,0,0,0,0,0,0,1,-,-,33.50699996948242,-118.16280364990234,LOS ANGELES,CARSON,-118.27449798583984,33.8353385925293
9374724,2021,2021-12-20,1900,2021-11-04,0859,621411,1610,4,5,5,1977,0,0,0,NA,0,164T,ALONDRA BL,MAIN ST,221,E,N,A,-,N,NA,NA,NA,NA,NA,NA,NA,NA,NA,N,4,0,1,2,A,-,03,22350,NA,N,C,E,A,A,H,-,A,D,0,NA,NA,NA,NA,Y,NA,A,01,0,0,1,0,0,0,0,0,0,-,-,33.88560104370117,-118.27500152587892,LOS ANGELES,CARSON,-118.27590942382813,33.88560104370117
9374725,2021,2021-12-20,1900,2021-11-23,0616,508441,1613,2,5,5,1977,0,0,0,NA,0,164T,AVALON BL,LOYOLA AV,50,S,N,A,-,N,NA,NA,NA,NA,NA,NA,NA,NA,NA,Y,3,0,1,1,A,-,00,22350,C,N,E,I,A,A,H,-,A,D,0,NA,NA,NA,NA,Y,NA,A,01,0,1,0,0,0,0,0,0,0,-,-,33.859310150146484,-118.26600646972656,LOS ANGELES,CARSON,-118.26600646972656,33.859703063964844
9374726,2021,2021-12-20,1900,2021-11-22,0926,508441,1617,1,5,5,1977,0,0,0,NA,0,164T,MAIN ST,DOMINGUEZ AV,300,S,N,A,-,N,NA,NA,NA,NA,NA,NA,NA,NA,NA,Y,3,0,2,2,A,-,09,21804,A,N,C,A,A,A,H,-,A,D,0,NA,NA,NA,NA,Y,NA,A,01,0,1,1,0,0,0,0,0,0,-,-,33.838199615478516,-118.27955627441406,LOS ANGELES,CARSON,-118.27971649169922,33.83831787109375
9374727,2021,2021-12-20,1900,2021-11-18,0717,508441,1625,4,5,5,1977,0,0,0,NA,0,164T,223RD ST,LUCERNE ST,0,NA,Y,A,-,N,NA,NA,NA,NA,NA,NA,NA,NA,NA,Y,4,0,1,2,A,-,09,21801,A,N,D,C,A,A,H,-,A,A,0,NA,NA,NA,NA,Y,NA,A,01,0,0,1,0,0,0,0,0,0,-,-,33.824188232421875,-118.25055694580078,LOS ANGELES,CARSON,-118.25063323974608,33.8242301940918
9374728,2021,2021-12-20,1900,2021-11-20,1204,621411,1624,6,5,5,1977,0,0,0,NA,0,164T,MAIN ST,228TH ST,0,NA,Y,A,-,N,NA,NA,NA,NA,NA,NA,NA,NA,NA,Y,4,0,1,2,A,-,12,21453,A,N,D,C,A,A,H,-,A,A,0,NA,NA,NA,NA,Y,NA,A,01,0,0,1,0,0,0,0,0,0,-,-,33.81892013549805,-118.27545928955078,LOS ANGELES,CARSON,-118.27560424804688,33.818885803222656
9374740,2021,2022-03-24,1931,2021-11-17,1409,5321,1931,3,5,5,1931,0,0,0,NA,0,001,SANTA FE AV,RANDOLPH ST,0,NA,Y,A,-,N,NA,NA,NA,NA,NA,NA,NA,NA,NA,Y,4,0,1,2,D,-,00,NA,NA,N,D,C,A,A,H,-,A,A,0,NA,NA,NA,NA,Y,NA,-,-,0,0,1,0,0,0,0,0,0,-,-,NA,NA,LOS ANGELES,HUNTINGTON PARK,-118.23031616210938,33.98585510253906
9374748,2021,2021-12-08,1910,2021-10-29,1505,05076,NA,5,5,4,1910,0,0,0,NA,0,004,N BEVERLY DR,COLDWATER CANYON DR,0,NA,Y,A,-,N,NA,NA,NA,NA,NA,NA,NA,NA,NA,NA,3,0,2,1,A,-,08,22107,NA,N,A,I,A,A,H,-,A,A,0,NA,NA,NA,NA,Y,NA,D,22,0,2,0,0,0,0,0,0,0,-,-,NA,NA,LOS ANGELES,BEVERLY HILLS,-118.41207122802734,34.09052276611328
9374749,2021,2021-12-08,1910,2021-10-21,0452,05230,NA,4,5,4,1910,0,0,0,NA,0,006,LOMA VISTA DR,CARLA RIDGE,0,NA,Y,A,-,N,NA,NA,NA,NA,NA,NA,NA,NA,NA,Y,3,0,1,1,A,-,08,22107,NA,N,E,I,A,A,H,-,C,D,0,NA,NA,NA,NA,Y,NA,A,01,0,1,0,0,0,0,0,0,0,-,-,NA,NA,LOS ANGELES,BEVERLY HILLS,-118.3927001953125,34.10953140258789
9374757,2021,2021-12-08,1900,2021-10-27,1405,487556,1811,3,5,2,1904,0,0,0,NA,0,184A,CABRILLO DR,COUNTRY CLUB DR,0,NA,Y,A,-,N,NA,NA,NA,NA,NA,NA,NA,NA,NA,N,2,0,1,1,A,-,08,22107,NA,F,H,A,A,A,H,-,A,D,0,NA,NA,NA,NA,Y,Y,M,96,1,0,0,0,0,0,0,0,0,-,-,NA,NA,LOS ANGELES,AVALON,-118.33106231689452,33.33979034423828
9374821,2021,2021-12-31,1942,2021-11-13,2030,35077,1148,6,5,7,1942,0,0,0,K,0,24MQ65,AV 50,GRANADA ST,220,E,N,A,-,N,NA,NA,NA,NA,NA,NA,NA,NA,NA,Y,3,0,1,2,A,-,03,22350,NA,N,C,E,A,A,H,-,C,D,0,NA,NA,NA,NA,Y,NA,A,01,0,1,0,0,0,0,0,0,0,-,-,NA,NA,LOS ANGELES,LOS ANGELES,-118.20496368408205,34.108882904052734
9374824,2021,2021-12-31,1942,2021-11-08,1940,39062,1393,1,5,7,1942,0,0,0,M,0,24T34,MAIN ST,69TH ST,0,NA,Y,A,-,N,NA,NA,NA,NA,NA,NA,NA,NA,NA,Y,2,0,7,6,A,-,09,21801,A,N,A,C,F,A,H,-,C,A,0,Y,NA,NA,NA,Y,NA,A,07,1,5,1,0,4,0,0,0,0,-,-,NA,NA,LOS ANGELES,LOS ANGELES,-118.27394104003906,33.97694396972656
9374921,2021,2021-12-08,1942,2021-10-29,1640,35298,1101,5,5,7,1942,0,0,0,K,0,24MQ36,GRIFFITH PARK DR,ZOO DR,137,W,N,A,-,N,NA,NA,NA,NA,NA,NA,NA,NA,NA,N,3,0,1,2,A,-,09,21804,A,N,D,G,A,A,H,-,A,D,0,NA,Y,NA,NA,Y,NA,A,01,0,1,0,0,0,0,1,0,0,-,-,NA,NA,LOS ANGELES,LOS ANGELES,-118.30924224853516,34.1538200378418
9374922,2021,2021-12-08,1942,2021-10-09,0545,30452,1162,6,5,7,1942,0,0,0,K,0,26TL24,VERMONT AV,MAUBERT AV,10,N,N,A,-,N,NA,NA,NA,NA,NA,NA,NA,NA,NA,N,4,0,1,2,A,-,05,21650,NA,F,A,C,A,A,H,-,C,A,0,NA,NA,NA,NA,Y,NA,-,99,0,0,1,0,0,0,0,0,0,-,-,NA,NA,LOS ANGELES,LOS ANGELES,-118.29177856445313,34.09910583496094
9374923,2021,2021-12-08,1942,2021-10-02,1735,35154,1473,6,5,7,1942,0,0,0,N,0,14A12W,LINCOLN BL,83RD ST,0,NA,Y,A,-,N,NA,NA,NA,NA,NA,NA,NA,NA,NA,Y,3,0,1,2,A,-,09,21801,NA,N,D,C,A,A,H,-,A,A,0,NA,NA,Y,NA,Y,NA,A,01,0,1,0,0,0,0,0,0,1,-,-,NA,NA,LOS ANGELES,LOS ANGELES,-118.42172241210938,33.96270751953125
9374924,2021,2021-12-08,1942,2021-10-05,0955,06732,1494,2,5,7,1942,0,0,0,N,0,5M31,CENTER WY,CIRCLE WY,0,NA,Y,A,-,N,NA,NA,NA,NA,NA,NA,NA,NA,NA,N,3,0,1,2,A,-,21,22106,NA,N,G,B,D,A,H,-,A,D,0,Y,NA,NA,NA,Y,NA,A,01,0,1,0,0,1,0,0,0,0,-,-,NA,NA,LOS ANGELES,LOS ANGELES,-117.80683135986328,34.04193115234375
9374925,2021,2021-12-16,1942,2021-10-31,1845,44490,1401,7,5,7,1942,0,0,0,N,0,14EL2,BUNDY DR,OCEAN PARK BL,0,NA,Y,B,-,N,NA,NA,NA,NA,NA,NA,NA,NA,NA,Y,2,0,1,2,A,-,12,21453,A,N,A,D,A,A,H,-,C,A,0,NA,NA,Y,NA,Y,NA,C,02,1,0,0,0,0,0,0,0,0,-,-,NA,NA,LOS ANGELES,LOS ANGELES,-118.44631958007813,34.024471282958984
9374926,2021,2021-12-10,1942,2021-10-23,1525,42157,1457,6,5,7,1942,0,0,0,N,0,14A49,BRADDOCK DR,INGLEWOOD BL,0,NA,Y,A,-,N,NA,NA,NA,NA,NA,NA,NA,NA,NA,N,4,0,1,2,A,-,08,22107,NA,F,H,G,A,A,H,-,A,A,0,NA,Y,NA,NA,Y,NA,-,99,0,0,1,0,0,0,1,0,0,-,-,NA,NA,LOS ANGELES,LOS ANGELES,-118.41448211669922,33.99264907836914
9374927,2021,2021-12-09,1942,2021-10-30,1245,34959,1441,6,5,7,1942,0,0,0,N,0,27TL29,WASHINGTON BL,GRAYSON AV,0,NA,Y,A,-,N,NA,NA,NA,NA,NA,NA,NA,NA,NA,Y,2,0,1,2,A,-,09,21801,A,N,D,C,A,A,H,-,A,D,0,NA,NA,Y,NA,Y,NA,A,01,1,0,0,0,0,0,0,0,1,-,-,NA,NA,LOS ANGELES,LOS ANGELES,-118.4619140625,33.98207473754883
9374928,2021,2021-12-09,1942,2021-10-23,0515,34959,1462,6,5,7,1942,0,0,0,N,0,27TL29,CULVER BL,JEFFERSON BL,0,NA,Y,C,-,N,NA,NA,NA,NA,NA,NA,NA,NA,NA,Y,2,0,1,1,A,-,08,22100,B,N,E,I,A,B,H,-,C,D,0,NA,NA,NA,NA,Y,NA,A,07,1,0,0,0,0,0,0,0,0,-,-,NA,NA,LOS ANGELES,LOS ANGELES,-118.4392318725586,33.968284606933594
9374929,2021,2021-12-09,1942,2021-10-27,1715,41210,1455,3,5,7,1942,0,0,0,N,0,27T33,CENTINELA AV,GREENE AV,40,S,N,A,-,N,NA,NA,NA,NA,NA,NA,NA,NA,NA,N,4,0,1,2,A,-,03,22350,NA,F,C,C,A,A,H,-,C,D,0,NA,NA,NA,NA,Y,NA,-,99,0,0,1,0,0,0,0,0,0,-,-,NA,NA,LOS ANGELES,LOS ANGELES,-118.42183685302734,33.99173355102539
9374930,2021,2021-12-09,1942,2021-10-19,1810,38374,1403,2,5,7,1942,0,0,0,N,0,27MQ13,SEPULVEDA BL,NATIONAL BL,0,NA,Y,A,-,N,NA,NA,NA,NA,NA,NA,NA,NA,NA,Y,3,0,2,2,A,-,09,21801,A,N,A,C,A,A,H,-,C,A,0,NA,NA,NA,NA,Y,NA,A,01,0,2,0,0,0,0,0,0,0,-,-,NA,NA,LOS ANGELES,LOS ANGELES,-118.42865753173828,34.02736282348633
9374931,2021,2021-12-10,1942,2021-10-14,1440,37511,1494,4,5,7,1942,0,0,0,N,0,27TL29,AVIATION BL,111TH ST,0,NA,Y,A,-,N,NA,NA,NA,NA,NA,NA,NA,NA,NA,Y,4,0,4,2,A,-,09,21801,A,N,D,C,A,A,H,-,A,A,0,NA,NA,NA,NA,Y,NA,A,07,0,0,4,0,0,0,0,0,0,-,-,NA,NA,LOS ANGELES,LOS ANGELES,-118.3790283203125,33.93452835083008
9374932,2021,2021-12-09,1942,2021-10-23,0625,41003,0666,6,5,7,1942,0,0,0,F,0,27TL25,FOUNTAIN AV,N CAHUENGA BL,94,E,N,A,-,N,NA,NA,NA,NA,NA,NA,NA,NA,NA,N,4,0,1,2,A,-,09,21804,A,F,D,G,A,B,H,-,B,A,0,NA,Y,NA,NA,Y,NA,-,99,0,0,1,0,0,0,1,0,0,-,-,NA,NA,LOS ANGELES,LOS ANGELES,-118.32850646972656,34.094356536865234
9374933,2021,2021-12-09,1942,2021-10-19,0800,38282,0663,2,5,7,1942,0,0,0,F,0,27TL29,ORANGE DR,ROMAINE ST,12,N,N,A,-,N,NA,NA,NA,NA,NA,NA,NA,NA,NA,Y,4,0,1,2,A,-,03,22350,NA,F,D,C,A,A,H,-,A,A,0,NA,NA,NA,NA,Y,NA,-,99,0,0,1,0,0,0,0,0,0,-,-,NA,NA,LOS ANGELES,LOS ANGELES,-118.34162902832033,34.088924407958984
9374934,2021,2021-12-09,1942,2021-10-31,0330,27199,0636,7,5,7,1942,0,0,0,F,0,2731,WHITLEY AV,YUCCA ST,144,S,N,A,-,N,NA,NA,NA,NA,NA,NA,NA,NA,NA,N,2,0,1,2,A,-,11,21954,A,F,G,B,D,A,H,-,C,D,0,Y,NA,NA,NA,Y,Y,-,99,1,0,0,0,1,0,0,0,0,-,-,NA,NA,LOS ANGELES,LOS ANGELES,-118.33335876464844,34.102806091308594
9374935,2021,2021-12-10,1942,2021-10-21,1445,41671,1445,4,5,7,1942,0,0,0,N,0,27TL46,WASHINGTON BL,6TH AV,0,NA,Y,A,-,N,NA,NA,NA,NA,NA,NA,NA,NA,NA,Y,2,0,3,2,A,-,12,21453,A,N,D,C,A,A,H,-,A,A,0,NA,NA,NA,NA,Y,NA,A,01,1,0,2,0,0,0,0,0,0,-,-,NA,NA,LOS ANGELES,LOS ANGELES,-118.32366943359376,34.03989028930664
9374961,2021,2021-12-15,1942,2021-11-21,0245,38590,1152,7,5,7,1942,0,0,0,K,0,24T32,SUNSET BL,FOUNTAIN AV,0,NA,Y,A,-,N,NA,NA,NA,NA,NA,NA,NA,NA,NA,N,2,0,1,2,A,-,10,21950,A,F,G,B,B,A,H,-,C,A,0,Y,NA,NA,NA,Y,Y,-,99,1,0,0,0,1,0,0,0,0,-,-,NA,NA,LOS ANGELES,LOS ANGELES,-118.28411865234376,34.09581756591797
9374962,2021,2021-12-15,1942,2021-11-20,1155,40730,1141,6,5,7,1942,0,0,0,K,0,24T31,ALEXANDRIA AV,HOLLYWOOD BL,0,NA,Y,A,-,N,NA,NA,NA,NA,NA,NA,NA,NA,NA,N,2,0,1,2,A,-,10,21950,A,N,G,B,-,A,H,-,A,A,0,Y,NA,NA,NA,Y,NA,A,01,1,0,0,0,1,0,0,0,0,-,-,NA,NA,LOS ANGELES,LOS ANGELES,-118.29835510253906,34.10175704956055
9374963,2021,2021-12-15,1942,2021-11-21,1650,36182,1183,7,5,7,1942,0,0,0,K,0,24MQ77,SUNSET BL,LEMOYNE ST,45,E,N,A,-,N,NA,NA,NA,NA,NA,NA,NA,NA,NA,Y,3,0,1,4,A,-,04,21703,NA,F,C,C,A,A,H,-,A,D,0,NA,NA,Y,NA,Y,Y,-,99,0,1,0,0,0,0,0,0,1,-,-,NA,NA,LOS ANGELES,LOS ANGELES,-118.25929260253906,34.07760238647461