CASE_ID,ACCIDENT_YEAR,PROC_DATE,JURIS,COLLISION_DATE,COLLISION_TIME,OFFICER_ID,REPORTING_DISTRICT,DAY_OF_WEEK,CHP_SHIFT,POPULATION,CNTY_CITY_LOC,SPECIAL_COND,BEAT_TYPE,CHP_BEAT_TYPE,CITY_DIVISION_LAPD,CHP_BEAT_CLASS,BEAT_NUMBER,PRIMARY_RD,SECONDARY_RD,DISTANCE,DIRECTION,INTERSECTION,WEATHER_1,WEATHER_2,STATE_HWY_IND,CALTRANS_COUNTY,CALTRANS_DISTRICT,STATE_ROUTE,ROUTE_SUFFIX,POSTMILE_PREFIX,POSTMILE,LOCATION_TYPE,RAMP_INTERSECTION,SIDE_OF_HWY,TOW_AWAY,COLLISION_SEVERITY,NUMBER_KILLED,NUMBER_INJURED,PARTY_COUNT,PRIMARY_COLL_FACTOR,PCF_CODE_OF_VIOL,PCF_VIOL_CATEGORY,PCF_VIOLATION,PCF_VIOL_SUBSECTION,HIT_AND_RUN,TYPE_OF_COLLISION,MVIW,PED_ACTION,ROAD_SURFACE,ROAD_COND_1,ROAD_COND_2,LIGHTING,CONTROL_DEVICE,CHP_ROAD_TYPE,PEDESTRIAN_ACCIDENT,BICYCLE_ACCIDENT,MOTORCYCLE_ACCIDENT,TRUCK_ACCIDENT,NOT_PRIVATE_PROPERTY,ALCOHOL_INVOLVED,STWD_VEHTYPE_AT_FAULT,CHP_VEHTYPE_AT_FAULT,COUNT_SEVERE_INJ,COUNT_VISIBLE_INJ,COUNT_COMPLAINT_PAIN,COUNT_PED_KILLED,COUNT_PED_INJURED,COUNT_BICYCLIST_KILLED,COUNT_BICYCLIST_INJURED,COUNT_MC_KILLED,COUNT_MC_INJURED,PRIMARY_RAMP,SECONDARY_RAMP,LATITUDE,LONGITUDE,COUNTY,CITY,POINT_X,POINT_Y
9375202,2021,2021-12-20,1931,2021-11-18,0810,5321,1931,4,5,5,1931,0,0,0,NA,0,001,SANTA FE AV,RANDOLPH ST,0,NA,Y,A,-,N,NA,NA,NA,NA,NA,NA,NA,NA,NA,NA,4,0,1,2,A,-,05,21650,1,N,D,G,A,A,H,-,A,A,0,NA,Y,NA,NA,Y,NA,L,04,0,0,1,0,0,0,1,0,0,-,-,NA,NA,LOS ANGELES,HUNTINGTON PARK,-118.23031616210938,33.98585510253906
9375203,2021,2021-12-20,1931,2021-11-18,1841,5315,1931,4,5,5,1931,0,0,0,NA,0,001,MILES AV,BELGRAVE AV,0,NA,Y,A,-,N,NA,NA,NA,NA,NA,NA,NA,NA,NA,NA,4,0,1,2,A,-,05,21650,1,N,D,G,A,A,H,-,C,A,0,NA,Y,NA,NA,Y,NA,L,04,0,0,1,0,0,0,1,0,0,-,-,NA,NA,LOS ANGELES,HUNTINGTON PARK,-118.21929168701172,33.987178802490234
9375204,2021,2021-12-20,1931,2021-11-21,1849,5325,NA,7,5,5,1931,0,0,0,NA,0,003,SANTA FE AV,ZOE AV S,77,N,N,A,-,N,NA,NA,NA,NA,NA,NA,NA,NA,NA,Y,4,0,1,2,A,-,09,21801,A,N,D,C,A,A,H,-,C,A,0,NA,NA,NA,NA,Y,NA,A,08,0,0,1,0,0,0,0,0,0,-,-,NA,NA,LOS ANGELES,HUNTINGTON PARK,-118.23030090332033,33.9794807434082
9375205,2021,2021-12-20,1931,2021-11-15,1105,5343,1931,1,5,5,1931,0,0,0,NA,0,003,SANTA FE AV,FLORNECE AV,85,N,N,A,-,N,NA,NA,NA,NA,NA,NA,NA,NA,NA,Y,4,0,1,2,A,-,08,22102,NA,F,A,C,A,A,H,-,A,D,0,NA,NA,NA,NA,Y,NA,A,01,0,0,1,0,0,0,0,0,0,-,-,NA,NA,LOS ANGELES,HUNTINGTON PARK,-118.23029327392578,33.9749641418457
9375206,2021,2021-12-20,1931,2021-11-20,1158,5332,1931,6,5,5,1931,0,0,0,NA,0,004,STATE ST,BENSON ST,0,NA,Y,A,-,N,NA,NA,NA,NA,NA,NA,NA,NA,NA,NA,4,0,2,2,A,-,09,21804,A,N,D,C,A,A,H,-,A,D,0,NA,NA,NA,NA,Y,NA,A,01,0,0,2,0,0,0,0,0,0,-,-,NA,NA,LOS ANGELES,HUNTINGTON PARK,-118.21136474609376,33.974674224853516
9375209,2021,2021-12-08,1931,2021-10-27,1913,5341,1931,3,5,5,1931,0,0,0,NA,0,003,SANTA FE AV,FLORENCE AV,211,E,N,A,-,N,NA,NA,NA,NA,NA,NA,NA,NA,NA,N,3,0,1,2,A,-,10,21950,A,N,G,B,C,A,H,-,C,D,0,Y,NA,NA,NA,Y,NA,A,01,0,1,0,0,1,0,0,0,0,-,-,NA,NA,LOS ANGELES,HUNTINGTON PARK,-118.23029327392578,33.9747314453125
9375286,2021,2022-01-19,1926,2021-11-29,1023,0165,NA,1,5,5,1926,0,0,0,NA,0,002,W BONITA AVE,S VECINO AVE,1008,W,N,A,-,N,NA,NA,NA,NA,NA,NA,NA,NA,NA,Y,3,0,1,10,A,-,01,23152,A,F,B,E,A,A,H,-,A,D,0,NA,NA,NA,NA,Y,Y,D,22,0,1,0,0,0,0,0,0,0,-,-,34.10660171508789,-117.8759994506836,LOS ANGELES,GLENDORA,-117.88021850585938,34.1067008972168
9375289,2021,2021-12-15,1942,2021-10-11,0740,42123,1431,1,5,7,1942,0,0,0,N,0,14A11,VENICE WAY,RIVIERA AV,200,E,N,A,-,N,NA,NA,NA,NA,NA,NA,NA,NA,NA,N,3,0,1,2,A,-,11,21954,A,N,G,B,E,A,H,-,A,A,0,Y,NA,NA,NA,Y,NA,N,60,0,1,0,0,1,0,0,0,0,-,-,NA,NA,LOS ANGELES,LOS ANGELES,-118.46791076660156,33.987464904785156
9375291,2021,2022-01-12,1928,2021-11-22,0001,50418,514,1,5,5,1928,0,0,0,NA,0,501,HAWTHORNE BL,142ND ST,277,N,N,A,-,N,NA,NA,NA,NA,NA,NA,NA,NA,NA,Y,4,0,1,2,A,-,01,23152,A,N,C,E,A,A,H,-,C,D,0,NA,NA,NA,NA,Y,Y,A,01,0,0,1,0,0,0,0,0,0,-,-,33.902000427246094,-118.35199737548828,LOS ANGELES,HAWTHORNE,-118.35275268554688,33.903560638427734
9375302,2021,2022-01-12,1942,2021-11-19,0550,33452,1351,5,5,7,1942,0,0,0,M,0,24TL22,VERNON AV,BROADWAY,13,W,N,A,-,N,NA,NA,NA,NA,NA,NA,NA,NA,NA,N,2,0,1,2,A,-,12,21453,A,N,G,B,B,A,H,-,C,A,0,Y,NA,NA,NA,Y,NA,-,-,1,0,0,0,1,0,0,0,0,-,-,NA,NA,LOS ANGELES,LOS ANGELES,-118.27841186523438,34.00379943847656
9375309,2021,2021-12-21,1942,2021-09-19,1520,34959,1401,7,5,7,1942,0,0,0,N,0,27TL29,SAWTELLE BL,TABOR ST,203,N,N,A,-,N,NA,NA,NA,NA,NA,NA,NA,NA,NA,Y,3,0,3,5,A,-,21,22106,NA,N,C,C,A,A,H,-,A,D,0,NA,NA,NA,NA,Y,NA,A,07,0,1,2,0,0,0,0,0,0,-,-,NA,NA,LOS ANGELES,LOS ANGELES,-118.42339324951172,34.01603317260742
9375310,2021,2021-12-23,1942,2021-11-22,1810,38357,1347,1,5,7,1942,0,0,0,M,0,24T32,ALAMEDA ST,25TH ST,800,S,N,A,D,N,NA,NA,NA,NA,NA,NA,NA,NA,NA,NA,4,0,1,3,A,-,01,23152,A,N,C,C,A,A,-,-,C,D,0,NA,NA,NA,NA,Y,Y,A,01,0,0,1,0,0,0,0,0,0,-,-,NA,NA,LOS ANGELES,LOS ANGELES,-118.23955535888672,34.013877868652344
9375314,2021,2022-01-08,1942,2021-11-22,1445,40289,0192,1,5,7,1942,0,0,0,A,0,24TL55,FLOWER ST,VENICE BL,0,NA,Y,A,-,N,NA,NA,NA,NA,NA,NA,NA,NA,NA,N,2,0,1,2,A,-,12,21453,A,N,D,C,A,A,H,-,A,A,0,NA,NA,Y,NA,Y,NA,C,06,1,0,0,0,0,0,0,0,1,-,-,NA,NA,LOS ANGELES,LOS ANGELES,-118.26882934570313,34.036991119384766
9375318,2021,2022-01-19,1942,2021-11-18,1930,34426,1333,4,5,7,1942,0,0,0,M,0,24TL51,AVALON BL,35TH ST,75,N,N,A,-,N,NA,NA,NA,NA,NA,NA,NA,NA,NA,Y,4,0,2,3,A,-,03,22350,NA,F,C,C,A,A,H,-,C,A,0,NA,NA,NA,NA,Y,NA,A,01,0,0,2,0,0,0,0,0,0,-,-,NA,NA,LOS ANGELES,LOS ANGELES,-118.26528167724608,34.014564514160156
9375334,2021,2021-12-13,1942,2021-10-23,0655,34959,0648,6,5,7,1942,0,0,0,F,0,27TL29,SAINT ANDREWS PL,CARLTON WY,0,NA,Y,C,-,N,NA,NA,NA,NA,NA,NA,NA,NA,NA,Y,3,0,2,3,A,-,12,22450,A,N,D,C,A,A,H,-,A,A,0,NA,NA,NA,NA,Y,NA,A,01,0,1,1,0,0,0,0,0,0,-,-,NA,NA,LOS ANGELES,LOS ANGELES,-118.31148529052734,34.10051345825195
9375338,2021,2021-12-17,1942,2021-08-29,1610,40315,1412,7,5,7,1942,0,0,0,N,0,27TL46,BROOKS AV,SPEEDWAY,0,S,N,A,-,N,NA,NA,NA,NA,NA,NA,NA,NA,NA,N,3,0,1,2,A,-,11,21954,A,N,G,B,E,A,H,-,A,A,0,Y,NA,NA,NA,Y,NA,N,60,0,1,0,0,1,0,0,0,0,-,-,NA,NA,LOS ANGELES,LOS ANGELES,-118.4765396118164,33.990821838378906
9375361,2021,2021-12-09,1942,2021-10-30,0605,41933,1253,6,5,7,1942,0,0,0,L,0,25TL29,WESTERN AV,76TH ST,0,N,N,A,-,N,NA,NA,NA,NA,NA,NA,NA,NA,NA,N,2,0,1,2,A,-,11,21954,A,N,G,B,E,A,H,-,E,D,0,Y,NA,NA,NA,Y,NA,D,22,1,0,0,0,1,0,0,0,0,-,-,NA,NA,LOS ANGELES,LOS ANGELES,-118.30899810791016,33.97089767456055
9375377,2021,2021-12-09,1900,2021-11-18,1321,519439,2223,4,5,3,1994,0,0,0,NA,0,222T1,KANAN RD,CANWOOD ST,100,N,N,A,-,N,NA,NA,NA,NA,NA,NA,NA,NA,NA,Y,4,0,1,3,A,-,03,22350,A,N,C,C,A,A,H,-,A,A,0,NA,NA,NA,NA,Y,NA,A,01,0,0,1,0,0,0,0,0,0,-,-,34.14950180053711,-118.75939178466795,LOS ANGELES,AGOURA HILLS,-118.7610321044922,34.14725112915039
9375416,2021,2021-12-29,1941,2021-11-23,1731,6204,NA,2,5,7,1941,0,0,0,NA,0,NA,WILLOW ST,PALO VERDE AV,0,NA,Y,A,-,N,NA,NA,NA,NA,NA,NA,NA,NA,NA,N,4,0,1,2,A,-,12,21453,A,N,D,C,A,A,H,-,D,A,0,NA,NA,NA,NA,Y,NA,A,NA,0,0,1,0,0,0,0,0,0,-,-,NA,NA,LOS ANGELES,LONG BEACH,-118.1079330444336,33.80329895019531
9375420,2021,2021-12-29,1942,2021-11-24,0930,38326,1681,3,5,7,1942,0,0,0,P,0,26TL25,ROSCOE BL,RHODES AV,30,E,N,A,-,N,NA,NA,NA,NA,NA,NA,NA,NA,NA,N,4,0,1,4,A,-,07,21658,A,N,B,C,A,A,H,-,A,D,0,NA,NA,NA,Y,Y,NA,F,27,0,0,1,0,0,0,0,0,0,-,-,NA,NA,LOS ANGELES,LOS ANGELES,-118.40299224853516,34.22166061401367
9375424,2021,2021-12-29,1942,2021-11-25,2357,42344,1602,4,5,7,1942,0,0,0,P,0,26T55W,VAN NUYS BL,DRONFIELD AV,495,W,N,A,-,N,NA,NA,NA,NA,NA,NA,NA,NA,NA,Y,3,0,1,5,A,-,01,23152,F,N,B,E,A,A,H,-,C,D,0,NA,NA,NA,NA,Y,Y,A,01,0,1,0,0,0,0,0,0,0,-,-,NA,NA,LOS ANGELES,LOS ANGELES,-118.40637969970705,34.277565002441406
9375428,2021,2021-12-29,1942,2021-11-26,2005,33504,2145,5,5,7,1942,0,0,0,NA,0,26T55W,VICTOR BL,RANDI AV,246,E,N,A,-,N,NA,NA,NA,NA,NA,NA,NA,NA,NA,Y,3,0,1,6,A,-,01,23152,A,N,B,E,A,A,H,-,C,D,0,NA,NA,NA,NA,Y,Y,D,22,0,1,0,0,0,0,0,0,0,-,-,NA,NA,LOS ANGELES,LOS ANGELES,-118.60945892333984,34.18648910522461
9375436,2021,2021-12-23,1942,2021-11-27,2340,40165,2159,6,5,7,1942,0,0,0,NA,0,26TL56,VICTORY BL,CORBIN AV,175,W,N,A,-,N,NA,NA,NA,NA,NA,NA,NA,NA,NA,Y,3,0,1,3,A,-,01,23152,A,N,B,E,A,A,H,-,C,D,0,NA,NA,NA,NA,Y,Y,A,01,0,1,0,0,0,0,0,0,0,-,-,NA,NA,LOS ANGELES,LOS ANGELES,-118.56278228759766,34.18662643432617
9375440,2021,2021-12-29,1942,2021-11-28,1215,39048,2187,7,5,7,1942,0,0,0,NA,0,26TL44,VENTURA BL,DON PIO DR,270,W,N,A,-,N,NA,NA,NA,NA,NA,NA,NA,NA,NA,Y,4,0,1,2,A,-,01,23152,A,N,E,E,A,A,H,-,A,D,0,NA,NA,NA,NA,Y,Y,D,22,0,0,1,0,0,0,0,0,0,-,-,NA,NA,LOS ANGELES,LOS ANGELES,-118.60472106933594,34.16847610473633
9375447,2021,2022-01-08,1942,2021-11-21,1540,40700,1256,7,5,7,1942,0,0,0,L,0,25MQ53,HOOVER ST,74TH ST,0,NA,Y,A,-,N,NA,NA,NA,NA,NA,NA,NA,NA,NA,Y,3,0,1,2,A,-,09,21801,NA,F,A,C,A,A,H,-,A,D,0,NA,NA,NA,NA,Y,NA,D,22,0,1,0,0,0,0,0,0,0,-,-,NA,NA,LOS ANGELES,LOS ANGELES,-118.28712463378906,33.972679138183594
9375448,2021,2022-01-08,1900,2021-11-21,1710,630200,2611,7,5,6,1950,0,0,0,NA,0,262T1,PALMDALE BL,RT 14,350,W,N,A,-,N,NA,NA,NA,NA,NA,NA,NA,NA,NA,Y,4,0,2,3,A,-,03,22350,NA,N,C,C,A,A,H,-,C,A,0,NA,NA,NA,NA,Y,NA,A,01,0,0,2,0,0,0,0,0,0,-,-,34.58190155029297,-118.13500213623048,LOS ANGELES,PALMDALE,-118.13465881347656,34.581790924072266
9375456,2021,2021-12-17,1900,2021-11-18,0745,540241,2607,4,5,6,1950,0,0,0,NA,0,263T1,AVENUE T,PEARBLOSSOM HWY,0,NA,Y,A,-,Y,LA,7,138,-,-,51.41,I,5,W,Y,2,0,2,3,A,-,09,21801,A,N,D,C,A,A,H,-,A,A,0,NA,NA,NA,NA,Y,NA,A,07,1,0,1,0,0,0,0,0,0,-,-,34.54264831542969,-118.03006744384766,LOS ANGELES,PALMDALE,-118.03038787841795,34.54273223876953
9375464,2021,2022-01-12,1900,2021-11-14,0800,606079,2612,7,5,6,1950,0,0,0,NA,0,262T1,RANCHO VISTA BL,10TH ST WEST,0,NA,Y,A,-,N,NA,NA,NA,NA,NA,NA,NA,NA,NA,Y,4,0,4,3,A,-,12,21453,A,N,A,C,A,A,H,-,A,A,0,NA,NA,NA,NA,Y,NA,D,22,0,0,4,0,0,0,0,0,0,-,-,34.60100173950195,-118.14769744873048,LOS ANGELES,PALMDALE,-118.14781188964844,34.601741790771484
9375468,2021,2022-01-08,1900,2021-11-05,1840,527381,2619,5,5,6,1950,0,0,0,NA,0,263T1,10TH ST WEST,TECHNOLOGY DR,0,NA,Y,A,-,N,NA,NA,NA,NA,NA,NA,NA,NA,NA,Y,3,0,1,3,A,-,09,21801,A,N,D,C,A,A,H,-,C,A,0,NA,NA,NA,NA,Y,NA,A,01,0,1,0,0,0,0,0,0,0,-,-,34.59449005126953,-118.14747619628906,LOS ANGELES,PALMDALE,-118.14762115478516,34.5944709777832
9375487,2021,2022-01-12,1925,2021-11-18,1347,28670,266,4,5,6,1925,0,0,0,NA,0,002,RIVERDALE DR,PACIFIC AV,30,W,N,A,-,N,NA,NA,NA,NA,NA,NA,NA,NA,NA,N,4,0,1,2,A,-,21,22106,NA,N,G,G,A,A,H,-,C,A,0,NA,Y,NA,NA,Y,NA,A,01,0,0,1,0,0,0,1,0,0,-,-,NA,NA,LOS ANGELES,GLENDALE,-118.26451110839844,34.13870620727539
9375499,2021,2022-01-12,1900,2021-11-27,1633,615106,2611,6,5,6,1950,0,0,0,NA,0,262T1,CAROLSIDE AV,AVENUE Q,0,NA,Y,A,-,N,NA,NA,NA,NA,NA,NA,NA,NA,NA,N,4,0,1,2,A,-,11,21954,A,N,G,B,D,A,H,-,A,A,0,Y,NA,NA,NA,Y,NA,N,60,0,0,1,0,1,0,0,0,0,-,-,34.58599853515625,-118.12799835205078,LOS ANGELES,PALMDALE,-118.12873077392578,34.58711624145508
9375501,2021,2022-01-12,1906,2021-11-06,1655,4431,NA,6,5,5,1906,0,0,0,NA,0,004,MAINE AV,PARK PLAZA,0,S,N,A,-,N,NA,NA,NA,NA,NA,NA,NA,NA,NA,N,4,0,2,2,A,-,03,22350,NA,N,C,C,A,A,H,-,A,D,0,NA,NA,NA,NA,Y,NA,A,07,0,0,2,0,0,0,0,0,0,-,-,NA,NA,LOS ANGELES,BALDWIN PARK,-121.26779174804688,38.642822265625
9375503,2021,2022-01-12,1900,2021-11-28,1933,544121,2603,7,5,6,1950,0,0,0,NA,0,264T1,PEARBLOSSOM HWY,47TH ST EAST,150,E,N,A,-,N,NA,NA,NA,NA,NA,NA,NA,NA,NA,Y,4,0,1,3,A,-,03,22350,NA,N,C,C,A,A,H,-,C,A,0,NA,NA,NA,NA,Y,NA,D,22,0,0,1,0,0,0,0,0,0,-,-,34.32339859008789,-118.02410125732422,LOS ANGELES,PALMDALE,-118.04476928710938,34.542720794677734
9375510,2021,2022-03-29,1942,2021-05-09,1830,41743,0392,7,5,7,1942,0,0,0,C,0,3A74,48TH ST,ARLINGTON AV,200,E,N,A,-,N,NA,NA,NA,NA,NA,NA,NA,NA,NA,N,3,0,1,2,A,-,09,21804,A,N,B,G,A,A,H,-,A,A,0,NA,Y,NA,NA,Y,NA,L,04,0,1,0,0,0,0,1,0,0,-,-,NA,NA,LOS ANGELES,LOS ANGELES,-118.3175048828125,34.000030517578125
9375511,2021,2022-01-08,1900,2021-11-16,1525,525413,2608,2,5,6,1950,0,0,0,NA,0,263T1,30TH ST EAST,AVENUE Q-2,92,E,N,A,-,N,NA,NA,NA,NA,NA,NA,NA,NA,NA,Y,3,0,1,3,A,-,05,21460,A,N,C,E,A,A,H,-,A,D,0,NA,NA,NA,NA,Y,NA,A,07,0,1,0,0,0,0,0,0,0,-,-,34.58549880981445,-118.07598114013672,LOS ANGELES,PALMDALE,-118.07628631591795,34.587459564208984
9375514,2021,2022-01-08,1942,2021-11-30,0925,43270,1251,2,5,7,1942,0,0,0,L,0,25T27,FLORENCE AV,10TH AV,0,NA,Y,A,-,N,NA,NA,NA,NA,NA,NA,NA,NA,NA,Y,4,0,1,2,A,-,05,21650,NA,F,A,C,A,A,H,-,A,A,0,NA,NA,NA,NA,Y,NA,A,07,0,0,1,0,0,0,0,0,0,-,-,NA,NA,LOS ANGELES,LOS ANGELES,-118.32862854003906,33.97454071044922
9375519,2021,2022-01-12,1900,2021-11-17,1720,615106,2619,3,5,6,1950,0,0,0,NA,0,262T1,ARMFIELD AV,RANCHO VISTA BL,0,NA,Y,A,-,N,NA,NA,NA,NA,NA,NA,NA,NA,NA,Y,2,0,3,3,A,-,12,21453,A,N,D,C,A,A,H,-,A,A,0,NA,NA,NA,NA,Y,Y,D,22,1,1,1,0,0,0,0,0,0,-,-,34.601749420166016,-118.15138244628906,LOS ANGELES,PALMDALE,-118.15139770507813,34.60157012939453
9375520,2021,2021-12-09,1942,2021-08-16,2000,43787,12561,1,5,7,1942,0,0,0,L,0,2A53,FLORENCE AV,BROADWAY,0,NA,Y,A,-,N,NA,NA,NA,NA,NA,NA,NA,NA,NA,N,2,0,1,2,A,-,12,21453,A,N,D,G,A,A,H,-,C,A,0,NA,Y,NA,NA,Y,NA,D,22,1,0,0,0,0,0,1,0,0,-,-,NA,NA,LOS ANGELES,LOS ANGELES,-118.27832794189452,33.97465896606445
9375535,2021,2021-12-16,1941,2021-11-06,1146,11568,NA,6,5,7,1941,0,0,0,NA,0,NA,WARDLOW RD,ELM AV,0,NA,Y,A,-,N,NA,NA,NA,NA,NA,NA,NA,NA,NA,Y,4,0,1,2,A,-,08,22107,NA,M,B,C,A,A,H,-,A,D,0,NA,NA,NA,NA,Y,NA,A,NA,0,0,1,0,0,0,0,0,0,-,-,NA,NA,LOS ANGELES,LONG BEACH,-118.18833160400392,33.81892013549805
9375561,2021,2022-01-04,1942,2021-11-28,1830,43665,1567,7,5,7,1942,0,0,0,O,0,15X66,RIVERSIDE DR,CARTWRIGHT AV,0,NA,Y,A,-,N,NA,NA,NA,NA,NA,NA,NA,NA,NA,Y,3,0,1,2,A,-,03,22350,NA,F,C,C,A,A,H,-,C,D,0,NA,NA,NA,NA,Y,NA,A,01,0,1,0,0,0,0,0,0,0,-,-,NA,NA,LOS ANGELES,LOS ANGELES,-118.36367797851564,34.15223693847656
9375562,2021,2022-01-04,1942,2021-11-27,2240,39389,1515,6,5,7,1942,0,0,0,O,0,15A3,LANKERSHIM BL,KITTRIDGE ST,0,NA,Y,A,-,N,NA,NA,NA,NA,NA,NA,NA,NA,NA,Y,4,0,2,3,A,-,09,21801,A,N,D,C,A,A,H,-,C,A,0,NA,NA,NA,NA,Y,NA,-,NA,0,0,2,0,0,0,0,0,0,-,-,NA,NA,LOS ANGELES,LOS ANGELES,-118.38780212402344,34.19028854370117
9375563,2021,2022-01-12,1942,2021-11-28,2305,42322,-040,7,5,7,1942,0,0,0,NA,0,9A5W3,VICTORY BL,MORSE AV,200,E,N,A,-,N,NA,NA,NA,NA,NA,NA,NA,NA,NA,Y,4,0,1,2,A,-,01,23152,D,N,A,C,A,A,H,-,C,D,0,NA,NA,NA,NA,Y,Y,-,NA,0,0,1,0,0,0,0,0,0,-,-,NA,NA,LOS ANGELES,LOS ANGELES,-118.415283203125,34.18667984008789
9375564,2021,2022-01-04,1942,2021-11-29,0725,30452,1601,1,5,7,1942,0,0,0,P,0,26TL24,ARROYO ST,FOOTHILL BL,0,NA,Y,A,-,N,NA,NA,NA,NA,NA,NA,NA,NA,NA,N,3,0,1,2,A,-,10,21950,A,N,G,B,B,A,H,-,A,A,0,Y,NA,NA,NA,Y,NA,A,07,0,1,0,0,1,0,0,0,0,-,-,NA,NA,LOS ANGELES,LOS ANGELES,-118.41442108154295,34.292781829833984
9375565,2021,2022-01-12,1942,2021-11-27,2345,39229,1591,6,5,7,1942,0,0,0,O,0,15A85,LAUREL CANYON BL,BERRY DR,900,N,N,A,-,N,NA,NA,NA,NA,NA,NA,NA,NA,NA,Y,3,0,1,1,A,-,03,22350,NA,N,B,I,A,A,H,-,C,D,0,NA,NA,NA,NA,Y,NA,A,01,0,1,0,0,0,0,0,0,0,-,-,NA,NA,LOS ANGELES,LOS ANGELES,-118.3849868774414,34.132144927978516
9375566,2021,2022-01-04,1942,2021-11-25,1540,42812,1971,4,5,7,1942,0,0,0,NA,0,1961,NORDHOFF ST,ORION AV,0,NA,Y,A,-,N,NA,NA,NA,NA,NA,NA,NA,NA,NA,Y,2,0,1,2,A,-,09,21801,NA,N,B,C,A,A,H,-,A,D,0,NA,NA,Y,NA,Y,NA,A,01,1,0,0,0,0,0,0,0,1,-,-,NA,NA,LOS ANGELES,LOS ANGELES,-118.4719467163086,34.235557556152344
9375567,2021,2022-01-12,1942,2021-11-24,0035,44603,1006,3,5,7,1942,0,0,0,J,0,10A83,ROSCOE BL,JELLICO AV,0,NA,Y,A,-,N,NA,NA,NA,NA,NA,NA,NA,NA,NA,Y,3,0,1,1,A,-,08,22107,NA,N,A,I,A,A,H,-,C,D,0,NA,NA,NA,NA,Y,Y,A,01,0,1,0,0,0,0,0,0,0,-,-,NA,NA,LOS ANGELES,LOS ANGELES,-118.51748657226564,34.22102355957031
9375569,2021,2022-03-01,1942,2021-11-16,1330,37541,LOS A,2,5,7,1942,0,0,0,NA,0,0952,VESPER ST,ALBERS ST,50,N,N,A,-,N,NA,NA,NA,NA,NA,NA,NA,NA,NA,N,2,0,1,2,A,-,11,21954,A,N,-,B,D,A,-,-,A,D,0,Y,NA,NA,NA,Y,NA,N,60,1,0,0,0,1,0,0,0,0,-,-,NA,NA,LOS ANGELES,LOS ANGELES,-118.45091247558594,34.17041778564453
9375570,2021,2022-01-04,1942,2021-11-29,1525,37613,1045,1,5,7,1942,0,0,0,J,0,26TL45,LINDLEY AV,HATTERAS ST,13,S,N,A,-,N,NA,NA,NA,NA,NA,NA,NA,NA,NA,N,2,0,1,2,A,-,10,21950,A,N,G,B,B,A,H,-,A,A,0,Y,NA,NA,NA,Y,NA,A,01,1,0,0,0,1,0,0,0,0,-,-,NA,NA,LOS ANGELES,LOS ANGELES,-118.52726745605467,34.176273345947266
9375571,2021,2022-01-04,1942,2021-11-28,1730,42251,1752,7,5,7,1942,0,0,0,Q,0,26Q44,CANOGA AV,DEVONSHIRE ST,312,S,N,A,-,N,NA,NA,NA,NA,NA,NA,NA,NA,NA,Y,3,0,1,2,A,-,08,21460,5,N,G,B,D,A,H,-,C,D,0,Y,NA,NA,NA,Y,NA,A,01,0,1,0,0,1,0,0,0,0,-,FR,NA,NA,LOS ANGELES,LOS ANGELES,-118.59732055664064,34.256385803222656
9375572,2021,2022-01-04,1942,2021-11-27,0800,37550,1737,6,5,7,1942,0,0,0,Q,0,26M63,CHATSWORTH ST,HAYVENHURST AV,0,NA,Y,A,-,N,NA,NA,NA,NA,NA,NA,NA,NA,NA,Y,3,0,1,3,A,-,12,21453,A,N,D,D,A,A,H,-,A,A,0,NA,NA,NA,NA,Y,NA,A,01,0,1,0,0,0,0,0,0,0,-,-,NA,NA,LOS ANGELES,LOS ANGELES,-118.49350738525392,34.26470947265625
9375573,2021,2022-01-04,1942,2021-11-27,2050,37304,2136,6,5,7,1942,0,0,0,NA,0,26T53W,SHERMAN WAY,MILWOOD AV,60,E,N,A,-,N,NA,NA,NA,NA,NA,NA,NA,NA,NA,N,2,0,2,2,A,-,11,21954,A,N,G,-,D,A,H,-,C,D,0,Y,NA,NA,NA,Y,NA,N,60,1,0,1,0,1,0,0,0,0,-,-,NA,NA,LOS ANGELES,LOS ANGELES,-118.59406280517578,34.200984954833984
9375574,2021,2022-01-04,1942,2021-11-26,1225,33458,0901,5,5,7,1942,0,0,0,I,0,26M32,SEPULVEDA BL,RAYMER ST,0,NA,Y,A,-,N,NA,NA,NA,NA,NA,NA,NA,NA,NA,Y,3,0,2,2,A,-,09,21800,D,N,D,C,A,A,H,-,A,B,0,NA,NA,NA,NA,Y,NA,A,07,0,1,1,0,0,0,0,0,0,-,-,NA,NA,LOS ANGELES,LOS ANGELES,-118.46615600585938,34.214202880859375
9375575,2021,2022-01-04,1942,2021-11-26,1235,40065,1544,5,5,7,1942,0,0,0,O,0,26TL26,LAUREL CANYON BL,RIVERSIDE DR,300,S,N,A,-,N,NA,NA,NA,NA,NA,NA,NA,NA,NA,Y,3,0,2,2,A,-,08,22107,NA,N,D,C,A,A,H,-,A,D,0,NA,NA,NA,NA,Y,NA,A,01,0,1,1,0,0,0,0,0,0,-,-,NA,NA,LOS ANGELES,LOS ANGELES,-118.39649200439452,34.156795501708984
9375576,2021,2022-01-04,1942,2021-11-25,1430,38996,1636,4,5,7,1942,0,0,0,P,0,26TL75,SUNLAND BL,LA CANADA WY,0,NA,Y,A,-,N,NA,NA,NA,NA,NA,NA,NA,NA,NA,Y,2,0,2,1,A,-,08,22107,NA,N,E,I,A,A,H,-,B,D,0,NA,NA,NA,NA,Y,NA,A,01,2,0,0,0,0,0,0,0,0,-,-,NA,NA,LOS ANGELES,LOS ANGELES,-118.33951568603516,34.26023864746094
9375577,2021,2022-01-12,1942,2021-11-24,1500,39058,1519,3,5,7,1942,0,0,0,O,0,26MQ22,VICTORY BL,AUCKLAND AV,0,NA,Y,A,-,N,NA,NA,NA,NA,NA,NA,NA,NA,NA,Y,3,0,1,2,A,-,01,23152,A,N,B,C,A,A,H,-,A,A,0,NA,NA,NA,NA,Y,Y,A,01,0,1,0,0,0,0,0,0,0,-,-,NA,NA,LOS ANGELES,LOS ANGELES,-118.36038208007813,34.18505096435547
9375578,2021,2022-01-04,1942,2021-11-24,1541,38947,1566,3,5,7,1942,0,0,0,O,0,26TL73,VINELAND AV,RIVERSIDE DR,0,NA,Y,A,-,N,NA,NA,NA,NA,NA,NA,NA,NA,NA,Y,2,0,4,2,A,-,12,21453,A,N,D,C,A,A,H,-,A,A,0,NA,NA,NA,NA,Y,NA,A,07,1,0,3,0,0,0,0,0,0,-,-,NA,NA,LOS ANGELES,LOS ANGELES,-118.37041473388672,34.152408599853516