CASE_ID,ACCIDENT_YEAR,PROC_DATE,JURIS,COLLISION_DATE,COLLISION_TIME,OFFICER_ID,REPORTING_DISTRICT,DAY_OF_WEEK,CHP_SHIFT,POPULATION,CNTY_CITY_LOC,SPECIAL_COND,BEAT_TYPE,CHP_BEAT_TYPE,CITY_DIVISION_LAPD,CHP_BEAT_CLASS,BEAT_NUMBER,PRIMARY_RD,SECONDARY_RD,DISTANCE,DIRECTION,INTERSECTION,WEATHER_1,WEATHER_2,STATE_HWY_IND,CALTRANS_COUNTY,CALTRANS_DISTRICT,STATE_ROUTE,ROUTE_SUFFIX,POSTMILE_PREFIX,POSTMILE,LOCATION_TYPE,RAMP_INTERSECTION,SIDE_OF_HWY,TOW_AWAY,COLLISION_SEVERITY,NUMBER_KILLED,NUMBER_INJURED,PARTY_COUNT,PRIMARY_COLL_FACTOR,PCF_CODE_OF_VIOL,PCF_VIOL_CATEGORY,PCF_VIOLATION,PCF_VIOL_SUBSECTION,HIT_AND_RUN,TYPE_OF_COLLISION,MVIW,PED_ACTION,ROAD_SURFACE,ROAD_COND_1,ROAD_COND_2,LIGHTING,CONTROL_DEVICE,CHP_ROAD_TYPE,PEDESTRIAN_ACCIDENT,BICYCLE_ACCIDENT,MOTORCYCLE_ACCIDENT,TRUCK_ACCIDENT,NOT_PRIVATE_PROPERTY,ALCOHOL_INVOLVED,STWD_VEHTYPE_AT_FAULT,CHP_VEHTYPE_AT_FAULT,COUNT_SEVERE_INJ,COUNT_VISIBLE_INJ,COUNT_COMPLAINT_PAIN,COUNT_PED_KILLED,COUNT_PED_INJURED,COUNT_BICYCLIST_KILLED,COUNT_BICYCLIST_INJURED,COUNT_MC_KILLED,COUNT_MC_INJURED,PRIMARY_RAMP,SECONDARY_RAMP,LATITUDE,LONGITUDE,COUNTY,CITY,POINT_X,POINT_Y
9376579,2021,2022-02-01,1941,2021-11-30,1544,10925,NA,2,5,7,1941,0,0,0,NA,0,NA,PACIFIC COAST HWY,CHESTNUT AV,0,NA,Y,A,-,N,NA,NA,NA,NA,NA,NA,NA,NA,NA,Y,4,0,1,2,A,-,-,NA,NA,N,D,C,A,A,H,-,A,D,0,NA,NA,NA,NA,Y,NA,A,NA,0,0,1,0,0,0,0,0,0,-,-,NA,NA,LOS ANGELES,LONG BEACH,-118.1964111328125,33.78987121582031
9376580,2021,2021-12-30,1941,2021-11-30,2221,11108,NA,2,5,7,1941,0,0,0,NA,0,NA,EAST 7TH ST,CERRITOS AV,84,E,N,A,-,N,NA,NA,NA,NA,NA,NA,NA,NA,NA,N,3,0,1,2,A,-,07,21658,A,N,G,E,A,A,H,-,C,D,0,NA,NA,Y,NA,Y,NA,O,NA,0,1,0,0,0,0,0,0,1,-,-,NA,NA,LOS ANGELES,LONG BEACH,-118.17770385742188,33.77534866333008
9376589,2021,2022-01-10,1926,2021-12-09,2102,0056,NA,4,5,5,1926,0,0,0,NA,0,003,RT 66,COMPROMISE LINE,720,W,N,B,-,N,NA,NA,NA,NA,NA,NA,NA,NA,NA,Y,3,0,2,1,A,-,08,22107,NA,N,E,I,A,B,H,-,C,D,0,NA,NA,NA,NA,Y,NA,A,01,0,2,0,0,0,0,0,0,0,-,-,34.12907028198242,-117.83309936523438,LOS ANGELES,GLENDORA,-117.83550262451172,34.12901306152344
9376590,2021,2022-01-10,1926,2021-12-08,1344,0043,NA,3,5,5,1926,0,0,0,NA,0,001,FOOTHILL BL,WASHINGTON AV,130,W,N,A,-,N,NA,NA,NA,NA,NA,NA,NA,NA,NA,Y,4,0,1,1,C,-,18,NA,NA,N,E,I,A,A,H,-,A,A,0,NA,NA,NA,NA,Y,NA,-,-,0,0,1,0,0,0,0,0,0,-,-,34.13600158691406,-117.86808013916016,LOS ANGELES,GLENDORA,-117.86973571777344,34.136016845703125
9376591,2021,2022-01-10,1926,2021-12-05,1714,0142,NA,7,5,5,1926,0,0,0,NA,0,003,RT 66,LORAINE AV,0,NA,Y,A,-,N,NA,NA,NA,NA,NA,NA,NA,NA,NA,Y,2,0,3,2,A,-,12,21453,A,N,D,C,A,A,H,-,C,A,0,NA,NA,NA,NA,Y,NA,A,01,1,2,0,0,0,0,0,0,0,-,-,34.128658294677734,-117.8482666015625,LOS ANGELES,GLENDORA,-117.8463897705078,34.12873840332031
9376641,2021,2021-12-22,1900,2021-10-31,2350,546526,1320,7,5,5,1935,0,0,0,NA,0,133A,DOWNEY AV,DEL AMO BL,0,NA,Y,A,-,N,NA,NA,NA,NA,NA,NA,NA,NA,NA,Y,4,0,1,2,A,-,12,21453,A,N,D,C,A,A,H,-,C,A,0,NA,NA,NA,NA,Y,NA,A,07,0,0,1,0,0,0,0,0,0,-,-,NA,NA,LOS ANGELES,LAKEWOOD,-118.15119934082033,33.84693908691406
9376642,2021,2021-12-22,1900,2021-10-18,1115,626647,1321,1,5,5,1935,0,0,0,NA,0,132,CANDLEWOOD ST,LAKEWOOD BL,5,W,N,B,-,N,NA,NA,NA,NA,NA,NA,NA,NA,NA,Y,4,0,2,2,A,-,12,21453,A,N,B,C,A,A,H,-,A,A,0,NA,NA,NA,NA,Y,NA,A,01,0,0,2,0,0,0,0,0,0,-,-,NA,NA,LOS ANGELES,LAKEWOOD,-118.14240264892578,33.85382843017578
9376643,2021,2021-12-22,1900,2021-10-09,0910,634400,1328,6,5,5,1935,0,0,0,NA,0,132T1,BLOOMFIELD AV,CENTRALIA ST,0,NA,Y,A,-,N,NA,NA,NA,NA,NA,NA,NA,NA,NA,N,3,0,1,2,D,-,00,NA,NA,N,D,G,A,A,H,-,A,A,0,NA,Y,NA,NA,Y,NA,-,-,0,1,0,0,0,0,1,0,0,-,-,NA,NA,LOS ANGELES,LAKEWOOD,-118.06348419189452,33.8387565612793
9376644,2021,2021-12-22,1900,2021-10-29,1231,546526,1329,5,5,5,1935,0,0,0,NA,0,132T1,DEL AMO BL,GRAYWOOD AV,520,W,N,A,-,N,NA,NA,NA,NA,NA,NA,NA,NA,NA,N,4,0,1,2,A,-,04,21703,NA,N,C,C,A,A,H,-,A,D,0,NA,NA,NA,NA,Y,NA,A,01,0,0,1,0,0,0,0,0,0,-,-,NA,NA,LOS ANGELES,LAKEWOOD,-118.13997650146484,33.84716796875
9376645,2021,2021-12-22,1900,2021-10-27,0607,642878,1123,3,5,6,1992,0,0,0,NA,0,111T1,GADSDEN AV,AVENUE K,285,N,N,A,-,N,NA,NA,NA,NA,NA,NA,NA,NA,NA,Y,4,0,1,2,A,-,08,22107,NA,N,C,E,A,-,H,-,B,D,0,NA,NA,NA,NA,Y,NA,A,01,0,0,1,0,0,0,0,0,0,-,-,NA,NA,LOS ANGELES,LANCASTER,-118.14351654052734,34.675689697265625
9376646,2021,2021-12-22,1900,2021-10-06,1415,543778,0533,3,5,5,1959,0,0,0,NA,0,53T1PM,GARVEY AV,EARLE AV,0,NA,Y,A,-,N,NA,NA,NA,NA,NA,NA,NA,NA,NA,N,3,0,1,2,A,-,09,21804,A,N,D,C,A,A,H,-,A,D,0,NA,NA,NA,NA,Y,NA,A,01,0,1,0,0,0,0,0,0,0,-,-,34.06264114379883,-118.0848388671875,LOS ANGELES,ROSEMEAD,-118.08516693115234,34.062660217285156
9376647,2021,2021-12-22,1900,2021-10-18,1231,551890,0531,1,5,5,1959,0,0,0,NA,0,53T1AM,TEMPLE CITY BL,LOFTUS DR,12,W,N,A,-,N,NA,NA,NA,NA,NA,NA,NA,NA,NA,N,4,0,1,2,A,-,08,22107,NA,N,D,C,A,A,H,-,A,A,0,NA,NA,NA,NA,Y,NA,A,08,0,0,1,0,0,0,0,0,0,-,-,34.07426071166992,-118.05859375,LOS ANGELES,ROSEMEAD,-118.0585479736328,34.07426071166992
9376650,2021,2021-12-22,1946,2021-10-03,1738,A7,1946,7,5,4,1946,0,0,0,NA,0,003,ROYAL OAKS DR,BRADBURY,131,E,N,A,-,N,NA,NA,NA,NA,NA,NA,NA,NA,NA,Y,4,0,1,2,A,-,03,22350,NA,N,B,E,A,A,H,-,A,D,0,NA,NA,NA,NA,Y,NA,-,-,0,0,1,0,0,0,0,0,0,-,-,NA,NA,LOS ANGELES,MONROVIA,-117.98153686523438,34.14321517944336
9376651,2021,2021-12-22,1946,2021-10-09,0131,P58,1946,6,5,4,1946,0,0,0,NA,0,001,FOOTHILL,MAYFLOWER,0,NA,Y,A,-,N,NA,NA,NA,NA,NA,NA,NA,NA,NA,Y,3,0,1,1,A,-,08,22107,NA,N,E,I,A,A,H,-,C,A,0,NA,NA,NA,NA,Y,NA,A,01,0,1,0,0,0,0,0,0,0,-,-,NA,NA,LOS ANGELES,MONROVIA,-118.009521484375,34.136226654052734
9376652,2021,2021-12-22,1946,2021-10-11,0648,P12,1946,1,5,4,1946,0,0,0,NA,0,003,MYRTLE,COLORADO,0,NA,Y,A,-,N,NA,NA,NA,NA,NA,NA,NA,NA,NA,N,4,0,1,2,A,-,12,21453,A,N,D,D,A,A,H,-,A,A,0,NA,NA,NA,NA,Y,NA,A,01,0,0,1,0,0,0,0,0,0,-,-,NA,NA,LOS ANGELES,MONROVIA,-118.0009307861328,34.14589309692383
9376653,2021,2021-12-22,1946,2021-10-12,0543,P21,PAS,2,5,4,1946,0,0,0,NA,0,002,DUARTE,PECK,0,NA,Y,A,-,N,NA,NA,NA,NA,NA,NA,NA,NA,NA,Y,4,0,3,2,A,-,12,21453,A,N,D,C,A,A,H,-,B,A,0,NA,NA,NA,NA,Y,NA,-,-,0,0,3,0,0,0,0,0,0,-,-,NA,NA,LOS ANGELES,MONROVIA,-118.00380706787108,34.13222122192383
9376654,2021,2021-12-22,1946,2021-10-13,1421,P41,1946,3,5,4,1946,0,0,0,NA,0,003,MOUNTAIN AV,ROYAL OAKS,0,NA,Y,A,-,N,NA,NA,NA,NA,NA,NA,NA,NA,NA,Y,4,0,1,2,A,-,12,21453,A,N,D,C,A,A,H,-,A,A,0,NA,NA,NA,NA,Y,NA,A,07,0,0,1,0,0,0,0,0,0,-,-,NA,NA,LOS ANGELES,MONROVIA,-117.98627471923828,34.143211364746094
9376655,2021,2021-12-22,1946,2021-10-25,1723,P56,NA,1,5,4,1946,0,0,0,NA,0,001,CALIFORNIA,COLORADO,15,N,N,C,-,N,NA,NA,NA,NA,NA,NA,NA,NA,NA,Y,4,0,1,2,A,-,12,22450,A,N,A,C,A,B,H,-,A,A,0,NA,NA,NA,NA,Y,NA,A,01,0,0,1,0,0,0,0,0,0,-,-,NA,NA,LOS ANGELES,MONROVIA,-117.99497985839844,34.14601135253906
9376661,2021,2021-12-28,1942,2021-11-24,1545,40317,1985,3,5,7,1942,0,0,0,NA,0,19X98,VAN NUYS BL,VAN NUYS BL 8300,0,NA,Y,A,-,N,NA,NA,NA,NA,NA,NA,NA,NA,NA,N,4,0,1,2,B,-,22,NA,NA,F,G,B,F,A,H,-,A,D,0,Y,NA,NA,NA,Y,NA,-,99,0,0,1,0,1,0,0,0,0,-,-,NA,NA,LOS ANGELES,LOS ANGELES,-118.44872283935548,34.165897369384766
9376662,2021,2021-12-28,1942,2021-11-29,0815,31688,1077,1,5,7,1942,0,0,0,J,0,26M33,VENTURA RD,LOUISE AV,0,E,N,A,-,N,NA,NA,NA,NA,NA,NA,NA,NA,NA,Y,3,0,1,1,A,-,08,22107,NA,N,E,I,A,A,H,-,A,D,0,NA,NA,NA,NA,Y,NA,A,01,0,1,0,0,0,0,0,0,0,-,-,NA,NA,LOS ANGELES,LOS ANGELES,-118.50979614257813,34.16084289550781
9376664,2021,2021-12-28,1900,2021-11-20,1738,536332,0813,6,5,4,1960,0,0,0,NA,0,81K2,BONITA AV,WALNUT AV,0,NA,Y,A,-,N,NA,NA,NA,NA,NA,NA,NA,NA,NA,Y,3,0,1,2,A,-,12,21453,A,N,A,C,A,A,H,-,A,A,0,NA,NA,NA,NA,Y,NA,A,01,0,1,0,0,0,0,0,0,0,-,-,34.106689453125,-117.80272674560548,LOS ANGELES,SAN DIMAS,-117.80276489257813,34.1066780090332
9376665,2021,2021-12-28,1900,2021-11-23,1950,647144,1335,2,5,5,1908,0,0,0,NA,0,133B,ARTESIA BL,DOWNEY AV,0,NA,Y,A,-,N,NA,NA,NA,NA,NA,NA,NA,NA,NA,Y,4,0,2,2,A,-,09,21801,A,N,D,C,A,A,H,-,C,A,0,NA,NA,NA,NA,Y,NA,A,01,0,0,2,0,0,0,0,0,0,-,-,NA,NA,LOS ANGELES,BELLFLOWER,-118.15129089355467,33.87466049194336
9376666,2021,2021-12-28,1900,2021-11-26,1640,637314,1320,5,5,5,1935,0,0,0,NA,0,132TW,SOUTH ST,HAYTER AV,548,W,N,A,-,N,NA,NA,NA,NA,NA,NA,NA,NA,NA,N,4,0,1,2,A,-,11,21955,NA,N,G,B,D,A,H,-,B,D,0,Y,NA,NA,NA,Y,NA,N,60,0,0,1,0,1,0,0,0,0,-,-,NA,NA,LOS ANGELES,LAKEWOOD,-118.1479721069336,33.860233306884766
9376667,2021,2021-12-28,1900,2021-11-25,2152,623020,1335,4,5,5,1908,0,0,0,NA,0,133T2,ARTESIA BL,ARTESIA CT,396,W,N,A,-,N,NA,NA,NA,NA,NA,NA,NA,NA,NA,Y,2,0,1,2,A,-,11,21954,A,N,G,B,D,A,H,-,C,D,0,Y,NA,NA,NA,Y,Y,N,60,1,0,0,0,1,0,0,0,0,-,-,33.874900817871094,-118.12239074707033,LOS ANGELES,BELLFLOWER,-118.1230697631836,33.874839782714844
9376668,2021,2021-12-28,1900,2021-11-24,1800,642100,1333,3,5,5,1908,0,0,0,NA,0,133T2,WOODRUFF AV,ALONDRA,200,N,N,A,-,N,NA,NA,NA,NA,NA,NA,NA,NA,NA,N,4,0,1,2,D,-,00,NA,NA,N,-,G,A,A,H,-,C,D,0,NA,Y,NA,NA,Y,Y,-,-,0,0,1,0,0,0,1,0,0,-,-,NA,NA,LOS ANGELES,BELLFLOWER,-118.11739349365234,33.88990783691406
9376669,2021,2021-12-28,1900,2021-11-19,0954,602250,1320,5,5,5,1935,0,0,0,NA,0,132T1,CANDLEWOOD ST,PARK DR,0,NA,Y,A,-,N,NA,NA,NA,NA,NA,NA,NA,NA,NA,N,3,0,1,2,D,-,00,NA,NA,N,H,G,A,A,H,-,A,D,0,NA,Y,NA,NA,Y,NA,-,-,0,1,0,0,0,0,1,0,0,-,-,33.84703063964844,-118.16072082519533,LOS ANGELES,LAKEWOOD,-118.1620635986328,33.85377883911133
9376670,2021,2021-12-28,1900,2021-11-20,2200,629510,1336,6,5,5,1908,0,0,0,NA,0,133T1,ARTESIA BL,RAMONA ST,0,NA,Y,A,-,N,NA,NA,NA,NA,NA,NA,NA,NA,NA,Y,4,0,1,2,A,-,09,21802,A,N,D,C,A,A,H,-,C,A,0,NA,NA,Y,NA,Y,NA,A,01,0,0,1,0,0,0,0,0,1,-,-,NA,NA,LOS ANGELES,BELLFLOWER,-118.11932373046876,33.87331008911133
9376671,2021,2021-12-28,1900,2021-11-13,0315,629510,1331,6,5,5,1908,0,0,0,NA,0,133T1,FOSTER RD,BELLFLOWER BL,0,NA,Y,A,-,N,NA,NA,NA,NA,NA,NA,NA,NA,NA,Y,4,0,1,2,A,-,12,21453,A,N,D,C,A,A,H,-,C,A,0,NA,NA,NA,NA,Y,Y,A,01,0,0,1,0,0,0,0,0,0,-,-,NA,NA,LOS ANGELES,BELLFLOWER,-118.12535858154295,33.909751892089844
9376672,2021,2021-12-28,1900,2021-11-03,1718,641161,1326,3,5,5,1935,0,0,0,NA,0,132E,SOUTH ST,WOODRUFF AV,85,E,N,A,-,N,NA,NA,NA,NA,NA,NA,NA,NA,NA,N,4,0,1,2,A,-,08,22100,A,N,H,G,A,A,H,-,A,D,0,NA,Y,NA,NA,Y,NA,A,07,0,0,1,0,0,0,1,0,0,-,-,NA,NA,LOS ANGELES,LAKEWOOD,-118.11679077148438,33.858280181884766
9376673,2021,2021-12-28,1900,2021-11-06,1232,512462,1334,6,5,5,1908,0,0,0,NA,0,133T1,WOODRUFF AV,MAPLE ST,0,NA,Y,A,-,N,NA,NA,NA,NA,NA,NA,NA,NA,NA,Y,4,0,1,4,A,-,03,22350,NA,N,C,C,A,A,H,-,A,D,0,NA,NA,NA,NA,Y,NA,A,01,0,0,1,0,0,0,0,0,0,-,-,NA,NA,LOS ANGELES,BELLFLOWER,-118.11731719970705,33.881221771240234
9376674,2021,2021-12-28,1900,2021-11-12,1900,407852,1323,5,5,5,1935,0,0,0,NA,0,132T1,PARAMOUNT BL,DEL AMO BL,175,S,N,A,-,N,NA,NA,NA,NA,NA,NA,NA,NA,NA,N,4,0,2,2,A,-,04,21703,NA,N,C,C,A,A,H,-,C,D,0,NA,NA,NA,NA,Y,NA,A,07,0,0,2,0,0,0,0,0,0,-,-,NA,NA,LOS ANGELES,LAKEWOOD,-118.15989685058594,33.84653091430664
9376675,2021,2021-12-28,1900,2021-11-07,1815,648679,1331,7,5,5,1908,0,0,0,NA,0,133D,ROSECRANS AV,MCNAB AV,25,E,N,A,-,N,NA,NA,NA,NA,NA,NA,NA,NA,NA,Y,4,0,1,3,A,-,03,22350,NA,N,C,C,A,A,H,-,C,A,0,NA,NA,NA,NA,Y,NA,A,07,0,0,1,0,0,0,0,0,0,-,-,NA,NA,LOS ANGELES,BELLFLOWER,-118.11300659179688,33.90203857421875
9376676,2021,2021-12-28,1900,2021-11-05,1535,546526,1323,5,5,5,1935,0,0,0,NA,0,132T1,DEL AMO BL,PARAMOUNT BL,65,E,N,A,-,N,NA,NA,NA,NA,NA,NA,NA,NA,NA,N,2,0,1,2,A,-,08,22107,NA,N,C,G,A,-,H,-,A,D,0,NA,Y,NA,NA,Y,NA,A,01,1,0,0,0,0,0,1,0,0,-,-,NA,NA,LOS ANGELES,LAKEWOOD,-118.15967559814452,33.84701156616211
9376677,2021,2021-12-28,1900,2021-11-03,1323,613235,1335,3,5,5,1908,0,0,0,NA,0,133H,DOWNEY AV,CEDAR ST,0,NA,Y,A,-,N,NA,NA,NA,NA,NA,NA,NA,NA,NA,Y,3,0,1,3,A,-,09,21801,A,N,A,C,A,A,H,-,A,A,0,NA,NA,NA,NA,Y,NA,A,01,0,1,0,0,0,0,0,0,0,-,-,NA,NA,LOS ANGELES,BELLFLOWER,-118.15129089355467,33.87105941772461
9376678,2021,2021-12-28,1900,2021-11-06,0340,629510,1333,6,5,5,1908,0,0,0,NA,0,133T1,MCNAB AV,ALONDRA BL,0,NA,Y,A,-,N,NA,NA,NA,NA,NA,NA,NA,NA,NA,Y,4,0,1,2,A,-,08,22107,NA,M,-,C,A,A,H,-,C,A,0,NA,NA,NA,NA,Y,NA,A,01,0,0,1,0,0,0,0,0,0,-,-,NA,NA,LOS ANGELES,BELLFLOWER,-118.11302185058594,33.88836669921875
9376679,2021,2021-12-28,1900,2021-11-26,2205,615096,1326,5,5,5,1935,0,0,0,NA,0,132T1,SOUTH ST,PALO VERDE AV,260,E,N,A,-,N,NA,NA,NA,NA,NA,NA,NA,NA,NA,Y,3,0,1,2,A,-,03,22350,NA,N,C,C,A,A,H,-,C,D,0,NA,NA,NA,NA,Y,NA,A,01,0,1,0,0,0,0,0,0,0,-,-,NA,NA,LOS ANGELES,LAKEWOOD,-118.10748291015624,33.85829162597656
9376680,2021,2021-12-28,1900,2021-11-15,1530,601707,1369,1,5,5,1952,0,0,0,NA,0,136,DOWNEY AV,ADAMS ST,0,NA,Y,A,-,N,NA,NA,NA,NA,NA,NA,NA,NA,NA,Y,3,0,3,2,A,-,08,22107,A,N,D,C,A,A,H,-,A,D,0,NA,NA,NA,NA,Y,NA,A,01,0,3,0,0,0,0,0,0,0,-,-,33.894859313964844,-118.15144348144533,LOS ANGELES,PARAMOUNT,-118.15149688720705,33.89486312866211
9376681,2021,2021-12-31,1900,2021-11-29,1320,548796,1324,1,5,5,1935,0,0,0,NA,0,132H,WOODRUFF AV,HARVEY WY,45,S,N,A,-,N,NA,NA,NA,NA,NA,NA,NA,NA,NA,N,3,0,1,3,A,-,09,21801,A,N,D,C,A,A,H,-,A,A,0,NA,NA,NA,NA,Y,NA,A,01,0,1,0,0,0,0,0,0,0,NO,-,NA,NA,LOS ANGELES,LAKEWOOD,-118.11672973632813,33.836021423339844
9376686,2021,2021-12-31,1900,2021-11-10,1640,547820,1332,3,5,5,1908,0,0,0,NA,0,133F1,WOODRUFF AV,ALONDRA BL,150,N,N,A,-,N,NA,NA,NA,NA,NA,NA,NA,NA,NA,N,3,0,1,2,A,-,09,21804,A,N,A,C,A,A,H,-,A,D,0,NA,Y,NA,NA,Y,NA,L,04,0,1,0,0,0,0,1,0,0,-,-,NA,NA,LOS ANGELES,BELLFLOWER,-118.11739349365234,33.8897705078125
9376687,2021,2022-01-12,1900,2021-11-13,2337,546526,1334,6,5,5,1908,0,0,0,NA,0,133A,ALONDRA BL,CLARK AV,15,W,N,-,-,N,NA,NA,NA,NA,NA,NA,NA,NA,NA,Y,4,0,1,2,A,-,04,21703,NA,M,C,C,A,-,H,-,C,A,0,NA,NA,NA,NA,Y,NA,A,07,0,0,1,0,0,0,0,0,0,-,-,NA,NA,LOS ANGELES,BELLFLOWER,-118.13402557373048,33.88930130004883
9376688,2021,2021-12-31,1900,2021-11-16,1438,650100,1365,2,5,5,1952,0,0,0,NA,0,136A,SOMERSET BL,ORIZABA AV,10,W,N,A,-,N,NA,NA,NA,NA,NA,NA,NA,NA,NA,Y,4,0,1,2,A,-,12,21453,A,N,D,C,A,A,H,-,A,A,0,NA,NA,NA,NA,Y,NA,A,01,0,0,1,0,0,0,0,0,0,-,-,NA,NA,LOS ANGELES,PARAMOUNT,-118.15748596191406,33.89636993408203
9376689,2021,2021-12-31,1900,2021-11-17,0915,525117,1324,3,5,5,1935,0,0,0,NA,0,132T1D,HARVEY WY,PALO VERDE AV,0,NA,Y,A,-,N,NA,NA,NA,NA,NA,NA,NA,NA,NA,N,3,0,2,2,D,-,00,NA,NA,N,D,C,A,A,H,-,A,D,0,NA,NA,NA,NA,Y,NA,-,-,0,2,0,0,0,0,0,0,0,-,-,NA,NA,LOS ANGELES,LAKEWOOD,-118.10774993896484,33.836002349853516
9376690,2021,2021-12-31,1900,2021-11-23,0719,624032,1328,2,5,5,1935,0,0,0,NA,0,132T2,BLOOMFIELD AV,LEMMING ST,10,N,N,A,-,N,NA,NA,NA,NA,NA,NA,NA,NA,NA,Y,4,0,1,1,A,-,03,22350,NA,N,A,I,A,A,H,-,A,D,0,NA,NA,NA,NA,Y,NA,A,01,0,0,1,0,0,0,0,0,0,-,-,NA,NA,LOS ANGELES,LAKEWOOD,-118.06346893310548,33.84123611450195
9376691,2021,2021-12-31,1900,2021-11-22,1205,466331,1337,1,5,5,1908,0,0,0,NA,0,133T1D,BELLFLOWER BL,HARVARD ST,250,S,N,A,-,N,NA,NA,NA,NA,NA,NA,NA,NA,NA,Y,3,0,1,2,D,-,00,NA,NA,N,D,C,A,A,H,-,A,D,0,NA,NA,NA,NA,Y,NA,-,-,0,1,0,0,0,0,0,0,0,-,-,NA,NA,LOS ANGELES,BELLFLOWER,-118.12532806396484,33.88775634765625
9376692,2021,2021-12-31,1900,2021-11-24,0205,629491,1365,3,5,5,1952,0,0,0,NA,0,136B,PARAMOUNT BL,HOWE ST,63,N,N,A,-,N,NA,NA,NA,NA,NA,NA,NA,NA,NA,Y,3,0,1,2,A,-,09,21801,A,N,D,C,A,A,H,-,C,A,0,NA,NA,NA,NA,Y,NA,A,08,0,1,0,0,0,0,0,0,0,-,-,33.90747833251953,-118.16017150878906,LOS ANGELES,PARAMOUNT,-118.16027069091795,33.9074821472168
9376693,2021,2021-12-31,1900,2021-11-13,1022,602250,1321,6,5,5,1935,0,0,0,NA,0,132T1,WOODRUFF AV,SOUTH ST,685,S,N,A,-,N,NA,NA,NA,NA,NA,NA,NA,NA,NA,Y,4,0,1,2,A,-,09,21804,A,N,D,C,A,A,H,-,A,D,0,NA,NA,NA,NA,Y,NA,A,07,0,0,1,0,0,0,0,0,0,-,-,NA,NA,LOS ANGELES,LAKEWOOD,-118.11705780029295,33.85640335083008
9376694,2021,2021-12-31,1900,2021-11-29,1444,510509,1134,1,5,6,1992,0,0,0,NA,0,112T4,AVE K,CHALLENGER WY,211,W,N,A,-,N,NA,NA,NA,NA,NA,NA,NA,NA,NA,N,4,0,1,2,A,-,03,22350,NA,N,C,C,A,A,H,-,A,D,0,NA,NA,NA,NA,Y,NA,A,01,0,0,1,0,0,0,0,0,0,-,-,NA,NA,LOS ANGELES,LANCASTER,-118.11309051513672,34.67499923706055
9376695,2021,2021-12-31,1900,2021-11-29,1040,627967,1192,1,5,6,1992,0,0,0,NA,0,111T4,20TH ST WEST,AVE L,0,NA,Y,A,-,N,NA,NA,NA,NA,NA,NA,NA,NA,NA,Y,4,0,5,2,A,-,09,21801,A,N,D,C,A,A,H,-,A,A,0,NA,NA,NA,NA,Y,NA,-,NA,0,0,5,0,0,0,0,0,0,-,-,NA,NA,LOS ANGELES,LANCASTER,-118.16564178466795,34.660404205322266
9376696,2021,2021-12-31,1900,2021-11-27,1455,629461,1134,6,5,6,1992,0,0,0,NA,0,112T2,6TH ST EAST,AVE K-4,321,N,N,A,-,N,NA,NA,NA,NA,NA,NA,NA,NA,NA,Y,3,0,1,1,A,-,01,23152,A,N,E,I,A,A,H,-,A,D,0,NA,NA,NA,NA,Y,Y,A,01,0,1,0,0,0,0,0,0,0,-,-,NA,NA,LOS ANGELES,LANCASTER,-118.1201629638672,34.67588806152344
9376697,2021,2021-12-31,1900,2021-11-29,1532,510509,1137,1,5,6,1992,0,0,0,NA,0,112T4,17TH ST EAST,LAUTERBACH ST,196,N,N,A,-,N,NA,NA,NA,NA,NA,NA,NA,NA,NA,N,3,0,1,3,A,-,01,23152,A,M,E,C,A,A,H,-,A,D,0,NA,NA,NA,NA,Y,Y,A,01,0,1,0,0,0,0,0,0,0,-,-,NA,NA,LOS ANGELES,LANCASTER,-118.0990753173828,34.67649841308594
9376698,2021,2021-12-31,1900,2021-11-29,1530,510509,1137,1,5,6,1992,0,0,0,NA,0,112T4,17TH ST EAST,LAUTERBACH ST,203,N,N,A,-,N,NA,NA,NA,NA,NA,NA,NA,NA,NA,N,4,0,1,1,A,-,01,23152,A,M,E,I,A,A,H,-,A,D,0,NA,NA,NA,NA,Y,Y,A,01,0,0,1,0,0,0,0,0,0,-,-,NA,NA,LOS ANGELES,LANCASTER,-118.0990753173828,34.676517486572266
9376699,2021,2021-12-31,1900,2021-11-30,1548,647475,1192,2,5,6,1992,0,0,0,NA,0,111T2,30TH ST WEST,AVE L-8,35,N,N,A,-,N,NA,NA,NA,NA,NA,NA,NA,NA,NA,Y,3,0,2,2,A,-,04,21703,NA,N,C,C,A,A,H,-,A,A,0,NA,NA,NA,NA,Y,NA,A,01,0,1,1,0,0,0,0,0,0,-,-,NA,NA,LOS ANGELES,LANCASTER,-118.18325805664064,34.65305709838867
9376700,2021,2022-01-03,1900,2021-11-07,1236,530855,0521,7,5,4,1971,0,0,0,NA,0,52T1AM,TEMPLE CITY BL,GARIBALDI AV,390,N,N,A,-,N,NA,NA,NA,NA,NA,NA,NA,NA,NA,Y,4,0,2,2,A,-,09,21804,A,N,D,C,A,A,H,-,A,D,0,NA,NA,NA,NA,Y,NA,A,01,0,0,2,0,0,0,0,0,0,-,-,34.1114616394043,-118.06183624267578,LOS ANGELES,TEMPLE CITY,-118.0618133544922,34.111297607421875
9376701,2021,2021-12-23,1900,2021-11-01,2009,600129,0530,1,5,5,1959,0,0,0,NA,0,53T1PM,VALLEY BL,MISSION DR,0,NA,Y,A,-,N,NA,NA,NA,NA,NA,NA,NA,NA,NA,Y,3,0,1,2,A,-,09,21801,A,N,D,C,A,A,H,-,C,A,0,NA,NA,NA,NA,Y,NA,A,01,0,1,0,0,0,0,0,0,0,-,-,34.081119537353516,-118.0653076171875,LOS ANGELES,ROSEMEAD,-118.06533050537108,34.081119537353516
9376702,2021,2021-12-23,1900,2021-11-20,1800,543778,0530,6,5,5,1959,0,0,0,NA,0,53T1PM,WALNUT GROVE AV,MISSION DR,0,NA,Y,A,-,N,NA,NA,NA,NA,NA,NA,NA,NA,NA,Y,3,0,4,2,A,-,09,21801,A,N,D,C,A,A,H,-,C,A,0,NA,NA,NA,NA,Y,NA,A,07,0,4,0,0,0,0,0,0,0,-,-,34.0877799987793,-118.08219909667967,LOS ANGELES,ROSEMEAD,-118.08213043212892,34.08776092529297
9376703,2021,2021-12-23,1900,2021-11-27,1812,600129,0523,6,5,4,1971,0,0,0,NA,0,52T1PM,LAS TUNAS DR,KAUFFMAN AV,12,W,N,A,-,N,NA,NA,NA,NA,NA,NA,NA,NA,NA,Y,2,0,1,2,A,-,11,21955,NA,N,G,B,A,A,H,-,C,A,0,NA,NA,NA,NA,Y,NA,-,NA,1,0,0,0,0,0,0,0,0,-,-,34.10707092285156,-118.05818939208984,LOS ANGELES,TEMPLE CITY,-118.05809783935548,34.107086181640625