CASE_ID,ACCIDENT_YEAR,PROC_DATE,JURIS,COLLISION_DATE,COLLISION_TIME,OFFICER_ID,REPORTING_DISTRICT,DAY_OF_WEEK,CHP_SHIFT,POPULATION,CNTY_CITY_LOC,SPECIAL_COND,BEAT_TYPE,CHP_BEAT_TYPE,CITY_DIVISION_LAPD,CHP_BEAT_CLASS,BEAT_NUMBER,PRIMARY_RD,SECONDARY_RD,DISTANCE,DIRECTION,INTERSECTION,WEATHER_1,WEATHER_2,STATE_HWY_IND,CALTRANS_COUNTY,CALTRANS_DISTRICT,STATE_ROUTE,ROUTE_SUFFIX,POSTMILE_PREFIX,POSTMILE,LOCATION_TYPE,RAMP_INTERSECTION,SIDE_OF_HWY,TOW_AWAY,COLLISION_SEVERITY,NUMBER_KILLED,NUMBER_INJURED,PARTY_COUNT,PRIMARY_COLL_FACTOR,PCF_CODE_OF_VIOL,PCF_VIOL_CATEGORY,PCF_VIOLATION,PCF_VIOL_SUBSECTION,HIT_AND_RUN,TYPE_OF_COLLISION,MVIW,PED_ACTION,ROAD_SURFACE,ROAD_COND_1,ROAD_COND_2,LIGHTING,CONTROL_DEVICE,CHP_ROAD_TYPE,PEDESTRIAN_ACCIDENT,BICYCLE_ACCIDENT,MOTORCYCLE_ACCIDENT,TRUCK_ACCIDENT,NOT_PRIVATE_PROPERTY,ALCOHOL_INVOLVED,STWD_VEHTYPE_AT_FAULT,CHP_VEHTYPE_AT_FAULT,COUNT_SEVERE_INJ,COUNT_VISIBLE_INJ,COUNT_COMPLAINT_PAIN,COUNT_PED_KILLED,COUNT_PED_INJURED,COUNT_BICYCLIST_KILLED,COUNT_BICYCLIST_INJURED,COUNT_MC_KILLED,COUNT_MC_INJURED,PRIMARY_RAMP,SECONDARY_RAMP,LATITUDE,LONGITUDE,COUNTY,CITY,POINT_X,POINT_Y
9382833,2021,2021-12-31,1900,2021-11-09,1837,476466,0647,2,5,6,1985,0,0,0,NA,0,61T1,GOLDEN VALLEY RD,CENTER POINTE PKWY,12,N,N,A,-,N,NA,NA,NA,NA,NA,NA,NA,NA,NA,Y,4,0,1,2,A,-,04,21703,NA,N,C,C,A,A,H,-,C,A,0,NA,NA,NA,NA,Y,NA,D,22,0,0,1,0,0,0,0,0,0,-,-,34.412750244140625,-118.50212860107422,LOS ANGELES,SANTA CLARITA,-118.50227355957033,34.4127311706543
9382834,2021,2022-01-11,1900,2021-12-06,1915,508705,0617,1,5,6,1985,0,0,0,NA,0,61T1,VIA PRINCESSA,WHITES CANYON RD,56,E,N,A,-,N,NA,NA,NA,NA,NA,NA,NA,NA,NA,Y,3,0,1,4,A,-,03,22350,NA,N,C,C,A,A,H,-,C,D,0,NA,NA,NA,NA,Y,NA,D,22,0,1,0,0,0,0,0,0,0,-,-,34.4099006652832,-118.4748992919922,LOS ANGELES,SANTA CLARITA,-118.47509765625,34.41006088256836
9382843,2021,2021-12-31,1956,2021-11-19,0303,1339,57,5,5,5,1956,0,0,0,NA,0,004,GREEN LN,GATES AV,15,S,N,A,-,N,NA,NA,NA,NA,NA,NA,NA,NA,NA,Y,4,0,1,2,A,-,03,22350,NA,F,E,I,A,A,H,-,C,A,0,NA,NA,NA,NA,Y,NA,A,01,0,0,1,0,0,0,0,0,0,-,-,NA,NA,LOS ANGELES,REDONDO BEACH,-118.37700653076172,33.87841033935547
9382847,2021,2021-12-31,1956,2021-11-30,0813,1183,13,2,5,5,1956,0,0,0,NA,0,001,PROSPECT AV,PEARL ST,470,NA,N,E,-,N,NA,NA,NA,NA,NA,NA,NA,NA,NA,N,4,0,1,2,C,-,18,NA,NA,N,A,E,A,B,H,-,A,D,0,NA,NA,NA,NA,Y,NA,-,-,0,0,1,0,0,0,0,0,0,-,-,NA,NA,LOS ANGELES,REDONDO BEACH,-118.37625885009766,33.83504104614258
9382851,2021,2021-12-31,1900,2021-11-19,1620,480759,0644,5,5,6,1985,0,0,0,NA,0,64T1,MAGIC MOUNTAIN PKWY,TOURNEY RD,340,E,N,A,-,N,NA,NA,NA,NA,NA,NA,NA,NA,NA,N,4,0,1,2,D,-,00,NA,NA,N,B,C,A,A,H,-,A,D,0,NA,NA,NA,NA,Y,NA,-,-,0,0,1,0,0,0,0,0,0,-,-,34.42409896850586,-118.5784912109375,LOS ANGELES,SANTA CLARITA,-118.57891082763672,34.42405700683594
9382860,2021,2022-01-10,1900,2021-11-19,0320,552104,2117,5,5,5,1943,0,0,0,NA,0,212T4,BULLIS RD,BURTON AV,15,N,N,A,-,N,NA,NA,NA,NA,NA,NA,NA,NA,NA,Y,2,0,1,2,A,-,08,22107,NA,N,C,E,A,A,H,-,C,A,0,NA,NA,NA,Y,Y,NA,A,01,1,0,0,0,0,0,0,0,0,-,-,NA,NA,LOS ANGELES,LYNWOOD,-118.20499420166016,33.9149169921875
9382863,2021,2022-01-11,1900,2021-12-02,0915,611158,2113,4,5,5,1943,0,0,0,NA,0,212T4,ABBOTT RD,SAMPSON AV,0,NA,Y,B,-,N,NA,NA,NA,NA,NA,NA,NA,NA,NA,N,4,0,1,2,D,-,00,NA,NA,N,D,G,A,A,H,-,A,A,0,NA,Y,NA,NA,Y,NA,-,-,0,0,1,0,0,0,1,0,0,-,-,NA,NA,LOS ANGELES,LYNWOOD,-118.1898193359375,33.93461608886719
9382868,2021,2022-01-11,1920,2021-12-07,1745,13965,NA,2,5,6,1920,0,0,0,NA,0,006,PATTON RD,CAVEL ST,0,NA,Y,A,-,N,NA,NA,NA,NA,NA,NA,NA,NA,NA,N,4,0,3,3,A,-,08,22107,NA,N,A,C,A,A,H,-,C,A,0,NA,NA,NA,NA,Y,NA,A,01,0,0,3,0,0,0,0,0,0,-,-,NA,NA,LOS ANGELES,DOWNEY,-118.13512420654295,33.9273796081543
9382869,2021,2022-01-11,1920,2021-12-09,1751,13742,DOWNE,4,5,6,1920,0,0,0,NA,0,004,LITTLE LAKE RD,FLORENCE AV,0,NA,Y,A,-,N,NA,NA,NA,NA,NA,NA,NA,NA,NA,N,4,0,1,2,A,-,00,20002,A,N,D,C,A,A,H,-,C,A,0,NA,NA,NA,NA,Y,NA,A,01,0,0,1,0,0,0,0,0,0,-,-,NA,NA,LOS ANGELES,DOWNEY,-118.09896087646484,33.938270568847656
9382872,2021,2022-01-11,1920,2021-12-02,1328,12605,1920,4,5,6,1920,0,0,0,NA,0,006,DOWNEY AV,ADOREE ST,0,NA,Y,A,-,N,NA,NA,NA,NA,NA,NA,NA,NA,NA,Y,4,0,3,3,A,-,09,21802,A,N,D,C,A,A,H,-,A,A,0,NA,NA,NA,NA,Y,NA,A,01,0,0,3,0,0,0,0,0,0,-,-,NA,NA,LOS ANGELES,DOWNEY,-118.14884185791016,33.918739318847656
9382891,2021,2022-01-05,1956,2021-12-06,0751,1183,26,1,5,5,1956,0,0,0,NA,0,002,PROSPECT AV,DEL AMO ST,0,NA,Y,E,-,N,NA,NA,NA,NA,NA,NA,NA,NA,NA,Y,4,0,2,2,A,-,12,21453,A,N,D,C,A,A,H,-,A,A,0,NA,NA,NA,NA,Y,NA,A,07,0,0,2,0,0,0,0,0,0,-,-,NA,NA,LOS ANGELES,REDONDO BEACH,-118.37754821777344,33.84847640991211
9382892,2021,2022-01-05,1956,2021-12-07,1848,1381,24,2,5,5,1956,0,0,0,NA,0,002,N CATALINA AV,N GERTRUDA AV,0,NA,Y,A,-,N,NA,NA,NA,NA,NA,NA,NA,NA,NA,N,3,0,1,2,A,-,10,21950,A,N,G,B,B,A,H,-,C,A,0,Y,NA,NA,NA,Y,NA,A,01,0,1,0,0,1,0,0,0,0,-,-,NA,NA,LOS ANGELES,REDONDO BEACH,-118.39122009277344,33.851016998291016
9382893,2021,2022-01-05,1956,2021-12-07,1750,1286,43,2,5,5,1956,0,0,0,NA,0,003,GRANT AV,MACKAY LN,0,NA,Y,A,-,N,NA,NA,NA,NA,NA,NA,NA,NA,NA,N,4,0,1,3,A,-,10,21950,A,N,G,B,B,A,H,-,C,A,0,Y,NA,NA,NA,Y,NA,A,01,0,0,1,0,1,0,0,0,0,-,-,33.8690299987793,-118.36853790283205,LOS ANGELES,REDONDO BEACH,-118.36853790283205,33.86903381347656
9382894,2021,2022-01-25,1956,2021-12-10,2158,1332,70,5,5,5,1956,0,0,0,NA,0,00P,N HARBOR DR,N PACIFIC AV,30,W,N,A,-,N,NA,NA,NA,NA,NA,NA,NA,NA,NA,Y,4,0,1,1,A,-,01,23152,A,N,E,I,A,A,H,-,C,D,0,NA,NA,NA,NA,Y,Y,A,01,0,0,1,0,0,0,0,0,0,-,-,NA,NA,LOS ANGELES,REDONDO BEACH,-118.39212799072266,33.843719482421875
9382895,2021,2022-01-05,1956,2021-12-10,0810,1244,1,5,5,5,1956,0,0,0,NA,0,001,PALOS VERDES BL,CATALINA AV,0,NA,Y,A,-,N,NA,NA,NA,NA,NA,NA,NA,NA,NA,N,3,0,1,2,A,-,10,21950,A,N,G,B,B,A,H,-,A,A,0,Y,NA,NA,NA,Y,NA,A,01,0,1,0,0,1,0,0,0,0,-,-,33.81523895263672,-118.3863525390625,LOS ANGELES,REDONDO BEACH,-118.38658905029295,33.81540298461914
9382896,2021,2022-01-25,1956,2021-12-09,0247,1381,43,4,5,5,1956,0,0,0,NA,0,003,CARNEGIE LN,SLAUSON LN,0,NA,Y,A,-,N,NA,NA,NA,NA,NA,NA,NA,NA,NA,Y,4,0,1,5,A,-,12,22450,A,N,D,C,A,A,H,-,C,A,0,NA,NA,NA,NA,Y,NA,A,01,0,0,1,0,0,0,0,0,0,-,-,NA,NA,LOS ANGELES,REDONDO BEACH,-118.37065887451172,33.870941162109375
9382914,2021,2022-01-07,1925,2021-12-02,1302,25649,264,4,5,6,1925,0,0,0,NA,0,002,PACIFIC AV,OAK ST,60,S,N,A,-,N,NA,NA,NA,NA,NA,NA,NA,NA,NA,Y,4,0,1,2,A,-,08,22107,NA,N,B,C,A,A,H,-,A,D,0,NA,NA,NA,NA,Y,NA,-,-,0,0,1,0,0,0,0,0,0,-,-,NA,NA,LOS ANGELES,GLENDALE,-118.26412963867188,34.1431999206543
9383085,2021,2021-12-27,1953,2021-11-15,2200,8426,1953,1,5,6,1953,0,0,0,NA,0,3L11,FILLMORE ST,ARROYO PKWY,0,NA,Y,A,-,N,NA,NA,NA,NA,NA,NA,NA,NA,NA,Y,4,0,1,3,A,-,12,21453,A,N,D,C,A,A,H,-,C,D,0,NA,NA,NA,NA,Y,NA,A,01,0,0,1,0,0,0,0,0,0,-,-,NA,NA,LOS ANGELES,PASADENA,-118.14724731445313,34.132957458496094
9383118,2021,2021-12-28,1900,2021-11-17,0915,482931,0613,3,5,6,1985,0,0,0,NA,0,61T1,SOLEDAD CANYON RD,CROSSGLADE AV,0,NA,Y,A,-,N,NA,NA,NA,NA,NA,NA,NA,NA,NA,N,4,0,1,2,A,-,10,21950,A,N,G,B,B,A,H,-,A,A,0,Y,NA,NA,NA,Y,NA,A,08,0,0,1,0,1,0,0,0,0,-,-,34.41579055786133,-118.46653747558594,LOS ANGELES,SANTA CLARITA,-118.46637725830078,34.41567611694336
9383141,2021,2021-12-31,1900,2021-11-04,1000,614034,0642,4,5,6,1985,0,0,0,NA,0,64T1,MCBEAN PKWY,NEWHALL RANCH RD,25,S,N,A,-,N,NA,NA,NA,NA,NA,NA,NA,NA,NA,N,4,0,1,2,A,-,03,22350,NA,N,C,C,A,A,H,-,A,D,0,NA,NA,NA,NA,Y,NA,A,01,0,0,1,0,0,0,0,0,0,-,-,34.4310302734375,-118.557861328125,LOS ANGELES,SANTA CLARITA,-118.55777740478516,34.43129348754883
9383142,2021,2021-12-31,1900,2021-11-04,2206,647593,0643,4,5,6,1985,0,0,0,NA,0,061,NEWHALL RANCH RD,GOLDEN VALLEY RD,0,NA,Y,A,-,N,NA,NA,NA,NA,NA,NA,NA,NA,NA,Y,4,0,2,2,A,-,12,21453,A,N,D,C,A,A,H,-,C,A,0,NA,NA,NA,NA,Y,NA,A,07,0,0,2,0,0,0,0,0,0,-,-,34.42641830444336,-118.5072021484375,LOS ANGELES,SANTA CLARITA,-118.5073013305664,34.42685317993164
9383143,2021,2022-01-06,1900,2021-11-07,0730,623587,0637,7,5,6,1985,0,0,0,NA,0,61T1,GOLDEN VALLEY RD,RT 14,0,NA,Y,A,-,Y,LA,7,14,-,R,29.935,R,4,S,N,3,0,1,2,A,-,12,21453,A,N,D,C,A,A,H,-,A,A,0,NA,NA,NA,NA,Y,NA,A,08,0,1,0,0,0,0,0,0,0,-,SF,34.39308166503906,-118.47351837158205,LOS ANGELES,SANTA CLARITA,-118.46906280517578,34.394596099853516
9383144,2021,2021-12-31,1900,2021-11-06,1358,476466,0631,6,5,6,1985,0,0,0,NA,0,61T1,SIERRA HWY,AMERICAN BEAUTY DR,626,S,N,A,-,N,NA,NA,NA,NA,NA,NA,NA,NA,NA,N,3,0,2,2,C,-,18,NA,NA,N,C,C,A,A,H,-,A,D,0,NA,NA,NA,NA,Y,NA,-,-,0,1,1,0,0,0,0,0,0,-,-,34.42097091674805,-118.4533920288086,LOS ANGELES,SANTA CLARITA,-118.45323944091795,34.42118835449219
9383145,2021,2021-12-31,1900,2021-11-05,2300,625432,0612,5,5,6,1985,0,0,0,NA,0,62T1,SKYLINE RANCH RD,STRATUS ST,0,NA,Y,A,-,N,NA,NA,NA,NA,NA,NA,NA,NA,NA,Y,4,0,1,1,A,-,01,23152,A,N,E,I,A,A,H,-,C,D,0,NA,NA,NA,NA,Y,Y,A,01,0,0,1,0,0,0,0,0,0,-,-,34.44002151489258,-118.45797729492188,LOS ANGELES,SANTA CLARITA,-118.4578094482422,34.44026565551758
9383146,2021,2022-01-03,1900,2021-11-30,1920,527057,0640,2,5,6,1985,0,0,0,NA,0,64T1,PLUM CANYON RD,RODGERS DR,29,W,N,A,-,N,NA,NA,NA,NA,NA,NA,NA,NA,NA,Y,4,0,1,2,A,-,03,22350,NA,N,C,C,A,A,H,-,C,D,0,NA,NA,NA,NA,Y,NA,A,01,0,0,1,0,0,0,0,0,0,-,-,34.4487190246582,-118.49358367919922,LOS ANGELES,SANTA CLARITA,-118.4936752319336,34.448673248291016
9383147,2021,2022-01-03,1900,2021-11-30,1521,476466,0617,2,5,6,1985,0,0,0,NA,0,61T1,GOLDEN VALLEY RD,CENTER POINTE PKWY,0,S,N,A,-,N,NA,NA,NA,NA,NA,NA,NA,NA,NA,N,4,0,1,2,A,-,04,21703,NA,N,C,C,A,A,H,-,A,D,0,NA,NA,NA,NA,Y,NA,A,01,0,0,1,0,0,0,0,0,0,-,-,34.411109924316406,-118.50231170654295,LOS ANGELES,SANTA CLARITA,-118.50228118896484,34.412696838378906
9383157,2021,2022-01-03,1975,2021-11-30,1743,1007,NA,2,5,6,1975,0,0,0,NA,0,NA,AMAR RD,AZUSA AV,180,E,N,A,-,N,NA,NA,NA,NA,NA,NA,NA,NA,NA,N,4,0,2,2,A,-,03,22350,NA,N,C,C,A,A,H,-,A,A,0,NA,NA,NA,NA,Y,NA,A,01,0,0,2,0,0,0,0,0,0,-,-,34.03144836425781,-117.91472625732422,LOS ANGELES,WEST COVINA,-117.9148178100586,34.03145980834961
9383158,2021,2022-01-03,1975,2021-11-28,1113,447,NA,7,5,6,1975,0,0,0,NA,0,004,MERCED AV,WALNUT AV,291,E,N,A,-,N,NA,NA,NA,NA,NA,NA,NA,NA,NA,N,4,0,2,2,A,-,03,22350,NA,N,C,C,A,A,H,-,A,A,0,NA,NA,NA,NA,Y,NA,A,01,0,0,2,0,0,0,0,0,0,-,-,34.054100036621094,-117.93424224853516,LOS ANGELES,WEST COVINA,-117.93328857421876,34.05406188964844
9383159,2021,2022-01-13,1975,2021-11-24,1126,475,NA,3,5,6,1975,0,0,0,NA,0,004,MERCED AV,WALNUT AV,0,NA,Y,A,-,N,NA,NA,NA,NA,NA,NA,NA,NA,NA,Y,4,0,1,2,A,-,09,21800,C,N,B,C,A,A,H,-,A,A,0,NA,NA,NA,NA,Y,NA,-,-,0,0,1,0,0,0,0,0,0,-,-,34.054100036621094,-117.93424224853516,LOS ANGELES,WEST COVINA,-117.93424987792967,34.054073333740234
9383160,2021,2022-01-13,1975,2021-11-21,1815,479,NA,7,5,6,1975,0,0,0,NA,0,NA,BARRANCA AV,GARVEY AV NORTH,0,NA,Y,A,-,N,NA,NA,NA,NA,NA,NA,NA,NA,NA,N,2,0,5,2,A,-,08,22107,NA,N,D,C,A,A,H,-,C,A,0,NA,NA,NA,NA,Y,NA,A,01,1,0,4,0,0,0,0,0,0,-,-,34.07112121582031,-117.88127136230467,LOS ANGELES,WEST COVINA,-117.88127899169922,34.07266616821289
9383161,2021,2021-12-31,1953,2021-11-17,0125,5539,1953,3,5,6,1953,0,0,0,NA,0,005,UNION ST,FAIR OAKS AV,0,NA,-,A,-,N,NA,NA,NA,NA,NA,NA,NA,NA,NA,Y,4,0,1,1,A,-,01,23152,NA,N,F,I,A,A,H,-,C,D,0,NA,NA,NA,NA,Y,Y,-,NA,0,0,1,0,0,0,0,0,0,-,-,NA,NA,LOS ANGELES,PASADENA,-118.15050506591795,34.14674758911133
9383162,2021,2021-12-31,1953,2021-11-15,1438,1582,1953,1,5,6,1953,0,0,0,NA,0,001,SECO ST,ARROYO BL,0,NA,Y,A,-,N,NA,NA,NA,NA,NA,NA,NA,NA,NA,N,4,0,1,2,A,-,09,21802,NA,N,B,G,A,A,H,-,A,A,0,NA,Y,NA,NA,Y,NA,A,01,0,0,1,0,0,0,1,0,0,-,-,NA,NA,LOS ANGELES,PASADENA,-118.16746520996094,34.15623474121094
9383163,2021,2021-12-31,1953,2021-11-19,1745,5970,1953,5,5,6,1953,0,0,0,NA,0,2L15,HURLBUT ST,PASADENA AV,200,E,N,A,-,N,NA,NA,NA,NA,NA,NA,NA,NA,NA,Y,4,0,1,1,A,-,03,22350,NA,N,E,I,A,A,H,-,B,A,0,NA,NA,NA,NA,Y,NA,A,01,0,0,1,0,0,0,0,0,0,-,-,NA,NA,LOS ANGELES,PASADENA,-118.15411376953124,34.129920959472656
9383164,2021,2021-12-31,1953,2021-11-22,2350,0979,1953,1,5,6,1953,0,0,0,NA,0,002,ORANGE GROVE BL,SUMMIT AV,50,E,N,A,-,N,NA,NA,NA,NA,NA,NA,NA,NA,NA,N,4,0,1,2,A,-,05,21650,NA,F,D,G,A,A,H,-,C,D,0,NA,Y,NA,NA,Y,Y,L,04,0,0,1,0,0,0,1,0,0,-,-,NA,NA,LOS ANGELES,PASADENA,-118.14765167236328,34.1578483581543
9383170,2021,2021-12-31,1902,2021-11-29,1850,788,20,1,5,5,1902,0,0,0,NA,0,004,HOLLY AV,DUARTE RD,45,N,-,A,-,N,NA,NA,NA,NA,NA,NA,NA,NA,NA,Y,4,0,2,2,A,-,08,22100,A,F,A,C,A,A,H,-,C,A,0,NA,NA,NA,NA,Y,NA,A,01,0,0,2,0,0,0,0,0,0,-,-,NA,NA,LOS ANGELES,ARCADIA,-118.04586029052734,34.12751388549805
9383177,2021,2021-12-31,1900,2021-11-01,2035,508705,0617,1,5,6,1985,0,0,0,NA,0,61T1,GOLDEN VALLEY RD,SIERRA HWY,46,W,N,A,-,N,NA,NA,NA,NA,NA,NA,NA,NA,NA,N,4,0,2,2,A,-,04,21703,NA,N,C,C,A,A,H,-,C,A,0,NA,NA,NA,NA,Y,NA,A,07,0,0,2,0,0,0,0,0,0,-,-,34.39550018310547,-118.48329925537108,LOS ANGELES,SANTA CLARITA,-118.48528289794922,34.39556121826172
9383178,2021,2021-12-31,1900,2021-11-08,1725,407357,0642,1,5,6,1985,0,0,0,NA,0,64T1,SECO CANYON RD,GUADILAMAR DR,0,NA,Y,A,-,N,NA,NA,NA,NA,NA,NA,NA,NA,NA,Y,4,0,3,2,A,-,12,21453,A,N,D,C,A,A,H,-,B,A,0,NA,NA,NA,NA,Y,NA,A,01,0,0,3,0,0,0,0,0,0,-,-,34.4461784362793,-118.53484344482422,LOS ANGELES,SANTA CLARITA,-118.53482818603516,34.44615173339844
9383179,2021,2021-12-31,1900,2021-11-21,2005,629500,0622,7,5,6,1985,0,0,0,NA,0,62T1,DEL MONTE DR,MCBEAN PKWY,0,NA,Y,A,-,N,NA,NA,NA,NA,NA,NA,NA,NA,NA,Y,3,0,2,2,A,-,09,21801,A,N,A,C,A,A,H,-,C,A,0,NA,NA,NA,NA,Y,NA,A,01,0,1,1,0,0,0,0,0,0,-,-,34.410400390625,-118.55802154541016,LOS ANGELES,SANTA CLARITA,-118.5580596923828,34.41025924682617
9383180,2021,2021-12-31,1900,2021-11-29,1500,407357,0642,1,5,6,1985,0,0,0,NA,0,62T1,DECORO DR,MCBEAN PKWY,0,NA,Y,A,-,N,NA,NA,NA,NA,NA,NA,NA,NA,NA,Y,4,0,2,2,A,-,09,21453,C,N,D,C,A,A,H,-,A,A,0,NA,NA,NA,NA,Y,NA,A,01,0,0,2,0,0,0,0,0,0,-,-,34.44322967529297,-118.55338287353516,LOS ANGELES,SANTA CLARITA,-118.55352020263672,34.44424057006836
9383203,2021,2022-01-04,1942,2021-11-12,1030,33397,1263,5,5,7,1942,0,0,0,L,0,2SMB52,HARVARD BL,MANCHESTER AV,0,NA,Y,A,-,N,NA,NA,NA,NA,NA,NA,NA,NA,NA,N,2,0,1,2,A,-,10,21950,A,N,G,B,B,A,H,-,A,A,0,Y,NA,NA,NA,Y,NA,A,08,1,0,0,0,1,0,0,0,0,-,-,NA,NA,LOS ANGELES,LOS ANGELES,-118.30683135986328,33.95996856689453
9383204,2021,2022-01-18,1942,2021-11-12,1720,37724,0516,5,5,7,1942,0,0,0,E,0,25TL22,WILMINGTON BL,LOMITA BL,0,NA,Y,A,-,N,NA,NA,NA,NA,NA,NA,NA,NA,NA,Y,2,0,2,2,A,-,12,21453,A,N,D,C,A,A,H,-,C,A,0,NA,NA,NA,NA,Y,NA,-,-,1,0,1,0,0,0,0,0,0,-,-,NA,NA,LOS ANGELES,LOS ANGELES,-118.27537536621094,33.798580169677734
9383205,2021,2022-01-04,1942,2021-11-11,0835,40404,1841,4,5,7,1942,0,0,0,R,0,25TL23,VERMONT AV,108TH ST,0,NA,Y,A,-,N,NA,NA,NA,NA,NA,NA,NA,NA,NA,Y,2,0,5,2,A,-,12,21453,A,N,D,C,A,A,H,-,A,A,0,NA,NA,NA,NA,Y,NA,A,01,1,0,4,0,0,0,0,0,0,-,-,NA,NA,LOS ANGELES,LOS ANGELES,-118.29193115234376,33.93819046020508
9383206,2021,2022-01-12,1942,2021-11-13,1830,38202,0501,6,5,7,1942,0,0,0,E,0,25MX84,WESTERN AV,9TH ST,0,S,N,A,-,N,NA,NA,NA,NA,NA,NA,NA,NA,NA,Y,2,0,2,2,A,-,05,21651,B,N,D,C,A,A,H,-,C,D,0,NA,NA,NA,NA,Y,NA,A,01,1,1,0,0,0,0,0,0,0,-,-,NA,NA,LOS ANGELES,LOS ANGELES,-118.30908203125,34.05584716796875
9383207,2021,2022-01-04,1942,2021-11-13,0951,38556,379,6,5,7,1942,0,0,0,NA,0,25TL27,NORMANDIE AV,LEIGHTON AV,36,N,N,A,-,N,NA,NA,NA,NA,NA,NA,NA,NA,NA,Y,2,0,2,3,A,-,08,22103,NA,N,D,C,A,A,H,-,A,D,0,NA,NA,Y,NA,Y,NA,A,01,1,0,1,0,0,0,0,0,1,-,-,NA,NA,LOS ANGELES,LOS ANGELES,-118.30017852783205,34.013328552246094
9383208,2021,2022-01-05,1942,2021-11-11,2345,41072,0333,4,5,7,1942,0,0,0,C,0,25T31W,JEFFERSON BL,VIRGINIA RD,100,E,N,A,-,N,NA,NA,NA,NA,NA,NA,NA,NA,NA,N,2,0,1,2,A,-,11,21954,A,N,G,B,E,A,H,-,C,A,0,Y,NA,NA,NA,Y,NA,N,60,1,0,0,0,1,0,0,0,0,-,-,NA,NA,LOS ANGELES,LOS ANGELES,-118.33914947509766,34.025569915771484
9383209,2021,2022-02-01,1942,2021-11-12,1000,42750,NA,5,5,7,1942,0,0,0,NA,0,NA,BURNSIDE AVE,HIGHLIGHT PL,25,N,N,A,-,N,NA,NA,NA,NA,NA,NA,NA,NA,NA,N,2,0,1,2,A,-,21,22106,NA,N,G,B,D,A,H,-,A,D,0,Y,NA,NA,NA,Y,NA,A,01,1,0,0,0,1,0,0,0,0,-,-,NA,NA,LOS ANGELES,LOS ANGELES,-118.36266326904295,34.02330017089844
9383210,2021,2022-01-04,1942,2021-11-04,1820,35886,1801,4,5,7,1942,0,0,0,R,0,18B41W,VERMONT AV,WEST 92ND ST,0,NA,Y,A,-,N,NA,NA,NA,NA,NA,NA,NA,NA,NA,Y,4,0,1,2,A,-,09,21801,A,N,A,C,A,A,H,-,C,A,0,NA,NA,NA,NA,Y,NA,A,01,0,0,1,0,0,0,0,0,0,-,-,NA,NA,LOS ANGELES,LOS ANGELES,-118.29190063476564,33.952789306640625
9383211,2021,2022-01-05,1942,2021-11-12,2330,39397,1834,5,5,7,1942,0,0,0,R,0,25TL23,107TH ST,AVALON BL,200,E,N,A,-,N,NA,NA,NA,NA,NA,NA,NA,NA,NA,N,2,0,1,2,A,-,00,22650,NA,F,G,B,E,A,H,-,C,D,0,Y,NA,NA,NA,Y,NA,-,99,1,0,0,0,1,0,0,0,0,-,-,NA,NA,LOS ANGELES,LOS ANGELES,-118.26453399658205,33.93927764892578
9383212,2021,2022-01-05,1955,2021-11-02,2020,42800,0006,2,5,6,1955,0,0,0,NA,0,001,HOLT AV,PARK AV,0,NA,Y,A,-,N,NA,NA,NA,NA,NA,NA,NA,NA,NA,Y,4,0,1,2,A,-,12,21453,A,N,D,C,A,A,H,-,C,A,0,NA,NA,NA,NA,Y,NA,A,01,0,0,1,0,0,0,0,0,0,-,-,34.062259674072266,-117.75469207763672,LOS ANGELES,POMONA,-117.7546615600586,34.06228256225586
9383237,2021,2021-12-30,1962,2021-11-04,1847,136,1962,4,5,4,1962,0,0,0,NA,0,002,SAN GABRIEL BL,COMMERCIAL AV,308,N,N,B,-,N,NA,NA,NA,NA,NA,NA,NA,NA,NA,Y,3,0,1,2,A,-,08,22107,NA,N,B,E,A,A,H,-,C,D,0,NA,NA,NA,NA,Y,NA,A,01,0,1,0,0,0,0,0,0,0,-,-,34.09688186645508,-118.09097290039064,LOS ANGELES,SAN GABRIEL,-118.09095001220705,34.09774398803711
9383238,2021,2021-12-30,1962,2021-11-05,0550,157,1962,5,5,4,1962,0,0,0,NA,0,004,MISSION RD,LAFAYETTE ST,10,E,N,E,-,N,NA,NA,NA,NA,NA,NA,NA,NA,NA,Y,3,0,1,2,A,-,09,21802,A,N,D,C,A,A,H,-,C,D,0,NA,NA,NA,NA,Y,NA,A,01,0,1,0,0,0,0,0,0,0,-,-,34.092529296875,-118.09510040283205,LOS ANGELES,SAN GABRIEL,-118.09504699707033,34.09248733520508
9383239,2021,2021-12-30,1962,2021-11-04,1311,138,1962,4,5,4,1962,0,0,0,NA,0,004,SAN GABRIEL BL,MARSHALL ST S,63,S,N,A,-,N,NA,NA,NA,NA,NA,NA,NA,NA,NA,N,4,0,1,2,A,-,03,22350,NA,F,C,C,A,A,H,-,A,D,0,NA,NA,NA,NA,Y,NA,A,01,0,0,1,0,0,0,0,0,0,-,-,34.0748405456543,-118.09075164794922,LOS ANGELES,SAN GABRIEL,-118.09072113037108,34.07497787475586
9383261,2021,2021-12-29,1975,2021-11-18,1422,353,NA,4,5,6,1975,0,0,0,NA,0,004,WESCOVE PL,GLENDORA AV,25,W,N,A,-,N,NA,NA,NA,NA,NA,NA,NA,NA,NA,N,3,0,2,2,A,-,08,22107,NA,N,E,I,A,A,H,-,A,D,0,NA,NA,NA,NA,Y,NA,A,01,0,2,0,0,0,0,0,0,0,-,-,34.05624008178711,-117.93766021728516,LOS ANGELES,WEST COVINA,-117.93780517578124,34.05626678466797