CASE_ID,ACCIDENT_YEAR,PROC_DATE,JURIS,COLLISION_DATE,COLLISION_TIME,OFFICER_ID,REPORTING_DISTRICT,DAY_OF_WEEK,CHP_SHIFT,POPULATION,CNTY_CITY_LOC,SPECIAL_COND,BEAT_TYPE,CHP_BEAT_TYPE,CITY_DIVISION_LAPD,CHP_BEAT_CLASS,BEAT_NUMBER,PRIMARY_RD,SECONDARY_RD,DISTANCE,DIRECTION,INTERSECTION,WEATHER_1,WEATHER_2,STATE_HWY_IND,CALTRANS_COUNTY,CALTRANS_DISTRICT,STATE_ROUTE,ROUTE_SUFFIX,POSTMILE_PREFIX,POSTMILE,LOCATION_TYPE,RAMP_INTERSECTION,SIDE_OF_HWY,TOW_AWAY,COLLISION_SEVERITY,NUMBER_KILLED,NUMBER_INJURED,PARTY_COUNT,PRIMARY_COLL_FACTOR,PCF_CODE_OF_VIOL,PCF_VIOL_CATEGORY,PCF_VIOLATION,PCF_VIOL_SUBSECTION,HIT_AND_RUN,TYPE_OF_COLLISION,MVIW,PED_ACTION,ROAD_SURFACE,ROAD_COND_1,ROAD_COND_2,LIGHTING,CONTROL_DEVICE,CHP_ROAD_TYPE,PEDESTRIAN_ACCIDENT,BICYCLE_ACCIDENT,MOTORCYCLE_ACCIDENT,TRUCK_ACCIDENT,NOT_PRIVATE_PROPERTY,ALCOHOL_INVOLVED,STWD_VEHTYPE_AT_FAULT,CHP_VEHTYPE_AT_FAULT,COUNT_SEVERE_INJ,COUNT_VISIBLE_INJ,COUNT_COMPLAINT_PAIN,COUNT_PED_KILLED,COUNT_PED_INJURED,COUNT_BICYCLIST_KILLED,COUNT_BICYCLIST_INJURED,COUNT_MC_KILLED,COUNT_MC_INJURED,PRIMARY_RAMP,SECONDARY_RAMP,LATITUDE,LONGITUDE,COUNTY,CITY,POINT_X,POINT_Y
9386123,2021,2021-12-31,1962,2021-10-26,1658,122,1962,2,5,4,1962,0,0,0,NA,0,004,SAN GABRIEL BL,MARSHALL ST,12,S,N,A,-,N,NA,NA,NA,NA,NA,NA,NA,NA,NA,N,4,0,1,2,A,-,10,21950,A,N,G,B,B,A,H,-,A,A,0,Y,NA,NA,NA,Y,NA,A,01,0,0,1,0,1,0,0,0,0,-,-,34.07447814941406,-118.09075164794922,LOS ANGELES,SAN GABRIEL,-118.09072113037108,34.07511520385742
9386137,2021,2021-12-31,1907,2021-02-05,0757,241,2,5,5,4,1907,0,0,0,NA,0,NA,GAGE AV,ALAMO AV,3,E,N,A,-,N,NA,NA,NA,NA,NA,NA,NA,NA,NA,N,3,0,1,2,A,-,06,21755,NA,N,B,C,A,A,H,-,A,D,0,NA,NA,NA,NA,Y,NA,A,01,0,1,0,0,0,0,0,0,0,-,-,33.97679901123047,-118.17565155029295,LOS ANGELES,BELL,-118.17574310302734,33.9768180847168
9386138,2021,2021-12-31,1907,2021-10-26,1040,192,2,2,5,4,1907,0,0,0,NA,0,NA,FLORENCE AV,WALKER AV,12,W,N,A,-,N,NA,NA,NA,NA,NA,NA,NA,NA,NA,Y,3,0,2,2,A,-,09,21801,A,N,D,C,A,A,H,-,A,D,0,NA,NA,NA,NA,Y,NA,A,01,0,2,0,0,0,0,0,0,0,-,-,33.96881866455078,-118.1739501953125,LOS ANGELES,BELL,-118.1740264892578,33.96882247924805
9386139,2021,2021-12-31,1907,2021-10-27,1706,247,2,3,5,4,1907,0,0,0,NA,0,NA,ATLANTIC AV,SHOPPING CENTER DRWY,181,S,N,A,-,N,NA,NA,NA,NA,NA,NA,NA,NA,NA,Y,3,0,1,2,A,-,06,21755,A,N,D,C,A,A,H,-,A,D,0,NA,NA,Y,NA,Y,NA,C,02,0,1,0,0,0,0,0,0,1,-,-,33.97084045410156,-118.18775177001952,LOS ANGELES,BELL,NA,NA
9386140,2021,2021-12-31,1907,2021-10-02,2050,248,1,6,5,4,1907,0,0,0,NA,0,NA,FLORENCE AV,ATLANTIC AV,187,W,N,A,-,N,NA,NA,NA,NA,NA,NA,NA,NA,NA,N,4,0,3,2,A,-,03,22350,NA,N,C,C,A,A,H,-,C,A,0,NA,NA,NA,NA,Y,NA,A,07,0,0,3,0,0,0,0,0,0,-,-,33.97032165527344,-118.18814849853516,LOS ANGELES,BELL,-118.18880462646484,33.97038269042969
9386158,2021,2021-12-29,1907,2021-10-30,0343,251,1,6,5,4,1907,0,0,0,NA,0,NA,FISHBURN AV,BELL AV,61,S,N,A,-,N,NA,NA,NA,NA,NA,NA,NA,NA,NA,Y,3,0,1,1,A,-,01,23152,A,N,E,I,A,A,H,-,C,D,0,NA,NA,NA,NA,Y,Y,A,01,0,1,0,0,0,0,0,0,0,-,-,33.97454833984375,-118.19232177734376,LOS ANGELES,BELL,-118.19215393066406,33.9747428894043
9386161,2021,2022-01-19,1907,2021-12-01,1105,247,1,3,5,4,1907,0,0,0,NA,0,NA,GIFFORD AV,GAGE AV,20,N,N,A,-,N,NA,NA,NA,NA,NA,NA,NA,NA,NA,N,4,0,1,2,A,-,10,21950,A,N,G,B,B,-,H,-,A,A,0,Y,NA,NA,NA,Y,NA,A,01,0,0,1,0,1,0,0,0,0,-,-,33.978729248046875,-118.19364166259766,LOS ANGELES,BELL,-118.19393920898438,33.97874069213867
9386162,2021,2022-01-19,1900,2021-11-04,1300,608265,0453,4,5,6,1949,0,0,0,NA,0,43T1,IMPERIAL HWY,BENFIELD AV,651,E,N,A,-,N,NA,NA,NA,NA,NA,NA,NA,NA,NA,Y,3,0,1,2,A,-,09,21801,A,N,C,C,A,A,H,-,A,D,0,NA,NA,Y,NA,Y,NA,A,01,0,1,0,0,0,0,0,0,1,-,-,NA,NA,LOS ANGELES,NORWALK,-118.0959014892578,33.917091369628906
9386163,2021,2022-01-20,1942,2021-12-13,1830,43989,0555,1,5,7,1942,0,0,0,E,0,5A58,PACIFIC AV,OFARRELL ST,0,NA,Y,A,-,N,NA,NA,NA,NA,NA,NA,NA,NA,NA,Y,4,0,2,2,A,-,01,23153,A,N,D,C,A,A,H,-,C,A,0,NA,NA,NA,NA,Y,Y,A,01,0,0,2,0,0,0,0,0,0,-,-,NA,NA,LOS ANGELES,LOS ANGELES,-118.28787994384766,33.74604034423828
9386164,2021,2022-01-21,1942,2021-12-13,1830,39177,1844,1,5,7,1942,0,0,0,R,0,25T35,AVALON BL,111TH ST,119,N,N,B,-,N,NA,NA,NA,NA,NA,NA,NA,NA,NA,N,2,0,1,2,A,-,11,21954,A,F,G,B,D,A,H,-,B,D,0,Y,NA,NA,NA,Y,NA,N,60,1,0,0,0,1,0,0,0,0,-,-,NA,NA,LOS ANGELES,LOS ANGELES,-118.26519012451172,33.93513488769531
9386168,2021,2022-01-20,1942,2021-12-15,1210,43270,1213,3,5,7,1942,0,0,0,L,0,25TL23,W 54TH ST,WILTON PL,138,E,N,A,-,N,NA,NA,NA,NA,NA,NA,NA,NA,NA,N,4,0,1,1,A,-,03,22350,NA,N,E,J,A,A,H,-,A,A,0,NA,NA,Y,NA,Y,NA,C,02,0,0,1,0,0,0,0,0,1,-,-,NA,NA,LOS ANGELES,LOS ANGELES,-118.31451416015624,33.993221282958984
9386169,2021,2022-01-19,1942,2021-12-16,1910,39397,1211,4,5,7,1942,0,0,0,L,0,25T37,VAN NESS AV,54TH ST,71,N,N,B,C,N,NA,NA,NA,NA,NA,NA,NA,NA,NA,N,2,0,1,2,A,-,11,21954,A,F,G,B,D,B,H,-,C,D,0,Y,NA,NA,NA,Y,NA,N,60,1,0,0,0,1,0,0,0,0,-,-,NA,NA,LOS ANGELES,LOS ANGELES,-118.31779479980467,33.99335861206055
9386170,2021,2022-01-20,1942,2021-12-08,1820,33397,1269,3,5,7,1942,0,0,0,L,0,25MQ52,83RD ST,STANFORD AV,0,NA,N,A,-,N,NA,NA,NA,NA,NA,NA,NA,NA,NA,N,4,0,2,2,A,-,12,22450,A,F,D,C,A,A,H,-,C,A,0,NA,NA,NA,NA,Y,Y,-,NA,0,0,2,0,0,0,0,0,0,-,-,NA,NA,LOS ANGELES,LOS ANGELES,-118.26296997070313,33.96376037597656
9386171,2021,2022-01-20,1942,2021-12-15,1800,40099,1824,3,5,7,1942,0,0,0,R,0,25MX82,103RD ST,5TH BL,4,W,N,A,-,N,NA,NA,NA,NA,NA,NA,NA,NA,NA,N,3,0,1,2,A,-,09,21804,A,F,G,B,B,A,H,-,C,-,0,Y,NA,NA,NA,Y,Y,-,99,0,1,0,0,1,0,0,0,0,-,-,NA,NA,LOS ANGELES,LOS ANGELES,NA,NA
9386174,2021,2022-01-20,1942,2021-12-12,1725,38996,0909,7,5,7,1942,0,0,0,I,0,26TL75,VALERIO ST,RANCHITO AV,456,W,N,A,-,N,NA,NA,NA,NA,NA,NA,NA,NA,NA,Y,2,0,2,3,A,-,01,23152,A,N,C,C,A,A,H,-,C,D,0,NA,NA,Y,NA,Y,Y,C,02,1,1,0,0,0,0,0,0,1,-,-,NA,NA,LOS ANGELES,LOS ANGELES,-118.43714904785156,34.20482635498047
9386175,2021,2022-03-10,1942,2021-12-13,0301,40388,1017,1,5,7,1942,0,0,0,J,0,26T53W,ANATOLA AV,VALERIO ST,45,S,N,B,-,N,NA,NA,NA,NA,NA,NA,NA,NA,NA,Y,4,0,1,3,A,-,01,23152,F,M,H,I,A,A,H,-,E,D,0,NA,NA,NA,NA,Y,NA,A,01,0,0,1,0,0,0,0,0,0,-,-,NA,NA,LOS ANGELES,LOS ANGELES,-118.51483154296876,34.2038688659668
9386176,2021,2022-03-07,1942,2021-12-13,0258,40388,1012,1,5,7,1942,0,0,0,J,0,26T53,RHEA AVE,CANTLAY ST,0,NA,Y,B,-,N,NA,NA,NA,NA,NA,NA,NA,NA,NA,Y,4,0,1,2,A,-,01,23152,F,N,C,E,A,A,H,-,C,D,0,NA,NA,NA,NA,Y,NA,A,01,0,0,1,0,0,0,0,0,0,-,-,NA,NA,LOS ANGELES,LOS ANGELES,-118.54147338867188,34.20206069946289
9386177,2021,2022-01-20,1942,2021-12-03,1120,38996,1767,5,5,7,1942,0,0,0,Q,0,26TL75,RESEDA BL,PRAIRIE ST,0,NA,Y,A,-,N,NA,NA,NA,NA,NA,NA,NA,NA,NA,Y,2,0,2,3,A,-,12,21453,A,N,G,B,B,-,H,-,A,A,0,Y,NA,NA,NA,Y,NA,A,07,1,1,0,0,1,0,0,0,0,-,-,NA,NA,LOS ANGELES,LOS ANGELES,-118.5360870361328,34.239131927490234
9386178,2021,2022-01-24,1942,2021-12-07,0745,36678,1797,2,5,7,1942,0,0,0,Q,0,26M56,HAYVENHURST AV,NORDHOFF ST,100,S,N,B,-,N,NA,NA,NA,NA,NA,NA,NA,NA,NA,Y,4,0,1,1,A,-,08,22107,NA,N,E,I,A,B,H,-,A,D,0,NA,NA,NA,NA,Y,NA,A,01,0,0,1,0,0,0,0,0,0,-,-,NA,NA,LOS ANGELES,LOS ANGELES,-118.49379730224608,34.235416412353516
9386179,2021,2022-01-20,1942,2021-12-01,0950,39212,1795,3,5,7,1942,0,0,0,Q,0,17A35,ROSCOE BL,LOUISE AV,170,NA,N,A,-,N,NA,NA,NA,NA,NA,NA,NA,NA,NA,Y,4,0,1,2,A,-,08,22107,NA,N,B,I,A,A,H,-,A,D,0,NA,NA,NA,NA,Y,NA,A,07,0,0,1,0,0,0,0,0,0,-,-,NA,NA,LOS ANGELES,LOS ANGELES,-118.50985717773438,34.22113037109375
9386180,2021,2022-01-20,1942,2021-12-10,0830,38185,1762,5,5,7,1942,0,0,0,Q,0,26T36,LASSEN ST,MASON AV,12,E,N,A,-,N,NA,NA,NA,NA,NA,NA,NA,NA,NA,N,4,0,1,2,A,-,05,21650,1,F,H,G,A,A,H,-,A,A,0,NA,Y,NA,NA,Y,NA,L,04,0,0,1,0,0,0,1,0,0,-,-,NA,NA,LOS ANGELES,LOS ANGELES,-118.57975769042967,34.24998092651367
9386270,2021,2022-01-13,1907,2021-12-04,1608,247,2,6,5,4,1907,0,0,0,NA,0,NA,GAGE AV,WILCOX AV,10,E,N,A,-,N,NA,NA,NA,NA,NA,NA,NA,NA,NA,N,3,0,2,1,A,-,08,22107,NA,N,F,A,A,A,H,-,A,A,0,NA,NA,NA,NA,Y,NA,A,01,0,2,0,0,0,0,0,0,0,-,-,33.97690963745117,-118.17665100097656,LOS ANGELES,BELL,-118.17662811279295,33.97688674926758
9386301,2021,2022-01-05,1907,2021-11-17,0719,247,1,3,5,4,1907,0,0,0,NA,0,NA,ATLANTIC AV,BELL AV,70,N,N,A,-,N,NA,NA,NA,NA,NA,NA,NA,NA,NA,N,3,0,1,2,A,-,11,21950,B,N,G,B,D,A,H,-,A,D,0,Y,NA,NA,NA,Y,NA,N,60,0,1,0,0,1,0,0,0,0,-,-,33.97439956665039,-118.18743896484376,LOS ANGELES,BELL,-118.18755340576172,33.974609375
9386302,2021,2022-01-05,1907,2021-11-30,1725,254,2,2,5,4,1907,0,0,0,NA,0,NA,WILCOX AV,FLORENCE,336,S,N,A,-,N,NA,NA,NA,NA,NA,NA,NA,NA,NA,Y,3,0,1,2,A,-,06,21755,A,N,B,C,A,A,H,-,C,D,0,NA,NA,Y,NA,Y,NA,C,02,0,1,0,0,0,0,0,0,1,-,-,33.96923065185547,-118.17783355712892,LOS ANGELES,BELL,-118.1780242919922,33.96833038330078
9386303,2021,2022-01-05,1907,2021-11-28,2045,248,2,7,5,4,1907,0,0,0,NA,0,NA,FLORENCE AV,WILCOX AV,0,NA,Y,A,-,N,NA,NA,NA,NA,NA,NA,NA,NA,NA,N,3,0,1,2,D,-,00,NA,NA,N,G,B,B,A,H,-,C,A,0,Y,NA,NA,NA,Y,NA,-,-,0,1,0,0,1,0,0,0,0,-,-,33.96923828125,-118.17784881591795,LOS ANGELES,BELL,-118.17784881591795,33.96923828125
9386307,2021,2022-01-05,1942,2021-11-22,1905,42011,0507,1,5,7,1942,0,0,0,E,0,25T31,225TH ST,HALLDALE AV,100,W,N,A,-,N,NA,NA,NA,NA,NA,NA,NA,NA,NA,N,2,0,1,2,A,-,11,21954,A,N,G,B,D,A,H,-,C,A,0,Y,NA,NA,NA,Y,NA,N,60,1,0,0,0,1,0,0,0,0,-,-,NA,NA,LOS ANGELES,LOS ANGELES,-118.3018798828125,33.822208404541016
9386308,2021,2022-01-04,1942,2021-11-21,2100,35722,0501,7,5,7,1942,0,0,0,E,0,5A11,FIGUEROA ST,189TH ST,0,NA,Y,A,-,N,NA,NA,NA,NA,NA,NA,NA,NA,NA,Y,2,0,1,2,A,-,08,22107,NA,N,B,C,A,A,H,-,C,D,0,NA,NA,NA,NA,Y,NA,A,01,1,0,0,0,0,0,0,0,0,-,-,NA,NA,LOS ANGELES,LOS ANGELES,-118.28157043457033,33.86404037475586
9386309,2021,2022-01-05,1942,2021-11-22,1520,38306,1844,1,5,7,1942,0,0,0,R,0,25MX18,AVALON BL,111TH PL,0,NA,Y,A,-,N,NA,NA,NA,NA,NA,NA,NA,NA,NA,N,2,0,1,2,A,-,10,21950,NA,F,G,B,B,A,H,-,A,A,0,Y,NA,NA,NA,Y,NA,A,08,1,0,0,0,1,0,0,0,0,-,-,NA,NA,LOS ANGELES,LOS ANGELES,-118.26519012451172,33.93392562866211
9386315,2021,2022-01-05,1900,2021-11-18,1520,605526,0472,4,5,4,1936,0,0,0,NA,0,46T1,JACANA DR,ESCALONA RD,0,NA,Y,A,-,N,NA,NA,NA,NA,NA,NA,NA,NA,NA,N,3,0,1,2,A,-,12,22450,A,N,D,G,A,A,H,-,A,A,0,NA,Y,NA,NA,Y,NA,L,04,0,1,0,0,0,0,1,0,0,-,-,NA,NA,LOS ANGELES,LA MIRADA,NA,NA
9386316,2021,2022-01-20,1900,2021-11-19,1811,610211,0453,5,5,6,1949,0,0,0,NA,0,43T1P,STUDEBAKER RD,BARNWALL ST,167,N,N,A,-,N,NA,NA,NA,NA,NA,NA,NA,NA,NA,N,4,0,1,2,A,-,-,NA,NA,N,D,G,A,A,H,-,C,D,0,NA,Y,NA,NA,Y,NA,L,04,0,0,1,0,0,0,1,0,0,-,-,NA,NA,LOS ANGELES,NORWALK,-118.10001373291016,33.89160919189453
9386317,2021,2022-01-05,1900,2021-11-22,0615,627975,0456,1,5,6,1949,0,0,0,NA,0,43T1,ALONDRA BL,ELAINE AV,203,E,N,A,-,N,NA,NA,NA,NA,NA,NA,NA,NA,NA,Y,4,0,1,1,A,-,08,22107,NA,N,E,J,A,A,H,-,B,D,0,NA,NA,NA,NA,Y,NA,A,07,0,0,1,0,0,0,0,0,0,-,-,NA,NA,LOS ANGELES,NORWALK,-118.07701110839844,33.88772964477539
9386318,2021,2022-01-05,1900,2021-11-14,1613,642840,0453,7,5,6,1949,0,0,0,NA,0,45T1P,ROSECRANS AV,LEIBACHER AV,402,W,N,A,-,N,NA,NA,NA,NA,NA,NA,NA,NA,NA,N,4,0,1,2,A,-,09,21801,A,N,D,C,A,A,H,-,A,A,0,NA,NA,NA,NA,Y,NA,A,01,0,0,1,0,0,0,0,0,0,-,-,NA,NA,LOS ANGELES,NORWALK,-118.10362243652344,33.901859283447266
93864968,2024,2024-08-08,9580,2024-07-29,1150,019483,NA,1,1,7,1942,0,1,1,NA,2,407,I-405 S/B (SAN DIEGO FWY),NORDHOFF ST,950,S,N,A,-,Y,LA,NA,405,NA,NA,44.539,H,NA,L,N,3,0,3,2,A,-,03,22350,NA,N,C,A,A,A,H,-,A,D,0,NA,NA,NA,NA,Y,NA,A,07,0,1,2,0,0,0,0,0,0,-,-,34.23255157470703,-118.47329711914064,LOS ANGELES,LOS ANGELES,-118.47320556640624,34.232547760009766
9386499,2021,2022-01-07,1955,2021-12-09,1815,41365,5,4,5,6,1955,0,0,0,NA,0,005,MISSION BL,GAREY AV,60,W,N,B,C,N,NA,NA,NA,NA,NA,NA,NA,NA,NA,N,4,0,1,2,A,-,03,22350,NA,N,C,C,A,B,H,-,C,A,0,NA,NA,NA,Y,Y,NA,F,56,0,0,1,0,0,0,0,0,0,-,-,34.05521011352539,-117.75003051757813,LOS ANGELES,POMONA,-117.750244140625,34.05510330200195
9386500,2021,2022-01-07,1955,2021-12-10,0618,42254,1,5,5,6,1955,0,0,0,NA,0,001,MISSION BL,HAMILTON BL,0,NA,Y,A,-,N,NA,NA,NA,NA,NA,NA,NA,NA,NA,Y,3,0,1,2,A,-,09,21801,A,N,A,C,A,A,H,-,A,A,0,NA,NA,NA,NA,Y,NA,A,01,0,1,0,0,0,0,0,0,0,-,-,34.0547981262207,-117.7631607055664,LOS ANGELES,POMONA,-117.7631378173828,34.05479431152344
9386523,2021,2022-01-11,1900,2021-12-24,0052,631573,1617,5,5,5,1977,0,0,0,NA,0,160T,FIGEROA ST,TORRANCE BL,444,N,N,C,-,N,NA,NA,NA,NA,NA,NA,NA,NA,NA,Y,3,0,3,3,A,-,01,23152,A,N,E,I,A,B,H,-,C,D,0,NA,NA,NA,NA,Y,Y,A,07,0,1,2,0,0,0,0,0,0,-,-,33.84326934814453,-118.28498077392578,LOS ANGELES,CARSON,-118.28507995605467,33.843196868896484
9386530,2021,2022-01-14,1900,2021-12-27,1659,616635,1624,1,5,5,1977,0,0,0,NA,0,167T1,AVALON BL,BAYPORT AV,232,S,N,B,-,N,NA,NA,NA,NA,NA,NA,NA,NA,NA,Y,4,0,1,2,A,-,03,22350,NA,N,C,E,A,B,H,-,B,D,0,NA,NA,NA,NA,Y,NA,A,01,0,0,1,0,0,0,0,0,0,-,-,33.81446838378906,-118.26400756835938,LOS ANGELES,CARSON,-118.26392364501952,33.814552307128906
9386630,2021,2022-01-05,1902,2021-12-18,1503,786,35,6,5,5,1902,0,0,0,NA,0,005,S BALDWIN AV,PALM DR,51,S,N,A,-,N,NA,NA,NA,NA,NA,NA,NA,NA,NA,Y,4,0,1,4,A,-,08,22107,NA,N,F,E,A,A,H,-,A,D,0,NA,NA,NA,NA,Y,NA,A,01,0,0,1,0,0,0,0,0,0,-,-,NA,NA,LOS ANGELES,ARCADIA,-118.05299377441406,34.111141204833984
9386631,2021,2022-01-05,1902,2021-12-20,1633,620,11,1,5,5,1902,0,0,0,NA,0,001,1ST AV,SANTA CLARA ST,0,NA,Y,A,-,N,NA,NA,NA,NA,NA,NA,NA,NA,NA,Y,3,0,2,3,A,-,12,21453,A,N,D,C,A,A,H,-,B,A,0,NA,NA,NA,NA,Y,NA,A,01,0,1,1,0,0,0,0,0,0,-,-,NA,NA,LOS ANGELES,ARCADIA,-118.02835083007813,34.14229202270508
9386684,2021,2022-01-13,1955,2021-12-11,0112,41365,42,6,5,6,1955,0,0,0,NA,0,001,DUDLEY ST,ARROYO AV,300,N,N,A,-,N,NA,NA,NA,NA,NA,NA,NA,NA,NA,N,3,0,1,3,A,-,08,22107,NA,N,A,E,A,A,H,-,C,A,0,NA,NA,NA,NA,Y,NA,A,01,0,1,0,0,0,0,0,0,0,-,-,34.06666946411133,-117.77755737304688,LOS ANGELES,POMONA,-117.7777862548828,34.06741714477539
9386685,2021,2022-01-13,1955,2021-12-08,1806,42602,0007,3,5,6,1955,0,0,0,NA,0,003,HOLT AV,PALOMARES ST,63,W,N,A,-,N,NA,NA,NA,NA,NA,NA,NA,NA,NA,N,2,0,1,2,A,-,09,21801,A,N,D,C,A,A,H,-,C,A,0,NA,NA,Y,NA,Y,NA,A,01,1,0,0,0,0,0,0,0,1,-,-,34.062599182128906,-117.74594116210938,LOS ANGELES,POMONA,-117.74617004394533,34.06248474121094
9386694,2021,2022-01-13,1941,2021-12-18,2232,11543,NA,6,5,7,1941,0,0,0,NA,0,NA,SANTA FE AV,28TH ST,0,NA,Y,A,-,N,NA,NA,NA,NA,NA,NA,NA,NA,NA,Y,3,0,1,1,A,-,01,23152,B,N,A,I,A,A,H,-,C,D,0,NA,NA,NA,NA,Y,Y,A,NA,0,1,0,0,0,0,0,0,0,-,-,NA,NA,LOS ANGELES,LONG BEACH,-118.21552276611328,33.808013916015625
9386695,2021,2022-05-07,1941,2021-12-22,2159,6074,NA,3,5,7,1941,0,0,0,NA,0,NA,WARDLOW RD,DELTA AV,0,NA,Y,A,-,N,NA,NA,NA,NA,NA,NA,NA,NA,NA,Y,2,0,2,2,A,-,05,21651,C,N,A,C,A,A,H,-,C,A,0,NA,NA,NA,NA,Y,Y,A,NA,2,0,0,0,0,0,0,0,0,-,-,NA,NA,LOS ANGELES,LONG BEACH,-118.21105194091795,33.823699951171875
9386696,2021,2022-01-21,1941,2021-12-20,1111,6061,NA,1,5,7,1941,0,0,0,NA,0,NA,ATLANTIC AV,RT 91,0,NA,Y,A,-,Y,LA,7,91,-,R,11.923,R,1,E,N,4,0,1,2,A,-,10,21950,A,N,G,B,B,A,H,-,A,A,0,Y,NA,NA,NA,Y,NA,A,NA,0,0,1,0,1,0,0,0,0,-,EF,NA,NA,LOS ANGELES,LONG BEACH,-118.18888092041016,33.876766204833984
9386697,2021,2022-01-13,1941,2021-12-21,2015,11099,NA,2,5,7,1941,0,0,0,NA,0,NA,7TH ST,REDONDO AV,186,E,N,A,-,N,NA,NA,NA,NA,NA,NA,NA,NA,NA,N,4,0,1,2,A,-,05,21650,NA,N,A,C,A,A,H,-,C,D,0,NA,NA,Y,NA,Y,NA,A,NA,0,0,1,0,0,0,0,0,1,-,-,NA,NA,LOS ANGELES,LONG BEACH,-118.1518096923828,33.77534103393555
9386698,2021,2022-01-13,1941,2021-12-22,2009,11227,NA,3,5,7,1941,0,0,0,NA,0,NA,EAST 4TH ST,E 4TH ST 1031,0,NA,Y,A,-,N,NA,NA,NA,NA,NA,NA,NA,NA,NA,N,3,0,1,2,-,-,-,NA,NA,N,G,B,D,A,H,-,C,D,0,Y,NA,NA,NA,Y,Y,-,-,0,1,0,0,1,0,0,0,0,-,-,NA,NA,LOS ANGELES,LONG BEACH,-118.19236755371094,33.771724700927734
9386699,2021,2022-02-04,1941,2021-12-23,0519,11364,NA,4,5,7,1941,0,0,0,NA,0,NA,WALNUT AV,EAST 4TH ST,0,NA,Y,C,-,N,NA,NA,NA,NA,NA,NA,NA,NA,NA,Y,4,0,1,2,A,-,12,21453,A,N,D,C,A,B,H,-,C,A,0,NA,NA,NA,NA,Y,NA,-,-,0,0,1,0,0,0,0,0,0,-,-,NA,NA,LOS ANGELES,LONG BEACH,-118.17202758789064,33.771724700927734
9386700,2021,2022-01-13,1941,2021-12-04,0941,11139,NA,6,5,7,1941,0,0,0,NA,0,NA,2ND ST,NAPLES PLZ,0,NA,Y,A,-,N,NA,NA,NA,NA,NA,NA,NA,NA,NA,Y,4,0,1,1,A,-,03,22350,NA,N,E,I,A,A,H,-,A,D,0,NA,NA,NA,NA,Y,NA,A,NA,0,0,1,0,0,0,0,0,0,-,-,NA,NA,LOS ANGELES,LONG BEACH,-118.1201400756836,33.75630187988281
9386714,2021,2022-01-13,1900,2021-12-01,2014,616635,1624,3,5,5,1977,0,0,0,NA,0,167T1,AVALON BL,SEPULVEDA BL,0,NA,Y,E,-,N,NA,NA,NA,NA,NA,NA,NA,NA,NA,Y,4,0,1,2,D,-,00,NA,NA,N,D,C,A,B,H,-,C,A,0,NA,NA,NA,NA,Y,NA,-,-,0,0,1,0,0,0,0,0,0,-,-,33.80841064453125,-118.2041015625,LOS ANGELES,CARSON,-118.2641830444336,33.808231353759766
9386715,2021,2022-01-13,1924,2021-12-25,0935,608242,1610,6,5,5,1924,0,0,0,NA,0,168T,ALONDRA BL,MAIN ST,0,NA,Y,B,C,N,NA,NA,NA,NA,NA,NA,NA,NA,NA,N,3,0,1,2,D,-,00,NA,NA,N,A,C,A,B,H,-,A,A,0,NA,NA,NA,NA,Y,NA,-,-,0,1,0,0,0,0,0,0,0,-,-,33.885589599609375,-118.27597808837892,LOS ANGELES,GARDENA,-118.2759246826172,33.885719299316406
9386716,2021,2022-01-13,1900,2021-12-18,1644,616635,1625,6,5,5,1977,0,0,0,NA,0,167T1,SEPULVEDA BL,WILMINGTON AV,15,W,N,A,-,N,NA,NA,NA,NA,NA,NA,NA,NA,NA,Y,4,0,1,3,A,-,03,22350,NA,N,D,C,A,A,H,-,B,A,0,NA,NA,NA,NA,Y,NA,A,01,0,0,1,0,0,0,0,0,0,-,-,33.8084716796875,-118.25556182861328,LOS ANGELES,CARSON,-118.25538635253906,33.80839538574219
9386717,2021,2022-01-13,1900,2021-12-21,1604,636459,1617,2,5,5,1977,0,0,0,NA,0,167T1,FIGUEROA ST,TORRANCE BL,312,S,N,A,-,N,NA,NA,NA,NA,NA,NA,NA,NA,NA,N,4,0,1,2,A,-,04,21703,NA,N,C,C,A,A,H,-,A,A,0,NA,NA,NA,NA,Y,NA,A,01,0,0,1,0,0,0,0,0,0,-,-,33.84109878540039,-118.28569793701172,LOS ANGELES,CARSON,-118.2858428955078,33.841224670410156
9386718,2021,2022-01-13,1900,2021-12-26,1853,616635,1625,7,5,5,1977,0,0,0,NA,0,167T1,SEPULVEDA BL,BONITA ST,0,NA,Y,B,C,N,NA,NA,NA,NA,NA,NA,NA,NA,NA,Y,3,0,1,2,A,-,09,21802,A,N,F,A,A,A,H,-,C,A,0,NA,NA,Y,NA,Y,NA,A,07,0,1,0,0,0,0,0,0,0,-,-,33.808380126953125,-118.257080078125,LOS ANGELES,CARSON,-118.25769805908205,33.808509826660156
9386719,2021,2022-01-13,1900,2021-12-27,1031,636459,1623,1,5,5,1977,0,0,0,NA,0,168T,FIGUEROA ST,LOMITA BL,0,NA,Y,A,-,N,NA,NA,NA,NA,NA,NA,NA,NA,NA,Y,3,0,1,2,A,-,12,21453,A,N,D,C,A,A,H,-,A,A,0,NA,NA,NA,NA,Y,NA,A,01,0,1,0,0,0,0,0,0,0,-,-,33.475399017333984,-118.16590118408205,LOS ANGELES,CARSON,-118.2830047607422,33.79831314086914
93867640,2024,2024-08-08,9590,2024-07-27,2105,023701,NA,6,2,7,1942,0,1,3,NA,2,031,SR-60 W/B (POMONA FREEWAY),EUCLID AVE,224,W,N,A,-,Y,LA,NA,60,NA,R,0.925,H,NA,L,Y,4,0,1,2,A,-,07,21658,A,N,B,2,A,A,H,-,D,D,0,NA,NA,NA,NA,Y,NA,A,01,0,0,1,0,0,0,0,0,0,-,-,34.02865982055664,-118.20953369140624,LOS ANGELES,LOS ANGELES,-118.20956420898438,34.028533935546875