CASE_ID,ACCIDENT_YEAR,PROC_DATE,JURIS,COLLISION_DATE,COLLISION_TIME,OFFICER_ID,REPORTING_DISTRICT,DAY_OF_WEEK,CHP_SHIFT,POPULATION,CNTY_CITY_LOC,SPECIAL_COND,BEAT_TYPE,CHP_BEAT_TYPE,CITY_DIVISION_LAPD,CHP_BEAT_CLASS,BEAT_NUMBER,PRIMARY_RD,SECONDARY_RD,DISTANCE,DIRECTION,INTERSECTION,WEATHER_1,WEATHER_2,STATE_HWY_IND,CALTRANS_COUNTY,CALTRANS_DISTRICT,STATE_ROUTE,ROUTE_SUFFIX,POSTMILE_PREFIX,POSTMILE,LOCATION_TYPE,RAMP_INTERSECTION,SIDE_OF_HWY,TOW_AWAY,COLLISION_SEVERITY,NUMBER_KILLED,NUMBER_INJURED,PARTY_COUNT,PRIMARY_COLL_FACTOR,PCF_CODE_OF_VIOL,PCF_VIOL_CATEGORY,PCF_VIOLATION,PCF_VIOL_SUBSECTION,HIT_AND_RUN,TYPE_OF_COLLISION,MVIW,PED_ACTION,ROAD_SURFACE,ROAD_COND_1,ROAD_COND_2,LIGHTING,CONTROL_DEVICE,CHP_ROAD_TYPE,PEDESTRIAN_ACCIDENT,BICYCLE_ACCIDENT,MOTORCYCLE_ACCIDENT,TRUCK_ACCIDENT,NOT_PRIVATE_PROPERTY,ALCOHOL_INVOLVED,STWD_VEHTYPE_AT_FAULT,CHP_VEHTYPE_AT_FAULT,COUNT_SEVERE_INJ,COUNT_VISIBLE_INJ,COUNT_COMPLAINT_PAIN,COUNT_PED_KILLED,COUNT_PED_INJURED,COUNT_BICYCLIST_KILLED,COUNT_BICYCLIST_INJURED,COUNT_MC_KILLED,COUNT_MC_INJURED,PRIMARY_RAMP,SECONDARY_RAMP,LATITUDE,LONGITUDE,COUNTY,CITY,POINT_X,POINT_Y
9387578,2021,2022-01-06,1900,2021-11-24,1112,625420,1262,3,5,3,1991,0,0,0,NA,0,121T1,GOULD AV,FOOTHILL BL,465,N,N,A,-,N,NA,NA,NA,NA,NA,NA,NA,NA,NA,Y,3,0,1,3,A,-,03,22350,NA,N,C,C,A,A,H,-,A,D,0,NA,NA,NA,NA,Y,NA,A,01,0,1,0,0,0,0,0,0,0,-,-,34.20103073120117,-118.18927764892578,LOS ANGELES,LA CANADA-FLINTRIDGE,-118.18921661376952,34.20065689086914
9387579,2021,2022-01-06,1900,2021-11-19,1245,523416,1264,5,5,3,1991,0,0,0,NA,0,121T1,FOOTHILL BL,COMMONWEALTH AV,265,W,N,A,-,N,NA,NA,NA,NA,NA,NA,NA,NA,NA,N,4,0,2,3,A,-,03,22350,NA,N,C,C,A,A,H,-,A,A,0,NA,NA,NA,NA,Y,NA,A,07,0,0,2,0,0,0,0,0,0,-,-,34.20270919799805,-118.19654846191406,LOS ANGELES,LA CANADA-FLINTRIDGE,-118.19654846191406,34.20271301269531
9387581,2021,2022-01-04,1941,2021-12-15,1203,5661,NA,3,5,7,1941,0,0,0,NA,0,NA,BELLFLOWER,LOS COYOTES DIAGONAL,0,NA,Y,A,-,N,NA,NA,NA,NA,NA,NA,NA,NA,NA,Y,4,0,1,2,A,-,09,21801,A,N,D,C,A,A,H,-,A,A,0,NA,NA,NA,NA,Y,NA,A,NA,0,0,1,0,0,0,0,0,0,-,-,NA,NA,LOS ANGELES,LONG BEACH,-118.1253662109375,33.802120208740234
9387582,2021,2022-01-06,1941,2021-12-15,1341,6074,NA,3,5,7,1941,0,0,0,NA,0,NA,SPRING ST,RT 605,0,NA,Y,A,-,Y,LA,7,605,-,R,0.482,R,4,S,Y,4,0,1,3,A,-,12,21453,A,N,D,C,A,A,H,-,A,A,0,NA,NA,NA,NA,Y,NA,A,NA,0,0,1,0,0,0,0,0,0,-,SF,NA,NA,LOS ANGELES,LONG BEACH,-118.08159637451172,33.813270568847656
9387583,2021,2022-01-04,1941,2021-12-02,1703,6179,NA,4,5,7,1941,0,0,0,NA,0,NA,SOUTH ST,LIME AV,130,E,N,A,-,N,NA,NA,NA,NA,NA,NA,NA,NA,NA,N,4,0,2,2,A,-,09,21804,A,N,C,C,A,A,H,-,B,D,0,NA,NA,NA,NA,Y,NA,A,NA,0,0,2,0,0,0,0,0,0,-,-,NA,NA,LOS ANGELES,LONG BEACH,-118.18358612060548,33.86008834838867
9387584,2021,2022-01-06,1941,2021-12-17,0740,11550,NA,5,5,7,1941,0,0,0,NA,0,NA,PACIFIC COAST HWY,ANAHEIM ST,0,NA,Y,A,-,Y,LA,7,1,-,-,2.751,I,5,S,Y,4,0,1,2,A,-,22,23123,A,N,D,C,A,A,H,-,A,B,0,NA,NA,NA,NA,Y,NA,A,NA,0,0,1,0,0,0,0,0,0,-,-,NA,NA,LOS ANGELES,LONG BEACH,-118.13262939453124,33.78261184692383
9387585,2021,2022-01-04,1941,2021-12-12,1408,11550,NA,7,5,7,1941,0,0,0,NA,0,NA,2ND ST,NIETO AV,0,NA,Y,A,-,N,NA,NA,NA,NA,NA,NA,NA,NA,NA,Y,3,0,3,2,A,-,12,21453,A,N,D,C,A,A,H,-,A,A,0,NA,NA,NA,NA,Y,NA,A,NA,0,1,2,0,0,0,0,0,0,-,-,NA,NA,LOS ANGELES,LONG BEACH,-118.13525390625,33.7603759765625
9387586,2021,2022-01-06,1941,2021-12-11,2114,11226,NA,6,5,7,1941,0,0,0,NA,0,NA,PACIFIC COAST HWY,MARTIN LUTHER KING JR AV,0,NA,Y,A,-,Y,LA,7,1,-,-,5.761,I,5,N,Y,4,0,1,3,A,-,12,21453,A,N,D,C,A,A,-,-,C,A,0,NA,NA,NA,NA,Y,NA,A,NA,0,0,1,0,0,0,0,0,0,-,-,NA,NA,LOS ANGELES,LONG BEACH,-118.18059539794922,33.789913177490234
9387587,2021,2022-01-04,1941,2021-12-11,0736,11146,NA,6,5,7,1941,0,0,0,NA,0,NA,PACIFIC AV,BROADWAY,0,NA,Y,A,-,N,NA,NA,NA,NA,NA,NA,NA,NA,NA,Y,4,0,1,2,D,-,00,NA,NA,N,D,-,A,A,H,-,A,A,0,NA,NA,NA,NA,Y,NA,-,-,0,0,1,0,0,0,0,0,0,-,-,NA,NA,LOS ANGELES,LONG BEACH,-118.1937255859375,33.76929473876953
9387588,2021,2022-01-04,1941,2021-12-20,1539,11542,NA,1,5,7,1941,0,0,0,NA,0,NA,ALAMITOS AV,OCEAN BL,0,NA,Y,B,-,N,NA,NA,NA,NA,NA,NA,NA,NA,NA,Y,4,0,1,2,A,-,09,21801,A,N,A,C,A,A,H,-,A,A,0,NA,NA,NA,NA,Y,NA,A,NA,0,0,1,0,0,0,0,0,0,-,-,NA,NA,LOS ANGELES,LONG BEACH,-118.18310546875,33.76637268066406
9387589,2021,2022-01-04,1941,2021-12-19,2257,11359,NA,7,5,7,1941,0,0,0,NA,0,NA,10TH ST,DAISY AV,0,NA,Y,A,-,N,NA,NA,NA,NA,NA,NA,NA,NA,NA,N,4,0,1,2,D,-,00,NA,NA,N,D,G,A,A,H,-,C,A,0,NA,Y,NA,NA,Y,NA,-,-,0,0,1,0,0,0,1,0,0,-,-,NA,NA,LOS ANGELES,LONG BEACH,-118.19935607910156,33.77898025512695
9387590,2021,2022-01-04,1941,2021-12-16,1920,11230,NA,4,5,7,1941,0,0,0,NA,0,NA,SOUTH ST,ORIZABA AV,0,NA,Y,C,-,N,NA,NA,NA,NA,NA,NA,NA,NA,NA,N,4,0,3,3,A,-,08,22107,NA,N,D,C,A,B,H,-,C,D,0,NA,NA,NA,NA,Y,NA,A,NA,0,0,3,0,0,0,0,0,0,-,-,NA,NA,LOS ANGELES,LONG BEACH,-118.15772247314452,33.86017990112305
9387591,2021,2022-01-06,1941,2021-12-13,2024,11101,NA,1,5,7,1941,0,0,0,NA,0,NA,ATLANTIC AV,RT 91,0,NA,Y,A,-,Y,LA,7,91,-,R,11.923,R,4,E,N,3,0,4,2,D,-,00,NA,NA,N,D,C,A,A,H,-,C,A,0,NA,NA,NA,NA,Y,NA,-,-,0,3,1,0,0,0,0,0,0,-,EF,NA,NA,LOS ANGELES,LONG BEACH,-118.18888092041016,33.876766204833984
9387592,2021,2022-01-04,1941,2021-12-13,1325,11541,NA,1,5,7,1941,0,0,0,NA,0,NA,6TH ST,CORONADO AV,0,NA,Y,A,-,N,NA,NA,NA,NA,NA,NA,NA,NA,NA,N,4,0,1,2,A,-,09,21453,B,N,D,C,A,A,H,-,A,A,0,NA,NA,NA,NA,Y,NA,A,NA,0,0,1,0,0,0,0,0,0,-,-,NA,NA,LOS ANGELES,LONG BEACH,-118.1535415649414,33.77351760864258
9387593,2021,2022-01-04,1941,2021-12-12,1735,11663,NA,7,5,7,1941,0,0,0,NA,0,NA,ANAHEIM ST,CHERRY AV,15,E,N,A,-,N,NA,NA,NA,NA,NA,NA,NA,NA,NA,N,4,0,1,2,A,-,03,22350,NA,N,C,C,A,A,H,-,B,A,0,NA,NA,NA,NA,Y,NA,D,NA,0,0,1,0,0,0,0,0,0,-,-,NA,NA,LOS ANGELES,LONG BEACH,-118.16761016845705,33.78261184692383
9387594,2021,2022-01-04,1941,2021-12-06,1513,11002,NA,1,5,7,1941,0,0,0,NA,0,NA,PACIFIC AV,21ST ST,287,N,-,A,-,N,NA,NA,NA,NA,NA,NA,NA,NA,NA,N,4,0,1,2,A,-,00,22650,1,N,D,G,A,A,H,-,A,D,0,NA,Y,NA,NA,Y,NA,L,NA,0,0,1,0,0,0,1,0,0,-,-,NA,NA,LOS ANGELES,LONG BEACH,-118.19377136230467,33.796085357666016
9387595,2021,2022-01-04,1941,2021-12-07,1622,10925,NA,2,5,7,1941,0,0,0,NA,0,NA,PACIFIC AV,19TH ST,0,NA,Y,A,-,N,NA,NA,NA,NA,NA,NA,NA,NA,NA,Y,4,0,1,2,A,-,05,21651,B,N,-,A,A,A,H,-,A,D,0,NA,NA,NA,NA,Y,NA,A,NA,0,0,1,0,0,0,0,0,0,-,-,NA,NA,LOS ANGELES,LONG BEACH,-118.19377136230467,33.79167938232422
9387596,2021,2022-01-04,1941,2021-12-08,2040,5970,NA,3,5,7,1941,0,0,0,NA,0,NA,PACIFIC AV,S HILL ST,35,S,N,B,-,N,NA,NA,NA,NA,NA,NA,NA,NA,NA,Y,4,0,2,3,A,-,01,23152,B,N,C,C,A,A,H,-,C,A,0,NA,NA,NA,NA,Y,Y,D,NA,0,0,2,0,0,0,0,0,0,-,-,NA,NA,LOS ANGELES,LONG BEACH,-118.19377136230467,33.79702377319336
9387597,2021,2022-01-04,1941,2021-12-02,1322,7580,NA,4,5,7,1941,0,0,0,NA,0,NA,ATLANTIC AV,HARDING ST,0,NA,Y,A,-,N,NA,NA,NA,NA,NA,NA,NA,NA,NA,Y,3,0,1,2,A,-,08,22107,NA,N,D,C,A,A,H,-,A,A,0,NA,NA,NA,NA,Y,NA,A,NA,0,1,0,0,0,0,0,0,0,-,-,NA,NA,LOS ANGELES,LONG BEACH,-118.1855239868164,33.867279052734375
9387598,2021,2022-01-04,1941,2021-12-07,1738,6074,NA,2,5,7,1941,0,0,0,NA,0,NA,ATLANTIC AV,MARSHALLL PL,0,NA,Y,A,-,N,NA,NA,NA,NA,NA,NA,NA,NA,NA,N,4,0,1,2,A,-,03,22350,NA,N,C,C,A,A,H,-,A,A,0,NA,NA,NA,NA,Y,NA,A,NA,0,0,1,0,0,0,0,0,0,-,-,NA,NA,LOS ANGELES,LONG BEACH,-118.1850814819336,33.830810546875
9387599,2021,2022-01-04,1941,2021-12-08,1609,10772,NA,3,5,7,1941,0,0,0,NA,0,NA,WARDLOW RD,ATLANTIC AV,30,W,N,A,-,N,NA,NA,NA,NA,NA,NA,NA,NA,NA,Y,3,0,1,3,A,-,07,21658,A,N,H,C,A,A,H,-,A,A,0,NA,NA,NA,NA,Y,NA,A,NA,0,1,0,0,0,0,0,0,0,-,-,NA,NA,LOS ANGELES,LONG BEACH,-118.18511962890624,33.81890869140625
9387600,2021,2022-01-04,1941,2021-12-13,1113,11374,NA,1,5,7,1941,0,0,0,NA,0,NA,SPRING ST,LAKEWOOD BL,0,NA,Y,A,-,N,NA,NA,NA,NA,NA,NA,NA,NA,NA,N,4,0,3,2,D,-,00,NA,NA,N,C,C,A,A,H,-,A,D,0,NA,NA,NA,NA,Y,NA,-,-,0,0,3,0,0,0,0,0,0,-,-,NA,NA,LOS ANGELES,LONG BEACH,-118.13932800292967,33.81262969970703
9387729,2021,2022-01-11,1910,2021-12-04,1425,03438,NA,6,5,4,1910,0,0,0,NA,0,004,N BEVERLY DR,ELEVADO AV,0,NA,Y,A,-,N,NA,NA,NA,NA,NA,NA,NA,NA,NA,N,4,0,1,2,A,-,12,22450,A,N,D,C,A,A,H,-,A,A,0,NA,NA,NA,NA,Y,NA,A,01,0,0,1,0,0,0,0,0,0,-,-,NA,NA,LOS ANGELES,BEVERLY HILLS,-118.40991973876952,34.07661819458008
9387730,2021,2022-01-11,1910,2021-12-26,1410,01755,NA,7,5,4,1910,0,0,0,NA,0,004,SUNSET BL,N BEVERLY DR,0,NA,Y,A,-,N,NA,NA,NA,NA,NA,NA,NA,NA,NA,Y,4,0,1,2,A,-,09,21801,A,N,D,C,A,A,H,-,A,A,0,NA,NA,Y,NA,Y,NA,A,01,0,0,1,0,0,0,0,0,1,-,-,NA,NA,LOS ANGELES,BEVERLY HILLS,-118.41201782226564,34.08165740966797
9387731,2021,2022-01-11,1910,2021-12-22,1135,360,NA,3,5,4,1910,0,0,0,NA,0,004,N CRESCENT DR,LEXINGTON RD,450,S,N,A,-,N,NA,NA,NA,NA,NA,NA,NA,NA,NA,Y,3,0,1,3,A,-,03,22350,NA,N,B,E,A,A,H,-,A,D,0,NA,NA,NA,NA,Y,NA,A,01,0,1,0,0,0,0,0,0,0,-,-,34.08293151855469,-118.41374969482422,LOS ANGELES,BEVERLY HILLS,-118.41690063476564,34.083740234375
9387732,2021,2022-01-11,1910,2021-12-19,1706,1755,NA,7,5,4,1910,0,0,0,NA,0,007,OLYMPIC BL,BEVERLY DR,0,NA,Y,A,-,N,NA,NA,NA,NA,NA,NA,NA,NA,NA,Y,4,0,1,3,A,-,09,21801,A,N,D,C,A,A,H,-,B,A,0,NA,NA,NA,NA,Y,NA,A,01,0,0,1,0,0,0,0,0,0,-,-,NA,NA,LOS ANGELES,BEVERLY HILLS,-118.39858245849608,34.05961990356445
9387733,2021,2022-01-11,1910,2021-12-18,1717,3494,NA,6,5,4,1910,0,0,0,NA,0,005,OLYMPIC BL,ROXBURY DR,0,NA,Y,A,-,N,NA,NA,NA,NA,NA,NA,NA,NA,NA,Y,3,0,2,2,A,-,12,21453,A,N,D,C,A,A,H,-,C,A,0,NA,NA,NA,NA,Y,NA,A,01,0,1,1,0,0,0,0,0,0,-,-,NA,NA,LOS ANGELES,BEVERLY HILLS,-118.40570068359376,34.0596809387207
9387734,2021,2022-01-11,1910,2021-12-17,1543,3438,NA,5,5,4,1910,0,0,0,NA,0,007,BRIGHTON WY,BEDFORD DR,75,E,N,A,-,N,NA,NA,NA,NA,NA,NA,NA,NA,NA,N,4,0,1,2,A,-,17,22517,NA,N,B,E,A,A,H,-,A,D,0,NA,NA,NA,NA,Y,NA,A,01,0,0,1,0,0,0,0,0,0,-,-,NA,NA,LOS ANGELES,BEVERLY HILLS,-118.40476989746094,34.067962646484375
9387736,2021,2022-08-05,1929,2021-12-01,0913,158,SOUTH,3,5,3,1929,0,0,0,NA,0,002,LONGFELLOW AV,MANHATTAN AV,144,E,N,E,-,N,NA,NA,NA,NA,NA,NA,NA,NA,NA,Y,3,0,1,3,A,-,07,21658,A,N,B,E,A,B,H,-,A,D,0,NA,NA,NA,NA,Y,NA,A,01,0,1,0,0,0,0,0,0,0,-,-,33.87577819824219,-118.40618133544922,LOS ANGELES,HERMOSA BEACH,-118.40574645996094,33.875946044921875
9387737,2021,2022-01-11,1931,2021-12-23,1716,5315,1931,4,5,5,1931,0,0,0,NA,0,001,PACIFIC BL,BELGRAVE AV,0,NA,Y,C,-,N,NA,NA,NA,NA,NA,NA,NA,NA,NA,NA,4,0,1,2,A,-,10,21950,A,N,G,B,B,B,H,-,C,A,0,Y,NA,NA,NA,Y,NA,A,01,0,0,1,0,1,0,0,0,0,-,-,NA,NA,LOS ANGELES,HUNTINGTON PARK,-118.2252197265625,33.987186431884766
9387738,2021,2022-01-11,1931,2021-12-24,1730,5346,1931,5,5,5,1931,0,0,0,NA,0,004,FLORENCE AV,CEDAR ST,0,NA,Y,A,-,N,NA,NA,NA,NA,NA,NA,NA,NA,NA,Y,4,0,1,2,A,-,09,21804,A,N,D,C,A,A,H,-,C,D,0,NA,NA,NA,NA,Y,NA,A,01,0,0,1,0,0,0,0,0,0,-,-,NA,NA,LOS ANGELES,HUNTINGTON PARK,-118.21341705322266,33.972965240478516
9387739,2021,2022-01-11,1931,2021-12-18,1932,5325,1931,6,5,5,1931,0,0,0,NA,0,001,PACIFIC BL,55TH ST,161,S,N,A,-,N,NA,NA,NA,NA,NA,NA,NA,NA,NA,Y,4,0,5,3,A,-,03,22350,NA,N,B,C,A,A,H,-,C,A,0,NA,NA,NA,NA,Y,NA,A,01,0,0,5,0,0,0,0,0,0,-,-,NA,NA,LOS ANGELES,HUNTINGTON PARK,-118.22524261474608,33.992488861083984
9387740,2021,2022-01-11,1931,2021-12-19,1013,5332,1932,7,5,5,1931,0,0,0,NA,0,004,SALT LAKE AV,FLORENCE AV,18,N,N,A,-,N,NA,NA,NA,NA,NA,NA,NA,NA,NA,NA,4,0,1,2,A,-,07,21658,A,N,D,C,A,A,H,-,A,A,0,NA,NA,NA,NA,Y,NA,A,01,0,0,1,0,0,0,0,0,0,-,-,NA,NA,LOS ANGELES,HUNTINGTON PARK,-118.20343017578124,33.971988677978516
93877435,2024,2024-08-08,9535,2024-08-01,1315,019056,NA,4,1,9,1900,0,3,5,NA,2,002,ALLSTON ST,SAYBROOK AVE,0,NA,Y,B,-,N,NA,NA,NA,NA,NA,NA,NA,NA,NA,N,4,0,1,2,A,-,12,22450,A,N,D,C,A,A,H,-,A,A,0,NA,NA,NA,NA,Y,NA,D,22,0,0,1,0,0,0,0,0,0,-,-,34.015098571777344,-118.13594818115234,LOS ANGELES,UNINCORPORATED,-118.13597869873048,34.01506805419922
9387827,2021,2022-01-11,1938,2021-11-15,0732,1317,AREA3,1,5,4,1938,0,0,0,NA,0,003,FRUIT ST,BASELINE RD,0,NA,Y,A,-,N,NA,NA,NA,NA,NA,NA,NA,NA,NA,Y,4,0,3,2,A,-,09,21802,A,N,D,C,A,A,H,-,A,A,0,NA,NA,NA,NA,Y,NA,A,01,0,0,3,0,0,0,0,0,0,-,-,NA,NA,LOS ANGELES,LA VERNE,-117.76165008544922,34.121673583984375
9387828,2021,2022-01-07,1910,2021-11-04,1814,05016,NA,4,5,4,1910,0,0,0,NA,0,009,S WILLAMAN DR,CHARLEVILLE BL,0,NA,Y,A,-,N,NA,NA,NA,NA,NA,NA,NA,NA,NA,N,4,0,1,2,A,-,03,22350,NA,N,G,B,B,A,H,-,C,D,0,Y,NA,NA,NA,Y,NA,A,01,0,0,1,0,1,0,0,0,0,-,-,34.06507110595703,-118.38050842285156,LOS ANGELES,BEVERLY HILLS,-118.38046264648438,34.06501770019531
9387832,2021,2022-01-07,1941,2021-11-08,1220,10938,NA,1,5,7,1941,0,0,0,NA,0,NA,LAKEWOOD BL,WARDLOW RD,0,NA,Y,A,-,N,NA,NA,NA,NA,NA,NA,NA,NA,NA,N,4,0,1,2,A,-,03,22350,NA,N,C,C,A,A,H,-,A,A,0,NA,NA,NA,NA,Y,NA,A,NA,0,0,1,0,0,0,0,0,0,-,-,NA,NA,LOS ANGELES,LONG BEACH,-118.13906097412108,33.8188591003418
9387835,2021,2022-01-07,1941,2021-11-30,1411,6179,NA,2,5,7,1941,0,0,0,NA,0,NA,LONG BEACH BL,SAN ANTONIO DR,94,N,N,A,-,N,NA,NA,NA,NA,NA,NA,NA,NA,NA,Y,2,0,2,4,A,-,09,21804,A,N,D,C,A,A,H,-,A,D,0,NA,NA,NA,NA,Y,NA,-,NA,1,1,0,0,0,0,0,0,0,-,-,NA,NA,LOS ANGELES,LONG BEACH,-118.1894302368164,33.834774017333984
9387836,2021,2022-01-11,1941,2021-11-28,0053,11410,NA,7,5,7,1941,0,0,0,NA,0,NA,ORANGE AV,10TH ST,0,NA,Y,A,-,N,NA,NA,NA,NA,NA,NA,NA,NA,NA,Y,4,0,2,2,A,-,12,21453,NA,N,D,C,A,A,H,-,C,A,0,NA,NA,NA,NA,Y,NA,A,NA,0,0,2,0,0,0,0,0,0,-,-,NA,NA,LOS ANGELES,LONG BEACH,-118.17636108398438,33.77900695800781
9387837,2021,2022-01-07,1941,2021-11-03,1202,5578,NA,3,5,7,1941,0,0,0,NA,0,NA,ORANGE AV,MARSHALL ST,0,NA,Y,A,-,N,NA,NA,NA,NA,NA,NA,NA,NA,NA,Y,4,0,2,2,A,-,09,21801,A,N,D,C,A,A,H,-,A,D,0,NA,NA,NA,NA,Y,NA,A,NA,0,0,2,0,0,0,0,0,0,-,-,NA,NA,LOS ANGELES,LONG BEACH,-118.1763153076172,33.8314323425293
9387838,2021,2022-01-07,1941,2021-11-29,1325,5976,NA,1,5,7,1941,0,0,0,NA,0,NA,WILLOW ST,BALTIC AV,0,NA,Y,A,-,N,NA,NA,NA,NA,NA,NA,NA,NA,NA,N,4,0,1,2,A,-,09,21802,A,N,D,C,A,A,H,-,A,D,0,NA,NA,NA,NA,Y,NA,-,NA,0,0,1,0,0,0,0,0,0,-,-,NA,NA,LOS ANGELES,LONG BEACH,-118.21328735351564,33.804386138916016
9387839,2021,2022-01-07,1941,2021-11-27,2139,11273,NA,6,5,7,1941,0,0,0,NA,0,NA,BROADWAY,ESPERANZA AV,0,NA,Y,A,-,N,NA,NA,NA,NA,NA,NA,NA,NA,NA,Y,4,0,3,4,A,-,09,21802,A,N,D,C,A,A,H,-,C,A,0,NA,NA,NA,NA,Y,NA,A,NA,0,0,3,0,0,0,0,0,0,-,-,NA,NA,LOS ANGELES,LONG BEACH,-118.17505645751952,33.76823425292969
9387861,2021,2022-01-07,1942,2021-12-15,2345,42222,1241,3,5,7,1942,0,0,0,L,0,12A51,WEST BL,HYDE PARK BL,150,N,N,A,-,N,NA,NA,NA,NA,NA,NA,NA,NA,NA,Y,3,0,1,2,A,-,08,22102,NA,N,D,C,A,A,H,-,C,D,0,NA,NA,NA,NA,Y,NA,A,01,0,1,0,0,0,0,0,0,0,-,-,NA,NA,LOS ANGELES,LOS ANGELES,-118.33518981933594,33.98100280761719
9387862,2021,2022-01-12,1942,2021-12-09,1945,41292,1256,4,5,7,1942,0,0,0,L,0,12A93,HOOVER ST,76TH ST,0,NA,Y,B,-,N,NA,NA,NA,NA,NA,NA,NA,NA,NA,Y,4,0,1,2,A,-,12,21453,A,F,D,C,A,A,H,-,C,A,0,NA,NA,NA,NA,Y,NA,A,01,0,0,1,0,0,0,0,0,0,-,-,NA,NA,LOS ANGELES,LOS ANGELES,-118.28712463378906,33.97075271606445
9387863,2021,2022-01-07,1942,2021-12-17,1905,41923,0312,5,5,7,1942,0,0,0,C,0,25T33,SYCAMORE AV,ROSELAND ST,0,NA,Y,A,-,N,NA,NA,NA,NA,NA,NA,NA,NA,NA,Y,2,0,2,2,A,-,12,22450,NA,N,D,C,A,A,H,-,C,A,0,NA,NA,NA,NA,Y,Y,-,-,1,0,1,0,0,0,0,0,0,-,-,NA,NA,LOS ANGELES,LOS ANGELES,-118.35610961914064,34.02785873413086
9387864,2021,2022-01-07,1942,2021-12-11,1550,37852,1821,6,5,7,1942,0,0,0,R,0,18A35,HOOVER ST,98TH ST,0,NA,Y,A,-,N,NA,NA,NA,NA,NA,NA,NA,NA,NA,N,4,0,1,2,A,-,09,21802,NA,F,D,C,A,A,-,-,A,A,0,NA,NA,NA,NA,Y,NA,-,-,0,0,1,0,0,0,0,0,0,-,-,NA,NA,LOS ANGELES,LOS ANGELES,-118.28695678710938,33.94706344604492
9387881,2021,2022-01-10,1942,2021-12-23,0830,38111,1243,4,5,7,1942,0,0,0,L,0,25TL27,SAINT ANDREWS PL,71ST ST,0,NA,Y,C,-,N,NA,NA,NA,NA,NA,NA,NA,NA,NA,N,4,0,1,2,A,-,12,22450,A,F,D,C,A,B,H,-,A,D,0,NA,NA,NA,NA,Y,NA,A,01,0,0,1,0,0,0,0,0,0,-,-,NA,NA,LOS ANGELES,LOS ANGELES,-118.31118011474608,33.97536849975586
9387882,2021,2022-01-10,1942,2021-12-22,1000,33599,1232,3,5,7,1942,0,0,0,L,0,25TL21,WEST BL,60TH ST,30,N,N,B,-,N,NA,NA,NA,NA,NA,NA,NA,NA,NA,N,3,0,1,2,A,-,03,22350,NA,F,B,E,A,A,H,-,A,D,0,NA,NA,NA,NA,Y,NA,-,99,0,1,0,0,0,0,0,0,0,-,-,NA,NA,LOS ANGELES,LOS ANGELES,-118.3351821899414,33.98543167114258
9387883,2021,2022-01-10,1942,2021-12-23,1650,38306,0362,4,5,7,1942,0,0,0,C,0,25MX14,OBAMA BL,RODEO LN,510,W,N,C,-,N,NA,NA,NA,NA,NA,NA,NA,NA,NA,Y,2,0,1,1,A,-,03,22350,NA,N,E,I,A,B,F,-,C,D,0,NA,NA,NA,NA,Y,NA,A,01,1,0,0,0,0,0,0,0,0,-,-,NA,NA,LOS ANGELES,LOS ANGELES,-118.35031127929688,34.02136993408203
9387884,2021,2022-01-10,1942,2021-12-23,0200,40105,1862,4,5,7,1942,0,0,0,R,0,25T31,S MAIN ST,E 119TH ST,20,S,N,B,-,N,NA,NA,NA,NA,NA,NA,NA,NA,NA,N,4,0,1,2,A,-,03,22350,NA,F,C,G,A,A,H,-,C,D,0,NA,Y,NA,NA,Y,NA,-,99,0,0,1,0,0,0,1,0,0,-,-,NA,NA,LOS ANGELES,LOS ANGELES,-118.2739028930664,33.92461395263672
9387885,2021,2022-01-10,1942,2021-12-24,0933,38037,0316,5,5,7,1942,0,0,0,C,0,25T29,MORMANDIE BL,ADAMS BL,150,N,N,B,-,N,NA,NA,NA,NA,NA,NA,NA,NA,NA,Y,4,0,1,2,A,-,03,22350,NA,F,D,C,A,B,H,-,A,D,0,NA,NA,NA,NA,Y,NA,-,99,0,0,1,0,0,0,0,0,0,-,-,NA,NA,LOS ANGELES,LOS ANGELES,-118.3002471923828,34.03313064575195
9387886,2021,2022-01-10,1942,2021-12-24,2220,36738,0312,5,5,7,1942,0,0,0,C,0,25T35,LA BREA AV,WESTHAVEN ST,23,S,N,A,-,N,NA,NA,NA,NA,NA,NA,NA,NA,NA,N,3,0,1,2,A,-,11,21954,A,N,G,B,B,A,H,-,C,D,0,Y,NA,NA,NA,Y,NA,N,60,0,1,0,0,1,0,0,0,0,-,-,NA,NA,LOS ANGELES,LOS ANGELES,-118.35264587402344,34.02873611450195
9387887,2021,2022-01-10,1942,2021-12-26,0120,41072,1245,7,5,7,1942,0,0,0,L,0,25T33,NORMANDIE AV,FLORENCE AV,16,S,N,B,-,N,NA,NA,NA,NA,NA,NA,NA,NA,NA,N,2,0,1,2,A,-,11,21456,NA,F,G,B,B,B,F,-,C,A,0,Y,NA,NA,NA,Y,NA,N,60,1,0,0,0,1,0,0,0,0,-,-,NA,NA,LOS ANGELES,LOS ANGELES,-118.30030059814452,33.97453689575195
9387888,2021,2022-01-10,1942,2021-12-26,1845,41072,1257,7,5,7,1942,0,0,0,L,0,25T31-,VERMONT AV,76TH ST,0,NA,Y,A,-,N,NA,NA,NA,NA,NA,NA,NA,NA,NA,N,3,0,1,2,A,-,10,21950,A,F,G,B,B,A,H,-,C,A,0,Y,NA,NA,NA,Y,NA,-,99,0,1,0,0,1,0,0,0,0,-,-,NA,NA,LOS ANGELES,LOS ANGELES,-118.29174041748048,33.9707145690918
9387889,2021,2022-01-10,1942,2021-12-25,0030,44103,0331,6,5,7,1942,0,0,0,C,0,3A31,LA BREA AV,FERNDALE ST,236,N,N,A,-,N,NA,NA,NA,NA,NA,NA,NA,NA,NA,Y,2,0,1,1,A,-,03,22350,NA,F,E,I,A,A,H,-,C,D,0,NA,NA,NA,NA,Y,NA,-,99,1,0,0,0,0,0,0,0,0,-,-,NA,NA,LOS ANGELES,LOS ANGELES,-118.35169982910156,34.0311279296875
9387890,2021,2022-01-10,1942,2021-12-24,2345,38111,1822,5,5,7,1942,0,0,0,R,0,25TL27,CENTURY BL,GRAND AV,0,NA,Y,A,-,N,NA,NA,NA,NA,NA,NA,NA,NA,NA,N,2,0,2,2,A,-,12,21453,A,F,D,C,A,A,H,-,D,A,0,NA,NA,NA,NA,Y,NA,-,99,1,0,1,0,0,0,0,0,0,-,-,NA,NA,LOS ANGELES,LOS ANGELES,-118.28031158447266,33.945552825927734