CASE_ID,ACCIDENT_YEAR,PROC_DATE,JURIS,COLLISION_DATE,COLLISION_TIME,OFFICER_ID,REPORTING_DISTRICT,DAY_OF_WEEK,CHP_SHIFT,POPULATION,CNTY_CITY_LOC,SPECIAL_COND,BEAT_TYPE,CHP_BEAT_TYPE,CITY_DIVISION_LAPD,CHP_BEAT_CLASS,BEAT_NUMBER,PRIMARY_RD,SECONDARY_RD,DISTANCE,DIRECTION,INTERSECTION,WEATHER_1,WEATHER_2,STATE_HWY_IND,CALTRANS_COUNTY,CALTRANS_DISTRICT,STATE_ROUTE,ROUTE_SUFFIX,POSTMILE_PREFIX,POSTMILE,LOCATION_TYPE,RAMP_INTERSECTION,SIDE_OF_HWY,TOW_AWAY,COLLISION_SEVERITY,NUMBER_KILLED,NUMBER_INJURED,PARTY_COUNT,PRIMARY_COLL_FACTOR,PCF_CODE_OF_VIOL,PCF_VIOL_CATEGORY,PCF_VIOLATION,PCF_VIOL_SUBSECTION,HIT_AND_RUN,TYPE_OF_COLLISION,MVIW,PED_ACTION,ROAD_SURFACE,ROAD_COND_1,ROAD_COND_2,LIGHTING,CONTROL_DEVICE,CHP_ROAD_TYPE,PEDESTRIAN_ACCIDENT,BICYCLE_ACCIDENT,MOTORCYCLE_ACCIDENT,TRUCK_ACCIDENT,NOT_PRIVATE_PROPERTY,ALCOHOL_INVOLVED,STWD_VEHTYPE_AT_FAULT,CHP_VEHTYPE_AT_FAULT,COUNT_SEVERE_INJ,COUNT_VISIBLE_INJ,COUNT_COMPLAINT_PAIN,COUNT_PED_KILLED,COUNT_PED_INJURED,COUNT_BICYCLIST_KILLED,COUNT_BICYCLIST_INJURED,COUNT_MC_KILLED,COUNT_MC_INJURED,PRIMARY_RAMP,SECONDARY_RAMP,LATITUDE,LONGITUDE,COUNTY,CITY,POINT_X,POINT_Y
9387891,2021,2022-01-10,1942,2021-12-25,1545,41977,1802,6,5,7,1942,0,0,0,R,0,25MX81,MAIN ST,92ND ST,0,NA,Y,A,-,N,NA,NA,NA,NA,NA,NA,NA,NA,NA,Y,3,0,4,2,A,-,09,21801,A,F,D,C,A,B,H,-,A,A,0,NA,NA,NA,NA,Y,NA,-,99,0,1,3,0,0,0,0,0,0,-,-,NA,NA,LOS ANGELES,LOS ANGELES,-118.27389526367188,33.952850341796875
9387892,2021,2022-01-10,1942,2021-12-17,0720,33599,0334,5,5,7,1942,0,0,0,C,0,25TL25,29TH ST,BRONSON AV,29,E,N,A,-,N,NA,NA,NA,NA,NA,NA,NA,NA,NA,Y,3,0,1,3,A,-,03,22350,NA,F,A,C,A,A,H,-,A,A,0,NA,NA,Y,NA,Y,NA,-,99,0,1,0,0,0,0,0,0,0,-,-,NA,NA,LOS ANGELES,LOS ANGELES,-118.33370208740234,34.02945327758789
9387893,2021,2022-01-10,1942,2021-12-17,1600,37724,1266,5,5,7,1942,0,0,0,L,0,25TL56,VERMONT AV,80TH ST,0,NA,Y,A,-,N,NA,NA,NA,NA,NA,NA,NA,NA,NA,Y,3,0,2,5,A,-,12,22450,A,F,D,C,A,A,H,-,A,A,0,NA,NA,NA,NA,Y,NA,A,01,0,1,1,0,0,0,0,0,0,-,-,NA,NA,LOS ANGELES,LOS ANGELES,-118.29184722900392,33.96668243408203
9387894,2021,2022-01-10,1942,2021-12-26,0300,41704,1267,7,5,7,1942,0,0,0,L,0,25MQ56,OLIVE ST,MANCHESTER AV,4,N,N,A,-,N,NA,NA,NA,NA,NA,NA,NA,NA,NA,N,4,0,1,2,A,-,10,21950,NA,F,D,B,B,A,H,-,D,A,0,Y,NA,NA,NA,Y,NA,-,99,0,0,1,0,1,0,0,0,0,-,-,NA,NA,LOS ANGELES,LOS ANGELES,-118.27928924560548,33.96010208129883
9387895,2021,2022-01-10,1942,2021-12-25,2140,42282,1265,6,5,7,1942,0,0,0,L,0,25T21,81ST ST,NEW HAMPSHIRE,20,E,N,C,-,N,NA,NA,NA,NA,NA,NA,NA,NA,NA,Y,3,0,3,2,A,-,03,22350,NA,F,C,C,A,B,H,-,C,A,0,NA,NA,NA,NA,Y,NA,-,99,0,3,0,0,0,0,0,0,0,-,-,NA,NA,LOS ANGELES,LOS ANGELES,-118.2928466796875,33.96546936035156
9387896,2021,2022-01-10,1942,2021-12-18,1730,37724,1241,6,5,7,1942,0,0,0,L,0,25TL56,CRENSHAW BL,HYDE PARK BL,0,NA,Y,A,-,N,NA,NA,NA,NA,NA,NA,NA,NA,NA,Y,4,0,4,5,A,-,12,21453,A,F,D,C,A,A,H,-,C,A,0,NA,NA,NA,NA,Y,NA,A,07,0,0,4,0,0,0,0,0,0,-,-,NA,NA,LOS ANGELES,LOS ANGELES,-118.33087921142578,33.98061752319336
9387897,2021,2022-01-10,1942,2021-12-22,1910,41973,1265,3,5,7,1942,0,0,0,L,0,25TL37,NORMANDIE AV,79TH ST,0,NA,Y,A,-,N,NA,NA,NA,NA,NA,NA,NA,NA,NA,N,4,0,1,2,A,-,09,21801,A,F,D,C,A,A,H,-,C,A,0,NA,NA,NA,NA,Y,NA,A,01,0,0,1,0,0,0,0,0,0,-,-,NA,NA,LOS ANGELES,LOS ANGELES,-118.3002700805664,33.9672966003418
9387898,2021,2022-01-10,1942,2021-12-05,0015,41805,1253,7,5,7,1942,0,0,0,L,0,12A3,VAN NESS AV,78TH PL,0,NA,Y,A,-,N,NA,NA,NA,NA,NA,NA,NA,NA,NA,Y,3,0,1,2,A,-,12,22450,A,F,B,C,A,A,H,-,C,D,0,NA,NA,NA,NA,Y,NA,A,08,0,1,0,0,0,0,0,0,0,-,-,NA,NA,LOS ANGELES,LOS ANGELES,-118.31774139404295,33.968177795410156
9387899,2021,2022-01-10,1942,2021-12-22,1850,41158,1505,3,5,7,1942,0,0,0,O,0,26T53,SATICOY ST,TUJUNGA AV,0,NA,Y,A,-,N,NA,NA,NA,NA,NA,NA,NA,NA,NA,N,4,0,1,2,A,-,10,21950,A,F,G,B,B,-,H,-,C,A,0,Y,NA,NA,NA,Y,Y,-,99,0,0,1,0,1,0,0,0,0,-,-,NA,NA,LOS ANGELES,LOS ANGELES,-118.37903594970705,34.20846939086914
9387900,2021,2022-01-10,1942,2021-12-20,0630,30452,1555,1,5,7,1942,0,0,0,O,0,26TL24,CAMARILLO ST,VINELAND AV,0,NA,Y,A,-,N,NA,NA,NA,NA,NA,NA,NA,NA,NA,N,3,0,1,2,A,-,00,20015,A,F,G,B,B,A,H,-,C,A,0,Y,NA,NA,NA,Y,NA,-,-,0,1,0,0,1,0,0,0,0,-,-,NA,NA,LOS ANGELES,LOS ANGELES,-118.37046051025392,34.15766525268555
9387915,2021,2023-01-10,1942,2021-12-21,1540,37143,0499,2,5,7,1942,0,0,0,D,0,24MQ57,UNION PACIFIC AV,MIRASOL ST,0,NA,Y,A,-,N,NA,NA,NA,NA,NA,NA,NA,NA,NA,N,2,0,1,2,A,-,09,21802,A,N,H,A,A,A,H,-,A,A,0,NA,NA,Y,NA,Y,NA,A,01,1,0,0,0,0,0,0,0,1,-,-,NA,NA,LOS ANGELES,LOS ANGELES,-118.19953155517578,34.01650619506836
9387918,2021,2022-01-10,1967,2021-12-19,1719,163,NA,7,5,2,1967,0,0,0,NA,0,SOUTH,HILL ST,KELLY DR,116,E,N,A,-,N,NA,NA,NA,NA,NA,NA,NA,NA,NA,Y,4,0,1,2,A,-,03,22350,NA,N,C,E,A,A,H,-,C,D,0,NA,NA,NA,NA,Y,NA,A,07,0,0,1,0,0,0,0,0,0,-,-,NA,NA,LOS ANGELES,SIGNAL HILL,-118.16999053955078,33.797122955322266
9387919,2021,2022-01-10,1942,2021-12-22,1150,41579,1255,3,5,7,1942,0,0,0,L,0,25TL23,FLORENCE AV,KANSAS AV,150,E,N,A,-,N,NA,NA,NA,NA,NA,NA,NA,NA,NA,N,3,0,1,2,A,-,03,22350,NA,F,C,C,A,A,H,-,A,D,0,NA,NA,NA,NA,Y,NA,-,99,0,1,0,0,0,0,0,0,0,-,-,NA,NA,LOS ANGELES,LOS ANGELES,-118.29320526123048,33.974613189697266
9387920,2021,2022-01-10,1942,2021-12-23,1450,33397,0374,4,5,7,1942,0,0,0,C,0,25MQ51,ARLINGTON AV,MARTIN LUTHER KING,0,NA,Y,C,-,N,NA,NA,NA,NA,NA,NA,NA,NA,NA,Y,2,0,3,4,A,-,08,22107,NA,N,D,C,A,B,H,-,A,A,0,NA,NA,NA,NA,Y,NA,A,01,1,0,2,0,0,0,0,0,0,-,-,NA,NA,LOS ANGELES,LOS ANGELES,-118.31824493408205,34.01081848144531
9387921,2021,2022-01-07,1942,2021-12-17,1548,38947,1027,5,5,7,1942,0,0,0,J,0,26TL73,VANOWEN ST,DE CELIS PL,293,W,N,A,-,N,NA,NA,NA,NA,NA,NA,NA,NA,NA,Y,2,0,2,3,A,-,00,22161,B,N,A,C,A,A,H,-,A,A,0,NA,NA,NA,NA,Y,NA,A,01,1,0,1,0,0,0,0,0,0,-,-,NA,NA,LOS ANGELES,LOS ANGELES,-118.4955596923828,34.19390106201172
9387923,2021,2022-01-21,1955,2021-12-12,2138,42725,20,7,5,6,1955,0,0,0,NA,0,002,TOWNE AV,ARROW HWY,390,S,N,A,-,N,NA,NA,NA,NA,NA,NA,NA,NA,NA,Y,4,0,1,2,A,-,09,21801,A,N,A,C,A,A,H,-,C,A,0,NA,NA,NA,NA,Y,NA,A,01,0,0,1,0,0,0,0,0,0,-,-,34.09012985229492,-117.73674774169922,LOS ANGELES,POMONA,-117.73680114746094,34.089012145996094
9387931,2021,2022-01-21,1955,2021-12-13,1533,40220,43,1,5,6,1955,0,0,0,NA,0,001,FAIRPLEX DR,ORANGE GROVE AV,0,NA,Y,B,-,N,NA,NA,NA,NA,NA,NA,NA,NA,NA,Y,4,0,2,2,A,-,09,21801,A,F,D,C,A,A,H,-,A,A,0,NA,NA,NA,Y,Y,NA,A,07,0,0,2,0,0,0,0,0,0,-,-,34.06267166137695,-117.78755950927734,LOS ANGELES,POMONA,-117.78754425048828,34.062713623046875
9387949,2021,2022-01-12,1942,2021-12-09,2120,43567,1249,4,5,7,1942,0,0,0,L,0,12X52,FLOWER ST,FLORENCE AV,0,NA,Y,A,-,N,NA,NA,NA,NA,NA,NA,NA,NA,NA,N,4,0,1,2,A,-,12,21453,A,F,D,C,A,A,H,-,C,A,0,NA,NA,NA,NA,Y,NA,-,99,0,0,1,0,0,0,0,0,0,-,-,NA,NA,LOS ANGELES,LOS ANGELES,-118.28125762939452,33.974647521972656
9387969,2021,2022-01-25,1967,2021-12-23,1745,161,NA,4,5,2,1967,0,0,0,NA,0,SOUTH,CHERRY AV,CRESCENT HEIGHTS ST,0,NA,Y,C,-,N,NA,NA,NA,NA,NA,NA,NA,NA,NA,Y,3,0,1,2,A,-,12,21453,A,N,A,C,A,A,H,-,C,A,0,NA,NA,NA,NA,Y,NA,A,01,0,1,0,0,0,0,0,0,0,-,-,NA,NA,LOS ANGELES,SIGNAL HILL,-118.16769409179688,33.80255889892578
9387973,2021,2022-01-25,1909,2021-12-28,0742,611,1909,2,5,4,1909,0,0,0,NA,0,NA,FLORENCE AV,TOLER AV,0,NA,Y,G,-,N,NA,NA,NA,NA,NA,NA,NA,NA,NA,Y,4,0,1,2,A,-,03,22350,NA,N,D,C,A,A,H,-,A,D,0,NA,NA,NA,Y,Y,NA,A,01,0,0,1,0,0,0,0,0,0,-,-,33.96614074707031,-118.15284729003906,LOS ANGELES,BELL GARDENS,-118.1533432006836,33.966468811035156
9388021,2021,2022-01-11,1942,2021-12-14,1650,37724,1206,2,5,7,1942,0,0,0,L,0,25TL56,VERMONT AV,48TH ST,0,NA,Y,C,-,N,NA,NA,NA,NA,NA,NA,NA,NA,NA,Y,2,0,1,2,A,-,09,21801,B,N,D,C,A,B,H,-,C,A,0,NA,NA,NA,NA,Y,NA,M,96,1,0,0,0,0,0,0,0,0,-,-,NA,NA,LOS ANGELES,LOS ANGELES,-118.29154205322266,33.99958801269531
9388022,2021,2022-01-11,1942,2021-12-15,1140,41629,0451,3,5,7,1942,0,0,0,D,0,24TL22,1ST ST,MISSION RD,59,N,N,A,-,N,NA,NA,NA,NA,NA,NA,NA,NA,NA,N,4,0,3,2,A,-,03,22350,NA,N,C,C,A,A,H,-,A,D,0,NA,NA,NA,NA,Y,NA,A,01,0,0,3,0,0,0,0,0,0,-,-,NA,NA,LOS ANGELES,LOS ANGELES,-118.2277603149414,34.047691345214844
9388024,2021,2022-01-11,1942,2021-12-14,1745,36460,0142,2,5,7,1942,0,0,0,A,0,24T51,HILL ST,5TH ST,28,N,N,A,-,N,NA,NA,NA,NA,NA,NA,NA,NA,NA,N,3,0,2,2,A,-,01,23152,A,N,C,C,A,B,H,-,C,A,0,NA,NA,NA,NA,Y,Y,A,01,0,2,0,0,0,0,0,0,0,-,-,NA,NA,LOS ANGELES,LOS ANGELES,-118.25173950195313,34.04882049560547
9388025,2021,2022-01-11,1942,2021-12-10,2020,34332,0466,5,5,7,1942,0,0,0,D,0,24T32,CESAR CHAVEZ AV,MOTT ST,0,NA,Y,A,-,N,NA,NA,NA,NA,NA,NA,NA,NA,NA,N,3,0,1,2,A,-,09,21801,A,F,D,C,A,A,H,-,C,A,0,NA,NA,Y,NA,Y,NA,-,99,0,1,0,0,0,0,0,0,1,-,-,NA,NA,LOS ANGELES,LOS ANGELES,-118.20407104492188,34.04518127441406
9388026,2021,2022-03-30,1942,2021-12-03,1630,36460,1162,5,5,7,1942,0,0,0,K,0,24MQ43,VIRGIL AV,DE LONGPRE AV,75,N,N,A,E,N,NA,NA,NA,NA,NA,NA,NA,NA,NA,N,3,0,1,2,A,-,07,21658,A,F,B,C,A,A,G,-,A,A,0,NA,NA,NA,NA,Y,NA,A,01,0,1,0,0,0,0,0,0,0,-,-,NA,NA,LOS ANGELES,LOS ANGELES,-118.28740692138672,34.096920013427734
9388032,2021,2022-01-12,1900,2021-12-06,1856,517022,0454,1,5,6,1949,0,0,0,NA,0,43T1P,PIONEER BL,FOSTER RD,0,NA,Y,A,-,N,NA,NA,NA,NA,NA,NA,NA,NA,NA,Y,4,0,1,2,A,-,09,21801,A,N,D,C,A,A,H,-,C,A,0,NA,NA,NA,NA,Y,NA,A,07,0,0,1,0,0,0,0,0,0,-,-,NA,NA,LOS ANGELES,NORWALK,-118.08238220214844,33.909847259521484
9388037,2021,2022-01-12,1955,2021-12-06,1418,42469,0007,1,5,6,1955,0,0,0,NA,0,003,HOLT AV,TOWNE AV,200,E,N,A,-,N,NA,NA,NA,NA,NA,NA,NA,NA,NA,Y,4,0,2,2,A,-,03,22350,NA,N,C,C,A,A,H,-,A,A,0,NA,NA,NA,NA,Y,NA,A,01,0,0,2,0,0,0,0,0,0,-,-,34.06258010864258,-117.7415771484375,LOS ANGELES,POMONA,-117.7409210205078,34.062599182128906
9388038,2021,2022-01-12,1955,2021-12-04,1710,42315,26,6,5,6,1955,0,0,0,NA,0,002,GAREY AV,FREDA AV,150,N,N,A,-,N,NA,NA,NA,NA,NA,NA,NA,NA,NA,Y,4,0,1,2,A,-,08,22107,NA,N,C,C,A,A,H,-,C,D,0,NA,NA,NA,NA,Y,NA,A,07,0,0,1,0,0,0,0,0,0,-,-,34.08802032470703,-117.75032806396484,LOS ANGELES,POMONA,-117.7501220703125,34.088340759277344
93880731,2024,2024-08-08,9590,2024-08-01,2155,018529,NA,4,2,7,1942,0,1,1,NA,2,012,SR-110 N/B,AVE. 43,215,S,N,A,-,Y,LA,NA,110,NA,NA,27.075,H,NA,R,N,3,0,1,1,A,-,08,22107,NA,N,E,I,A,A,H,-,E,D,0,NA,NA,NA,NA,Y,NA,A,01,0,1,0,0,0,0,0,0,0,-,-,34.09259033203125,-118.20606994628906,LOS ANGELES,LOS ANGELES,-118.20623779296876,34.09260559082031
9388132,2021,2022-01-13,1942,2021-12-11,1730,39473,1033,6,5,7,1942,0,0,0,J,0,26TL47,VICTORY BL,VANALDEN AV,350,W,N,A,-,N,NA,NA,NA,NA,NA,NA,NA,NA,NA,Y,2,0,1,3,A,-,03,22350,NA,N,C,C,A,A,H,-,C,A,0,NA,NA,NA,NA,Y,NA,A,08,1,0,0,0,0,0,0,0,0,-,-,NA,NA,LOS ANGELES,LOS ANGELES,-118.55030822753906,34.18657302856445
9388133,2021,2022-01-13,1942,2021-12-03,0830,31688,1025,5,5,7,1942,0,0,0,J,0,26M33,VANOWEN ST,LINDLEY AV,0,NA,Y,A,-,N,NA,NA,NA,NA,NA,NA,NA,NA,NA,Y,4,0,3,3,A,-,09,21801,A,N,D,C,A,A,H,-,A,A,0,NA,NA,NA,NA,Y,NA,A,01,0,0,3,0,0,0,0,0,0,-,-,NA,NA,LOS ANGELES,LOS ANGELES,-118.52729034423828,34.193870544433594
9388134,2021,2022-01-18,1942,2021-12-14,1605,34674,1792,2,5,7,1942,0,0,0,Q,0,26Q76,ROSCOE BL,CORBIN,0,NA,Y,C,-,N,NA,NA,NA,NA,NA,NA,NA,NA,NA,Y,3,0,1,2,A,-,12,21453,A,N,D,C,A,B,H,-,A,A,0,NA,NA,NA,NA,Y,NA,A,07,0,1,0,0,0,0,0,0,0,-,-,NA,NA,LOS ANGELES,LOS ANGELES,-118.56229400634766,34.2203483581543
9388135,2021,2022-01-21,1942,2021-12-11,1915,34561,1043,6,5,7,1942,0,0,0,J,0,26T36W,RESEDA BL,RT 101,0,NA,Y,A,-,Y,LA,7,101,-,-,21.104,R,4,N,Y,3,0,1,2,A,-,12,21453,A,F,D,C,A,A,H,-,C,A,0,NA,NA,Y,NA,Y,NA,-,99,0,1,0,0,0,0,0,0,1,-,WF,NA,NA,LOS ANGELES,LOS ANGELES,-118.53336334228516,34.172607421875
9388136,2021,2022-01-13,1942,2021-12-13,1215,31931,1039,1,5,7,1942,0,0,0,J,0,26M29,VICTORY BL,HASKELL AV,0,NA,Y,B,-,N,NA,NA,NA,NA,NA,NA,NA,NA,NA,Y,4,0,2,2,A,-,08,22107,NA,N,B,C,A,A,H,-,A,A,0,NA,NA,NA,NA,Y,NA,A,07,0,0,2,0,0,0,0,0,0,-,-,NA,NA,LOS ANGELES,LOS ANGELES,-118.47495269775392,34.1866455078125
9388137,2021,2022-01-13,1942,2021-12-16,1522,38947,1701,4,5,7,1942,0,0,0,Q,0,26TL73,RINALDI ST,CORBIN AV,421,W,N,A,-,N,NA,NA,NA,NA,NA,NA,NA,NA,NA,Y,4,0,1,2,A,-,09,21801,A,F,D,C,A,A,H,-,A,D,0,NA,NA,NA,NA,Y,NA,-,99,0,0,1,0,0,0,0,0,0,-,-,NA,NA,LOS ANGELES,LOS ANGELES,-118.56355285644533,34.27484893798828
9388138,2021,2022-01-13,1942,2021-12-21,1701,44662,0998,2,5,7,1942,0,0,0,I,0,9A5,LONGRIDGE AV,LONG RIDGE TERRACE,0,NA,Y,A,-,N,NA,NA,NA,NA,NA,NA,NA,NA,NA,N,2,0,1,2,A,-,21,22106,NA,F,D,G,A,A,H,-,C,D,0,NA,Y,NA,NA,Y,NA,-,99,1,0,0,0,0,0,1,0,0,-,-,NA,NA,LOS ANGELES,LOS ANGELES,-118.417236328125,34.130374908447266
9388139,2021,2022-01-13,1942,2021-12-13,0050,41158,1067,1,5,7,1942,0,0,0,J,0,26T52,VENTURA BL,BALBOA BL,21,E,N,A,-,N,NA,NA,NA,NA,NA,NA,NA,NA,NA,Y,3,0,1,1,A,-,08,22107,NA,M,E,I,A,A,H,-,C,D,0,NA,NA,NA,NA,Y,NA,A,01,0,1,0,0,0,0,0,0,0,-,-,NA,NA,LOS ANGELES,LOS ANGELES,-118.50104522705078,34.159244537353516
9388140,2021,2022-01-14,1942,2021-12-24,1940,40388,0935,5,5,7,1942,0,0,0,I,0,26T52W,DELANO ST,TYRONE AV,900,E,N,A,-,N,NA,NA,NA,NA,NA,NA,NA,NA,NA,N,3,0,1,2,A,-,09,21801,A,F,D,C,A,A,H,-,D,D,0,NA,NA,NA,NA,Y,NA,-,99,0,1,0,0,0,0,0,0,0,-,-,NA,NA,LOS ANGELES,LOS ANGELES,-118.44139862060548,34.182647705078125
9388144,2021,2022-01-10,1942,2021-12-12,2030,43628,NA,7,5,7,1942,0,0,0,NA,0,18A97,VERMONT AV,120TH ST,0,NA,Y,A,-,N,NA,NA,NA,NA,NA,NA,NA,NA,NA,Y,4,0,1,2,A,-,09,21801,A,N,A,C,A,A,-,-,C,A,0,NA,NA,NA,NA,Y,NA,A,01,0,0,1,0,0,0,0,0,0,-,-,NA,NA,LOS ANGELES,LOS ANGELES,-118.29180145263672,33.92369079589844
9388147,2021,2022-01-10,1942,2021-12-14,1700,42694,1822,2,5,7,1942,0,0,0,R,0,18X36,CENTURY BL,GRAND,75,W,N,A,-,N,NA,NA,NA,NA,NA,NA,NA,NA,NA,Y,2,0,1,3,A,-,03,22350,NA,N,D,C,A,B,H,-,C,A,0,NA,NA,NA,NA,Y,NA,A,01,1,0,0,0,0,0,0,0,0,-,-,NA,NA,LOS ANGELES,LOS ANGELES,-118.28055572509766,33.94554901123047
9388168,2021,2022-01-14,1967,2021-12-29,2022,157,NA,3,5,2,1967,0,0,0,NA,0,SOUTH,CHERRY AV,CRESCENT HEIGHTS,25,N,N,C,-,N,NA,NA,NA,NA,NA,NA,NA,NA,NA,N,4,0,1,2,A,-,01,23152,A,N,C,C,A,B,H,-,C,A,0,NA,NA,NA,NA,Y,Y,A,01,0,0,1,0,0,0,0,0,0,-,-,NA,NA,LOS ANGELES,SIGNAL HILL,-118.16768646240234,33.80262756347656
9388169,2021,2022-01-14,1967,2021-12-28,1802,161,NA,2,5,2,1967,0,0,0,NA,0,NORTH,ORANGE AV,33RD,0,NA,Y,A,-,N,NA,NA,NA,NA,NA,NA,NA,NA,NA,Y,4,0,1,2,A,-,09,21801,A,N,A,C,A,A,H,-,C,A,0,NA,NA,Y,NA,Y,NA,A,01,0,0,1,0,0,0,0,0,1,-,-,NA,NA,LOS ANGELES,SIGNAL HILL,-118.1763153076172,33.81710433959961
9388170,2021,2022-02-15,1967,2021-12-22,2122,157,NA,3,5,2,1967,0,0,0,NA,0,SOUTH,WALNUT AV,23RD,0,NA,Y,B,-,N,NA,NA,NA,NA,NA,NA,NA,NA,NA,N,4,0,2,2,A,-,12,22450,A,N,D,C,A,A,H,-,C,A,0,NA,NA,NA,NA,Y,NA,-,-,0,0,2,0,0,0,0,0,0,-,-,NA,NA,LOS ANGELES,SIGNAL HILL,-118.17201232910156,33.79887771606445
9388171,2021,2022-01-14,1967,2021-12-22,1652,147,NA,3,5,2,1967,0,0,0,NA,0,NORTH,WILLOW,CALIFORNIA AV,121,E,N,A,-,N,NA,NA,NA,NA,NA,NA,NA,NA,NA,N,4,0,1,4,A,-,03,22350,NA,N,C,C,A,A,H,-,B,D,0,NA,NA,NA,NA,Y,NA,A,01,0,0,1,0,0,0,0,0,0,-,-,NA,NA,LOS ANGELES,SIGNAL HILL,-118.18031311035156,33.80427932739258
9388263,2021,2022-01-14,1942,2021-12-23,2120,38119,1525,4,5,7,1942,0,0,0,O,0,15XL15,COLFAX AV,CALIFA ST,50,S,N,C,-,N,NA,NA,NA,NA,NA,NA,NA,NA,NA,Y,4,0,4,3,A,-,03,22350,NA,F,C,E,A,B,H,-,C,D,0,NA,NA,NA,NA,Y,NA,A,01,0,0,4,0,0,0,0,0,0,-,-,NA,NA,LOS ANGELES,LOS ANGELES,-118.38778686523438,34.17742156982422
9388264,2021,2022-02-08,1942,2021-12-19,2055,44472,1781,7,5,7,1942,0,0,0,Q,0,17A81,NORDHOFF ST,BAHAMA ST,50,N,N,A,-,N,NA,NA,NA,NA,NA,NA,NA,NA,NA,Y,4,0,1,2,A,-,08,22107,NA,F,B,C,A,A,H,-,C,D,0,NA,NA,NA,NA,Y,NA,-,NA,0,0,1,0,0,0,0,0,0,-,-,NA,NA,LOS ANGELES,LOS ANGELES,-118.58155822753906,34.23229217529297
9388265,2021,2022-01-14,1942,2021-12-27,1840,42251,NA,1,5,7,1942,0,0,0,NA,0,26Q44,VANOWEN ST,CALHOUN AV,18,E,-,B,-,N,NA,NA,NA,NA,NA,NA,NA,NA,NA,Y,2,0,1,2,A,-,11,21954,A,F,G,B,D,B,H,-,C,A,0,Y,NA,NA,NA,Y,Y,N,60,1,0,0,0,1,0,0,0,0,-,-,NA,NA,LOS ANGELES,LOS ANGELES,-118.44210815429688,34.193939208984375
9388266,2021,2022-01-14,1942,2021-12-24,2040,41158,1008,5,5,7,1942,0,0,0,J,0,26T52,WOODLEY AV,RAYMER ST,305,N,N,A,-,N,NA,NA,NA,NA,NA,NA,NA,NA,NA,Y,3,0,1,1,A,-,01,23152,A,N,E,I,A,A,H,-,C,D,0,NA,NA,NA,NA,Y,Y,A,07,0,1,0,0,0,0,0,0,0,-,-,NA,NA,LOS ANGELES,LOS ANGELES,-118.48370361328124,34.21856689453125
9388267,2021,2022-01-14,1942,2021-12-22,1740,37613,1004,3,5,7,1942,0,0,0,J,0,26TL45,LINDLEY AV,INGOMAR ST,0,NA,Y,C,-,N,NA,NA,NA,NA,NA,NA,NA,NA,NA,Y,2,0,1,2,A,-,09,21802,A,N,A,C,A,B,H,-,C,A,0,NA,NA,NA,NA,Y,Y,A,01,1,0,0,0,0,0,0,0,0,-,-,NA,NA,LOS ANGELES,LOS ANGELES,-118.52735137939452,34.21205139160156
9388268,2021,2022-01-14,1942,2021-12-22,0240,36733,1037,3,5,7,1942,0,0,0,J,0,26T53W,VICTORY BL,LOUISE AV,25,W,N,A,-,N,NA,NA,NA,NA,NA,NA,NA,NA,NA,Y,4,0,1,2,A,-,01,23152,A,N,C,C,A,A,H,-,C,A,0,NA,NA,NA,NA,Y,Y,A,01,0,0,1,0,0,0,0,0,0,-,-,NA,NA,LOS ANGELES,LOS ANGELES,-118.51013946533205,34.18682098388672
9388269,2021,2022-01-14,1942,2021-12-11,1850,41158,2128,6,5,7,1942,0,0,0,NA,0,26TL52,SATICOY ST,MASON AV,405,E,N,A,-,N,NA,NA,NA,NA,NA,NA,NA,NA,NA,Y,2,0,1,2,A,-,11,21955,NA,N,G,B,E,A,H,-,C,D,0,Y,NA,NA,NA,Y,Y,N,60,1,0,0,0,1,0,0,0,0,-,-,NA,NA,LOS ANGELES,LOS ANGELES,-118.57847595214844,34.2081413269043
9388270,2021,2022-01-14,1942,2021-12-19,0415,43603,1024,7,5,7,1942,0,0,0,J,0,10A17,SHERMAN WY,RESEDA BL,0,NA,Y,A,-,N,NA,NA,NA,NA,NA,NA,NA,NA,NA,Y,4,0,1,3,A,-,12,21453,A,F,C,C,A,A,H,-,C,A,0,NA,NA,NA,NA,Y,NA,-,NA,0,0,1,0,0,0,0,0,0,-,-,NA,NA,LOS ANGELES,LOS ANGELES,-118.53604125976564,34.201080322265625
9388271,2021,2022-01-14,1942,2021-12-16,0300,42417,1599,4,5,7,1942,0,0,0,O,0,15A67,MULTIVIEW DR,MULTIVIEW DR 3580,0,NA,-,A,-,N,NA,NA,NA,NA,NA,NA,NA,NA,NA,N,4,0,2,2,A,-,05,21650,NA,F,A,C,A,A,H,-,D,D,0,NA,NA,NA,NA,Y,NA,A,01,0,0,2,0,0,0,0,0,0,-,-,NA,NA,LOS ANGELES,LOS ANGELES,-118.362697,34.13102
9388272,2021,2022-01-14,1942,2021-12-16,1700,37613,1916,4,5,7,1942,0,0,0,NA,0,26TL45,HUBBARD ST,DRONFIELD AV,0,NA,Y,C,-,N,NA,NA,NA,NA,NA,NA,NA,NA,NA,Y,3,0,1,2,A,-,09,21801,A,N,D,C,A,B,H,-,B,A,0,NA,NA,NA,NA,Y,NA,A,07,0,1,0,0,0,0,0,0,0,-,-,NA,NA,LOS ANGELES,LOS ANGELES,-118.43326568603516,34.304779052734375
9388273,2021,2022-01-18,1942,2021-12-12,2130,40876,1959,7,5,7,1942,0,0,0,NA,0,26T53W,MERCER ST,BARTEE AV,55,W,N,A,-,N,NA,NA,NA,NA,NA,NA,NA,NA,NA,N,3,0,1,4,A,-,08,22107,NA,F,C,E,E,A,H,-,C,D,0,Y,NA,NA,NA,Y,NA,-,99,0,1,0,0,1,0,0,0,0,-,-,NA,NA,LOS ANGELES,LOS ANGELES,-118.43878936767578,34.256591796875
9388274,2021,2022-01-18,1942,2021-12-11,1345,42939,1971,6,5,7,1942,0,0,0,NA,0,19A93,SEPULVEDA BL,RAYEN ST,0,NA,Y,A,-,N,NA,NA,NA,NA,NA,NA,NA,NA,NA,N,4,0,1,2,A,-,03,22350,NA,N,-,C,A,A,H,-,A,A,0,NA,NA,Y,NA,Y,NA,A,01,0,0,1,0,0,0,0,0,1,-,-,NA,NA,LOS ANGELES,LOS ANGELES,-118.4677276611328,34.23188781738281