CASE_ID,ACCIDENT_YEAR,PROC_DATE,JURIS,COLLISION_DATE,COLLISION_TIME,OFFICER_ID,REPORTING_DISTRICT,DAY_OF_WEEK,CHP_SHIFT,POPULATION,CNTY_CITY_LOC,SPECIAL_COND,BEAT_TYPE,CHP_BEAT_TYPE,CITY_DIVISION_LAPD,CHP_BEAT_CLASS,BEAT_NUMBER,PRIMARY_RD,SECONDARY_RD,DISTANCE,DIRECTION,INTERSECTION,WEATHER_1,WEATHER_2,STATE_HWY_IND,CALTRANS_COUNTY,CALTRANS_DISTRICT,STATE_ROUTE,ROUTE_SUFFIX,POSTMILE_PREFIX,POSTMILE,LOCATION_TYPE,RAMP_INTERSECTION,SIDE_OF_HWY,TOW_AWAY,COLLISION_SEVERITY,NUMBER_KILLED,NUMBER_INJURED,PARTY_COUNT,PRIMARY_COLL_FACTOR,PCF_CODE_OF_VIOL,PCF_VIOL_CATEGORY,PCF_VIOLATION,PCF_VIOL_SUBSECTION,HIT_AND_RUN,TYPE_OF_COLLISION,MVIW,PED_ACTION,ROAD_SURFACE,ROAD_COND_1,ROAD_COND_2,LIGHTING,CONTROL_DEVICE,CHP_ROAD_TYPE,PEDESTRIAN_ACCIDENT,BICYCLE_ACCIDENT,MOTORCYCLE_ACCIDENT,TRUCK_ACCIDENT,NOT_PRIVATE_PROPERTY,ALCOHOL_INVOLVED,STWD_VEHTYPE_AT_FAULT,CHP_VEHTYPE_AT_FAULT,COUNT_SEVERE_INJ,COUNT_VISIBLE_INJ,COUNT_COMPLAINT_PAIN,COUNT_PED_KILLED,COUNT_PED_INJURED,COUNT_BICYCLIST_KILLED,COUNT_BICYCLIST_INJURED,COUNT_MC_KILLED,COUNT_MC_INJURED,PRIMARY_RAMP,SECONDARY_RAMP,LATITUDE,LONGITUDE,COUNTY,CITY,POINT_X,POINT_Y
9389715,2021,2022-01-19,1906,2021-12-21,0902,4422,NA,2,5,5,1906,0,0,0,NA,0,003,PUENTE AV,MACDEVITT ST,85,S,N,B,-,N,NA,NA,NA,NA,NA,NA,NA,NA,NA,N,4,0,1,2,A,-,03,22350,NA,N,D,G,A,A,H,-,A,D,0,NA,Y,NA,NA,Y,NA,L,04,0,0,1,0,0,0,1,0,0,-,-,NA,NA,LOS ANGELES,BALDWIN PARK,-117.956787109375,34.075096130371094
9389716,2021,2022-01-19,1906,2021-12-17,1744,4442,NA,5,5,5,1906,0,0,0,NA,0,003,BALDWIN PARK BL,FOSTER AV,0,NA,Y,A,-,N,NA,NA,NA,NA,NA,NA,NA,NA,NA,Y,4,0,2,2,A,-,09,21801,NA,N,D,C,A,A,H,-,D,A,0,NA,NA,NA,NA,Y,NA,A,01,0,0,2,0,0,0,0,0,0,-,-,NA,NA,LOS ANGELES,BALDWIN PARK,-117.97493743896484,34.07416915893555
9389723,2021,2022-01-18,1955,2021-12-27,1726,42686,0079,1,5,6,1955,0,0,0,NA,0,005,PHILLIPS RANCH RD,RIO RANCHO RD,54,S,N,C,-,N,NA,NA,NA,NA,NA,NA,NA,NA,NA,N,4,0,1,2,A,-,03,22350,NA,N,C,C,A,B,H,-,C,A,0,NA,NA,NA,NA,Y,NA,A,01,0,0,1,0,0,0,0,0,0,-,-,34.02724838256836,-117.77195739746094,LOS ANGELES,POMONA,-117.7719955444336,34.027042388916016
9389724,2021,2022-01-18,1955,2021-12-24,1319,42315,4,5,5,6,1955,0,0,0,NA,0,001,MISSION BL,PARK AV,0,NA,Y,A,-,N,NA,NA,NA,NA,NA,NA,NA,NA,NA,N,4,0,1,2,A,-,12,21453,A,N,D,C,A,B,H,-,A,A,0,NA,NA,NA,NA,Y,NA,A,01,0,0,1,0,0,0,0,0,0,-,-,34.05509948730469,-117.75438690185548,LOS ANGELES,POMONA,-117.75440979003906,34.05499267578125
9389725,2021,2022-01-18,1955,2021-12-20,1459,41900,90,1,5,6,1955,0,0,0,NA,0,004,MISSION BL,ROSWELL AV,400,W,N,A,-,N,NA,NA,NA,NA,NA,NA,NA,NA,NA,N,4,0,1,2,A,-,08,22107,NA,N,C,E,A,A,H,-,A,A,0,NA,NA,NA,NA,Y,NA,A,07,0,0,1,0,0,0,0,0,0,-,-,NA,NA,LOS ANGELES,POMONA,-117.72052764892578,34.055904388427734
9389726,2021,2022-01-18,1955,2021-12-04,2120,42661,99,6,5,6,1955,0,0,0,NA,0,003,SAN ANTONIO AV,MONTEREY AV,24,S,N,A,-,N,NA,NA,NA,NA,NA,NA,NA,NA,NA,N,4,0,3,2,A,-,09,21802,A,N,D,C,A,A,H,-,C,A,0,NA,NA,NA,NA,Y,NA,A,07,0,0,3,0,0,0,0,0,0,-,-,34.06085968017578,-117.73713684082033,LOS ANGELES,POMONA,-117.73713684082033,34.060752868652344
9389736,2021,2022-01-18,1900,2021-12-02,2310,652873,1135,4,5,6,1992,0,0,0,NA,0,112T2,LANDSFORD ST,CABOOSE DR,35,W,N,A,-,N,NA,NA,NA,NA,NA,NA,NA,NA,NA,N,3,0,1,2,A,-,08,22107,NA,N,D,C,A,A,H,-,C,D,0,NA,NA,NA,NA,Y,NA,A,01,0,1,0,0,0,0,0,0,0,-,-,NA,NA,LOS ANGELES,LANCASTER,-118.10213470458984,34.69804000854492
9389737,2021,2022-01-18,1900,2021-12-10,1711,647475,1132,5,5,6,1992,0,0,0,NA,0,111T2,LANCASTER BL,5TH ST EAST,0,NA,Y,A,-,N,NA,NA,NA,NA,NA,NA,NA,NA,NA,Y,4,0,1,2,A,-,12,21453,A,N,D,C,A,A,H,-,A,A,0,NA,NA,NA,NA,Y,NA,A,01,0,0,1,0,0,0,0,0,0,-,-,NA,NA,LOS ANGELES,LANCASTER,-118.12152862548828,34.696773529052734
9389738,2021,2022-01-18,1900,2021-12-10,1540,647475,1133,5,5,6,1992,0,0,0,NA,0,111T2,AVENUE K,STANRIDGE AV,0,NA,Y,A,-,N,NA,NA,NA,NA,NA,NA,NA,NA,NA,Y,3,0,3,2,A,-,17,21209,A,N,D,C,A,A,H,-,A,A,0,NA,NA,NA,NA,Y,NA,A,01,0,1,2,0,0,0,0,0,0,-,-,NA,NA,LOS ANGELES,LANCASTER,-118.12718963623048,34.67500305175781
9389739,2021,2022-01-18,1900,2021-12-08,0935,627967,1135,3,5,6,1992,0,0,0,NA,0,111T4,AVENUE J,20TH ST EAST,31,E,N,A,-,N,NA,NA,NA,NA,NA,NA,NA,NA,NA,N,4,0,3,2,A,-,21,22106,NA,N,C,C,A,A,H,-,A,A,0,NA,NA,NA,NA,Y,NA,A,01,0,0,3,0,0,0,0,0,0,-,-,NA,NA,LOS ANGELES,LANCASTER,-118.0946807861328,34.689632415771484
9389740,2021,2022-01-18,1900,2021-12-01,0943,510509,1123,3,5,6,1992,0,0,0,NA,0,112T4,AVENUE J-8,SIERRA HWY,253,W,N,A,-,N,NA,NA,NA,NA,NA,NA,NA,NA,NA,Y,4,0,3,2,A,-,08,22107,NA,M,D,C,A,A,H,-,A,D,0,NA,NA,NA,NA,Y,Y,A,07,0,0,3,0,0,0,0,0,0,-,-,NA,NA,LOS ANGELES,LANCASTER,-118.13484191894533,34.682071685791016
9389741,2021,2022-01-28,1941,2021-12-20,1953,11240,NA,1,5,7,1941,0,0,0,NA,0,NA,PACIFIC COAST HWY,RT 710,0,NA,Y,A,-,Y,LA,7,1,-,-,7.32,H,-,S,Y,2,0,1,2,A,-,05,21650,NA,N,A,G,A,A,H,-,D,D,0,NA,Y,NA,NA,Y,Y,-,NA,1,0,0,0,0,0,1,0,0,-,NO,NA,NA,LOS ANGELES,LONG BEACH,-118.20829010009766,33.78984069824219
9389742,2021,2022-01-20,1941,2021-12-20,0956,6291,NA,1,5,7,1941,0,0,0,NA,0,NA,PINE AV,15TH ST,6,N,N,A,-,N,NA,NA,NA,NA,NA,NA,NA,NA,NA,Y,4,0,2,2,A,-,03,22350,NA,N,-,C,A,A,H,-,A,A,0,NA,NA,NA,NA,Y,NA,A,NA,0,0,2,0,0,0,0,0,0,-,-,NA,NA,LOS ANGELES,LONG BEACH,-118.19236755371094,33.78534698486328
9389743,2021,2022-01-20,1941,2021-12-19,0153,10996,NA,7,5,7,1941,0,0,0,NA,0,NA,9TH ST,ANAHEIM ST,227,S,N,A,-,N,NA,NA,NA,NA,NA,NA,NA,NA,NA,Y,3,0,1,1,A,-,05,21650,NA,N,A,I,A,A,H,-,C,D,0,NA,NA,NA,NA,Y,NA,A,NA,0,1,0,0,0,0,0,0,0,-,-,NA,NA,LOS ANGELES,LONG BEACH,-118.21937561035156,33.782249450683594
9389744,2021,2022-01-20,1941,2021-12-12,0040,6317,NA,7,5,7,1941,0,0,0,NA,0,NA,ANAHEIM ST,E CANAL AV,62,E,N,A,-,N,NA,NA,NA,NA,NA,NA,NA,NA,NA,Y,2,0,2,1,A,-,08,22107,NA,N,E,I,A,A,H,-,C,A,0,NA,NA,NA,NA,Y,Y,A,NA,1,1,0,0,0,0,0,0,0,-,-,NA,NA,LOS ANGELES,LONG BEACH,-118.213623046875,33.782711029052734
9389745,2021,2022-01-20,1941,2021-12-13,1456,6074,NA,1,5,7,1941,0,0,0,NA,0,NA,SAN ANTONIO DR,ORANGE AV,0,NA,-,A,-,N,NA,NA,NA,NA,NA,NA,NA,NA,NA,N,4,0,1,2,A,-,09,21804,A,F,B,C,A,A,H,-,A,D,0,NA,NA,NA,NA,Y,NA,A,NA,0,0,1,0,0,0,0,0,0,-,-,NA,NA,LOS ANGELES,LONG BEACH,-118.1763153076172,33.84144973754883
9389746,2021,2022-01-28,1941,2021-12-13,1916,11121,NA,1,5,7,1941,0,0,0,NA,0,NA,PCH,TRAFFIC CIR,0,NA,Y,A,-,Y,LA,7,1,-,-,3.516,I,5,S,N,4,0,1,2,A,-,03,22350,NA,F,C,C,A,A,H,-,C,D,0,NA,NA,NA,NA,Y,NA,A,NA,0,0,1,0,0,0,0,0,0,-,-,NA,NA,LOS ANGELES,LONG BEACH,-118.14295959472656,33.78949737548828
9389747,2021,2022-01-20,1941,2021-12-10,1447,10022,NA,5,5,7,1941,0,0,0,NA,0,NA,E HARDING ST,JOHN AV,0,NA,Y,A,-,N,NA,NA,NA,NA,NA,NA,NA,NA,NA,Y,4,0,2,4,A,-,09,21804,A,N,D,C,A,A,H,-,A,B,0,NA,NA,NA,NA,Y,NA,A,NA,0,0,2,0,0,0,0,0,0,-,-,NA,NA,LOS ANGELES,LONG BEACH,-118.17255401611328,33.86735916137695
9389748,2021,2022-01-21,1941,2021-12-10,1954,11230,NA,5,5,7,1941,0,0,0,NA,0,NA,CARSON ST,OLIVE AV,0,NA,Y,A,-,N,NA,NA,NA,NA,NA,NA,NA,NA,NA,Y,4,0,1,2,A,-,09,21801,A,N,A,C,A,A,H,-,C,A,0,NA,NA,NA,NA,Y,NA,A,NA,0,0,1,0,0,0,0,0,0,-,-,NA,NA,LOS ANGELES,LONG BEACH,-118.18280029296876,33.832088470458984
9389749,2021,2022-01-21,1941,2021-12-09,2121,10833,NA,4,5,7,1941,0,0,0,NA,0,NA,E WARDLOW RD,NORWALK BL,10,W,N,A,-,N,NA,NA,NA,NA,NA,NA,NA,NA,NA,Y,3,0,3,5,A,-,12,21453,A,F,D,C,A,A,H,-,B,D,0,NA,NA,NA,NA,Y,Y,A,NA,0,1,2,0,0,0,0,0,0,-,-,NA,NA,LOS ANGELES,LONG BEACH,-118.07183837890624,33.817604064941406
9389750,2021,2022-01-28,1941,2021-12-13,2100,11230,NA,1,5,7,1941,0,0,0,NA,0,NA,ATLANTIC AV,RT 91,0,NA,Y,A,-,Y,LA,7,91,-,R,12.242,R,4,W,N,4,0,1,2,A,-,12,21453,A,F,D,C,A,A,H,-,C,A,0,NA,NA,NA,NA,Y,NA,A,NA,0,0,1,0,0,0,0,0,0,-,-,NA,NA,LOS ANGELES,LONG BEACH,-118.1837158203125,33.87685012817383
9389751,2021,2022-01-21,1941,2021-12-17,2108,11223,NA,5,5,7,1941,0,0,0,NA,0,NA,ORANGE AV,POINSETTIA ST,10,N,N,A,-,N,NA,NA,NA,NA,NA,NA,NA,NA,NA,Y,2,0,1,4,A,-,08,22107,NA,F,D,C,A,A,H,-,C,D,0,NA,NA,NA,NA,Y,NA,A,NA,1,0,0,0,0,0,0,0,0,-,-,NA,NA,LOS ANGELES,LONG BEACH,-118.17736053466795,33.870086669921875
9389752,2021,2022-01-21,1941,2021-12-19,1743,11665,NA,7,5,7,1941,0,0,0,NA,0,NA,23RD ST,ATLANTIC AV,9,W,N,A,-,N,NA,NA,NA,NA,NA,NA,NA,NA,NA,Y,4,0,1,2,A,-,09,21801,A,M,D,C,A,A,H,-,C,D,0,NA,NA,NA,NA,Y,NA,A,NA,0,0,1,0,0,0,0,0,0,-,-,NA,NA,LOS ANGELES,LONG BEACH,-118.18505096435548,33.798919677734375
9389753,2021,2022-01-21,1941,2021-12-20,1541,11665,NA,1,5,7,1941,0,0,0,NA,0,NA,PETERSON AV,POLE #444884E,24,S,N,A,-,N,NA,NA,NA,NA,NA,NA,NA,NA,NA,Y,3,0,1,2,A,-,03,22350,NA,N,A,E,A,A,H,-,A,D,0,NA,NA,NA,NA,Y,NA,A,NA,0,1,0,0,0,0,0,0,0,-,-,NA,NA,LOS ANGELES,LONG BEACH,NA,NA
9389754,2021,2022-01-21,1941,2021-12-18,1104,5621,NA,6,5,7,1941,0,0,0,NA,0,NA,SHADY PARK DR,ROSEBAY ST,30,N,N,A,-,N,NA,NA,NA,NA,NA,NA,NA,NA,NA,N,4,0,1,2,A,-,05,21650,NA,M,A,E,A,A,H,-,A,D,0,NA,NA,NA,NA,Y,NA,A,NA,0,0,1,0,0,0,0,0,0,-,-,NA,NA,LOS ANGELES,LONG BEACH,-118.11249542236328,33.81375503540039
9389755,2021,2022-01-21,1941,2021-12-03,2030,11246,NA,5,5,7,1941,0,0,0,NA,0,NA,ARTESIA BL,ORANGE AV,0,NA,Y,A,-,N,NA,NA,NA,NA,NA,NA,NA,NA,NA,N,2,0,1,2,A,-,11,21955,NA,N,A,B,D,A,H,-,D,A,0,Y,NA,NA,NA,Y,NA,N,NA,1,0,0,0,1,0,0,0,0,-,-,NA,NA,LOS ANGELES,LONG BEACH,-118.17739105224608,33.874534606933594
9389773,2021,2022-01-14,1951,2021-12-14,0319,733,712,2,5,3,1951,0,0,0,NA,0,022,PALOS VERDES DR W,PALOS VERDES DR N,0,NA,Y,C,-,N,NA,NA,NA,NA,NA,NA,NA,NA,NA,Y,4,0,1,2,A,-,03,22350,NA,M,A,I,A,B,H,-,D,A,0,NA,NA,NA,NA,Y,NA,-,-,0,0,1,0,0,0,0,0,0,-,-,NA,NA,LOS ANGELES,PALOS VERDES EST,-118.38771057128906,33.801509857177734
9389784,2021,2022-01-14,1941,2021-12-09,0923,6204,NA,4,5,7,1941,0,0,0,NA,0,NA,CHERRY AV,CARSON ST,40,N,N,A,-,N,NA,NA,NA,NA,NA,NA,NA,NA,NA,Y,4,0,2,3,A,-,03,22350,NA,N,B,C,A,A,H,-,A,A,0,NA,NA,NA,NA,Y,NA,A,NA,0,0,2,0,0,0,0,0,0,-,-,NA,NA,LOS ANGELES,LONG BEACH,-118.16756439208984,33.83256149291992
9389785,2021,2022-02-10,1941,2021-12-10,2201,11273,NA,5,5,7,1941,0,0,0,NA,0,NA,7TH ST,CEDAR AV,0,NA,Y,A,-,N,NA,NA,NA,NA,NA,NA,NA,NA,NA,N,4,0,2,2,A,-,03,22350,NA,N,D,C,A,A,H,-,C,A,0,NA,NA,NA,NA,Y,NA,A,NA,0,0,2,0,0,0,0,0,0,-,-,NA,NA,LOS ANGELES,LONG BEACH,-118.19506072998048,33.775360107421875
9389786,2021,2022-01-14,1941,2021-12-10,2300,11673,NA,5,5,7,1941,0,0,0,NA,0,NA,ATLANTIC AV,52ND ST,0,NA,Y,A,-,N,NA,NA,NA,NA,NA,NA,NA,NA,NA,Y,3,0,2,2,A,-,09,21801,A,N,D,C,A,A,H,-,C,A,0,NA,NA,NA,NA,Y,NA,A,NA,0,1,1,0,0,0,0,0,0,-,-,NA,NA,LOS ANGELES,LONG BEACH,-118.18497467041016,33.850494384765625
9389787,2021,2022-01-14,1941,2021-12-10,2317,11338,NA,5,5,7,1941,0,0,0,NA,0,NA,BROADWAY,CERRITOS AV,0,NA,Y,A,-,N,NA,NA,NA,NA,NA,NA,NA,NA,NA,Y,4,0,1,2,A,-,09,21802,A,N,D,C,A,A,H,-,C,D,0,NA,NA,NA,NA,Y,NA,A,NA,0,0,1,0,0,0,0,0,0,-,-,NA,NA,LOS ANGELES,LONG BEACH,-118.17863464355467,33.76870346069336
9389790,2021,2022-01-14,1900,2021-12-08,1550,647475,1133,3,5,6,1992,0,0,0,NA,0,111T2,CHALLENGER WY,AVE J-14,0,N,N,A,-,N,NA,NA,NA,NA,NA,NA,NA,NA,NA,Y,4,0,3,2,D,-,00,NA,NA,N,A,C,A,A,H,-,A,A,0,NA,NA,NA,NA,Y,NA,-,-,0,0,3,0,0,0,0,0,0,-,-,NA,NA,LOS ANGELES,LANCASTER,-118.11243438720705,34.67679214477539
9389791,2021,2022-01-14,1900,2021-12-09,1314,655212,1131,4,5,6,1992,0,0,0,NA,0,111T1,AVE I,CHALLENGER WY,385,W,N,B,-,N,NA,NA,NA,NA,NA,NA,NA,NA,NA,N,4,0,3,2,A,-,03,22350,NA,N,C,C,A,B,H,-,A,D,0,NA,NA,NA,NA,Y,NA,A,01,0,0,3,0,0,0,0,0,0,-,-,NA,NA,LOS ANGELES,LANCASTER,-118.11392211914064,34.704158782958984
9389792,2021,2022-01-14,1900,2021-12-08,1118,510509,1127,3,5,6,1992,0,0,0,NA,0,112T4,VALLEY CENTRAL WY,AVE I,0,NA,Y,A,-,N,NA,NA,NA,NA,NA,NA,NA,NA,NA,N,4,0,1,2,D,-,00,NA,NA,N,B,C,A,A,H,-,A,A,0,NA,NA,NA,NA,Y,NA,-,-,0,0,1,0,0,0,0,0,0,-,-,NA,NA,LOS ANGELES,LANCASTER,-118.17491149902344,34.70397186279297
9389793,2021,2022-01-14,1900,2021-12-11,1932,610418,1129,6,5,6,1992,0,0,0,NA,0,111T1,30TH ST WEST,AVE I,250,N,N,A,-,N,NA,NA,NA,NA,NA,NA,NA,NA,NA,N,3,0,1,2,D,-,00,NA,NA,N,G,B,D,A,H,-,C,D,0,Y,NA,NA,NA,Y,NA,-,-,0,1,0,0,1,0,0,0,0,-,-,NA,NA,LOS ANGELES,LANCASTER,-118.18382263183594,34.70478439331055
9389794,2021,2022-01-14,1900,2021-12-10,1817,610418,1127,5,5,6,1992,0,0,0,NA,0,111T1,LANCASTER BL,30TH ST WEST,86,E,N,A,-,N,NA,NA,NA,NA,NA,NA,NA,NA,NA,Y,4,0,2,3,A,-,04,21703,NA,N,C,C,A,A,H,-,C,A,0,NA,NA,NA,NA,Y,NA,A,01,0,0,2,0,0,0,0,0,0,-,-,NA,NA,LOS ANGELES,LANCASTER,-118.18362426757813,34.696781158447266
9389795,2021,2022-01-14,1900,2021-12-10,1659,610418,1132,5,5,6,1992,0,0,0,NA,0,111T1,AVE J,CHALLENGER WY,270,W,N,A,-,N,NA,NA,NA,NA,NA,NA,NA,NA,NA,Y,4,0,3,2,A,-,07,21658,A,N,B,C,A,A,H,-,B,D,0,NA,NA,NA,NA,Y,NA,A,07,0,0,3,0,0,0,0,0,0,-,-,NA,NA,LOS ANGELES,LANCASTER,-118.113525390625,34.68944549560547
9389796,2021,2022-01-14,1900,2021-12-13,1121,310509,1126,1,5,6,1992,0,0,0,NA,0,112T4,AVE J,15TH ST WEST,747,W,N,B,-,N,NA,NA,NA,NA,NA,NA,NA,NA,NA,N,4,0,1,2,A,-,01,23152,A,N,C,C,A,A,H,-,A,D,0,NA,NA,NA,NA,Y,Y,A,01,0,0,1,0,0,0,0,0,0,-,-,NA,NA,LOS ANGELES,LANCASTER,-118.15931701660156,34.68941879272461
9389797,2021,2022-01-14,1975,2021-12-17,0151,460,1975,5,5,6,1975,0,0,0,NA,0,002,WORKMAN AV,HOLLENBECK AV,300,W,N,A,-,N,NA,NA,NA,NA,NA,NA,NA,NA,NA,N,3,0,1,1,A,-,08,22107,NA,N,E,I,A,A,H,-,C,D,0,NA,NA,NA,NA,Y,NA,A,07,0,1,0,0,0,0,0,0,0,-,-,34.07548141479492,-117.8989028930664,LOS ANGELES,WEST COVINA,-117.89991760253906,34.075435638427734
9389798,2021,2022-01-14,1975,2021-12-20,1724,447,NA,1,5,6,1975,0,0,0,NA,0,004,GLENDORA AV,WALNUT CREEK PKWY,0,NA,Y,A,-,N,NA,NA,NA,NA,NA,NA,NA,NA,NA,Y,4,0,1,2,A,-,12,22450,A,N,B,C,A,A,H,-,B,A,0,NA,NA,NA,NA,Y,NA,-,-,0,0,1,0,0,0,0,0,0,-,-,34.06801986694336,-117.92471313476564,LOS ANGELES,WEST COVINA,-117.92469787597656,34.067970275878906
9389799,2021,2022-01-14,1975,2021-12-04,2016,479,NA,6,5,6,1975,0,0,0,NA,0,002,CALIFORNIA AV,PINE ST,445,S,N,A,-,N,NA,NA,NA,NA,NA,NA,NA,NA,NA,Y,4,0,1,2,A,-,08,22107,NA,N,C,E,A,A,H,-,C,D,0,NA,NA,NA,NA,Y,NA,A,01,0,0,1,0,0,0,0,0,0,-,-,34.057090759277344,-117.94219207763672,LOS ANGELES,WEST COVINA,-117.94318389892578,34.056156158447266
9389800,2021,2022-01-14,1975,2021-12-14,1829,479,NA,2,5,6,1975,0,0,0,NA,0,001,LARK ELLEN AV,DANES DR,0,NA,Y,A,-,N,NA,NA,NA,NA,NA,NA,NA,NA,NA,Y,4,0,2,2,A,-,03,22350,NA,N,C,C,A,B,H,-,C,D,0,NA,NA,NA,NA,Y,NA,A,01,0,0,2,0,0,0,0,0,0,-,-,34.080970764160156,-117.91660308837892,LOS ANGELES,WEST COVINA,-117.91658020019533,34.08098220825195
9389942,2021,2022-01-06,1975,2021-05-30,1233,442,CITRU,7,5,6,1975,0,0,0,NA,0,004,GLENDORA AV,MERCED AV,95,N,N,A,-,N,NA,NA,NA,NA,NA,NA,NA,NA,NA,Y,4,0,1,3,A,-,03,22350,NA,N,C,C,A,A,H,-,A,D,0,NA,NA,NA,NA,Y,NA,-,NA,0,0,1,0,0,0,0,0,0,-,-,34.055519104003906,-117.93843841552734,LOS ANGELES,WEST COVINA,-117.9382553100586,34.05575180053711
9389954,2021,2022-01-26,1900,2021-12-04,1031,629461,1192,6,5,6,1992,0,0,0,NA,0,111T1,40TH ST WEST,AVENUE L,0,NA,Y,A,-,N,NA,NA,NA,NA,NA,NA,NA,NA,NA,Y,3,0,1,2,A,-,09,21801,A,N,A,C,A,A,H,-,A,A,0,NA,NA,NA,NA,Y,NA,A,01,0,1,0,0,0,0,0,0,0,-,-,NA,NA,LOS ANGELES,LANCASTER,-118.20136260986328,34.66017150878906
9389955,2021,2022-01-26,1900,2021-12-03,1736,629461,1127,5,5,6,1992,0,0,0,NA,0,111T1,VALLEY CENTRAL WY,MALL LOOP RD,273,N,N,A,-,N,NA,NA,NA,NA,NA,NA,NA,NA,NA,N,4,0,1,2,D,-,00,NA,NA,N,B,C,A,A,H,-,C,D,0,NA,NA,NA,NA,Y,NA,-,-,0,0,1,0,0,0,0,0,0,-,-,NA,NA,LOS ANGELES,LANCASTER,-118.17520141601564,34.700069427490234
9389963,2021,2022-01-20,1920,2021-12-16,0818,11792,1920,4,5,6,1920,0,0,0,NA,0,005,FLORENCE AV,ORIZABA AV,0,NA,Y,A,-,N,NA,NA,NA,NA,NA,NA,NA,NA,NA,N,4,0,1,2,A,-,09,21802,A,N,D,C,A,A,H,-,A,A,0,NA,NA,NA,NA,Y,NA,A,01,0,0,1,0,0,0,0,0,0,-,-,NA,NA,LOS ANGELES,DOWNEY,-118.12791442871094,33.95249938964844
9389967,2021,2022-01-20,1920,2021-12-24,0755,14262,1920,5,5,6,1920,0,0,0,NA,0,006,PARAMOUNT BL,IMPERIAL HWY,6,N,N,B,-,N,NA,NA,NA,NA,NA,NA,NA,NA,NA,N,4,0,1,2,A,-,12,21457,A,N,D,C,A,B,H,-,A,B,0,NA,NA,NA,Y,Y,NA,F,26,0,0,1,0,0,0,0,0,0,-,-,NA,NA,LOS ANGELES,DOWNEY,-118.15199279785156,33.924072265625
9389984,2021,2022-01-25,1900,2021-11-23,1348,540658,1123,2,5,6,1992,0,0,0,NA,0,111T1,SIERRA HWY,AVENUE J-8,353,S,N,A,-,N,NA,NA,NA,NA,NA,NA,NA,NA,NA,Y,4,0,3,4,A,-,09,21801,A,N,D,C,A,A,H,-,A,D,0,NA,NA,NA,NA,Y,NA,D,22,0,0,3,0,0,0,0,0,0,-,-,34.68117904663086,-118.1339111328125,LOS ANGELES,LANCASTER,-118.13385772705078,34.681209564208984
9389988,2021,2022-01-20,1900,2021-12-17,1548,510509,1124,5,5,6,1992,0,0,0,NA,0,112T4,AVENUE K,10TH ST WEST,531,E,N,A,-,N,NA,NA,NA,NA,NA,NA,NA,NA,NA,Y,4,0,1,2,A,-,09,21801,A,N,D,C,A,A,H,-,A,D,0,NA,NA,NA,NA,Y,NA,D,22,0,0,1,0,0,0,0,0,0,-,-,NA,NA,LOS ANGELES,LANCASTER,-118.14612579345705,34.67488098144531
9389992,2021,2022-01-24,1900,2021-11-08,0554,652882,ANTEL,1,5,6,1992,0,0,0,NA,0,111T1,AVENUE L,15TH ST WEST,542,E,N,A,-,N,NA,NA,NA,NA,NA,NA,NA,NA,NA,Y,4,0,1,2,D,-,00,NA,NA,N,D,C,A,A,H,-,B,A,0,NA,NA,NA,NA,Y,NA,-,-,0,0,1,0,0,0,0,0,0,-,-,NA,NA,LOS ANGELES,LANCASTER,-118.15491485595705,34.660369873046875
9389998,2021,2022-01-21,1920,2021-12-17,1818,13742,DOWNE,5,5,6,1920,0,0,0,NA,0,005,LAKEWOOD BL,FIRESTONE BL,42,N,N,A,-,N,NA,NA,NA,NA,NA,NA,NA,NA,NA,Y,4,0,5,2,A,-,00,20002,A,M,B,C,A,A,H,-,C,A,0,NA,NA,NA,NA,Y,NA,-,NA,0,0,5,0,0,0,0,0,0,-,-,NA,NA,LOS ANGELES,DOWNEY,-118.12389373779295,33.93560791015625
9390002,2021,2022-01-25,1955,2021-12-30,1755,41186,92,4,5,6,1955,0,0,0,NA,0,004,RESERVOIR ST,GRAND AV,0,NA,Y,A,-,N,NA,NA,NA,NA,NA,NA,NA,NA,NA,N,4,0,1,2,D,-,00,NA,NA,N,D,C,A,B,H,-,C,A,0,NA,NA,NA,NA,Y,NA,-,-,0,0,1,0,0,0,0,0,0,-,-,34.048248291015625,-117.73233032226564,LOS ANGELES,POMONA,-117.73233795166016,34.04825210571289
9390023,2021,2022-01-28,1942,2021-12-03,2330,44538,2015,5,5,7,1942,0,0,0,NA,0,20A13W,BEVERLY BL,ALEXANDRIA AV,138,E,N,A,-,N,NA,NA,NA,NA,NA,NA,NA,NA,NA,Y,3,0,1,3,A,-,01,23153,A,F,G,B,E,A,H,-,C,A,0,Y,NA,NA,NA,Y,Y,D,22,0,1,0,0,1,0,0,0,0,-,-,NA,NA,LOS ANGELES,LOS ANGELES,-118.29786682128906,34.076290130615234
9390024,2021,2022-01-25,1910,2021-12-28,1516,03209,NA,2,5,4,1910,0,0,0,NA,0,007,WILSHIRE BL,CRESCENT DR,0,NA,Y,A,-,N,NA,NA,NA,NA,NA,NA,NA,NA,NA,Y,4,0,2,2,A,-,12,21453,A,N,D,C,A,A,H,-,A,A,0,NA,NA,NA,NA,Y,NA,A,01,0,0,2,0,0,0,0,0,0,-,-,NA,NA,LOS ANGELES,BEVERLY HILLS,-118.39575958251952,34.06705093383789
9390049,2021,2022-03-17,1976,2021-12-28,0709,543,1964,2,5,3,1964,0,0,0,NA,0,001,PIONEER BL,ENTERPRISE AV,0,NA,Y,A,-,N,NA,NA,NA,NA,NA,NA,NA,NA,NA,Y,2,0,1,2,A,-,09,21804,A,N,D,C,A,B,H,-,A,D,0,NA,NA,NA,Y,Y,NA,A,01,1,0,0,0,0,0,0,0,0,-,-,NA,NA,LOS ANGELES,SANTA FE SPRINGS,-118.08297729492188,33.963443756103516
9390053,2021,2022-02-16,1976,2021-12-31,0355,499,1964,5,5,3,1964,0,0,0,NA,0,001,SORENSEN AV,ANN ST,90,W,N,B,-,N,NA,NA,NA,NA,NA,NA,NA,NA,NA,Y,3,0,1,2,A,-,01,23152,A,N,C,E,A,B,H,-,C,D,0,NA,NA,NA,Y,Y,Y,A,01,0,1,0,0,0,0,0,0,0,-,-,NA,NA,LOS ANGELES,SANTA FE SPRINGS,-118.05892944335938,33.953853607177734