CASE_ID,ACCIDENT_YEAR,PROC_DATE,JURIS,COLLISION_DATE,COLLISION_TIME,OFFICER_ID,REPORTING_DISTRICT,DAY_OF_WEEK,CHP_SHIFT,POPULATION,CNTY_CITY_LOC,SPECIAL_COND,BEAT_TYPE,CHP_BEAT_TYPE,CITY_DIVISION_LAPD,CHP_BEAT_CLASS,BEAT_NUMBER,PRIMARY_RD,SECONDARY_RD,DISTANCE,DIRECTION,INTERSECTION,WEATHER_1,WEATHER_2,STATE_HWY_IND,CALTRANS_COUNTY,CALTRANS_DISTRICT,STATE_ROUTE,ROUTE_SUFFIX,POSTMILE_PREFIX,POSTMILE,LOCATION_TYPE,RAMP_INTERSECTION,SIDE_OF_HWY,TOW_AWAY,COLLISION_SEVERITY,NUMBER_KILLED,NUMBER_INJURED,PARTY_COUNT,PRIMARY_COLL_FACTOR,PCF_CODE_OF_VIOL,PCF_VIOL_CATEGORY,PCF_VIOLATION,PCF_VIOL_SUBSECTION,HIT_AND_RUN,TYPE_OF_COLLISION,MVIW,PED_ACTION,ROAD_SURFACE,ROAD_COND_1,ROAD_COND_2,LIGHTING,CONTROL_DEVICE,CHP_ROAD_TYPE,PEDESTRIAN_ACCIDENT,BICYCLE_ACCIDENT,MOTORCYCLE_ACCIDENT,TRUCK_ACCIDENT,NOT_PRIVATE_PROPERTY,ALCOHOL_INVOLVED,STWD_VEHTYPE_AT_FAULT,CHP_VEHTYPE_AT_FAULT,COUNT_SEVERE_INJ,COUNT_VISIBLE_INJ,COUNT_COMPLAINT_PAIN,COUNT_PED_KILLED,COUNT_PED_INJURED,COUNT_BICYCLIST_KILLED,COUNT_BICYCLIST_INJURED,COUNT_MC_KILLED,COUNT_MC_INJURED,PRIMARY_RAMP,SECONDARY_RAMP,LATITUDE,LONGITUDE,COUNTY,CITY,POINT_X,POINT_Y
9391179,2021,2022-01-19,1942,2021-12-04,1940,41923,1207,6,5,7,1942,0,0,0,L,0,25735,HOOVER ST,49TH ST,33,E,N,A,-,N,NA,NA,NA,NA,NA,NA,NA,NA,NA,N,2,0,1,2,A,-,03,22350,NA,F,G,B,B,-,H,-,C,D,0,Y,NA,NA,NA,Y,NA,-,99,1,0,0,0,1,0,0,0,0,-,-,NA,NA,LOS ANGELES,LOS ANGELES,-118.2871322631836,33.998741149902344
9391180,2021,2022-01-19,1942,2021-12-06,1630,42364,0514,1,5,7,1942,0,0,0,E,0,52T90,LOMITA,EUDORA,0,NA,Y,A,-,N,NA,NA,NA,NA,NA,NA,NA,NA,NA,N,2,0,1,2,A,-,08,22107,NA,F,D,G,A,A,H,-,A,A,0,NA,Y,NA,NA,Y,NA,-,99,1,0,0,0,0,0,1,0,0,-,-,NA,NA,LOS ANGELES,LOS ANGELES,-118.28101348876952,33.79841995239258
9391307,2021,2022-01-25,1900,2021-12-22,1212,520671,2920,3,5,5,1990,0,0,0,NA,0,292T1,SUNSET CROSSING RD,RT 57,36,E,N,A,-,Y,LA,7,57,-,-,5.196,R,4,S,N,4,0,1,2,A,-,04,21703,NA,N,C,C,A,A,H,-,A,A,0,NA,NA,NA,NA,Y,NA,A,01,0,0,1,0,0,0,0,0,0,-,SF,34.029258728027344,-117.8122100830078,LOS ANGELES,DIAMOND BAR,-117.80995941162108,34.03160858154297
9391308,2021,2022-01-20,1900,2021-12-20,1747,524692,2915,1,5,4,1974,0,0,0,NA,0,291K2,MORNINGSIDE DR,GREENBROOK DR,0,NA,Y,A,-,N,NA,NA,NA,NA,NA,NA,NA,NA,NA,N,3,0,1,2,A,-,10,21950,A,N,D,B,B,A,H,-,C,D,0,Y,NA,NA,NA,Y,NA,A,07,0,1,0,0,1,0,0,0,0,-,-,34.02423858642578,-117.842041015625,LOS ANGELES,WALNUT,-117.84210968017578,34.024166107177734
9391309,2021,2022-01-20,1900,2021-12-09,1815,609626,2924,4,5,5,1990,0,0,0,NA,0,292K2/,GOLDEN SPRINGS DR,GATEWAY CENTER DR,0,NA,Y,A,-,N,NA,NA,60,NA,NA,NA,NA,NA,NA,Y,4,0,1,3,A,-,04,21703,NA,N,C,C,A,A,H,-,C,A,0,NA,NA,NA,NA,Y,NA,A,01,0,0,1,0,0,0,0,0,0,-,-,34.001869201660156,-117.83238220214844,LOS ANGELES,DIAMOND BAR,-117.83266448974608,34.00250244140625
9391310,2021,2022-01-20,1900,2021-12-06,1042,540701,2917,1,5,4,1974,0,0,0,NA,0,291K2,AMAR RD,LEMON AV,0,NA,Y,A,-,N,NA,NA,NA,NA,NA,NA,NA,NA,NA,Y,3,0,2,2,D,-,00,NA,NA,N,D,C,A,A,H,-,A,A,0,NA,NA,NA,NA,Y,NA,-,-,0,2,0,0,0,0,0,0,0,-,-,34.0354118347168,-117.87484741210938,LOS ANGELES,WALNUT,-117.87494659423828,34.03544235229492
9391311,2021,2022-01-20,1900,2021-12-31,2248,655217,2824,5,5,5,1915,0,0,0,NA,0,281T1,LONG BEACH BL,ELM ST,10,S,N,A,-,N,NA,NA,NA,NA,NA,NA,NA,NA,NA,Y,4,0,1,2,A,-,03,22350,NA,N,A,C,A,A,H,-,C,A,0,NA,NA,NA,NA,Y,NA,A,01,0,0,1,0,0,0,0,0,0,-,-,NA,NA,LOS ANGELES,COMPTON,-118.20835113525392,33.90077209472656
9391312,2021,2022-01-20,1900,2021-12-29,1055,653518,2822,3,5,5,1915,0,0,0,NA,0,282T1,COMPTON BL,WILLOW ST,24,W,N,B,C,N,NA,NA,NA,NA,NA,NA,NA,NA,NA,Y,2,0,1,1,A,-,08,22107,NA,N,E,I,A,B,H,-,A,D,0,NA,NA,NA,NA,Y,NA,A,01,1,0,0,0,0,0,0,0,0,-,-,NA,NA,LOS ANGELES,COMPTON,-118.2176513671875,33.895999908447266
9391313,2021,2022-01-20,1900,2021-12-27,1145,653518,2830,1,5,5,1915,0,0,0,NA,0,282T1,REDONDO BEACH BL,COMPTON BL,0,NA,Y,A,-,N,NA,NA,NA,NA,NA,NA,NA,NA,NA,Y,3,0,1,2,A,-,08,22107,NA,N,A,C,A,A,H,-,A,D,0,NA,NA,NA,NA,Y,NA,A,01,0,1,0,0,0,0,0,0,0,-,-,NA,NA,LOS ANGELES,COMPTON,-118.25911712646484,33.89535140991211
9391314,2021,2022-01-20,1900,2021-12-26,1544,655224,2843,7,5,5,1915,0,0,0,NA,0,283T2,LONG BEACH BL,MYRRH ST,0,NA,Y,A,-,N,NA,NA,NA,NA,NA,NA,NA,NA,NA,N,4,0,1,2,D,-,00,NA,NA,N,D,C,A,A,H,-,A,A,0,NA,NA,NA,NA,Y,NA,-,-,0,0,1,0,0,0,0,0,0,-,-,NA,NA,LOS ANGELES,COMPTON,-118.20777893066406,33.892372131347656
9391315,2021,2022-01-20,1900,2021-12-25,0445,655217,2842,6,5,5,1915,0,0,0,NA,0,281T1,GREENLEAF BL,SANTA FE AV,38,E,N,A,-,N,NA,NA,NA,NA,NA,NA,NA,NA,NA,Y,3,0,4,2,A,-,12,21453,A,N,D,C,A,B,H,-,C,A,0,NA,NA,NA,NA,Y,NA,A,01,0,3,1,0,0,0,0,0,0,-,-,33.88124084472656,-118.2155532836914,LOS ANGELES,COMPTON,-118.21539306640624,33.88124084472656
9391316,2021,2022-01-20,1900,2021-12-21,1745,655224,2811,2,5,5,1915,0,0,0,NA,0,283T2,NESTOR AV,POPLAR ST,0,NA,Y,A,-,N,NA,NA,NA,NA,NA,NA,NA,NA,NA,N,4,0,1,2,A,-,09,21802,A,N,D,C,A,A,A,-,D,A,0,NA,NA,NA,NA,Y,NA,A,07,0,0,1,0,0,0,0,0,0,-,-,33.899879455566406,-118.24909973144533,LOS ANGELES,COMPTON,-118.24913024902344,33.89986801147461
9391317,2021,2022-01-20,1900,2021-12-17,0100,655217,2836,5,5,5,1915,0,0,0,NA,0,281T1,WILMINGTON AV,CALDWELL ST,0,NA,Y,A,-,N,NA,NA,NA,NA,NA,NA,NA,NA,NA,N,2,0,1,2,D,-,00,NA,NA,F,G,B,E,A,H,-,C,A,0,Y,NA,NA,NA,Y,NA,-,-,1,0,0,0,1,0,0,0,0,-,-,33.883949279785156,-118.2367706298828,LOS ANGELES,COMPTON,-118.23677825927734,33.88393020629883
9391319,2021,2022-01-20,1900,2021-12-15,0200,627239,2111,3,5,5,1943,0,0,0,NA,0,212T4,PLUMA ST,LONG BEACH BL,15,W,N,A,-,N,NA,NA,NA,NA,NA,NA,NA,NA,NA,Y,4,0,1,1,A,-,03,22350,NA,N,E,I,A,B,H,-,C,A,0,NA,NA,NA,NA,Y,NA,A,01,0,0,1,0,0,0,0,0,0,-,-,NA,NA,LOS ANGELES,LYNWOOD,-118.21272277832033,33.93391418457031
9391320,2021,2022-01-20,1900,2021-12-19,2103,618405,2111,7,5,5,1943,0,0,0,NA,0,212T3,LONG BEACH BL,STATE ST,15,S,N,A,-,N,NA,NA,NA,NA,NA,NA,NA,NA,NA,Y,3,0,3,3,A,-,05,21651,A,N,A,C,A,A,H,-,C,A,0,NA,NA,NA,NA,Y,Y,A,01,0,3,0,0,0,0,0,0,0,-,-,NA,NA,LOS ANGELES,LYNWOOD,-118.21459197998048,33.940128326416016
9391321,2021,2022-02-08,1900,2021-12-27,0000,639633,2611,1,5,6,1950,0,0,0,NA,0,263T1,PALMDALE BL,5TH ST EAST,0,NA,Y,A,-,N,NA,NA,NA,NA,NA,NA,NA,NA,NA,N,3,0,1,2,A,-,08,22107,NA,N,B,C,A,B,H,-,C,A,0,NA,NA,NA,NA,Y,NA,-,-,0,1,0,0,0,0,0,0,0,-,-,NA,NA,LOS ANGELES,PALMDALE,-118.12071990966795,34.579708099365234
9391322,2021,2022-01-19,1900,2021-12-23,0452,538684,2611,4,5,6,1950,0,0,0,NA,0,264T1,ELIZABETH LAKE RD,10TH ST W,0,NA,Y,C,-,N,NA,NA,NA,NA,NA,NA,NA,NA,NA,Y,3,0,2,2,A,-,12,21453,A,N,D,C,A,B,H,-,C,A,0,NA,NA,NA,NA,Y,NA,A,01,0,2,0,0,0,0,0,0,0,-,-,34.58710861206055,-118.14740753173828,LOS ANGELES,PALMDALE,-118.14749908447266,34.5871696472168
9391323,2021,2022-01-19,1900,2021-12-23,2105,514671,2610,4,5,6,1950,0,0,0,NA,0,263T1,AVENUE R,12TH ST EAST,150,W,N,C,-,N,NA,NA,NA,NA,NA,NA,NA,NA,NA,Y,4,0,3,2,A,-,03,22350,NA,N,-,C,A,B,F,-,C,D,0,NA,NA,NA,NA,Y,NA,A,01,0,0,3,0,0,0,0,0,0,-,-,34.5726203918457,-118.10791778564452,LOS ANGELES,PALMDALE,-118.10787963867188,34.5726318359375
9391324,2021,2022-01-19,1900,2021-12-23,1210,540241,2611,4,5,6,1950,0,0,0,NA,0,262T1,SIERRA HWY,AVENUE R,1267,S,N,C,-,N,NA,NA,NA,NA,NA,NA,NA,NA,NA,Y,3,0,1,1,A,-,03,22350,NA,N,E,I,A,B,H,-,A,D,0,NA,NA,NA,NA,Y,NA,A,01,0,1,0,0,0,0,0,0,0,-,-,34.5689811706543,-118.11477661132813,LOS ANGELES,PALMDALE,-118.11491394042967,34.56915283203125
9391325,2021,2022-01-19,1900,2021-12-24,1310,639633,2611,5,5,6,1950,0,0,0,NA,0,262T1,RANCHO VISTA BL,10TH ST W,214,E,N,A,-,N,NA,NA,NA,NA,NA,NA,NA,NA,NA,N,4,0,2,2,A,-,04,21703,NA,N,C,C,A,A,H,-,A,D,0,NA,NA,NA,NA,Y,NA,A,01,0,0,2,0,0,0,0,0,0,-,-,34.601951599121094,-118.14674377441406,LOS ANGELES,PALMDALE,-118.14691925048828,34.60186767578125
9391326,2021,2022-01-19,1900,2021-12-20,2115,639633,2611,1,5,6,1950,0,0,0,NA,0,262T1,TECHNOLOGY DR,10TH ST W,0,NA,Y,A,-,N,NA,NA,NA,NA,NA,NA,NA,NA,NA,Y,4,0,1,1,A,-,08,22107,NA,N,E,I,A,A,H,-,C,A,0,NA,NA,NA,NA,Y,NA,A,01,0,0,1,0,0,0,0,0,0,-,-,34.59455871582031,-118.14763641357422,LOS ANGELES,PALMDALE,-118.14762115478516,34.5944709777832
9391327,2021,2022-01-19,1900,2021-12-20,1030,639633,2619,1,5,6,1950,0,0,0,NA,0,262T1,10TH ST W,AVENUE N,0,NA,Y,A,-,N,NA,NA,NA,NA,NA,NA,NA,NA,NA,N,4,0,1,2,A,-,03,22350,NA,M,C,C,A,A,H,-,A,A,0,NA,NA,NA,NA,Y,NA,A,01,0,0,1,0,0,0,0,0,0,-,-,34.631500244140625,-118.1477508544922,LOS ANGELES,PALMDALE,-118.14769744873048,34.63120651245117
9391328,2021,2022-01-19,1900,2021-12-21,1920,602995,2619,2,5,6,1950,0,0,0,NA,0,262T1,AVENUE O-4,JODY LN,89,W,N,A,-,N,NA,NA,NA,NA,NA,NA,NA,NA,NA,Y,3,0,2,2,A,-,03,22350,NA,N,D,C,A,A,H,-,C,A,0,NA,NA,NA,NA,Y,NA,A,01,0,2,0,0,0,0,0,0,0,-,-,34.612831115722656,-118.14362335205078,LOS ANGELES,PALMDALE,-118.14364624023438,34.612815856933594
9391329,2021,2022-01-19,1900,2021-12-21,1807,625597,26033,2,5,6,1950,0,0,0,NA,0,263T1,AVENUE S,20TH ST E,0,NA,Y,A,-,N,NA,NA,NA,NA,NA,NA,NA,NA,NA,Y,4,0,1,2,A,-,12,21453,A,M,D,C,A,A,H,-,C,A,0,NA,NA,NA,NA,Y,NA,A,01,0,0,1,0,0,0,0,0,0,-,-,34.558319091796875,-118.09409332275392,LOS ANGELES,PALMDALE,-118.09413909912108,34.55825424194336
9391330,2021,2022-01-19,1900,2021-12-17,2141,615106,2619,5,5,6,1950,0,0,0,NA,0,262T1,RANCHO VISTA BL,FAIRWAY DR,150,E,N,A,-,N,NA,NA,NA,NA,NA,NA,NA,NA,NA,Y,4,0,1,2,A,-,05,21202,A,N,G,G,A,A,H,-,C,D,0,NA,Y,NA,NA,Y,NA,L,04,0,0,1,0,0,0,1,0,0,-,-,34.60173034667969,-118.13363647460938,LOS ANGELES,PALMDALE,-118.13368988037108,34.60169982910156
9391331,2021,2022-01-19,1900,2021-12-27,0852,407357,0642,1,5,6,1985,0,0,0,NA,0,64T1,BOUQUET CANYON RD,ALAMOGORDO RD,0,NA,Y,A,-,N,NA,NA,NA,NA,NA,NA,NA,NA,NA,Y,2,0,2,3,A,-,12,21453,A,N,G,B,B,A,H,-,A,A,0,Y,NA,NA,NA,Y,NA,A,01,2,0,0,0,2,0,0,0,0,-,-,34.43437957763672,-118.52445220947266,LOS ANGELES,SANTA CLARITA,-118.52433013916016,34.434532165527344
9391332,2021,2022-01-19,1900,2021-12-16,2145,476466,0610,4,5,6,1985,0,0,0,NA,0,61T1,WHITES CANYON RD,DELIGHT ST,50,S,N,B,E,N,NA,NA,NA,NA,NA,NA,NA,NA,NA,Y,3,0,1,2,A,-,12,21453,A,N,C,C,A,B,H,-,C,A,0,NA,NA,NA,NA,Y,NA,A,01,0,1,0,0,0,0,0,0,0,-,-,34.42361831665039,-118.47216796875,LOS ANGELES,SANTA CLARITA,-118.47209930419922,34.42356491088867
9391333,2021,2022-01-19,1900,2021-12-14,0640,527062,0645,2,5,6,1985,0,0,0,NA,0,64T1,NEWHALL RANCH RD,VANDERBILT WY,3802,E,N,B,C,N,NA,NA,NA,NA,NA,NA,NA,NA,NA,Y,3,0,1,1,A,-,08,22107,NA,N,E,I,A,B,H,-,B,D,0,NA,NA,NA,NA,Y,NA,A,01,0,1,0,0,0,0,0,0,0,-,-,34.26285934448242,-118.36122894287108,LOS ANGELES,SANTA CLARITA,-118.58699035644533,34.44131851196289
9391334,2021,2022-01-19,1900,2021-12-08,2026,527057,0644,3,5,6,1985,0,0,0,NA,0,62T1,VALENCIA BL,MAGIC MOUNTAIN PKWY,200,N,N,A,-,N,NA,NA,NA,NA,NA,NA,NA,NA,NA,N,4,0,1,3,A,-,03,22350,NA,N,C,C,A,A,H,-,C,D,0,NA,NA,NA,NA,Y,NA,A,07,0,0,1,0,0,0,0,0,0,-,-,34.41667175292969,-118.59940338134766,LOS ANGELES,SANTA CLARITA,-118.54963684082033,34.416481018066406
9391335,2021,2022-01-19,1900,2021-12-03,1230,480768,0644,5,5,6,1985,0,0,0,NA,0,64T1D,BOUQUET CANYON RD,CINEMA DR,554,N,N,A,-,N,NA,NA,NA,NA,NA,NA,NA,NA,NA,Y,4,0,2,2,A,-,09,21804,A,N,D,C,A,A,H,-,A,D,0,NA,NA,NA,NA,Y,NA,A,07,0,0,2,0,0,0,0,0,0,-,-,34.42087173461914,-118.54203033447266,LOS ANGELES,SANTA CLARITA,-118.54192352294922,34.420745849609375
9391336,2021,2022-01-19,1900,2021-12-03,0740,480768,0642,5,5,6,1985,0,0,0,NA,0,64T1D,COPPER HILL DR,CALEX DR,194,E,N,A,-,N,NA,NA,NA,NA,NA,NA,NA,NA,NA,N,4,0,1,2,A,-,03,22350,NA,N,C,C,A,A,H,-,A,A,0,NA,NA,NA,NA,Y,NA,A,01,0,0,1,0,0,0,0,0,0,-,-,34.462318420410156,-118.54721832275392,LOS ANGELES,SANTA CLARITA,-118.54727935791016,34.46226501464844
9391337,2021,2022-01-19,1900,2021-12-01,1900,629500,0645,3,5,6,1985,0,0,0,NA,0,64T1,NEWHALL AV,GATEWAY VILLAGE,1584,W,N,A,-,N,NA,NA,NA,NA,NA,NA,NA,NA,NA,Y,3,0,1,2,A,-,03,22350,NA,N,C,C,A,A,H,-,A,D,0,NA,NA,NA,NA,Y,NA,A,07,0,1,0,0,0,0,0,0,0,-,-,34.441829681396484,-118.58293914794922,LOS ANGELES,SANTA CLARITA,-118.584202,34.442015
9391341,2021,2022-01-19,1900,2021-12-19,1736,618405,2116,7,5,5,1943,0,0,0,NA,0,212T3,BURTON AV,LONG BEACH BL,420,W,N,A,-,N,NA,NA,NA,NA,NA,NA,NA,NA,NA,Y,3,0,2,2,A,-,03,22350,NA,F,D,C,A,A,H,-,C,A,0,NA,NA,NA,NA,Y,NA,A,07,0,2,0,0,0,0,0,0,0,-,-,NA,NA,LOS ANGELES,LYNWOOD,-118.21070861816406,33.91600799560547
9391342,2021,2022-01-19,1900,2021-12-26,1620,618405,2112,7,5,5,1943,0,0,0,NA,0,212T3,BRENTON AV,MARTIN LUTHER KING JR BL,30,W,N,A,-,N,NA,NA,NA,NA,NA,NA,NA,NA,NA,N,4,0,1,2,A,-,03,22350,NA,N,B,E,A,A,H,-,B,A,0,NA,NA,NA,NA,Y,NA,A,01,0,0,1,0,0,0,0,0,0,-,-,NA,NA,LOS ANGELES,LYNWOOD,-118.20684814453124,33.935821533203125
9391356,2021,2022-01-19,1900,2021-12-30,1803,625464,2607,4,5,6,1950,0,0,0,NA,0,264T1,47TH ST EAST,AVENUE R,0,NA,Y,A,-,N,NA,NA,138,NA,NA,NA,NA,NA,NA,Y,4,0,1,3,A,-,12,21453,A,N,D,C,A,B,H,-,A,A,0,NA,NA,NA,NA,Y,NA,A,01,0,0,1,0,0,0,0,0,0,-,-,34.57276153564453,-118.04492950439452,LOS ANGELES,PALMDALE,-118.04499816894533,34.57276153564453
9391357,2021,2022-01-19,1900,2021-12-30,1753,515106,2619,4,5,6,1950,0,0,0,NA,0,262T1,10TH ST W,RANCHO VISTA BL,0,NA,Y,A,-,N,NA,NA,NA,NA,NA,NA,NA,NA,NA,N,4,0,1,2,A,-,03,22350,NA,N,C,C,A,B,H,-,C,A,0,NA,NA,NA,NA,Y,NA,A,01,0,0,1,0,0,0,0,0,0,-,-,34.601558685302734,-118.14768981933594,LOS ANGELES,PALMDALE,-118.14781188964844,34.601741790771484
9391358,2021,2022-01-19,1900,2021-12-30,1737,615106,2619,4,5,6,1950,0,0,0,NA,0,262T1,10TH ST W,AVENUE O-4,550,S,N,A,-,N,NA,NA,NA,NA,NA,NA,NA,NA,NA,Y,4,0,1,1,A,-,08,22107,NA,N,E,I,A,B,H,-,C,D,0,NA,NA,NA,NA,Y,NA,A,01,0,0,1,0,0,0,0,0,0,-,-,34.61130142211914,-118.14769744873048,LOS ANGELES,PALMDALE,-118.1477279663086,34.611392974853516
9391359,2021,2022-01-26,1900,2021-12-28,1302,601485,2603,2,5,6,1950,0,0,0,NA,0,264T1,PEARBLOSSOM HWY,37TH ST EAST,283,W,N,A,-,Y,LA,7,138,-,-,50.25,H,-,E,Y,4,0,2,3,A,-,04,21703,NA,N,C,C,A,A,H,-,A,D,0,NA,NA,NA,NA,Y,NA,A,07,0,0,2,0,0,0,0,0,0,-,-,34.54261016845703,-118.06273651123048,LOS ANGELES,PALMDALE,-118.04515075683594,34.55421829223633
9391360,2021,2022-01-19,1900,2021-12-28,0415,639633,2610,2,5,6,1950,0,0,0,NA,0,264T1,RANHCO VISTA BL,10TH ST E,141,E,N,B,-,N,NA,NA,NA,NA,NA,NA,NA,NA,NA,N,3,0,1,2,A,-,11,21954,A,N,G,B,D,B,H,-,C,D,0,Y,NA,NA,NA,Y,NA,N,60,0,1,0,0,1,0,0,0,0,-,-,34.60187911987305,-118.1118392944336,LOS ANGELES,PALMDALE,-118.1115493774414,34.60192108154297
9391362,2021,2022-01-27,1900,2021-12-30,0740,514671,2619,4,5,6,1950,0,0,0,NA,0,261T1,10TH ST W,TECHNOLOGY DR,0,NA,Y,C,-,N,NA,NA,NA,NA,NA,NA,NA,NA,NA,Y,3,0,2,3,A,-,09,21801,A,N,D,C,A,B,H,-,A,A,0,NA,NA,NA,Y,Y,NA,F,25,0,2,0,0,0,0,0,0,0,-,-,34.59450149536133,-118.1475830078125,LOS ANGELES,PALMDALE,-118.14762115478516,34.5944709777832
9391370,2021,2022-01-21,1900,2021-12-09,0923,476466,0617,4,5,6,1985,0,0,0,NA,0,61T1,VIA PRINCESSA,WHITES CANYON RD,22,E,N,B,-,N,NA,NA,NA,NA,NA,NA,NA,NA,NA,Y,4,0,1,3,A,-,03,22350,NA,N,D,C,A,B,H,-,A,A,0,NA,NA,NA,NA,Y,NA,D,22,0,0,1,0,0,0,0,0,0,-,-,34.41017150878906,-118.4751434326172,LOS ANGELES,SANTA CLARITA,-118.47516632080078,34.41013717651367
9391372,2021,2022-01-21,1900,2021-12-24,0915,623588,0622,5,5,6,1985,0,0,0,NA,0,62T1,VALENCIA BL,GOLDCREST DR,0,NA,Y,B,C,N,NA,NA,NA,NA,NA,NA,NA,NA,NA,Y,2,0,3,2,A,-,12,21453,A,N,D,C,A,B,H,-,A,A,0,NA,NA,NA,NA,Y,NA,D,22,1,1,1,0,0,0,0,0,0,-,-,34.41075897216797,-118.56481170654295,LOS ANGELES,SANTA CLARITA,-118.56511688232422,34.410682678222656
9391373,2021,2022-01-18,1900,2021-12-29,1926,476466,0631,3,5,6,1985,0,0,0,NA,0,61T1,SIERRA HWY,AVALON DR,0,NA,Y,B,C,N,NA,NA,NA,NA,NA,NA,NA,NA,NA,Y,3,0,2,2,A,-,09,21801,A,N,A,C,A,B,H,-,C,A,0,NA,NA,NA,NA,Y,NA,A,07,0,1,1,0,0,0,0,0,0,-,-,34.422218322753906,-118.45189666748048,LOS ANGELES,SANTA CLARITA,-118.45198822021484,34.422550201416016
9391383,2022,2022-01-27,1955,2022-01-04,0822,42469,0020,2,5,6,1955,0,0,0,NA,0,002,TOWNE AV,ARROW HWY,1211,N,N,A,-,N,NA,NA,NA,NA,NA,NA,NA,NA,NA,Y,4,0,1,2,A,-,03,22350,NA,N,C,C,A,A,H,-,A,D,0,NA,NA,NA,NA,Y,NA,D,22,0,0,1,0,0,0,0,0,0,-,-,34.090248107910156,-117.7368621826172,LOS ANGELES,POMONA,-117.7367935180664,34.09339904785156
9391403,2022,2022-01-28,1942,2022-01-01,1230,39048,1905,6,5,7,1942,0,0,0,NA,0,26TL44,FOOTHILL BL,ASTORIA ST,435,N,N,A,-,N,NA,NA,NA,NA,NA,NA,NA,NA,NA,Y,3,0,1,5,A,-,01,23152,A,N,B,E,A,A,H,-,A,D,0,NA,NA,NA,NA,Y,Y,D,22,0,1,0,0,0,0,0,0,0,-,-,NA,NA,LOS ANGELES,LOS ANGELES,-118.43831634521484,34.31364822387695
9391406,2021,2022-01-25,1942,2021-12-29,2035,36733,0915,3,5,7,1942,0,0,0,I,0,26T52,VAN NUYS BL,HART ST,100,S,N,C,-,N,NA,NA,NA,NA,NA,NA,NA,NA,NA,Y,3,0,1,2,A,-,01,23152,A,F,C,E,A,B,H,-,C,D,0,NA,NA,NA,NA,Y,Y,A,01,0,1,0,0,0,0,0,0,0,-,-,NA,NA,LOS ANGELES,LOS ANGELES,-118.44874572753906,34.197265625
9391407,2021,2022-01-25,1942,2021-12-24,1640,39048,1761,5,5,7,1942,0,0,0,Q,0,21TL44,MARILLA ST,TOPANGA CANYON BL,0,NA,Y,B,-,N,NA,NA,NA,NA,NA,NA,NA,NA,NA,N,2,0,1,2,A,-,09,21804,A,N,D,G,A,B,H,-,C,A,0,NA,Y,NA,NA,Y,NA,L,04,1,0,0,0,0,0,1,0,0,-,-,NA,NA,LOS ANGELES,LOS ANGELES,-118.6064910888672,34.247737884521484
9391408,2021,2022-02-16,1942,2021-12-22,1845,37304,1989,3,5,7,1942,0,0,0,NA,0,26T55W,SHELDON ST,ROSCOE BL,1324,N,N,B,-,N,NA,NA,NA,NA,NA,NA,NA,NA,NA,N,2,0,1,2,A,-,09,21804,A,N,B,C,A,A,H,-,C,D,0,NA,NA,NA,Y,Y,NA,K,45,1,0,0,0,0,0,0,0,0,-,-,NA,NA,LOS ANGELES,LOS ANGELES,-118.4136199951172,34.22520446777344
9391411,2022,2022-06-02,1942,2022-01-03,0020,39217,1035,1,5,7,1942,0,0,0,J,0,26T32,ETIWANDA AV,VICTORY BL,1500,N,N,A,-,N,NA,NA,NA,NA,NA,NA,NA,NA,NA,N,3,0,1,1,A,-,03,22350,NA,M,E,I,A,A,H,-,C,D,0,NA,NA,NA,NA,Y,NA,D,22,0,1,0,0,0,0,0,0,0,-,-,NA,NA,LOS ANGELES,LOS ANGELES,-118.53164672851564,34.187469482421875
9391415,2021,2022-01-25,1942,2021-12-30,2130,39410,1005,4,5,7,1942,0,0,0,J,0,26T54,ROSCOE BL,JELLICO AV,25,E,N,C,-,N,NA,NA,NA,NA,NA,NA,NA,NA,NA,Y,3,0,4,3,A,-,08,22107,NA,F,B,C,A,B,H,-,C,A,0,NA,NA,NA,NA,Y,Y,D,22,0,3,1,0,0,0,0,0,0,-,-,NA,NA,LOS ANGELES,LOS ANGELES,-118.51741027832033,34.22102355957031
9391420,2021,2022-07-21,1900,2021-12-09,1555,605584,0811,4,5,4,1960,0,0,0,NA,0,81T2,ARROW HWY,ACACIA ST,500,S,N,A,-,N,NA,NA,NA,NA,NA,NA,NA,NA,NA,N,4,0,1,2,A,-,09,21804,A,M,G,B,D,B,H,-,A,A,0,Y,NA,NA,NA,Y,NA,D,22,0,0,1,0,1,0,0,0,0,-,-,34.10247039794922,-117.81450653076172,LOS ANGELES,SAN DIMAS,-117.81365966796876,34.10309982299805
9391423,2022,2022-02-02,1928,2022-01-03,1451,50324,520,1,5,5,1928,0,0,0,NA,0,503,ROSECRANS AV,LEMOLI AV,0,NA,Y,A,-,N,NA,NA,NA,NA,NA,NA,NA,NA,NA,Y,3,0,2,5,A,-,08,22107,NA,N,C,C,A,A,H,-,A,A,0,NA,NA,NA,NA,Y,NA,A,01,0,1,1,0,0,0,0,0,0,-,-,33.90188980102539,-118.33077239990234,LOS ANGELES,HAWTHORNE,-118.33087158203124,33.90192794799805