CASE_ID,ACCIDENT_YEAR,PROC_DATE,JURIS,COLLISION_DATE,COLLISION_TIME,OFFICER_ID,REPORTING_DISTRICT,DAY_OF_WEEK,CHP_SHIFT,POPULATION,CNTY_CITY_LOC,SPECIAL_COND,BEAT_TYPE,CHP_BEAT_TYPE,CITY_DIVISION_LAPD,CHP_BEAT_CLASS,BEAT_NUMBER,PRIMARY_RD,SECONDARY_RD,DISTANCE,DIRECTION,INTERSECTION,WEATHER_1,WEATHER_2,STATE_HWY_IND,CALTRANS_COUNTY,CALTRANS_DISTRICT,STATE_ROUTE,ROUTE_SUFFIX,POSTMILE_PREFIX,POSTMILE,LOCATION_TYPE,RAMP_INTERSECTION,SIDE_OF_HWY,TOW_AWAY,COLLISION_SEVERITY,NUMBER_KILLED,NUMBER_INJURED,PARTY_COUNT,PRIMARY_COLL_FACTOR,PCF_CODE_OF_VIOL,PCF_VIOL_CATEGORY,PCF_VIOLATION,PCF_VIOL_SUBSECTION,HIT_AND_RUN,TYPE_OF_COLLISION,MVIW,PED_ACTION,ROAD_SURFACE,ROAD_COND_1,ROAD_COND_2,LIGHTING,CONTROL_DEVICE,CHP_ROAD_TYPE,PEDESTRIAN_ACCIDENT,BICYCLE_ACCIDENT,MOTORCYCLE_ACCIDENT,TRUCK_ACCIDENT,NOT_PRIVATE_PROPERTY,ALCOHOL_INVOLVED,STWD_VEHTYPE_AT_FAULT,CHP_VEHTYPE_AT_FAULT,COUNT_SEVERE_INJ,COUNT_VISIBLE_INJ,COUNT_COMPLAINT_PAIN,COUNT_PED_KILLED,COUNT_PED_INJURED,COUNT_BICYCLIST_KILLED,COUNT_BICYCLIST_INJURED,COUNT_MC_KILLED,COUNT_MC_INJURED,PRIMARY_RAMP,SECONDARY_RAMP,LATITUDE,LONGITUDE,COUNTY,CITY,POINT_X,POINT_Y
9391918,2022,2022-02-02,1900,2022-01-12,1503,602970,1610,3,5,5,1977,0,0,0,NA,0,167A1,AVALON BL,VICTORIA ST,0,NA,Y,A,-,N,NA,NA,NA,NA,NA,NA,NA,NA,NA,Y,3,0,1,3,A,-,03,22350,NA,N,C,C,A,A,H,-,A,A,0,NA,NA,NA,NA,Y,NA,A,07,0,1,0,0,0,0,0,0,0,-,-,33.8671989440918,-118.26632690429688,LOS ANGELES,CARSON,-118.26629638671876,33.86690902709961
9392005,2021,2022-01-20,1920,2021-12-30,1559,13022,NA,4,5,6,1920,0,0,0,NA,0,006,IMPERIAL HWY,PARAMOUNT BL,0,NA,Y,C,-,N,NA,NA,NA,NA,NA,NA,NA,NA,NA,Y,4,0,3,2,A,-,05,21651,B,M,D,C,A,B,H,-,B,A,0,NA,NA,NA,NA,Y,NA,A,07,0,0,3,0,0,0,0,0,0,-,-,NA,NA,LOS ANGELES,DOWNEY,-118.15200042724608,33.9240608215332
9392006,2021,2022-02-03,1920,2021-12-31,0752,14262,1920,5,5,6,1920,0,0,0,NA,0,005,LA REINA AV,FLORENCE AV,0,NA,Y,A,-,N,NA,NA,NA,NA,NA,NA,NA,NA,NA,N,3,0,1,2,A,-,05,21650,1,F,H,G,A,A,H,-,A,A,0,NA,Y,NA,NA,Y,NA,L,04,0,1,0,0,0,0,1,0,0,-,-,NA,NA,LOS ANGELES,DOWNEY,-118.12688446044922,33.951995849609375
9392021,2021,2022-01-20,1941,2021-12-23,1945,5621,NA,4,5,7,1941,0,0,0,NA,0,NA,LAKEWOOD BL,CARSON ST,60,S,N,C,-,N,NA,NA,NA,NA,NA,NA,NA,NA,NA,N,4,0,1,2,A,-,03,22350,NA,F,C,C,A,B,H,-,C,A,0,NA,NA,NA,NA,Y,NA,D,NA,0,0,1,0,0,0,0,0,0,-,-,NA,NA,LOS ANGELES,LONG BEACH,-118.14263916015624,33.83212661743164
9392023,2021,2022-01-20,1900,2021-12-18,1506,610211,0455,6,5,6,1949,0,0,0,NA,0,43T1P,ALONDRA BL,PLUMA AV,0,NA,Y,A,-,N,NA,NA,NA,NA,NA,NA,NA,NA,NA,Y,4,0,1,2,A,-,00,21452,A,M,D,C,A,A,H,-,A,A,0,NA,NA,NA,NA,Y,NA,A,01,0,0,1,0,0,0,0,0,0,-,-,NA,NA,LOS ANGELES,NORWALK,-118.10594177246094,33.887691497802734
9392024,2021,2022-02-24,1900,2021-12-21,0610,604242,0455,2,5,6,1949,0,0,0,NA,0,45K1,ALONDRA BL,MAIDSTONE AV,15,E,N,A,-,N,NA,NA,NA,NA,NA,NA,NA,NA,NA,N,4,0,1,2,A,-,12,21453,A,N,A,G,A,A,H,-,B,A,0,NA,Y,NA,NA,Y,NA,-,-,0,0,1,0,0,0,1,0,0,-,-,NA,NA,LOS ANGELES,NORWALK,-118.08683013916016,33.887672424316406
9392025,2021,2022-01-20,1900,2021-12-26,0005,615127,0455,7,5,6,1949,0,0,0,NA,0,43TE,ROSECRANS AV,GARD AV,13,E,N,C,-,N,NA,NA,NA,NA,NA,NA,NA,NA,NA,Y,4,0,1,1,C,-,18,NA,NA,N,E,I,A,B,H,-,C,D,0,NA,NA,NA,NA,Y,NA,-,-,0,0,1,0,0,0,0,0,0,-,-,NA,NA,LOS ANGELES,NORWALK,-118.08871459960938,33.9021110534668
9392027,2021,2022-01-20,1900,2021-12-29,2044,517022,0455,3,5,6,1949,0,0,0,NA,0,43T1PM,ALONDRA BL,STUDEBAKER RD,0,NA,Y,C,-,N,NA,NA,NA,NA,NA,NA,NA,NA,NA,Y,4,0,1,2,A,-,12,21453,A,N,D,C,A,B,H,-,C,A,0,NA,NA,NA,NA,Y,NA,A,01,0,0,1,0,0,0,0,0,0,-,-,NA,NA,LOS ANGELES,NORWALK,-118.09998321533205,33.88759994506836
9392028,2021,2022-01-20,1900,2021-12-30,0020,612130,0463,4,5,4,1936,0,0,0,NA,0,46T1E,IMPERIAL HWY,LA MIRADA BL,151,E,N,B,C,N,NA,NA,NA,NA,NA,NA,NA,NA,NA,Y,2,0,1,1,A,-,03,22350,NA,N,E,I,A,B,H,-,C,A,0,NA,NA,NA,NA,Y,NA,A,01,1,0,0,0,0,0,0,0,0,-,-,NA,NA,LOS ANGELES,LA MIRADA,-118.01148986816406,33.91712951660156
9392029,2021,2022-01-20,1900,2021-12-08,1600,642840,0456,3,5,6,1949,0,0,0,NA,0,45T1,PIONEER BL,HOPLAND ST,0,NA,Y,A,-,N,NA,NA,NA,NA,NA,NA,NA,NA,NA,N,4,0,2,3,A,-,10,21950,NA,N,G,B,C,A,H,-,A,A,0,Y,NA,NA,NA,Y,NA,A,01,0,0,2,0,2,0,0,0,0,-,-,NA,NA,LOS ANGELES,NORWALK,-118.08260345458984,33.892433166503906
9392030,2021,2022-01-20,1900,2021-12-31,1439,494990,0460,5,5,4,1936,0,0,0,NA,0,46T1,TELEGRAPH RD,HUTCHINS DR,0,NA,Y,A,-,N,NA,NA,NA,NA,NA,NA,NA,NA,NA,Y,4,0,1,2,A,-,09,21802,A,N,D,C,A,A,H,-,A,A,0,NA,NA,NA,NA,Y,NA,A,01,0,0,1,0,0,0,0,0,0,-,-,NA,NA,LOS ANGELES,LA MIRADA,-118.0144271850586,33.9185791015625
9392031,2021,2022-01-20,1900,2021-12-30,0240,608904,0466,4,5,4,1936,0,0,0,NA,0,48K2EM,VALLEY VIEW AV,FIRESTONE BL,0,NA,Y,C,-,N,NA,NA,NA,NA,NA,NA,NA,NA,NA,Y,3,0,2,2,A,-,09,21801,A,N,A,C,A,B,D,-,D,A,0,NA,NA,NA,NA,Y,NA,A,01,0,1,1,0,0,0,0,0,0,-,-,NA,NA,LOS ANGELES,LA MIRADA,-118.02899169921876,33.883235931396484
9392032,2021,2022-01-20,1900,2021-12-26,1515,517233,0462,7,5,4,1936,0,0,0,NA,0,46T1P,STAGE RD,BIOLA AV,424,E,N,A,-,N,NA,NA,NA,NA,NA,NA,NA,NA,NA,Y,4,0,1,1,A,-,08,22107,NA,N,E,I,A,A,H,-,A,D,0,NA,NA,NA,NA,Y,NA,A,07,0,0,1,0,0,0,0,0,0,-,-,NA,NA,LOS ANGELES,LA MIRADA,-118.02244567871094,33.89415740966797
9392051,2021,2022-01-24,1941,2021-12-15,1540,5540,NA,3,5,7,1941,0,0,0,NA,0,NA,WARDLOW,EL DORADO,26,S,N,A,-,N,NA,NA,NA,NA,NA,NA,NA,NA,NA,Y,3,0,1,2,A,-,08,22107,NA,N,D,C,A,A,H,-,A,A,0,NA,NA,Y,NA,Y,NA,A,NA,0,1,0,0,0,0,0,0,1,-,-,NA,NA,LOS ANGELES,LONG BEACH,-118.07333374023438,33.817569732666016
9392052,2021,2022-01-24,1941,2021-12-31,1600,11572,NA,5,5,7,1941,0,0,0,NA,0,NA,BROADWAY,CHERRY AV,0,NA,Y,A,-,N,NA,NA,NA,NA,NA,NA,NA,NA,NA,N,4,0,1,2,A,-,08,22107,NA,N,B,G,A,A,H,-,A,D,0,NA,Y,NA,NA,Y,NA,A,NA,0,0,1,0,0,0,1,0,0,-,-,NA,NA,LOS ANGELES,LONG BEACH,-118.16789245605467,33.76728820800781
9392053,2021,2022-01-24,1941,2021-12-28,1229,11576,NA,2,5,7,1941,0,0,0,NA,0,NA,EAST 7TH ST,E CAMPUS DR,0,NA,Y,A,-,N,NA,NA,NA,NA,NA,NA,NA,NA,NA,Y,3,0,2,4,A,-,03,22350,NA,N,C,C,A,A,H,-,A,A,0,NA,NA,NA,NA,Y,NA,-,NA,0,2,0,0,0,0,0,0,0,-,-,NA,NA,LOS ANGELES,LONG BEACH,-118.11175537109376,33.775047302246094
9392054,2021,2022-01-28,1941,2021-12-27,1947,11663,NA,1,5,7,1941,0,0,0,NA,0,NA,7TH ST,XIMENO AV,0,NA,Y,A,-,N,NA,NA,NA,NA,NA,NA,NA,NA,NA,Y,4,0,4,3,A,-,09,21800,A,N,D,C,A,B,H,-,C,B,0,NA,NA,NA,NA,Y,NA,A,NA,0,0,4,0,0,0,0,0,0,-,-,NA,NA,LOS ANGELES,LONG BEACH,-118.1415786743164,33.775325775146484
9392055,2021,2022-01-24,1941,2021-12-25,1340,10028,NA,6,5,7,1941,0,0,0,NA,0,NA,WARDLOW RD,CHARLEMAGNE AV,0,NA,Y,-,-,N,NA,NA,NA,NA,NA,NA,NA,NA,NA,Y,4,0,3,2,A,-,09,21801,A,N,D,C,A,-,H,-,A,D,0,NA,NA,NA,NA,Y,NA,A,NA,0,0,3,0,0,0,0,0,0,-,-,NA,NA,LOS ANGELES,LONG BEACH,-118.13044738769533,33.81875228881836
9392056,2021,2022-01-24,1941,2021-12-29,1804,10918,NA,3,5,7,1941,0,0,0,NA,0,NA,LONG BEACH BL,HILL ST,276,NA,N,C,-,N,NA,NA,NA,NA,NA,NA,NA,NA,NA,Y,4,0,1,2,A,-,07,21658,A,N,D,C,A,B,H,-,C,D,0,NA,NA,NA,NA,Y,NA,A,NA,0,0,1,0,0,0,0,0,0,-,-,NA,NA,LOS ANGELES,LONG BEACH,-118.18948364257813,33.79713439941406
9392057,2021,2022-03-21,1941,2021-12-25,1321,11659,NA,6,5,7,1941,0,0,0,NA,0,NA,MAGNOLIA AV,7TH ST,9,N,N,A,-,N,NA,NA,NA,NA,NA,NA,NA,NA,NA,Y,4,0,2,2,A,-,09,21801,NA,N,A,C,A,A,H,-,A,A,0,NA,NA,NA,NA,Y,NA,A,NA,0,0,2,0,0,0,0,0,0,-,-,NA,NA,LOS ANGELES,LONG BEACH,-118.19803619384766,33.77538299560547
9392058,2021,2022-01-24,1941,2021-12-24,1132,11012,NA,5,5,7,1941,0,0,0,NA,0,NA,LONG BEACH BL,9TH ST,12,N,N,A,-,N,NA,NA,NA,NA,NA,NA,NA,NA,NA,N,4,0,1,2,A,-,05,21202,A,N,D,G,A,A,H,-,A,A,0,NA,Y,NA,NA,Y,NA,A,NA,0,0,1,0,0,0,1,0,0,-,-,NA,NA,LOS ANGELES,LONG BEACH,-118.18948364257813,33.77783203125
9392060,2021,2022-01-25,1941,2021-12-29,1035,10819,NA,3,5,7,1941,0,0,0,NA,0,NA,PACIFIC AV,PACIFIC COAST HWY,0,NA,Y,B,C,N,NA,NA,NA,NA,NA,NA,NA,NA,NA,Y,4,0,1,2,A,-,12,21453,A,F,D,D,A,B,H,-,A,A,0,NA,NA,NA,NA,Y,NA,D,NA,0,0,1,0,0,0,0,0,0,-,-,NA,NA,LOS ANGELES,LONG BEACH,-118.1937255859375,33.78987121582031
9392154,2021,2022-01-25,1900,2021-12-15,1300,626564,0451,3,5,6,1949,0,0,0,NA,0,43T1,JERSEY AV,HERCULES ST,50,S,N,A,-,N,NA,NA,NA,NA,NA,NA,NA,NA,NA,N,4,0,1,2,A,-,08,22107,NA,N,B,B,E,A,H,-,A,D,0,Y,NA,NA,NA,Y,NA,A,01,0,0,1,0,1,0,0,0,0,-,-,NA,NA,LOS ANGELES,NORWALK,-118.08621215820313,33.92291259765625
9392181,2022,2022-02-01,1902,2022-01-08,1342,789,13,6,5,5,1902,0,0,0,NA,0,003,MICHILLINDA AV,PALOMA DR,0,NA,Y,A,-,N,NA,NA,NA,NA,NA,NA,NA,NA,NA,Y,4,0,3,2,A,-,09,21802,A,N,D,C,A,A,H,-,A,A,0,NA,NA,NA,NA,Y,NA,A,07,0,0,3,0,0,0,0,0,0,-,-,NA,NA,LOS ANGELES,ARCADIA,-118.06765747070313,34.142940521240234
9392182,2022,2022-02-01,1920,2022-01-08,0857,13118,1920,6,5,6,1920,0,0,0,NA,0,002,RIVES AV,PIVOT ST,0,NA,Y,A,-,N,NA,NA,NA,NA,NA,NA,NA,NA,NA,N,4,0,1,2,A,-,09,21802,A,N,D,C,A,A,H,-,A,D,0,NA,NA,NA,NA,Y,NA,A,01,0,0,1,0,0,0,0,0,0,-,-,NA,NA,LOS ANGELES,DOWNEY,-118.14318084716795,33.943519592285156
9392183,2022,2022-02-01,1920,2022-01-09,0813,13321,1920,7,5,6,1920,0,0,0,NA,0,005,BROOKSHIRE AV,SUVA ST,99,N,N,A,-,N,NA,NA,NA,NA,NA,NA,NA,NA,NA,N,4,0,2,2,A,-,09,21804,A,N,D,C,A,A,H,-,A,A,0,NA,NA,NA,NA,Y,NA,A,01,0,0,2,0,0,0,0,0,0,-,-,NA,NA,LOS ANGELES,DOWNEY,-118.11797332763672,33.954322814941406
9392201,2022,2022-02-03,1941,2022-01-03,1327,5599,NA,1,5,7,1941,0,0,0,NA,0,NA,ATLANTIC,BURLINGHALL,0,NA,Y,A,-,N,NA,NA,NA,NA,NA,NA,NA,NA,NA,N,4,0,2,2,A,-,03,22350,NA,N,C,C,A,A,H,-,A,A,0,NA,NA,NA,NA,Y,NA,A,NA,0,0,2,0,0,0,0,0,0,-,-,NA,NA,LOS ANGELES,LONG BEACH,-118.18507385253906,33.834320068359375
9392206,2022,2022-01-31,1941,2022-01-04,1710,5825,NA,2,5,7,1941,0,0,0,NA,0,NA,PACIFIC COAST HWY,N SEAPORT WY,5,S,N,A,-,Y,NA,NA,NA,NA,NA,NA,NA,NA,NA,Y,4,0,2,2,A,-,09,21801,A,N,D,C,A,A,H,-,C,D,0,NA,NA,NA,NA,Y,NA,A,NA,0,0,2,0,0,0,0,0,0,-,-,NA,NA,LOS ANGELES,LONG BEACH,-118.25624084472656,33.79149627685547
9392207,2022,2022-02-03,1941,2022-01-04,1625,10120,NA,2,5,7,1941,0,0,0,NA,0,NA,ANAHEIM ST,PINE AV,0,NA,Y,A,-,N,NA,NA,NA,NA,NA,NA,NA,NA,NA,Y,4,0,1,4,A,-,03,22350,NA,N,D,C,A,A,H,-,A,A,0,NA,NA,NA,NA,Y,NA,A,NA,0,0,1,0,0,0,0,0,0,-,-,NA,NA,LOS ANGELES,LONG BEACH,-118.19239044189452,33.782596588134766
9392208,2022,2022-02-03,1941,2022-01-02,1701,10036,NA,7,5,7,1941,0,0,0,NA,0,NA,LONG BEACH BL,POLE #LD1454,3,S,N,A,-,N,NA,NA,NA,NA,NA,NA,NA,NA,NA,Y,3,0,1,2,A,-,08,22107,NA,N,B,C,A,A,H,-,C,A,0,NA,NA,NA,NA,Y,NA,A,NA,0,1,0,0,0,0,0,0,0,-,-,NA,NA,LOS ANGELES,LONG BEACH,NA,NA
9392209,2022,2022-02-03,1941,2022-01-04,1209,6204,NA,2,5,7,1941,0,0,0,NA,0,NA,CHERRY AV,32ND ST,65,S,N,A,-,N,NA,NA,NA,NA,NA,NA,NA,NA,NA,N,4,0,1,2,A,-,03,22350,NA,N,C,C,A,A,H,-,A,A,0,NA,NA,NA,NA,Y,NA,A,NA,0,0,1,0,0,0,0,0,0,-,-,NA,NA,LOS ANGELES,LONG BEACH,-118.16763305664064,33.815040588378906
9392210,2022,2022-02-03,1941,2022-01-05,1352,5599,NA,3,5,7,1941,0,0,0,NA,0,NA,ATLANTIC,46TH,0,NA,Y,A,-,N,NA,NA,NA,NA,NA,NA,NA,NA,NA,N,4,0,1,2,A,-,08,22100,A,N,B,C,A,A,H,-,A,A,0,NA,NA,NA,NA,Y,NA,A,NA,0,0,1,0,0,0,0,0,0,-,-,NA,NA,LOS ANGELES,LONG BEACH,-118.18521118164064,33.84260940551758
9392211,2022,2022-02-03,1941,2022-01-03,0233,10908,NA,1,5,7,1941,0,0,0,NA,0,NA,7TH ST,REDONDO AV,0,NA,Y,A,-,N,NA,NA,NA,NA,NA,NA,NA,NA,NA,Y,4,0,1,2,A,-,12,21453,A,F,A,C,A,A,H,-,C,A,0,NA,NA,NA,NA,Y,NA,A,NA,0,0,1,0,0,0,0,0,0,-,-,NA,NA,LOS ANGELES,LONG BEACH,-118.15242004394533,33.77534484863281
9392212,2022,2022-03-16,1941,2022-01-04,1555,10925,NA,2,5,7,1941,0,0,0,NA,0,NA,WILLOW ST,MAINE AV,0,NA,Y,A,-,N,NA,NA,NA,NA,NA,NA,NA,NA,NA,N,4,0,1,2,A,-,03,22350,NA,F,C,C,A,A,H,-,A,D,0,NA,NA,NA,NA,Y,Y,A,NA,0,0,1,0,0,0,0,0,0,-,-,NA,NA,LOS ANGELES,LONG BEACH,-118.20024871826172,33.80434036254883
9392213,2022,2022-02-03,1941,2022-01-02,0010,1119,NA,7,5,7,1941,0,0,0,NA,0,NA,DEL AMO BL,LONG BEACH BL,0,NA,Y,A,-,N,NA,NA,NA,NA,NA,NA,NA,NA,NA,Y,4,0,1,2,A,-,00,20002,A,N,C,A,A,A,H,-,C,A,0,NA,NA,NA,NA,Y,NA,A,NA,0,0,1,0,0,0,0,0,0,-,-,NA,NA,LOS ANGELES,LONG BEACH,-118.19387817382813,33.8468132019043
9392217,2022,2022-02-25,1916,2022-01-06,1634,2945,W38L1,4,5,4,1916,0,0,0,NA,0,WEST,CITRUS PROMENADE,CITRUS AV,227,E,N,A,-,N,NA,NA,NA,NA,NA,NA,NA,NA,NA,N,3,0,1,2,A,-,03,22350,NA,N,D,B,D,A,H,-,A,D,0,Y,NA,NA,NA,Y,Y,A,01,0,1,0,0,1,0,0,0,0,-,-,34.10105895996094,-117.88947296142578,LOS ANGELES,COVINA,-117.89016723632813,34.07720947265625
9392218,2022,2022-02-03,1916,2022-01-02,1620,2599,W1L5,7,5,4,1916,0,0,0,NA,0,WEST,NORTH AZUSA AV,TOWN SQUARE,0,NA,Y,A,-,N,NA,NA,NA,NA,NA,NA,NA,NA,NA,N,4,0,1,2,A,-,05,21650,1,N,D,G,A,A,H,-,A,A,0,NA,Y,NA,NA,Y,NA,L,04,0,0,1,0,0,0,1,0,0,-,-,34.10429000854492,-117.90775299072266,LOS ANGELES,COVINA,-117.905638,34.104544
9392219,2022,2022-02-03,1920,2022-01-04,1739,11033,NA,2,5,6,1920,0,0,0,NA,0,NA,FLORENCE AV,LITTLELAKE RD,69,W,N,A,-,N,NA,NA,NA,NA,NA,NA,NA,NA,NA,N,4,0,1,2,A,-,03,22350,NA,N,C,C,A,A,H,-,D,A,0,NA,NA,NA,NA,Y,NA,A,01,0,0,1,0,0,0,0,0,0,-,-,NA,NA,LOS ANGELES,DOWNEY,-118.09915924072266,33.9383659362793
9392220,2022,2022-02-03,1916,2022-01-08,1858,2949,E47C1,6,5,4,1916,0,0,0,NA,0,DOWNTO,N BARRANCA AV,SAN BERNARDINO RD,42,N,N,A,-,N,NA,NA,NA,NA,NA,NA,NA,NA,NA,Y,3,0,1,2,A,-,01,23152,A,N,C,C,A,A,H,-,C,A,0,NA,NA,NA,NA,Y,Y,A,01,0,1,0,0,0,0,0,0,0,-,-,34.090789794921875,-117.88133239746094,LOS ANGELES,COVINA,-117.88135528564452,34.090904235839844
9392237,2022,2022-02-10,1955,2022-01-06,1441,42150,099,4,5,6,1955,0,0,0,NA,0,003,RESERVOIR ST,MONTEREY AV,141,N,N,A,-,N,NA,NA,NA,NA,NA,NA,NA,NA,NA,Y,4,0,1,3,A,-,03,22350,NA,N,C,C,A,A,H,-,A,A,0,NA,NA,NA,NA,Y,NA,A,01,0,0,1,0,0,0,0,0,0,-,-,34.06098175048828,-117.73277282714844,LOS ANGELES,POMONA,-117.73280334472656,34.06132507324219
9392238,2022,2022-02-11,1955,2022-01-03,0852,41897,99,1,5,6,1955,0,0,0,NA,0,003,RESERVOIR ST,HOLT AV E,100,S,N,A,-,N,NA,NA,NA,NA,NA,NA,NA,NA,NA,N,3,0,1,2,A,-,09,21804,A,N,D,G,A,A,H,-,A,D,0,NA,Y,NA,NA,Y,NA,A,01,0,1,0,0,0,0,1,0,0,-,-,34.06285095214844,-117.73175048828124,LOS ANGELES,POMONA,-117.73284912109376,34.06252670288086
9392239,2022,2022-02-11,1955,2022-01-03,1455,41138,73,1,5,6,1955,0,0,0,NA,0,005,RIO RANCHO RD,PHILLIPS RANCH RD,265,E,N,A,-,N,NA,NA,NA,NA,NA,NA,NA,NA,NA,Y,3,0,1,1,A,-,08,22107,NA,N,E,I,A,A,H,-,A,D,0,NA,NA,NA,NA,Y,NA,A,07,0,1,0,0,0,0,0,0,0,-,-,34.02724838256836,-117.77195739746094,LOS ANGELES,POMONA,-117.77117919921876,34.02703094482422
9392240,2022,2022-02-11,1955,2022-01-03,1243,41138,49,1,5,6,1955,0,0,0,NA,0,001,HOLT AV,FILLMORE PL,92,W,N,A,-,N,NA,NA,NA,NA,NA,NA,NA,NA,NA,Y,4,0,1,2,A,-,09,21804,A,N,D,C,A,A,H,-,A,D,0,NA,NA,NA,NA,Y,NA,A,01,0,0,1,0,0,0,0,0,0,-,-,34.06196975708008,-117.76712036132813,LOS ANGELES,POMONA,-117.76743316650392,34.06195068359375
9392251,2022,2022-02-03,1925,2022-01-01,0351,28121,281,6,5,6,1925,0,0,0,NA,0,003,E  WINDSOR RD,GRANADA ST,300,E,N,A,-,N,NA,NA,NA,NA,NA,NA,NA,NA,NA,Y,4,0,1,3,A,-,03,22350,NA,M,C,E,A,A,H,-,C,D,0,NA,NA,NA,NA,Y,NA,A,01,0,0,1,0,0,0,0,0,0,-,-,NA,NA,LOS ANGELES,GLENDALE,-118.24735260009766,34.13713836669922
9392252,2022,2022-02-03,1900,2022-01-02,1841,624459,2113,7,5,5,1943,0,0,0,NA,0,212T3,ABBOTT RD,SAMPSON AV,0,NA,Y,A,-,N,NA,NA,NA,NA,NA,NA,NA,NA,NA,Y,4,0,1,4,A,-,03,22350,NA,N,A,C,A,A,H,-,C,A,0,NA,NA,NA,NA,Y,NA,A,01,0,0,1,0,0,0,0,0,0,-,-,NA,NA,LOS ANGELES,LYNWOOD,-118.1898193359375,33.93461608886719
9392275,2022,2022-02-01,1910,2022-01-17,1810,05412,NA,1,5,4,1910,0,0,0,NA,0,005,OLYMPIC BL,S ROXBURY DR,0,NA,Y,A,-,N,NA,NA,NA,NA,NA,NA,NA,NA,NA,N,4,0,1,2,A,-,10,21950,A,N,G,B,B,A,H,-,C,A,0,Y,NA,NA,NA,Y,NA,A,07,0,0,1,0,1,0,0,0,0,-,-,NA,NA,LOS ANGELES,BEVERLY HILLS,-118.40570068359376,34.0596809387207
9392284,2021,2022-02-08,1942,2021-10-12,1959,41179,0738,2,5,7,1942,0,0,0,G,0,27GL14,HIGHLAND AV,6TH ST,0,NA,Y,A,-,N,NA,NA,NA,NA,NA,NA,NA,NA,NA,Y,4,0,1,2,A,-,12,21453,A,F,D,C,A,A,H,-,C,A,0,NA,NA,NA,NA,Y,NA,-,99,0,0,1,0,0,0,0,0,0,-,-,NA,NA,LOS ANGELES,LOS ANGELES,-118.33863067626952,34.064910888671875
9392285,2021,2022-02-08,1942,2021-10-27,0958,34959,0742,3,5,7,1942,0,0,0,G,0,27TL29,WILSHIRE BL,FAIRFAX AV,0,NA,Y,A,-,N,NA,NA,NA,NA,NA,NA,NA,NA,NA,N,4,0,2,2,A,-,09,21801,A,F,D,C,A,A,H,-,A,D,0,NA,NA,NA,NA,Y,NA,-,99,0,0,2,0,0,0,0,0,0,-,-,NA,NA,LOS ANGELES,LOS ANGELES,-118.36139678955078,34.062965393066406
9392322,2021,2022-02-01,1900,2021-12-28,0140,639633,2611,2,5,6,1950,0,0,0,NA,0,264T1,AVENUE Q,STANBRIDGE AV,0,NA,Y,B,-,N,NA,NA,NA,NA,NA,NA,NA,NA,NA,Y,2,0,1,1,A,-,08,22107,NA,N,E,I,A,A,H,-,C,D,0,NA,NA,NA,NA,Y,Y,D,22,1,0,0,0,0,0,0,0,0,-,-,34.587249755859375,-118.12657165527344,LOS ANGELES,PALMDALE,-118.1264419555664,34.58728790283203
9392323,2021,2022-02-02,1900,2021-12-11,0055,527381,2607,6,5,6,1950,0,0,0,NA,0,263T1,RT 138,47TH ST E,0,NA,Y,A,-,Y,LA,7,138,-,-,50.281,I,5,W,Y,4,0,1,2,D,-,00,NA,NA,N,D,C,A,A,H,-,C,A,0,NA,NA,NA,NA,Y,NA,-,-,0,0,1,0,0,0,0,0,0,-,-,34.5537109375,-118.04499053955078,LOS ANGELES,PALMDALE,-118.04498291015624,34.55380630493164
9392326,2022,2022-02-02,1900,2022-01-06,1214,540241,2610,4,5,6,1950,0,0,0,NA,0,261T1,AVENUE R,15TH ST EAST,63,W,N,A,-,N,NA,NA,NA,NA,NA,NA,NA,NA,NA,Y,3,0,1,2,A,-,07,21658,A,N,B,C,A,A,H,-,A,D,0,NA,NA,NA,NA,Y,NA,A,01,0,1,0,0,0,0,0,0,0,-,-,34.572731018066406,-118.10318756103516,LOS ANGELES,PALMDALE,-118.10302734375,34.57265090942383
9392329,2022,2022-02-08,1900,2022-01-08,1330,550490,2608,6,5,6,1950,0,0,0,NA,0,263T1,PALMDALE BL,22ND ST E,485,W,N,A,-,Y,LA,7,138,-,-,45.88,H,-,E,Y,4,0,3,3,A,-,03,22350,NA,N,C,C,A,A,H,-,A,A,0,NA,NA,NA,NA,Y,NA,D,22,0,0,3,0,0,0,0,0,0,-,-,34.58007049560547,-118.09117126464844,LOS ANGELES,PALMDALE,-118.09117126464844,34.58003616333008
9392331,2021,2022-02-02,1900,2021-12-09,1750,615106,2610,4,5,6,1950,0,0,0,NA,0,262T1,SIERRA HWY,RT 138,0,NA,Y,A,-,Y,LA,7,138,-,-,44.424,I,5,W,N,4,0,1,2,A,-,05,21202,A,N,G,G,A,A,H,-,C,A,0,NA,Y,NA,NA,Y,NA,L,04,0,0,1,0,0,0,1,0,0,-,-,34.57966995239258,-118.11656188964844,LOS ANGELES,PALMDALE,-118.11655426025392,34.57951354980469
9392332,2021,2022-02-02,1900,2021-12-28,0550,602995,2607,2,5,6,1950,0,0,0,NA,0,262T1,47TH ST E,FORT TEJON RD,79,S,N,A,-,Y,LA,7,138,-,-,50.281,I,6,E,Y,3,0,1,2,A,-,05,21650,NA,N,A,C,A,-,H,-,B,D,0,NA,NA,NA,NA,Y,NA,A,07,0,1,0,0,0,0,0,0,0,-,-,34.55353927612305,-118.0452880859375,LOS ANGELES,PALMDALE,-118.04498291015624,34.55380630493164
9392333,2021,2022-01-31,1900,2021-12-26,1115,639633,2619,7,5,6,1950,0,0,0,NA,0,263T1,SIERRA HIGHWAY,AVENUE O,2378,N,N,A,-,N,NA,NA,NA,NA,NA,NA,NA,NA,NA,Y,4,0,1,3,A,-,03,22350,NA,N,D,C,A,A,H,-,A,D,0,NA,NA,NA,NA,Y,NA,A,01,0,0,1,0,0,0,0,0,0,-,-,34.62350082397461,-118.12465667724608,LOS ANGELES,PALMDALE,-118.12479400634766,34.62380599975586
9392335,2021,2022-02-04,1934,2021-12-11,0944,779,IRWPD,6,5,1,1934,0,0,0,NA,0,001,ARROW HWY,MAINE AV,251,W,N,A,-,N,NA,NA,NA,NA,NA,NA,NA,NA,NA,N,4,0,2,2,A,-,03,22350,NA,N,C,C,A,A,H,-,A,D,0,NA,NA,NA,NA,Y,NA,A,08,0,0,2,0,0,0,0,0,0,-,-,34.106849670410156,-117.9605712890625,LOS ANGELES,IRWINDALE,-117.96137237548828,34.10694885253906