CASE_ID,ACCIDENT_YEAR,PROC_DATE,JURIS,COLLISION_DATE,COLLISION_TIME,OFFICER_ID,REPORTING_DISTRICT,DAY_OF_WEEK,CHP_SHIFT,POPULATION,CNTY_CITY_LOC,SPECIAL_COND,BEAT_TYPE,CHP_BEAT_TYPE,CITY_DIVISION_LAPD,CHP_BEAT_CLASS,BEAT_NUMBER,PRIMARY_RD,SECONDARY_RD,DISTANCE,DIRECTION,INTERSECTION,WEATHER_1,WEATHER_2,STATE_HWY_IND,CALTRANS_COUNTY,CALTRANS_DISTRICT,STATE_ROUTE,ROUTE_SUFFIX,POSTMILE_PREFIX,POSTMILE,LOCATION_TYPE,RAMP_INTERSECTION,SIDE_OF_HWY,TOW_AWAY,COLLISION_SEVERITY,NUMBER_KILLED,NUMBER_INJURED,PARTY_COUNT,PRIMARY_COLL_FACTOR,PCF_CODE_OF_VIOL,PCF_VIOL_CATEGORY,PCF_VIOLATION,PCF_VIOL_SUBSECTION,HIT_AND_RUN,TYPE_OF_COLLISION,MVIW,PED_ACTION,ROAD_SURFACE,ROAD_COND_1,ROAD_COND_2,LIGHTING,CONTROL_DEVICE,CHP_ROAD_TYPE,PEDESTRIAN_ACCIDENT,BICYCLE_ACCIDENT,MOTORCYCLE_ACCIDENT,TRUCK_ACCIDENT,NOT_PRIVATE_PROPERTY,ALCOHOL_INVOLVED,STWD_VEHTYPE_AT_FAULT,CHP_VEHTYPE_AT_FAULT,COUNT_SEVERE_INJ,COUNT_VISIBLE_INJ,COUNT_COMPLAINT_PAIN,COUNT_PED_KILLED,COUNT_PED_INJURED,COUNT_BICYCLIST_KILLED,COUNT_BICYCLIST_INJURED,COUNT_MC_KILLED,COUNT_MC_INJURED,PRIMARY_RAMP,SECONDARY_RAMP,LATITUDE,LONGITUDE,COUNTY,CITY,POINT_X,POINT_Y
9400448,2022,2022-02-11,1900,2022-01-03,1905,652873,1127,1,5,6,1992,0,0,0,NA,0,112T2,LANCASTER BL,20TH ST W,0,NA,Y,A,-,N,NA,NA,NA,NA,NA,NA,NA,NA,NA,Y,3,0,1,2,A,-,09,21801,A,N,D,C,A,A,H,-,C,A,0,NA,NA,NA,NA,Y,NA,A,07,0,1,0,0,0,0,0,0,0,-,-,NA,NA,LOS ANGELES,LANCASTER,-118.1658172607422,34.69673538208008
9400449,2022,2022-02-11,1900,2022-01-02,1604,652873,1135,7,5,6,1992,0,0,0,NA,0,112T2,25TH ST E,LANCASTER BL,50,S,N,A,-,N,NA,NA,NA,NA,NA,NA,NA,NA,NA,Y,3,0,1,2,A,-,09,21802,A,N,E,I,A,A,H,-,A,A,0,NA,NA,NA,NA,Y,NA,A,01,0,1,0,0,0,0,0,0,0,-,-,NA,NA,LOS ANGELES,LANCASTER,-118.08587646484376,34.69687271118164
9400450,2022,2022-02-11,1900,2022-01-08,2041,655212,1127,6,5,6,1992,0,0,0,NA,0,112T1,AVENUE J,GABLE LN,180,E,N,A,-,N,NA,NA,NA,NA,NA,NA,NA,NA,NA,Y,3,0,1,1,A,-,08,22107,NA,N,E,I,A,A,H,-,C,D,0,NA,NA,NA,NA,Y,Y,A,01,0,1,0,0,0,0,0,0,0,-,-,NA,NA,LOS ANGELES,LANCASTER,-118.18059539794922,34.68946075439453
9400451,2022,2022-02-11,1900,2022-01-07,1644,629461,1135,5,5,6,1992,0,0,0,NA,0,112T2,25TH ST E,25TH ST E 45111,0,NA,N,A,-,N,NA,NA,NA,NA,NA,NA,NA,NA,NA,Y,4,0,1,1,B,-,22,NA,NA,N,E,I,A,A,H,-,A,D,0,NA,NA,NA,NA,Y,NA,A,01,0,0,1,0,0,0,0,0,0,-,-,NA,NA,LOS ANGELES,LANCASTER,-118.17674255371094,35.0318717956543
9400452,2022,2022-02-11,1900,2022-01-14,0859,629461,1126,5,5,6,1992,0,0,0,NA,0,112T2,AVENUE J-2,KINGTREE AV,0,NA,Y,A,-,N,NA,NA,NA,NA,NA,NA,NA,NA,NA,Y,4,0,3,2,A,-,09,21801,A,N,A,C,A,A,H,-,A,D,0,NA,NA,NA,NA,Y,NA,A,07,0,0,3,0,0,0,0,0,0,-,-,NA,NA,LOS ANGELES,LANCASTER,-118.15128326416016,34.68763732910156
9400453,2022,2022-02-11,1900,2022-01-14,0801,629461,1137,5,5,6,1992,0,0,0,NA,0,112T2,20TH ST E,AVENUE J-8,0,NA,Y,A,-,N,NA,NA,NA,NA,NA,NA,NA,NA,NA,Y,4,0,1,2,A,-,12,21453,A,N,D,C,A,A,H,-,A,A,0,NA,NA,NA,NA,Y,NA,A,01,0,0,1,0,0,0,0,0,0,-,-,NA,NA,LOS ANGELES,LANCASTER,-118.09471130371094,34.68232727050781
9400454,2022,2022-02-11,1900,2022-01-13,1245,629461,1127,4,5,6,1992,0,0,0,NA,0,111T1,20TH ST W,LANCASTER BL,357,S,N,A,-,N,NA,NA,NA,NA,NA,NA,NA,NA,NA,Y,4,0,2,3,A,-,03,22350,NA,N,C,C,A,A,H,-,A,D,0,NA,NA,NA,NA,Y,NA,A,01,0,0,2,0,0,0,0,0,0,-,-,NA,NA,LOS ANGELES,LANCASTER,-118.16580200195313,34.695762634277344
9400455,2022,2022-02-11,1900,2022-01-12,1552,627967,1127,3,5,6,1992,0,0,0,NA,0,111T4,AVENUE K-8,32ND ST WEST,0,NA,Y,A,-,N,NA,NA,NA,NA,NA,NA,NA,NA,NA,Y,3,0,4,2,A,-,12,22450,A,N,D,C,A,A,H,-,A,A,0,NA,NA,NA,NA,Y,NA,A,01,0,1,3,0,0,0,0,0,0,-,-,NA,NA,LOS ANGELES,LANCASTER,-118.18791198730467,34.66754150390625
9400456,2022,2022-02-11,1900,2022-01-17,1255,510509,1131,1,5,6,1992,0,0,0,NA,0,112T4,40TH ST E,AVENUE H-4,365,S,N,A,C,N,NA,NA,NA,NA,NA,NA,NA,NA,NA,Y,4,0,1,2,A,-,08,22107,NA,N,B,C,A,B,H,-,A,D,0,NA,NA,NA,NA,Y,NA,A,01,0,0,1,0,0,0,0,0,0,-,-,NA,NA,LOS ANGELES,LANCASTER,-118.05919647216795,34.71828842163086
9400457,2022,2022-03-21,1900,2022-01-16,1822,642878,1127,7,5,6,1992,0,0,0,NA,0,111T2,RT 14,AVENUE I,0,NA,Y,A,-,Y,LA,7,14,-,R,69.078,R,4,S,Y,4,0,1,2,A,-,12,21453,A,N,A,G,A,-,H,-,C,A,0,NA,Y,NA,NA,Y,NA,L,04,0,0,1,0,0,0,1,0,0,NF,-,NA,NA,LOS ANGELES,LANCASTER,-118.17026519775392,34.70555114746094
9400458,2022,2022-02-11,1900,2022-01-16,2355,624934,1127,7,5,6,1992,0,0,0,NA,0,112T2,AVENUE J,45TH ST WEST,136,W,N,A,-,N,NA,NA,NA,NA,NA,NA,NA,NA,NA,Y,4,0,1,2,A,-,11,21954,A,N,F,I,E,A,H,-,C,D,0,Y,NA,NA,NA,Y,NA,N,60,0,0,1,0,0,0,0,0,0,-,-,NA,NA,LOS ANGELES,LANCASTER,-118.21082305908205,34.68941879272461
9400459,2022,2022-02-11,1900,2022-01-14,1919,655212,1123,5,5,6,1992,0,0,0,NA,0,112T1,FIG AV,AVENUE J,0,NA,Y,A,-,N,NA,NA,NA,NA,NA,NA,NA,NA,NA,Y,4,0,4,3,A,-,09,21801,A,N,D,C,A,A,H,-,C,A,0,NA,NA,NA,NA,Y,NA,A,01,0,0,4,0,0,0,0,0,0,-,-,NA,NA,LOS ANGELES,LANCASTER,-118.14201354980467,34.68944549560547
9400460,2022,2022-02-14,1900,2022-01-16,0200,655212,1122,7,5,6,1992,0,0,0,NA,0,111T1,LANCASTER BL,SIERRA HWY,0,NA,Y,A,-,N,NA,NA,NA,NA,NA,NA,NA,NA,NA,Y,3,0,1,2,A,-,01,23152,A,N,D,C,A,A,H,-,C,A,0,NA,NA,NA,NA,Y,Y,A,01,0,1,0,0,0,0,0,0,0,-,-,NA,NA,LOS ANGELES,LANCASTER,-118.136962890625,34.69838333129883
9400461,2022,2022-03-07,1942,2022-01-29,0025,43558,1177,6,5,7,1942,0,0,0,K,0,11A89,W AVENUE 28,IDELL ST,0,NA,Y,A,F,N,NA,NA,NA,NA,NA,NA,NA,NA,NA,N,4,0,1,1,A,-,03,22350,NA,N,F,I,A,A,H,-,C,A,0,NA,NA,NA,NA,Y,NA,A,01,0,0,1,0,0,0,0,0,0,-,-,NA,NA,LOS ANGELES,LOS ANGELES,-118.22362518310548,34.08696746826172
9400487,2022,2022-02-16,1900,2022-01-11,1108,510509,1133,2,5,6,1992,0,0,0,NA,0,112T4,CHALLENGER WY,AVENUE J-14,0,NA,Y,A,-,N,NA,NA,NA,NA,NA,NA,NA,NA,NA,Y,3,0,1,3,A,-,09,21802,A,N,B,C,A,-,H,-,A,A,0,NA,NA,NA,NA,Y,NA,D,22,0,1,0,0,0,0,0,0,0,-,-,NA,NA,LOS ANGELES,LANCASTER,-118.11266326904295,34.689483642578125
9400491,2021,2022-02-16,1900,2021-11-08,1441,525033,0245,1,5,3,1914,0,0,0,NA,0,27T,GARFIELD AV,ELM ST,359,S,N,A,-,N,NA,NA,NA,NA,NA,NA,NA,NA,NA,N,2,0,1,4,A,-,09,21801,A,M,D,C,A,A,H,-,A,D,0,NA,NA,NA,NA,Y,NA,D,22,1,0,0,0,0,0,0,0,0,-,-,33.990108489990234,-118.13526153564452,LOS ANGELES,COMMERCE,-118.13514709472656,33.99025344848633
9400496,2021,2022-02-16,1900,2021-11-23,1010,525033,0244,2,5,3,1914,0,0,0,NA,0,27M1,EASTERN AV,TELEGRAPH RD,148,S,N,A,-,N,NA,NA,NA,NA,NA,NA,NA,NA,NA,N,4,0,2,2,A,-,04,21703,NA,N,C,C,A,A,H,-,A,A,0,NA,NA,NA,NA,Y,NA,D,22,0,0,2,0,0,0,0,0,0,-,-,34.0084114074707,-118.15872955322266,LOS ANGELES,COMMERCE,-118.17427825927734,34.017093658447266
9400503,2021,2022-02-16,1900,2021-11-08,2002,525033,0246,1,5,3,1914,0,0,0,NA,0,27T,SLAUSON AV,GREENWOOD AV,0,NA,Y,A,-,N,NA,NA,NA,NA,NA,NA,NA,NA,NA,Y,4,0,4,2,A,-,12,21453,A,M,D,C,A,A,H,-,C,A,0,NA,NA,NA,NA,Y,NA,D,22,0,0,4,0,0,0,0,0,0,-,-,33.97726821899414,-118.13037872314452,LOS ANGELES,COMMERCE,-118.1302490234375,33.97732925415039
9400505,2022,2022-03-15,1955,2022-01-17,1357,40764,37,1,5,6,1955,0,0,0,NA,0,002,ARROW HWY,LA VERNE AV,0,NA,Y,A,-,N,NA,NA,NA,NA,NA,NA,NA,NA,NA,Y,3,0,1,2,A,-,09,21802,A,N,D,C,A,A,H,-,A,A,0,NA,NA,NA,Y,Y,NA,F,27,0,1,0,0,0,0,0,0,0,-,-,NA,NA,LOS ANGELES,POMONA,-117.75869750976564,34.090396881103516
9400516,2021,2022-02-16,1900,2021-11-12,1400,533970,0246,5,5,3,1914,0,0,0,NA,0,27T,BANDINI BL,EASTERN AV,2640,E,N,A,-,N,NA,NA,NA,NA,NA,NA,NA,NA,NA,Y,3,0,1,2,A,-,08,22107,NA,N,B,C,A,A,H,-,A,D,0,NA,NA,NA,Y,Y,NA,-,-,0,1,0,0,0,0,0,0,0,-,-,NA,NA,LOS ANGELES,COMMERCE,-118.15261840820313,33.99065399169922
9400519,2022,2022-02-16,1900,2022-01-17,1419,642878,1134,1,5,6,1992,0,0,0,NA,0,111T2,AVENUE K,DIVISION ST,0,NA,Y,B,-,N,NA,NA,NA,NA,NA,NA,NA,NA,NA,Y,3,0,2,2,A,-,03,22350,NA,N,C,C,A,-,H,-,A,D,0,NA,NA,NA,NA,Y,NA,A,01,0,1,1,0,0,0,0,0,0,-,-,NA,NA,LOS ANGELES,LANCASTER,-118.1301727294922,34.674991607666016
9400528,2021,2022-02-15,1900,2021-12-05,1600,550248,0244,7,5,3,1914,0,0,0,NA,0,27TP,TELEGRAPH RD,GASPAR AV,74,W,N,A,-,N,NA,NA,NA,NA,NA,NA,NA,NA,NA,Y,4,0,1,3,B,-,22,NA,NA,N,C,C,A,A,H,-,A,D,0,NA,NA,NA,NA,Y,NA,A,01,0,0,1,0,0,0,0,0,0,-,-,34.00315856933594,-118.1511688232422,LOS ANGELES,COMMERCE,-118.15123748779295,34.0031852722168
9400531,2022,2022-02-15,1942,2022-01-26,1315,41842,0478,3,5,7,1942,0,0,0,D,0,4A59,7TH ST,GRANDE VISTA AV,0,NA,Y,A,-,N,NA,NA,NA,NA,NA,NA,NA,NA,NA,N,4,0,1,2,A,-,21,22106,NA,N,C,C,A,A,H,-,A,D,0,NA,NA,NA,NA,Y,NA,-,NA,0,0,1,0,0,0,0,0,0,-,-,NA,NA,LOS ANGELES,LOS ANGELES,-118.20513916015624,34.02698516845703
9400540,2021,2022-02-18,1900,2021-11-28,1417,530667,NA,7,5,3,1914,0,0,0,NA,0,NA,GARFIELD AV,RANDOLPH ST,9,N,N,A,-,N,NA,NA,NA,NA,NA,NA,NA,NA,NA,NA,4,0,1,3,A,-,03,22350,NA,M,B,-,A,A,H,-,A,A,0,NA,NA,NA,NA,Y,NA,-,NA,0,0,1,0,0,0,0,0,0,-,-,NA,NA,LOS ANGELES,COMMERCE,-118.14469909667967,33.97737121582031
9400560,2021,2022-02-16,1900,2021-11-09,1520,532987,0243,2,5,3,1914,0,0,0,NA,0,27T,ATLANTIC BL,SHEILA ST,0,NA,Y,A,-,N,NA,NA,NA,NA,NA,NA,NA,NA,NA,Y,3,0,3,2,A,-,12,21453,A,N,D,C,A,A,H,-,A,A,0,NA,NA,NA,NA,Y,NA,A,01,0,1,2,0,0,0,0,0,0,-,-,NA,NA,LOS ANGELES,COMMERCE,-118.16928100585938,34.001983642578125
9400587,2022,2022-03-08,1967,2022-01-25,1658,142,NA,2,5,2,1967,0,0,0,NA,0,NORTH,SPRING,ORANGE AV,0,NA,Y,A,-,N,NA,NA,NA,NA,NA,NA,NA,NA,NA,Y,3,0,1,2,A,-,09,21801,A,N,D,C,A,A,H,-,A,A,0,NA,NA,Y,NA,Y,NA,D,22,0,1,0,0,0,0,0,0,1,-,-,NA,NA,LOS ANGELES,SIGNAL HILL,-118.17630767822266,33.811676025390625
9400596,2022,2022-02-15,1967,2022-01-29,0516,157,NA,6,5,2,1967,0,0,0,NA,0,SOUTH,CHERRY AV,WILLOW,80,S,N,A,-,N,NA,NA,NA,NA,NA,NA,NA,NA,NA,NA,4,0,1,2,D,-,00,NA,NA,F,C,C,A,A,H,-,C,D,0,NA,NA,NA,NA,Y,NA,-,-,0,0,1,0,0,0,0,0,0,-,-,NA,NA,LOS ANGELES,SIGNAL HILL,-118.16768646240234,33.80414962768555
9400597,2022,2022-02-16,1907,2022-01-16,2230,253,1,7,5,4,1907,0,0,0,NA,0,NA,FLORENCE AV,BEAR AV,28,W,N,A,-,N,NA,NA,NA,NA,NA,NA,NA,NA,NA,N,4,0,2,2,A,-,03,22350,NA,N,C,C,A,A,H,-,C,A,0,NA,NA,NA,NA,Y,NA,D,22,0,0,2,0,0,0,0,0,0,-,-,33.97145080566406,-118.1989517211914,LOS ANGELES,BELL,-118.19905090332033,33.97146987915039
9400613,2022,2022-02-15,1956,2022-01-25,1935,1327,57,2,5,5,1956,0,0,0,NA,0,004,BLOSSOM LN,GATES AV,0,NA,Y,A,-,N,NA,NA,NA,NA,NA,NA,NA,NA,NA,Y,4,0,1,2,A,-,12,22450,A,N,D,C,A,A,H,-,C,A,0,NA,NA,NA,NA,Y,NA,A,01,0,0,1,0,0,0,0,0,0,-,-,33.87847900390625,-118.37490844726564,LOS ANGELES,REDONDO BEACH,-118.37490081787108,33.87846755981445
9400630,2022,2022-02-16,1910,2022-01-27,1144,03438,NA,4,5,4,1910,0,0,0,NA,0,005,WILSHIRE BL,NORTH SANTA MONICA BL,20,N,N,A,-,N,NA,NA,NA,NA,NA,NA,NA,NA,NA,N,4,0,1,2,A,-,07,21658,A,N,B,C,A,A,H,-,A,D,0,NA,NA,NA,Y,Y,NA,A,07,0,0,1,0,0,0,0,0,0,-,-,NA,NA,LOS ANGELES,BEVERLY HILLS,-118.4104232788086,34.06707000732422
9400638,2022,2022-02-16,1910,2022-01-31,1724,03633,NA,1,5,4,1910,0,0,0,NA,0,007,BEVERLY DR,OLYMPIC BL,200,S,N,A,-,N,NA,NA,NA,NA,NA,NA,NA,NA,NA,N,4,0,1,2,A,-,08,22107,NA,F,B,G,A,A,H,-,B,D,0,NA,Y,NA,NA,Y,NA,L,04,0,0,1,0,0,0,1,0,0,-,-,NA,NA,LOS ANGELES,BEVERLY HILLS,-118.3982391357422,34.05915069580078
9400666,2022,2022-02-17,1956,2022-01-29,1140,1370,3,6,5,5,1956,0,0,0,NA,0,001,PALOS VERDES BL,AVENUE G,0,NA,Y,A,-,N,NA,NA,NA,NA,NA,NA,NA,NA,NA,Y,3,0,2,2,A,-,09,21802,A,N,D,C,A,A,H,-,A,A,0,NA,NA,NA,NA,Y,NA,A,01,0,1,1,0,0,0,0,0,0,-,-,33.820091247558594,-118.38258361816406,LOS ANGELES,REDONDO BEACH,-118.38262176513672,33.82011032104492
9400667,2022,2022-02-17,1956,2022-01-26,1629,1292,54,3,5,5,1956,0,0,0,NA,0,004,INGLEWOOD AV,NELSON AV,0,NA,Y,A,-,N,NA,NA,NA,NA,NA,NA,NA,NA,NA,Y,3,0,3,3,A,-,09,21801,A,N,D,C,A,B,H,-,A,D,0,NA,NA,NA,NA,Y,NA,A,01,0,1,2,0,0,0,0,0,0,-,-,NA,NA,LOS ANGELES,REDONDO BEACH,-118.36132049560548,33.87474822998047
9400668,2022,2022-02-24,1956,2022-01-23,1640,1292,66,7,5,5,1956,0,0,0,NA,0,004,INGLEWOOD AV,RT 405,19,S,N,A,-,Y,LA,7,405,-,-,18.379,R,4,S,N,4,0,2,2,A,-,03,22350,NA,N,C,C,A,A,H,-,A,D,0,NA,NA,NA,NA,Y,NA,A,07,0,0,2,0,0,0,0,0,0,-,SF,33.8896598815918,-118.63136291503906,LOS ANGELES,REDONDO BEACH,-118.36304473876952,33.892066955566406
9400669,2022,2022-02-16,1956,2022-01-23,0128,1361,37,7,5,5,1956,0,0,0,NA,0,003,AVIATION BL,HUNTINGTON LN,10,N,N,A,-,N,NA,NA,NA,NA,NA,NA,NA,NA,NA,Y,2,0,1,1,A,-,01,23152,A,N,A,I,A,A,H,-,C,D,0,NA,NA,NA,NA,Y,Y,A,01,1,0,0,0,0,0,0,0,0,-,-,33.868019104003906,-118.38308715820313,LOS ANGELES,REDONDO BEACH,-118.38301849365234,33.86808395385742
9400670,2022,2022-02-17,1956,2022-01-31,1231,1324,45,1,5,5,1956,0,0,0,NA,0,003,190TH ST,MEYER LN,0,NA,Y,B,-,N,NA,NA,NA,NA,NA,NA,NA,NA,NA,Y,3,0,1,2,A,-,09,21801,A,N,D,C,A,A,H,-,A,A,0,NA,NA,NA,NA,Y,NA,A,07,0,1,0,0,0,0,0,0,0,-,-,33.858211517333984,-118.369873046875,LOS ANGELES,REDONDO BEACH,-118.3698959350586,33.85826110839844
9400671,2022,2022-02-16,1956,2022-01-31,2025,1375,NA,1,5,5,1956,0,0,0,NA,0,NA,FELTON LN,182ND PL,0,NA,Y,A,-,N,NA,NA,NA,NA,NA,NA,NA,NA,NA,Y,3,0,1,2,A,-,08,22107,NA,N,B,E,A,A,H,-,C,A,0,NA,NA,NA,NA,Y,NA,A,01,0,1,0,0,0,0,0,0,0,-,-,NA,NA,LOS ANGELES,REDONDO BEACH,-118.36309814453124,33.864768981933594
9400707,2022,2022-02-14,1955,2022-01-07,1812,42685,34,5,5,6,1955,0,0,0,NA,0,002,ARROW HWY,FULTON RD,0,NA,Y,A,-,N,NA,NA,NA,NA,NA,NA,NA,NA,NA,Y,4,0,3,2,A,-,09,21802,A,N,D,C,A,A,H,-,C,A,0,NA,NA,NA,NA,Y,NA,A,01,0,0,3,0,0,0,0,0,0,-,-,34.08998107910156,-117.75615692138672,LOS ANGELES,POMONA,-117.75617218017578,34.090057373046875
9400708,2022,2022-02-14,1955,2022-01-11,1634,42194,83,2,5,6,1955,0,0,0,NA,0,004,GAREY AV,PHILLIPS BL,2,N,N,A,-,N,NA,NA,NA,NA,NA,NA,NA,NA,NA,NA,4,0,1,2,A,-,11,21950,B,N,G,B,B,A,H,-,A,C,0,Y,NA,NA,NA,Y,NA,N,60,0,0,1,0,1,0,0,0,0,-,-,34.0443115234375,-117.74960327148438,LOS ANGELES,POMONA,-117.74971771240234,34.04421615600586
9400709,2022,2022-03-01,1955,2022-01-18,0821,42469,NA,2,5,6,1955,0,0,0,NA,0,NA,HOLT AV,ERIE ST,30,E,N,A,-,N,NA,NA,NA,NA,NA,NA,NA,NA,NA,NA,3,0,1,2,A,-,09,21801,A,N,A,C,A,A,H,-,A,D,0,NA,NA,NA,NA,Y,NA,A,01,0,1,0,0,0,0,0,0,0,-,-,34.06172180175781,-117.77851104736328,LOS ANGELES,POMONA,-117.77877807617188,34.06167221069336
9400710,2022,2022-02-14,1975,2022-01-15,0339,480,NA,6,5,6,1975,0,0,0,NA,0,002,AZUSA AV,PUENTE AV,50,N,N,A,-,N,NA,NA,NA,NA,NA,NA,NA,NA,NA,NA,4,0,1,2,A,-,11,21954,A,F,G,B,D,A,H,-,C,A,0,Y,NA,NA,NA,Y,Y,N,60,0,0,1,0,1,0,0,0,0,-,-,34.086551666259766,-117.94230651855467,LOS ANGELES,WEST COVINA,-117.9076919555664,34.0828971862793
9400711,2022,2022-02-14,1975,2022-01-20,1351,427,NA,4,5,6,1975,0,0,0,NA,0,NA,LA PUENTE RD,FORECASTLE AV,0,NA,Y,A,-,N,NA,NA,NA,NA,NA,NA,NA,NA,NA,Y,3,0,2,2,A,-,17,21451,A,N,A,C,A,A,H,-,A,A,0,NA,NA,NA,NA,Y,NA,A,01,0,1,1,0,0,0,0,0,0,-,-,34.013431549072266,-117.87592315673828,LOS ANGELES,WEST COVINA,-117.8759307861328,34.013404846191406
9400712,2022,2022-02-14,1975,2022-01-18,1452,1011,WESTC,2,5,6,1975,0,0,0,NA,0,003,FRANCISQUITO AV,SUNSET AV,470,E,N,A,-,N,NA,NA,NA,NA,NA,NA,NA,NA,NA,NA,4,0,1,2,A,-,09,21804,A,N,C,C,A,A,H,-,A,D,0,NA,NA,NA,NA,Y,NA,A,01,0,0,1,0,0,0,0,0,0,-,-,34.05387878417969,-117.9541473388672,LOS ANGELES,WEST COVINA,-117.95296478271484,34.05303955078125
9400713,2022,2022-02-14,1975,2022-01-24,1451,353,NA,1,5,6,1975,0,0,0,NA,0,001,LARK ELLEN AV,BADILLO ST,0,NA,Y,A,-,N,NA,NA,NA,NA,NA,NA,NA,NA,NA,Y,3,0,1,2,A,-,12,21457,A,N,D,C,A,A,H,-,A,B,0,NA,NA,NA,NA,Y,NA,-,-,0,1,0,0,0,0,0,0,0,-,-,34.08646011352539,-117.91661834716795,LOS ANGELES,WEST COVINA,-117.91660308837892,34.08639144897461
9400714,2022,2022-02-14,1975,2022-01-22,1829,451,NA,6,5,6,1975,0,0,0,NA,0,004,LARK ELLEN AV,CAMERON AV,0,NA,Y,A,G,N,NA,NA,NA,NA,NA,NA,NA,NA,NA,Y,3,0,1,2,A,-,12,22450,A,N,D,C,A,A,H,-,E,B,0,NA,NA,NA,NA,Y,NA,A,01,0,1,0,0,0,0,0,0,0,-,-,34.06122970581055,-117.91667175292967,LOS ANGELES,WEST COVINA,-117.91673278808594,34.06116485595703
9400715,2022,2022-02-14,1975,2022-01-21,1237,353,NA,5,5,6,1975,0,0,0,NA,0,002,AZUSA AV,CORTEZ ST,0,NA,Y,A,-,N,NA,NA,NA,NA,NA,NA,NA,NA,NA,Y,4,0,2,2,A,-,12,21453,A,N,D,C,A,A,H,-,A,A,0,NA,NA,NA,NA,Y,NA,A,01,0,0,2,0,0,0,0,0,0,-,-,34.06475067138672,-117.90786743164064,LOS ANGELES,WEST COVINA,-117.90788269042967,34.06471252441406
9400716,2022,2022-02-14,1942,2022-01-31,0240,42876,0216,1,5,7,1942,0,0,0,B,0,24T33,SUNSET BL,MOHAWK ST,60,E,N,A,-,N,NA,NA,NA,NA,NA,NA,NA,NA,NA,Y,4,0,1,1,A,-,01,23152,A,N,E,I,A,A,H,-,C,A,0,NA,NA,NA,NA,Y,Y,A,01,0,0,1,0,0,0,0,0,0,-,-,NA,NA,LOS ANGELES,LOS ANGELES,-118.26516723632813,34.077423095703125
9400717,2022,2022-02-14,1942,2022-01-29,2020,34350,1307,6,5,7,1942,0,0,0,M,0,24T32,OLYMPIC BL,ALAMEDA ST,50,W,N,B,-,N,NA,NA,NA,NA,NA,NA,NA,NA,NA,N,4,0,1,2,A,-,03,22350,NA,F,C,C,A,A,H,-,C,A,0,NA,NA,NA,NA,Y,NA,-,99,0,0,1,0,0,0,0,0,0,-,-,NA,NA,LOS ANGELES,LOS ANGELES,-118.23922729492188,34.02772903442383
9400718,2022,2022-02-14,1942,2022-01-28,0500,41629,1313,5,5,7,1942,0,0,0,M,0,24TL21,14TH ST,SAN PEDRO ST,170,N,N,A,-,N,NA,NA,NA,NA,NA,NA,NA,NA,NA,N,4,0,1,2,A,-,03,22350,NA,F,G,B,E,A,H,-,C,D,0,Y,NA,NA,NA,Y,NA,-,99,0,0,1,0,1,0,0,0,0,-,-,NA,NA,LOS ANGELES,LOS ANGELES,-118.2544174194336,34.032169342041016
9400719,2022,2022-02-14,1942,2022-01-28,1308,41419,0442,5,5,7,1942,0,0,0,D,0,24MQ46,MARENGO ST,MISSION RD,0,NA,Y,A,-,N,NA,NA,NA,NA,NA,NA,NA,NA,NA,N,4,0,1,2,A,-,21,22106,NA,F,G,G,A,A,H,-,A,A,0,NA,Y,NA,NA,Y,NA,-,99,0,0,1,0,0,0,1,0,0,-,-,NA,NA,LOS ANGELES,LOS ANGELES,-118.21441650390624,34.06061553955078
9400720,2022,2022-02-14,1942,2022-01-29,1915,40008,1133,6,5,7,1942,0,0,0,K,0,24TL53,TYBURN ST,GLENHURST AV,0,NA,Y,A,-,N,NA,NA,NA,NA,NA,NA,NA,NA,NA,N,3,0,1,2,A,-,09,21802,A,F,D,C,A,A,H,-,C,D,0,NA,NA,NA,NA,Y,NA,-,99,0,1,0,0,0,0,0,0,0,-,-,NA,NA,LOS ANGELES,LOS ANGELES,-118.26016235351564,34.11403274536133
9400721,2022,2022-03-15,1942,2022-01-28,1910,44658,0158,5,5,7,1942,0,0,0,A,0,1A29,6TH ST,MILL ST,0,NA,Y,A,-,N,NA,NA,NA,NA,NA,NA,NA,NA,NA,N,3,0,1,2,A,-,05,21651,B,M,D,C,A,A,H,-,C,D,0,NA,NA,NA,NA,Y,NA,A,01,0,1,0,0,0,0,0,0,0,-,-,NA,NA,LOS ANGELES,LOS ANGELES,-118.23448944091795,34.03824234008789
9400722,2022,2022-02-10,1942,2022-01-28,1940,36698,0155,5,5,7,1942,0,0,0,A,0,24TL34,LOS ANGELES ST,5TH ST,30,S,N,A,-,N,NA,NA,NA,NA,NA,NA,NA,NA,NA,N,4,0,1,2,A,-,03,22350,NA,F,C,C,A,A,H,-,C,D,0,NA,NA,NA,NA,Y,NA,-,99,0,0,1,0,0,0,0,0,0,-,-,NA,NA,LOS ANGELES,LOS ANGELES,-118.24761199951172,34.04598617553711
9400723,2022,2022-02-11,1942,2022-01-27,0920,31713,1323,4,5,7,1942,0,0,0,M,0,24T25W,CENTRAL AV,ADAMS BL,35,S,N,A,-,N,NA,NA,NA,NA,NA,NA,NA,NA,NA,Y,4,0,1,1,A,-,08,22107,NA,N,B,I,A,A,H,-,A,D,0,NA,NA,NA,NA,Y,Y,A,01,0,0,1,0,0,0,0,0,0,-,-,NA,NA,LOS ANGELES,LOS ANGELES,-118.25498199462892,34.018680572509766
9400724,2022,2022-02-28,1942,2022-01-30,0735,3,1372,7,5,7,1942,0,0,0,M,0,24TL27,SAN PEDRO ST,54TH ST,0,NA,Y,A,-,N,NA,NA,NA,NA,NA,NA,NA,NA,NA,Y,4,0,2,2,A,-,09,21800,D,N,D,C,A,A,H,-,A,B,0,NA,NA,NA,NA,Y,NA,-,-,0,0,2,0,0,0,0,0,0,-,-,NA,NA,LOS ANGELES,LOS ANGELES,-118.27016448974608,33.993350982666016