CASE_ID,ACCIDENT_YEAR,PROC_DATE,JURIS,COLLISION_DATE,COLLISION_TIME,OFFICER_ID,REPORTING_DISTRICT,DAY_OF_WEEK,CHP_SHIFT,POPULATION,CNTY_CITY_LOC,SPECIAL_COND,BEAT_TYPE,CHP_BEAT_TYPE,CITY_DIVISION_LAPD,CHP_BEAT_CLASS,BEAT_NUMBER,PRIMARY_RD,SECONDARY_RD,DISTANCE,DIRECTION,INTERSECTION,WEATHER_1,WEATHER_2,STATE_HWY_IND,CALTRANS_COUNTY,CALTRANS_DISTRICT,STATE_ROUTE,ROUTE_SUFFIX,POSTMILE_PREFIX,POSTMILE,LOCATION_TYPE,RAMP_INTERSECTION,SIDE_OF_HWY,TOW_AWAY,COLLISION_SEVERITY,NUMBER_KILLED,NUMBER_INJURED,PARTY_COUNT,PRIMARY_COLL_FACTOR,PCF_CODE_OF_VIOL,PCF_VIOL_CATEGORY,PCF_VIOLATION,PCF_VIOL_SUBSECTION,HIT_AND_RUN,TYPE_OF_COLLISION,MVIW,PED_ACTION,ROAD_SURFACE,ROAD_COND_1,ROAD_COND_2,LIGHTING,CONTROL_DEVICE,CHP_ROAD_TYPE,PEDESTRIAN_ACCIDENT,BICYCLE_ACCIDENT,MOTORCYCLE_ACCIDENT,TRUCK_ACCIDENT,NOT_PRIVATE_PROPERTY,ALCOHOL_INVOLVED,STWD_VEHTYPE_AT_FAULT,CHP_VEHTYPE_AT_FAULT,COUNT_SEVERE_INJ,COUNT_VISIBLE_INJ,COUNT_COMPLAINT_PAIN,COUNT_PED_KILLED,COUNT_PED_INJURED,COUNT_BICYCLIST_KILLED,COUNT_BICYCLIST_INJURED,COUNT_MC_KILLED,COUNT_MC_INJURED,PRIMARY_RAMP,SECONDARY_RAMP,LATITUDE,LONGITUDE,COUNTY,CITY,POINT_X,POINT_Y
9402944,2022,2022-02-10,1956,2022-01-06,1056,1292,26,4,5,5,1956,0,0,0,NA,0,002,N PROSPECT AV,DIAMOND ST,75,S,N,A,-,N,NA,NA,NA,NA,NA,NA,NA,NA,NA,Y,3,0,3,2,A,-,03,22350,NA,N,C,C,A,A,H,-,A,A,0,NA,NA,NA,NA,Y,NA,A,01,0,1,2,0,0,0,0,0,0,-,-,NA,NA,LOS ANGELES,REDONDO BEACH,-118.37879180908205,33.85163879394531
9402945,2022,2022-03-03,1976,2022-01-17,0500,549,NA,1,5,3,1964,0,0,0,NA,0,002,BLOOMFIELD AV,LAKELAND RD,0,NA,Y,A,C,N,NA,NA,NA,NA,NA,NA,NA,NA,NA,N,4,0,1,2,A,-,12,21453,A,N,D,C,A,A,H,-,-,A,0,NA,NA,NA,NA,Y,NA,-,-,0,0,1,0,0,0,0,0,0,-,-,NA,NA,LOS ANGELES,SANTA FE SPRINGS,-118.06404876708984,33.931915283203125
9402946,2022,2022-02-10,1976,2022-01-09,1940,549,NA,7,5,3,1964,0,0,0,NA,0,002,TELEGRAPH RD,PIONEER BL,0,NA,Y,A,-,N,NA,NA,NA,NA,NA,NA,NA,NA,NA,Y,3,0,1,2,A,-,01,23152,A,N,B,C,A,A,H,-,C,A,0,NA,NA,NA,NA,Y,Y,A,01,0,1,0,0,0,0,0,0,0,-,-,NA,NA,LOS ANGELES,SANTA FE SPRINGS,-118.08097076416016,33.94518280029297
9402947,2022,2022-02-10,1906,2022-01-05,1745,4429,NA,3,5,5,1906,0,0,0,NA,0,003,PACIFIC AV,BIG DALTON AV,70,W,N,A,-,N,NA,NA,NA,NA,NA,NA,NA,NA,NA,N,4,0,1,2,A,-,09,21802,A,N,B,C,A,A,H,-,B,D,0,NA,NA,NA,NA,Y,NA,A,07,0,0,1,0,0,0,0,0,0,-,-,NA,NA,LOS ANGELES,BALDWIN PARK,-117.95522308349608,34.08136749267578
9402948,2022,2022-02-10,1906,2022-01-13,1330,2868,NA,4,5,5,1906,0,0,0,NA,0,002,BALDWIN PARK BL,LOS ANGELES ST,0,NA,Y,B,-,N,NA,NA,NA,NA,NA,NA,NA,NA,NA,Y,3,0,1,4,A,-,12,21453,A,N,D,C,A,A,H,-,A,A,0,NA,NA,NA,NA,Y,NA,A,07,0,1,0,0,0,0,0,0,0,-,-,NA,NA,LOS ANGELES,BALDWIN PARK,-117.96494293212892,34.09224319458008
9402949,2022,2022-02-17,1906,2022-01-09,1231,4445,NA,7,5,5,1906,0,0,0,NA,0,002,MAINE AV,PALMROSE ST,22,N,N,A,-,N,NA,NA,NA,NA,NA,NA,NA,NA,NA,N,4,0,1,2,A,-,03,22350,NA,N,C,C,A,A,H,-,A,A,0,NA,NA,NA,NA,Y,NA,A,07,0,0,1,0,0,0,0,0,0,-,-,NA,NA,LOS ANGELES,BALDWIN PARK,-117.96044158935548,34.08919906616211
9402950,2022,2022-02-10,1906,2022-01-21,0213,4451,ELMON,5,5,5,1906,0,0,0,NA,0,NA,MERCED AV,OLIVE ST,0,NA,Y,A,-,N,NA,NA,NA,NA,NA,NA,NA,NA,NA,Y,4,0,1,1,A,-,08,22107,NA,N,E,I,A,A,H,-,C,A,0,NA,NA,NA,NA,Y,Y,A,07,0,0,1,0,0,0,0,0,0,-,-,34.09954071044922,-117.97348785400392,LOS ANGELES,BALDWIN PARK,-117.97364044189452,34.09938049316406
9402951,2022,2022-02-17,1906,2022-01-23,1444,4495,NA,7,5,5,1906,0,0,0,NA,0,003,PUENTE AV,FRANCISQUITO AV,22,S,N,A,-,N,NA,NA,NA,NA,NA,NA,NA,NA,NA,N,4,0,1,2,A,-,03,22350,NA,N,C,C,A,A,H,-,A,A,0,NA,NA,NA,NA,Y,NA,A,01,0,0,1,0,0,0,0,0,0,-,-,NA,NA,LOS ANGELES,BALDWIN PARK,-117.96840667724608,34.06429672241211
9402952,2022,2022-02-10,1906,2022-01-06,0743,4447,NA,4,5,5,1906,0,0,0,NA,0,001,RAMONA BL,KENMORE AV,0,NA,Y,A,-,N,NA,NA,NA,NA,NA,NA,NA,NA,NA,Y,4,0,1,2,A,-,09,21802,A,N,D,C,A,A,H,-,A,D,0,NA,NA,NA,NA,Y,NA,A,08,0,0,1,0,0,0,0,0,0,-,-,NA,NA,LOS ANGELES,BALDWIN PARK,-117.97470855712892,34.08305358886719
9402961,2022,2022-02-09,1953,2022-01-05,1240,BUSTILLO,1953,3,5,6,1953,0,0,0,NA,0,001,ST JOHN,MARKHAM PL,134,S,N,A,-,N,NA,NA,NA,NA,NA,NA,NA,NA,NA,Y,3,0,1,3,A,-,07,21658,A,N,F,E,A,-,H,-,A,D,0,NA,NA,NA,NA,Y,NA,A,01,0,1,0,0,0,0,0,0,0,-,-,NA,NA,LOS ANGELES,PASADENA,-118.15555572509766,34.13254928588867
9402962,2022,2022-02-09,1953,2022-01-05,0945,7231,1953,3,5,6,1953,0,0,0,NA,0,005,COLORADO BL,OAK KNOLL AV,0,NA,Y,A,-,N,NA,NA,NA,NA,NA,NA,NA,NA,NA,N,3,0,1,2,A,-,10,21950,A,N,G,B,B,A,H,-,A,A,0,Y,NA,NA,NA,Y,NA,A,01,0,1,0,0,1,0,0,0,0,-,-,NA,NA,LOS ANGELES,PASADENA,-118.1352310180664,34.14589309692383
9402963,2022,2022-05-09,1941,2022-01-12,1243,5767,NA,3,5,7,1941,0,0,0,NA,0,NA,E SPRING ST,PALO VERDE AV,415,NA,N,A,-,N,NA,NA,NA,NA,NA,NA,NA,NA,NA,N,4,0,1,2,A,-,05,21650,1,N,D,G,A,A,H,-,A,D,0,NA,Y,NA,NA,Y,NA,L,NA,0,0,1,0,0,0,1,0,0,-,-,NA,NA,LOS ANGELES,LONG BEACH,-118.1078872680664,33.81041717529297
9402964,2022,2022-02-09,1941,2022-01-09,1306,11093,NA,7,5,7,1941,0,0,0,NA,0,NA,SOUTH ST,WALNUT AV,0,NA,Y,A,-,N,NA,NA,NA,NA,NA,NA,NA,NA,NA,Y,4,0,1,3,A,-,06,21750,NA,N,D,A,A,A,H,-,A,D,0,NA,NA,NA,NA,Y,NA,A,NA,0,0,1,0,0,0,0,0,0,-,-,NA,NA,LOS ANGELES,LONG BEACH,-118.17350006103516,33.86014175415039
9402965,2022,2022-02-09,1941,2022-01-20,0852,10913,NA,4,5,7,1941,0,0,0,NA,0,NA,BROADWAY,CHESTNUT AV,0,NA,Y,A,-,N,NA,NA,NA,NA,NA,NA,NA,NA,NA,N,4,0,1,2,A,-,07,21658,A,N,B,C,A,A,H,-,A,A,0,NA,NA,NA,Y,Y,NA,A,NA,0,0,1,0,0,0,0,0,0,-,-,NA,NA,LOS ANGELES,LONG BEACH,-118.19638061523438,33.76929473876953
9402966,2022,2022-02-09,1941,2022-01-15,2100,11126,NA,6,5,7,1941,0,0,0,NA,0,NA,CHERRY AV,MARKET ST,0,NA,Y,A,-,N,NA,NA,NA,NA,NA,NA,NA,NA,NA,Y,4,0,1,2,A,-,08,22107,NA,N,A,C,A,A,H,-,C,A,0,NA,NA,NA,NA,Y,NA,A,NA,0,0,1,0,0,0,0,0,0,-,-,NA,NA,LOS ANGELES,LONG BEACH,-118.16776275634766,33.854408264160156
9402967,2022,2022-02-09,1941,2022-01-15,1944,11562,NA,6,5,7,1941,0,0,0,NA,0,NA,4TH ST,BONITO AV,0,NA,Y,A,-,N,NA,NA,NA,NA,NA,NA,NA,NA,NA,N,3,0,1,2,A,-,08,22107,NA,N,B,C,A,A,H,-,C,D,0,NA,NA,Y,NA,Y,NA,A,NA,0,1,0,0,0,0,0,0,1,-,-,NA,NA,LOS ANGELES,LONG BEACH,-118.17987060546876,33.771724700927734
9402968,2022,2022-02-09,1941,2022-01-15,1116,11523,NA,6,5,7,1941,0,0,0,NA,0,NA,SPRING ST,PALO VERDE AV,485,E,N,C,-,N,NA,NA,NA,NA,NA,NA,NA,NA,NA,Y,4,0,1,2,A,-,09,21804,A,N,D,C,A,B,H,-,A,D,0,NA,NA,NA,NA,Y,NA,A,NA,0,0,1,0,0,0,0,0,0,-,-,NA,NA,LOS ANGELES,LONG BEACH,-118.10630035400392,33.810420989990234
9402969,2022,2022-02-09,1941,2022-01-15,0338,11399,NA,6,5,7,1941,0,0,0,NA,0,NA,LONG BEACH BL,ALLINGTON ST,0,NA,Y,A,-,N,NA,NA,NA,NA,NA,NA,NA,NA,NA,Y,4,0,1,2,A,-,04,21703,NA,N,C,C,A,A,H,-,C,D,0,NA,NA,NA,NA,Y,NA,A,NA,0,0,1,0,0,0,0,0,0,-,-,NA,NA,LOS ANGELES,LONG BEACH,-118.20038604736328,33.866424560546875
9402970,2022,2022-02-09,1941,2022-01-13,1600,5954,NA,4,5,7,1941,0,0,0,NA,0,NA,ANAHEIM ST,ORANGE AV,0,NA,Y,A,-,N,NA,NA,NA,NA,NA,NA,NA,NA,NA,Y,4,0,2,2,A,-,08,22107,NA,N,D,C,A,A,H,-,A,A,0,NA,NA,NA,NA,Y,NA,A,NA,0,0,2,0,0,0,0,0,0,-,-,NA,NA,LOS ANGELES,LONG BEACH,-118.17634582519533,33.78260803222656
9402971,2022,2022-02-09,1941,2022-01-15,0916,11360,NA,6,5,7,1941,0,0,0,NA,0,NA,23RD ST,LIGHT POLE XM1160,23,E,N,A,C,N,NA,NA,NA,NA,NA,NA,NA,NA,NA,N,4,0,1,2,A,-,00,21844,A,N,D,C,A,B,H,-,A,D,0,NA,NA,NA,NA,Y,NA,A,NA,0,0,1,0,0,0,0,0,0,-,-,NA,NA,LOS ANGELES,LONG BEACH,NA,NA
9402972,2022,2022-02-09,1941,2022-01-16,1123,10943,NA,7,5,7,1941,0,0,0,NA,0,NA,SPRING ST,SAN ANSELINE AV,0,NA,Y,A,-,N,NA,NA,NA,NA,NA,NA,NA,NA,NA,N,3,0,1,2,A,-,12,22450,A,N,D,G,A,A,H,-,A,A,0,NA,Y,NA,NA,Y,NA,L,NA,0,1,0,0,0,0,1,0,0,-,-,NA,NA,LOS ANGELES,LONG BEACH,-118.12165069580078,33.810462951660156
9402973,2022,2022-02-09,1941,2022-01-08,1215,11350,NA,6,5,7,1941,0,0,0,NA,0,NA,MAGNOLIA AV,8TH ST,0,NA,Y,A,-,N,NA,NA,NA,NA,NA,NA,NA,NA,NA,N,4,0,1,2,-,-,-,NA,NA,N,D,C,A,A,H,-,A,A,0,NA,NA,NA,NA,Y,NA,-,-,0,0,1,0,0,0,0,0,0,-,-,NA,NA,LOS ANGELES,LONG BEACH,-118.19803619384766,33.77658462524414
9402974,2022,2022-02-09,1941,2022-01-16,1251,11347,NA,7,5,7,1941,0,0,0,NA,0,NA,WARDLOW RD,WARDLOW RD 7575,0,NA,N,A,-,N,NA,NA,NA,NA,NA,NA,NA,NA,NA,Y,3,0,3,2,A,-,07,21658,A,N,B,C,A,A,H,-,A,A,0,NA,NA,NA,NA,Y,NA,A,NA,0,1,2,0,0,0,0,0,0,-,-,NA,NA,LOS ANGELES,LONG BEACH,-118.2246322631836,33.82432174682617
9402975,2022,2022-02-09,1941,2022-01-14,2244,11653,NA,5,5,7,1941,0,0,0,NA,0,NA,RT 710,POLE YE 1092,10,W,N,A,-,N,NA,NA,NA,NA,NA,NA,NA,NA,NA,Y,3,0,1,1,A,-,03,22349,A,N,B,I,A,A,H,-,C,D,0,NA,NA,NA,NA,Y,Y,A,NA,0,1,0,0,0,0,0,0,0,-,-,NA,NA,LOS ANGELES,LONG BEACH,NA,NA
9402976,2022,2022-02-09,1941,2022-01-21,1854,11562,NA,5,5,7,1941,0,0,0,NA,0,NA,3RD PL,OCEAN BL,0,NA,Y,A,-,N,NA,NA,NA,NA,NA,NA,NA,NA,NA,Y,4,0,1,2,A,-,03,22350,NA,M,C,C,A,A,H,-,C,A,0,NA,NA,NA,NA,Y,NA,-,-,0,0,1,0,0,0,0,0,0,-,-,NA,NA,LOS ANGELES,LONG BEACH,-118.17958831787108,33.76596450805664
9402977,2022,2022-02-09,1941,2022-01-15,0204,11202,NA,6,5,7,1941,0,0,0,NA,0,NA,ALAMITOS AV,HELLMAN ST,10,N,N,A,-,N,NA,NA,NA,NA,NA,NA,NA,NA,NA,Y,4,0,1,3,A,-,08,22107,NA,N,B,C,A,A,H,-,C,D,0,NA,NA,NA,NA,Y,Y,A,NA,0,0,1,0,0,0,0,0,0,-,-,NA,NA,LOS ANGELES,LONG BEACH,-118.17963409423828,33.77718734741211
9402980,2022,2022-02-09,1900,2022-01-18,1040,532438,1624,2,5,5,1977,0,0,0,NA,0,168T,DOLORES ST,233RD ST,447,N,N,A,-,N,NA,NA,NA,NA,NA,NA,NA,NA,NA,N,4,0,1,2,A,-,08,21460,5,N,D,C,A,A,H,-,A,D,0,NA,NA,NA,NA,Y,NA,A,01,0,0,1,0,0,0,0,0,0,-,-,33.8153190612793,-118.27243041992188,LOS ANGELES,CARSON,-118.2724151611328,33.81550598144531
9402998,2022,2022-02-10,1953,2022-01-01,0820,5832,PASAD,6,5,6,1953,0,0,0,NA,0,004,MICHILLINDA DR,SEARS WY,0,NA,Y,A,-,N,NA,NA,NA,NA,NA,NA,NA,NA,NA,N,3,0,1,2,A,-,03,22350,NA,N,D,G,A,A,H,-,A,-,0,NA,Y,NA,NA,Y,NA,L,04,0,1,0,0,0,0,1,0,0,-,-,NA,NA,LOS ANGELES,PASADENA,-118.06787872314452,34.15195846557617
9403000,2022,2022-02-17,1953,2022-01-05,1540,5268,PASAD,3,5,6,1953,0,0,0,NA,0,001,ALPINE ST,LOS ROBLES AV,0,NA,Y,A,-,N,NA,NA,NA,NA,NA,NA,NA,NA,NA,N,3,0,1,2,A,-,12,22450,A,F,G,B,B,A,H,-,C,D,0,Y,NA,NA,NA,Y,Y,-,NA,0,1,0,0,1,0,0,0,0,-,-,NA,NA,LOS ANGELES,PASADENA,-118.14128112792967,34.12936782836914
94030168,2024,2024-08-12,9590,2024-07-31,850,019134,NA,3,1,7,1942,0,1,1,NA,2,015,SR-110 S/B (ARROYO SECO PARKWAY),MERIDIAN AVENUE,120,N,N,A,-,Y,LA,NA,110,NA,NA,30.812,H,NA,L,Y,4,0,1,2,A,-,03,22350,NA,N,C,2,A,A,C,-,A,D,0,NA,NA,NA,NA,Y,NA,A,01,0,0,1,0,0,0,0,0,0,-,-,34.11914825439453,-118.15657043457033,LOS ANGELES,LOS ANGELES,-118.15657043457033,34.11909866333008
94030447,2024,2024-08-12,9525,2024-08-10,532,022627,NA,6,3,4,1946,0,1,1,NA,2,201,I-210 W/B (FOOTHILL FWY),HUNTINGTON DR,2112,E,N,A,-,Y,LA,NA,210,NA,R,33.396,H,NA,L,Y,3,0,1,1,A,-,08,22107,NA,N,E,I,A,A,H,-,D,D,0,NA,NA,NA,NA,Y,NA,A,01,0,1,0,0,0,0,0,0,0,-,-,34.13642120361328,-118.00984954833984,LOS ANGELES,MONROVIA,-118.0098114013672,34.136497497558594
9403140,2022,2022-02-15,1970,2022-01-05,0733,195,NA,3,5,4,1970,0,0,0,NA,0,001,MERIDIAN AV,MISSION ST,111,N,N,A,-,N,NA,NA,NA,NA,NA,NA,NA,NA,NA,N,4,0,1,2,A,-,21,22106,NA,N,H,C,A,A,H,-,A,A,0,NA,NA,NA,Y,Y,NA,F,27,0,0,1,0,0,0,0,0,0,-,-,NA,NA,LOS ANGELES,SOUTH PASADENA,-118.15713500976564,34.11604309082031
9403141,2022,2022-02-15,1900,2022-01-18,1950,642878,1137,2,5,6,1992,0,0,0,NA,0,111T2,15TH ST EAST,AVENUE K,0,NA,Y,A,-,N,NA,NA,NA,NA,NA,NA,NA,NA,NA,Y,4,0,2,2,A,-,09,21801,A,N,A,C,A,-,H,-,C,D,0,NA,NA,NA,NA,Y,NA,A,01,0,0,2,0,0,0,0,0,0,-,-,NA,NA,LOS ANGELES,LANCASTER,-118.10352325439452,34.6750373840332
9403144,2022,2022-02-15,1900,2022-01-28,1403,629461,1159,5,5,6,1992,0,0,0,NA,0,112T2,AVENUE K,90TH ST WEST,0,NA,Y,A,-,N,NA,NA,NA,NA,NA,NA,NA,NA,NA,Y,4,0,1,2,A,-,09,21802,A,N,D,C,A,A,H,-,A,-,0,NA,NA,NA,NA,Y,NA,A,01,0,0,1,0,0,0,0,0,0,-,-,NA,NA,LOS ANGELES,LANCASTER,-118.28913116455078,34.67475128173828
9403149,2022,2022-02-15,1941,2022-01-21,0016,11399,901-T,5,5,7,1941,0,0,0,NA,0,NA,DOWNEY AV,ROSE ST,0,NA,Y,A,-,N,NA,NA,NA,NA,NA,NA,NA,NA,NA,Y,4,0,1,3,A,-,08,22107,NA,N,C,C,A,A,H,-,C,A,0,NA,NA,NA,NA,Y,NA,A,NA,0,0,1,0,0,0,0,0,0,-,-,NA,NA,LOS ANGELES,LONG BEACH,-118.15126037597656,33.86955642700195
9403150,2022,2022-02-15,1941,2022-01-22,1637,11381,20002,6,5,7,1941,0,0,0,NA,0,NA,ORANGE AV,INEZ ST,0,NA,Y,A,-,N,NA,NA,NA,NA,NA,NA,NA,NA,NA,Y,4,0,1,4,A,-,01,23152,NA,N,C,E,A,A,H,-,A,D,0,NA,NA,NA,NA,Y,Y,A,NA,0,0,1,0,0,0,0,0,0,-,-,NA,NA,LOS ANGELES,LONG BEACH,-118.17742156982422,33.879112243652344
9403156,2022,2022-02-15,1941,2022-01-28,0741,11576,901T,5,5,7,1941,0,0,0,NA,0,NA,EAST 7TH ST,SANTIAGO AV,0,NA,Y,A,-,N,NA,NA,NA,NA,NA,NA,NA,NA,NA,Y,4,0,1,2,A,-,09,21801,A,N,D,C,A,A,H,-,A,A,0,NA,NA,NA,NA,Y,NA,A,NA,0,0,1,0,0,0,0,0,0,-,-,NA,NA,LOS ANGELES,LONG BEACH,-118.12852478027344,33.775352478027344
9403158,2022,2022-02-15,1941,2022-01-27,0600,11139,901-T,4,5,7,1941,0,0,0,NA,0,NA,OCEAN BL,CHERRY AV,0,NA,Y,A,-,N,NA,NA,NA,NA,NA,NA,NA,NA,NA,Y,2,0,1,2,A,-,05,21650,NA,N,A,G,A,A,H,-,C,D,0,NA,Y,NA,NA,Y,NA,L,NA,1,0,0,0,0,0,1,0,0,-,-,NA,NA,LOS ANGELES,LONG BEACH,-118.16842651367188,33.76450729370117
9403159,2022,2022-02-17,1941,2022-01-26,1232,5795,NA,3,5,7,1941,0,0,0,NA,0,901T,10TH ST,GARDENIA AV,0,NA,Y,A,-,N,NA,NA,NA,NA,NA,NA,NA,NA,NA,N,4,0,1,2,A,-,21,22106,NA,N,G,B,F,A,H,-,A,D,0,Y,NA,NA,NA,Y,Y,A,NA,0,0,1,0,1,0,0,0,0,-,-,NA,NA,LOS ANGELES,LONG BEACH,-118.1687469482422,33.778961181640625
9403166,2022,2022-03-01,1941,2022-01-10,1221,11003,NA,1,5,7,1941,0,0,0,NA,0,NA,10TH ST,PACIFIC AV,0,NA,Y,A,-,N,NA,NA,NA,NA,NA,NA,NA,NA,NA,N,3,0,2,2,A,-,12,21453,A,N,D,C,A,A,H,-,A,A,0,NA,NA,NA,NA,Y,NA,-,NA,0,1,1,0,0,0,0,0,0,-,-,NA,NA,LOS ANGELES,LONG BEACH,-118.1937255859375,33.77898025512695
9403168,2022,2022-02-15,1941,2022-01-21,1001,11569,901T,5,5,7,1941,0,0,0,NA,0,NA,EAST 6TH ST,E 6TH ST 4342,0,NA,Y,A,-,N,NA,NA,NA,NA,NA,NA,NA,NA,NA,N,4,0,1,2,A,-,21,22106,NA,N,C,C,A,A,H,-,A,D,0,NA,NA,NA,NA,Y,NA,A,NA,0,0,1,0,0,0,0,0,0,-,-,NA,NA,LOS ANGELES,LONG BEACH,-118.19236755371094,33.774139404296875
9403169,2022,2022-02-24,1941,2022-01-22,1030,5900,NA,6,5,7,1941,0,0,0,NA,0,901T,SANTA FE AV,SPRING ST,0,NA,Y,A,-,N,NA,NA,NA,NA,NA,NA,NA,NA,NA,Y,4,0,1,2,A,-,12,21453,A,N,D,-,A,A,H,-,A,A,0,NA,NA,NA,NA,Y,NA,-,-,0,0,1,0,0,0,0,0,0,-,-,NA,NA,LOS ANGELES,LONG BEACH,-118.21550750732422,33.81166076660156
9403170,2022,2022-02-15,1941,2022-01-20,0140,11673,20001,4,5,7,1941,0,0,0,NA,0,NA,LIGHTPOLE 6B1150,SAN ANTONIO DR,6,N,N,A,-,N,NA,NA,NA,NA,NA,NA,NA,NA,NA,Y,3,0,1,2,A,-,08,22107,NA,F,F,E,A,A,H,-,C,D,0,NA,NA,NA,NA,Y,NA,A,NA,0,1,0,0,0,0,0,0,0,-,-,NA,NA,LOS ANGELES,LONG BEACH,NA,NA
9403178,2022,2022-02-22,1942,2022-01-24,1520,37613,1519,1,5,7,1942,0,0,0,O,0,26TL45,RIVERTON AV,VANOWEN ST,65,S,N,A,-,N,NA,NA,NA,NA,NA,NA,NA,NA,NA,Y,3,0,1,2,A,-,01,23152,A,N,D,E,A,A,H,-,A,D,0,NA,NA,NA,NA,Y,Y,D,22,0,1,0,0,0,0,0,0,0,-,-,NA,NA,LOS ANGELES,LOS ANGELES,-118.36597442626952,34.193790435791016
9403183,2022,2022-02-15,1942,2022-01-21,1830,39397,1249,5,5,7,1942,0,0,0,L,0,25T31-,FIGUEROA ST,66TH ST,50,S,N,A,-,N,NA,NA,NA,NA,NA,NA,NA,NA,NA,N,3,0,1,2,A,-,03,22350,NA,N,C,C,A,A,H,-,C,A,0,NA,NA,NA,NA,Y,NA,A,07,0,1,0,0,0,0,0,0,0,-,-,NA,NA,LOS ANGELES,LOS ANGELES,-118.28270721435548,33.97966384887695
9403184,2022,2022-02-22,1942,2022-01-17,1800,42943,0515,1,5,7,1942,0,0,0,E,0,5A24,PACIFIC COAST HWY,MARINE AV,0,NA,Y,A,-,N,NA,NA,NA,NA,NA,NA,NA,NA,NA,Y,4,0,1,2,A,-,12,22450,A,F,B,C,A,A,H,-,B,A,0,NA,NA,NA,NA,Y,NA,-,99,0,0,1,0,0,0,0,0,0,-,-,NA,NA,LOS ANGELES,LOS ANGELES,-118.2646484375,33.79107666015625
9403185,2022,2022-02-18,1942,2022-01-20,1720,35023,0507,4,5,7,1942,0,0,0,E,0,5A58,NORMANDIE AV,223RD ST,65,N,N,A,-,N,NA,NA,NA,NA,NA,NA,NA,NA,NA,Y,4,0,3,3,A,-,03,22350,NA,N,C,C,A,-,-,-,A,A,0,NA,NA,NA,NA,Y,NA,A,01,0,0,3,0,0,0,0,0,0,-,-,NA,NA,LOS ANGELES,LOS ANGELES,-118.29956817626952,33.824668884277344
9403190,2022,2022-02-22,1942,2022-01-16,1950,44326,1255,7,5,7,1942,0,0,0,L,0,12A31,NORMANDIE AV,74TH ST,100,N,N,A,-,N,NA,NA,NA,NA,NA,NA,NA,NA,NA,Y,3,0,1,2,A,-,03,22350,NA,N,C,D,A,A,H,-,C,D,0,NA,NA,NA,Y,Y,NA,D,22,0,1,0,0,0,0,0,0,0,-,-,NA,NA,LOS ANGELES,LOS ANGELES,-118.30030822753906,33.972984313964844
9403205,2022,2022-02-18,1942,2022-01-22,1755,38876,1916,6,5,7,1942,0,0,0,NA,0,19X72,GLENOAKS BL,POLK ST,6,S,N,A,-,N,NA,NA,NA,NA,NA,NA,NA,NA,NA,N,2,0,1,2,A,-,11,21456,NA,N,D,B,B,A,H,-,A,A,0,Y,NA,Y,NA,Y,NA,C,02,1,0,0,0,1,0,0,0,0,-,-,NA,NA,LOS ANGELES,LOS ANGELES,-118.44967651367188,34.30759811401367
9403207,2022,2022-03-18,1942,2022-01-30,2220,43822,26T36,7,5,7,1942,0,0,0,NA,0,1612,VAN NUYS BL,LEHIGH AV,52,N,N,A,-,N,NA,NA,NA,NA,NA,NA,NA,NA,NA,Y,2,0,6,2,A,-,03,22350,NA,N,D,C,A,A,H,-,C,A,0,NA,NA,NA,NA,Y,NA,A,01,2,3,1,0,0,0,0,0,0,-,-,NA,NA,LOS ANGELES,LOS ANGELES,-118.41712951660156,34.26971435546875
9403208,2022,2022-02-22,1942,2022-01-30,1335,33458,1601,7,5,7,1942,0,0,0,P,0,26M32,PAXTON ST,BORDEN AV,110,W,N,A,-,N,NA,NA,NA,NA,NA,NA,NA,NA,NA,Y,4,0,2,2,A,-,03,22350,NA,F,D,C,A,A,H,-,A,D,0,NA,NA,NA,NA,Y,NA,A,01,0,0,2,0,0,0,0,0,0,-,-,NA,NA,LOS ANGELES,LOS ANGELES,-118.4149932861328,34.28185272216797
9403213,2022,2022-02-23,1942,2022-01-19,1145,39048,1591,3,5,7,1942,0,0,0,O,0,26TL44,LAUREL CANYON BL,DONA DOROTEA DR,258,N,N,A,-,N,NA,NA,NA,NA,NA,NA,NA,NA,NA,Y,2,0,1,1,A,-,03,22350,NA,N,E,I,A,A,H,-,A,D,0,NA,NA,NA,Y,Y,NA,F,26,1,0,0,0,0,0,0,0,0,-,-,NA,NA,LOS ANGELES,LOS ANGELES,-118.37899017333984,34.127586364746094
9403214,2022,2022-03-25,1942,2022-01-13,0505,30452,1501,4,5,7,1942,0,0,0,O,0,26TL24,SATICOY ST,COLDWATER CANYON AV,0,NA,Y,A,-,N,NA,NA,NA,NA,NA,NA,NA,NA,NA,Y,2,0,2,2,A,-,12,21453,A,N,D,C,A,A,H,-,C,A,0,NA,NA,NA,NA,Y,NA,-,-,1,0,1,0,0,0,0,0,0,-,-,NA,NA,LOS ANGELES,LOS ANGELES,-118.41439056396484,34.206607818603516
9403305,2022,2022-03-18,1907,2022-02-14,0750,245,2,1,5,4,1907,0,0,0,NA,0,NA,WOODWARD AV,GAGE AV,0,NA,Y,A,-,N,NA,NA,NA,NA,NA,NA,NA,NA,NA,N,4,0,1,2,A,-,09,21804,A,N,D,C,A,A,H,-,A,A,0,NA,NA,NA,NA,Y,NA,A,01,0,0,1,0,0,0,0,0,0,-,-,33.97787094116211,-118.18557739257813,LOS ANGELES,BELL,-118.18588256835938,33.97789001464844
9403309,2022,2022-03-17,1920,2022-02-06,0411,13547,1920,7,5,6,1920,0,0,0,NA,0,006,BROCK AV,BORSON ST,50,S,N,A,-,N,NA,NA,NA,NA,NA,NA,NA,NA,NA,Y,3,0,1,2,A,-,01,23152,A,M,C,E,A,A,H,-,C,A,0,NA,NA,NA,Y,Y,Y,F,26,0,1,0,0,0,0,0,0,0,-,-,NA,NA,LOS ANGELES,DOWNEY,-118.15201568603516,33.92098617553711
9403316,2022,2022-03-17,1900,2022-02-19,0010,624934,1135,6,5,6,1992,0,0,0,NA,0,112T2,2TH ST E,LANCASTER BL,0,NA,Y,A,-,N,NA,NA,NA,NA,NA,NA,NA,NA,NA,N,4,0,1,1,A,-,08,22107,NA,N,E,I,A,A,H,-,C,D,0,NA,NA,NA,NA,Y,NA,D,22,0,0,1,0,0,0,0,0,0,-,-,NA,NA,LOS ANGELES,LANCASTER,NA,NA
9403322,2022,2022-03-18,1900,2022-02-05,1615,645260,1127,6,5,6,1992,0,0,0,NA,0,113B,AVE J,27TH ST WEST,103,W,N,A,-,N,NA,NA,NA,NA,NA,NA,NA,NA,NA,Y,4,0,1,2,A,-,03,22350,NA,N,C,C,A,A,H,-,A,A,0,NA,NA,NA,NA,Y,NA,A,01,0,0,1,0,0,0,0,0,0,-,-,NA,NA,LOS ANGELES,LANCASTER,-118.1796417236328,34.68933868408203