CASE_ID,ACCIDENT_YEAR,PROC_DATE,JURIS,COLLISION_DATE,COLLISION_TIME,OFFICER_ID,REPORTING_DISTRICT,DAY_OF_WEEK,CHP_SHIFT,POPULATION,CNTY_CITY_LOC,SPECIAL_COND,BEAT_TYPE,CHP_BEAT_TYPE,CITY_DIVISION_LAPD,CHP_BEAT_CLASS,BEAT_NUMBER,PRIMARY_RD,SECONDARY_RD,DISTANCE,DIRECTION,INTERSECTION,WEATHER_1,WEATHER_2,STATE_HWY_IND,CALTRANS_COUNTY,CALTRANS_DISTRICT,STATE_ROUTE,ROUTE_SUFFIX,POSTMILE_PREFIX,POSTMILE,LOCATION_TYPE,RAMP_INTERSECTION,SIDE_OF_HWY,TOW_AWAY,COLLISION_SEVERITY,NUMBER_KILLED,NUMBER_INJURED,PARTY_COUNT,PRIMARY_COLL_FACTOR,PCF_CODE_OF_VIOL,PCF_VIOL_CATEGORY,PCF_VIOLATION,PCF_VIOL_SUBSECTION,HIT_AND_RUN,TYPE_OF_COLLISION,MVIW,PED_ACTION,ROAD_SURFACE,ROAD_COND_1,ROAD_COND_2,LIGHTING,CONTROL_DEVICE,CHP_ROAD_TYPE,PEDESTRIAN_ACCIDENT,BICYCLE_ACCIDENT,MOTORCYCLE_ACCIDENT,TRUCK_ACCIDENT,NOT_PRIVATE_PROPERTY,ALCOHOL_INVOLVED,STWD_VEHTYPE_AT_FAULT,CHP_VEHTYPE_AT_FAULT,COUNT_SEVERE_INJ,COUNT_VISIBLE_INJ,COUNT_COMPLAINT_PAIN,COUNT_PED_KILLED,COUNT_PED_INJURED,COUNT_BICYCLIST_KILLED,COUNT_BICYCLIST_INJURED,COUNT_MC_KILLED,COUNT_MC_INJURED,PRIMARY_RAMP,SECONDARY_RAMP,LATITUDE,LONGITUDE,COUNTY,CITY,POINT_X,POINT_Y
94034288,2024,2024-08-12,9590,2024-07-31,1720,023719,NA,3,2,7,1942,0,1,1,NA,2,084,I-5 N/B (GOLDEN STATE FREEWAY),GILROY STREET,50,N,N,A,-,Y,LA,NA,5,NA,NA,22.79,H,NA,R,N,4,0,1,2,A,-,07,21658,A,N,B,C,A,A,H,-,A,D,0,NA,NA,NA,NA,Y,NA,-,99,0,0,1,0,0,0,0,0,0,-,-,34.10498809814453,-118.2530517578125,LOS ANGELES,LOS ANGELES,-118.25310516357422,34.10493469238281
9403481,2022,2022-03-21,1963,2022-02-17,2303,00371,104,4,5,3,1963,0,0,0,NA,0,001,HUNTINGTON DR,LOS ROBLES AV,0,NA,Y,A,-,N,NA,NA,NA,NA,NA,NA,NA,NA,NA,Y,3,0,2,2,A,-,12,21453,NA,N,D,C,A,A,H,-,C,A,0,NA,NA,NA,NA,Y,NA,A,01,0,2,0,0,0,0,0,0,0,-,-,NA,NA,LOS ANGELES,SAN MARINO,-118.13471221923828,34.10688781738281
9403482,2022,2022-03-18,1907,2022-02-01,1513,246,1,2,5,4,1907,0,0,0,NA,0,NA,FLORENCE AV,SAN LUIS AV,53,S,N,A,-,N,NA,NA,NA,NA,NA,NA,NA,NA,NA,Y,3,0,2,3,A,-,09,21801,A,N,D,C,A,A,H,-,A,D,0,NA,NA,NA,NA,Y,NA,A,01,0,2,0,0,0,0,0,0,0,-,-,33.97132110595703,-118.1977996826172,LOS ANGELES,BELL,-118.19789123535156,33.971351623535156
9403483,2022,2022-03-18,1920,2022-02-12,0659,13118,1920,6,5,6,1920,0,0,0,NA,0,002,QUILL DR,SAMOLINE AV,55,W,N,A,-,N,NA,NA,NA,NA,NA,NA,NA,NA,NA,Y,3,0,1,3,A,-,08,22107,NA,N,C,E,A,A,H,-,A,D,0,NA,NA,NA,NA,Y,NA,A,07,0,1,0,0,0,0,0,0,0,-,-,NA,NA,LOS ANGELES,DOWNEY,-118.1506576538086,33.927276611328125
9403484,2022,2022-03-18,1920,2022-02-05,1555,13022,1920,6,5,6,1920,0,0,0,NA,0,003,PARAMOUNT BL,BIRCHCREST RD,0,NA,Y,A,-,N,NA,NA,NA,NA,NA,NA,NA,NA,NA,Y,4,0,2,2,A,-,09,21801,A,N,D,C,A,A,H,-,A,A,0,NA,NA,NA,NA,Y,NA,A,01,0,0,2,0,0,0,0,0,0,-,-,NA,NA,LOS ANGELES,DOWNEY,-118.11685943603516,33.96637725830078
9403485,2022,2022-03-18,1920,2022-02-18,1937,13285,1920,5,5,6,1920,0,0,0,NA,0,004,LAKEWOOD BL,RT 5,300,N,N,A,-,N,NA,NA,NA,NA,NA,NA,NA,NA,NA,Y,3,0,6,3,A,-,01,23152,A,N,C,C,A,A,H,-,C,A,0,NA,NA,NA,NA,Y,Y,A,01,0,1,5,0,0,0,0,0,0,-,-,NA,NA,LOS ANGELES,DOWNEY,-118.12149047851564,33.93978500366211
9403495,2022,2022-03-18,1900,2022-02-02,1751,641950,0977,3,5,4,1979,0,0,0,NA,0,93T1,FOUNTAIN AV,OLIVE DR,0,NA,Y,A,-,N,NA,NA,NA,NA,NA,NA,NA,NA,NA,Y,3,0,1,2,A,-,08,22107,NA,N,D,C,A,A,H,-,C,A,0,NA,NA,NA,NA,Y,NA,A,07,0,1,0,0,0,0,0,0,0,-,-,NA,NA,LOS ANGELES,WEST HOLLYWOOD,-118.37394714355467,34.09326934814453
9403496,2022,2022-03-18,1900,2022-02-04,0939,536345,0973,5,5,4,1979,0,0,0,NA,0,92T1,SUNSET BL,SUNSET PLAZA DR,328,E,N,A,-,N,NA,NA,NA,NA,NA,NA,NA,NA,NA,N,3,0,1,2,A,-,04,21703,NA,N,C,C,A,A,H,-,A,D,0,NA,NA,NA,NA,Y,NA,A,07,0,1,0,0,0,0,0,0,0,-,-,34.053001403808594,-118.2251205444336,LOS ANGELES,WEST HOLLYWOOD,-118.37873840332033,34.09285354614258
9403498,2022,2022-04-04,1963,2022-02-22,2109,00335,103,2,5,3,1963,0,0,0,NA,0,ONE,MONTEREY RD,EL MOLINO AV,0,NA,Y,-,-,N,NA,NA,NA,NA,NA,NA,NA,NA,NA,Y,4,0,1,2,A,-,12,22450,A,N,-,-,A,-,-,-,-,-,0,NA,NA,NA,NA,Y,NA,-,-,0,0,1,0,0,0,0,0,0,-,-,NA,NA,LOS ANGELES,SAN MARINO,-118.1348114013672,34.11426544189453
9403507,2021,2022-03-15,1900,2021-12-14,0306,652882,1124,2,5,6,1992,0,0,0,NA,0,112T2,AVENUE M,10TH ST W,461,E,N,C,-,N,NA,NA,NA,NA,NA,NA,NA,NA,NA,Y,4,0,3,4,A,-,03,22350,NA,N,C,C,A,B,H,-,D,A,0,NA,NA,NA,NA,Y,NA,A,01,0,0,3,0,0,0,0,0,0,-,-,NA,NA,LOS ANGELES,LANCASTER,-118.14614868164064,34.645809173583984
9403508,2021,2022-04-06,1900,2021-12-27,1550,601707,1365,1,5,5,1952,0,0,0,NA,0,136,ROSECRANS AV,DOWNEY AV,38,E,N,C,-,N,NA,NA,NA,NA,NA,NA,NA,NA,NA,N,3,0,1,2,A,-,05,21650,1,N,D,-,A,B,H,-,A,D,0,NA,Y,NA,NA,Y,NA,L,04,0,1,0,0,0,0,1,0,0,-,-,33.903690338134766,-118.15003967285156,LOS ANGELES,PARAMOUNT,-118.15143585205078,33.90367126464844
9403510,2021,2022-04-14,1900,2021-06-29,1313,641155,1366,2,5,5,1952,0,0,0,NA,0,136D,ORANGE AV,ALONDRA BL,0,NA,Y,A,-,N,NA,NA,NA,NA,NA,NA,NA,NA,NA,N,2,0,1,2,A,-,12,21453,A,M,G,B,A,A,H,-,A,A,0,NA,Y,NA,NA,Y,NA,A,07,1,0,0,0,0,0,1,0,0,-,-,NA,NA,LOS ANGELES,PARAMOUNT,-118.17754364013672,33.88916778564453
9403512,2021,2022-03-15,1900,2021-12-27,1705,492606,1352,1,5,3,1927,0,0,0,NA,0,132T2,BLOOMFIELD AV,CARSON ST,332,N,N,B,C,N,NA,NA,NA,NA,NA,NA,NA,NA,NA,N,4,0,1,2,A,-,09,21804,A,N,D,C,A,B,H,-,C,D,0,NA,NA,NA,NA,Y,NA,A,01,0,0,1,0,0,0,0,0,0,-,-,NA,NA,LOS ANGELES,HAWAIIAN GARDENS,-118.06343841552734,33.83246994018555
9403515,2021,2022-05-24,1900,2021-10-30,0229,623020,1327,6,5,5,1935,0,0,0,NA,0,132,STUDEBAKER RD,DEL AMO BL,0,NA,Y,E,-,N,NA,NA,NA,NA,NA,NA,NA,NA,NA,Y,3,0,2,2,A,-,12,21453,A,N,D,C,A,A,H,-,C,A,0,NA,NA,NA,NA,Y,Y,A,01,0,2,0,0,0,0,0,0,0,-,-,33.84592819213867,-118.0981216430664,LOS ANGELES,LAKEWOOD,-118.09815216064452,33.8459587097168
9403519,2021,2022-03-15,1963,2021-12-19,2315,00335,224,7,5,3,1963,0,0,0,NA,0,TWO,MISSION DR,LORAIN RD,112,S,N,A,-,N,NA,NA,NA,NA,NA,NA,NA,NA,NA,Y,4,0,1,1,A,-,03,22350,NA,N,E,I,A,A,H,-,C,D,0,NA,NA,NA,NA,Y,NA,A,07,0,0,1,0,0,0,0,0,0,-,-,NA,NA,LOS ANGELES,SAN MARINO,-118.1113739013672,34.11434555053711
9403520,2021,2022-03-15,1963,2021-12-21,1000,00372,110,2,5,3,1963,0,0,0,NA,0,001,GRANADA AV,ROANOKE RD,84,S,N,A,-,N,NA,NA,NA,NA,NA,NA,NA,NA,NA,Y,3,0,1,1,A,-,08,22107,NA,N,A,I,A,A,H,-,-,D,0,NA,NA,NA,NA,Y,NA,A,07,0,1,0,0,0,0,0,0,0,-,-,34.10955810546875,-118.12622833251952,LOS ANGELES,SAN MARINO,-118.12631988525392,34.10956573486328
9403521,2021,2022-03-15,1900,2021-12-23,2030,641950,0987,4,5,4,1979,0,0,0,NA,0,93T3,SUNSET BL,SAN VINCENTE BL,0,NA,Y,C,-,N,NA,NA,NA,NA,NA,NA,NA,NA,NA,N,3,0,1,2,A,-,10,21950,A,N,G,B,B,B,H,-,C,D,0,Y,NA,NA,NA,Y,NA,A,07,0,1,0,0,1,0,0,0,0,-,-,34.09053039550781,-118.3856201171875,LOS ANGELES,WEST HOLLYWOOD,-118.38555908203124,34.090667724609375
9403522,2021,2022-03-15,1900,2021-12-20,1730,629847,0244,1,5,3,1914,0,0,0,NA,0,27T,COMMERCE WY,WASHINGTON BL,15,NA,N,A,-,N,NA,NA,NA,NA,NA,NA,NA,NA,NA,N,4,0,1,2,A,-,03,22350,NA,N,C,C,A,A,H,-,C,A,0,NA,NA,NA,NA,Y,NA,A,01,0,0,1,0,0,0,0,0,0,-,-,NA,NA,LOS ANGELES,COMMERCE,-118.156005859375,33.99903869628906
9403523,2021,2022-03-15,1900,2021-12-17,1100,629206,0263,5,5,4,1917,0,0,0,NA,0,26T,ATLANTIC AV,SATNA ANA ST,0,NA,Y,A,-,N,NA,NA,NA,NA,NA,NA,NA,NA,NA,N,4,0,1,2,A,-,08,22107,NA,N,-,B,B,A,-,-,A,A,0,Y,NA,NA,NA,Y,NA,A,01,0,0,1,0,1,0,0,0,0,-,-,NA,NA,LOS ANGELES,CUDAHY,-118.18582153320313,33.96086120605469
9403524,2021,2022-03-15,1900,2021-12-29,1536,532987,0244,3,5,3,1914,0,0,0,NA,0,27T,ATLANTIC BL,EASTERN AV,0,NA,Y,C,-,N,NA,NA,NA,NA,NA,NA,NA,NA,NA,N,4,0,1,2,A,-,12,21453,A,N,D,C,A,B,H,-,A,A,0,NA,NA,NA,NA,Y,NA,A,07,0,0,1,0,0,0,0,0,0,-,-,NA,NA,LOS ANGELES,COMMERCE,-118.15885162353516,34.00864028930664
9403542,2022,2022-03-21,1900,2022-02-24,1720,480768,0623,4,5,6,1985,0,0,0,NA,0,62T1,LYONS AV,AVENIDA DORENA,394,W,N,A,-,N,NA,NA,NA,NA,NA,NA,NA,NA,NA,Y,3,0,2,3,A,-,08,22107,NA,N,E,C,A,A,H,-,A,D,0,NA,NA,NA,NA,Y,NA,A,07,0,1,1,0,0,0,0,0,0,-,-,34.37834167480469,-118.56250762939452,LOS ANGELES,SANTA CLARITA,-118.56240081787108,34.37838363647461
9403558,2021,2022-03-24,1900,2021-12-12,2352,652446,1433,7,5,4,1937,0,0,0,NA,0,143T1,GLENDORA AV,TEMPLE AV,56,S,N,A,-,N,NA,NA,NA,NA,NA,NA,NA,NA,NA,N,4,0,1,3,A,-,03,22350,NA,M,C,C,A,A,H,-,C,A,0,NA,NA,NA,NA,Y,NA,A,01,0,0,1,0,0,0,0,0,0,-,-,34.02783966064453,-117.95075225830078,LOS ANGELES,LA PUENTE,-117.95082092285156,34.02792739868164
9403559,2021,2022-03-24,1942,2021-12-12,0816,34959,0622,7,5,7,1942,0,0,0,F,0,27TL29,LAUREL CANYON BL,KIRKWOOD DR,75,S,N,A,-,N,NA,NA,NA,NA,NA,NA,NA,NA,NA,N,3,0,1,2,A,-,12,21367,B,N,G,B,E,A,H,-,A,D,0,Y,NA,NA,NA,Y,NA,A,01,0,1,0,0,1,0,0,0,0,-,-,NA,NA,LOS ANGELES,LOS ANGELES,-118.36923980712892,34.108802795410156
9403574,2022,2022-04-04,1900,2022-02-22,1620,524146,2928,2,5,5,1990,0,0,0,NA,0,292K1,BREA CANYON RD,DIAMOND CREST LN,19,S,N,C,-,N,NA,NA,NA,NA,NA,NA,NA,NA,NA,N,3,0,1,2,A,-,05,21650,1,N,B,G,A,B,H,-,A,A,0,NA,Y,NA,NA,Y,NA,L,04,0,1,0,0,0,0,1,0,0,-,-,33.989749908447266,-117.84335327148438,LOS ANGELES,DIAMOND BAR,-117.84333038330078,33.98967742919922
9403575,2022,2022-04-19,1955,2022-03-30,1352,42838,35,3,5,6,1955,0,0,0,NA,0,002,ALAMEDA ST,ALISO ST,18,S,N,A,-,N,NA,NA,NA,NA,NA,NA,NA,NA,NA,Y,4,0,4,2,A,-,12,22450,A,N,D,C,A,A,H,-,A,A,0,NA,NA,NA,NA,Y,NA,A,01,0,0,4,0,0,0,0,0,0,-,-,34.081138610839844,-117.75351715087892,LOS ANGELES,POMONA,-117.75352478027344,34.08104705810547
9403576,2022,2022-04-19,1955,2022-03-30,0849,42150,0014,3,5,6,1955,0,0,0,NA,0,003,KINGSLEY AV,MADELEINE WY,130,E,N,A,-,N,NA,NA,NA,NA,NA,NA,NA,NA,NA,N,4,0,1,2,A,-,09,21804,A,N,D,G,A,A,H,-,A,A,0,NA,Y,NA,NA,Y,NA,A,07,0,0,1,0,0,0,1,0,0,-,-,34.0665397644043,-117.73358154296876,LOS ANGELES,POMONA,-117.7332000732422,34.06650924682617
9403577,2022,2022-04-19,1955,2022-03-31,0900,41484,15,4,5,6,1955,0,0,0,NA,0,003,MILLS AV,KEYSTONE AV,0,NA,Y,A,-,N,NA,NA,NA,NA,NA,NA,NA,NA,NA,Y,4,0,1,2,A,-,03,22350,NA,F,D,C,A,A,H,-,A,A,0,NA,NA,NA,NA,Y,NA,A,01,0,0,1,0,0,0,0,0,0,-,-,34.06578826904297,-117.717041015625,LOS ANGELES,POMONA,-117.71695709228516,34.065711975097656
9403606,2022,2022-03-17,1900,2022-02-16,1545,623539,1620,3,5,5,1977,0,0,0,NA,0,164T1,TILLMAN AV,BURGROVE ST,0,NA,Y,A,-,N,NA,NA,NA,NA,NA,NA,NA,NA,NA,Y,4,0,3,2,A,-,05,21651,A,N,A,C,A,A,H,-,A,A,0,NA,NA,NA,NA,Y,NA,A,08,0,0,3,0,0,0,0,0,0,-,-,33.84516906738281,-118.25350952148438,LOS ANGELES,CARSON,-118.25347137451172,33.84505081176758
94036080,2024,2024-08-12,9575,2024-07-31,1755,023031,NA,3,2,7,1942,0,1,1,NA,2,053,I-5 S/B (GOLDEN STATE FREEWAY),SHELDON ST.,1105,N,N,A,-,Y,LA,NA,5,NA,NA,36.221,H,NA,L,N,4,0,1,3,A,-,02,22400,A,M,C,0,A,A,H,-,A,D,0,NA,NA,NA,NA,Y,NA,-,99,0,0,1,0,0,0,0,0,0,-,-,34.232208251953125,-118.4080810546875,LOS ANGELES,LOS ANGELES,-118.40807342529295,34.23222351074219
94036447,2024,2024-08-12,9590,2024-07-31,1500,023266,NA,3,2,7,1942,0,1,2,NA,2,073,US-101 SB (HOLLYWOOD FREEWAY),UNIVERSAL STUDIOS BOULEVARD,275,S,N,A,-,Y,LA,NA,101,NA,NA,9.414,H,NA,L,N,4,0,1,2,A,-,08,22107,NA,N,B,C,A,A,H,-,A,D,0,NA,NA,NA,NA,Y,NA,-,-,0,0,1,0,0,0,0,0,0,-,-,34.130821228027344,-118.34928131103516,LOS ANGELES,LOS ANGELES,-118.34928894042967,34.13081741333008
9403647,2022,2022-03-23,1900,2022-02-02,1230,623588,0628,3,5,6,1985,0,0,0,NA,0,1230,CALGROVE BL,WILEY CANYON RD,0,NA,Y,A,-,N,NA,NA,NA,NA,NA,NA,NA,NA,NA,Y,3,0,2,3,A,-,09,21801,A,N,D,C,A,A,H,-,A,D,0,NA,NA,NA,NA,Y,NA,A,07,0,2,0,0,0,0,0,0,0,-,-,34.364280700683594,-118.55287170410156,LOS ANGELES,SANTA CLARITA,-118.5528564453125,34.36427688598633
9403650,2022,2022-03-23,1900,2022-02-19,1050,609942,0610,6,5,6,1985,0,0,0,NA,0,61T1,OAK AV,SOLEDAD CANYON RD,360,N,N,A,-,N,NA,NA,NA,NA,NA,NA,NA,NA,NA,Y,3,0,1,2,A,-,09,21801,A,N,D,C,A,A,H,-,A,D,0,NA,NA,NA,NA,Y,NA,A,07,0,1,0,0,0,0,0,0,0,-,-,34.421600341796875,-118.50048828125,LOS ANGELES,SANTA CLARITA,-118.50054168701172,34.42153549194336
9403654,2022,2022-03-23,1900,2022-02-06,1746,476466,0633,7,5,6,1985,0,0,0,NA,0,61T1,JAKES WY,DANIEL DR,549,N,N,A,-,N,NA,NA,NA,NA,NA,NA,NA,NA,NA,Y,3,0,1,2,A,-,08,22107,NA,N,B,C,A,A,H,-,C,D,0,NA,NA,NA,NA,Y,NA,A,01,0,1,0,0,0,0,0,0,0,-,-,NA,NA,LOS ANGELES,SANTA CLARITA,-118.44577026367188,34.4133415222168
9403658,2022,2022-04-01,1942,2022-03-01,2100,36733,1999,2,5,7,1942,0,0,0,NA,0,26T53W,WOODMAN AV,SATICOY ST,30,S,N,A,-,N,NA,NA,NA,NA,NA,NA,NA,NA,NA,Y,4,0,1,2,A,-,03,22350,NA,F,C,C,A,A,H,-,C,A,0,NA,NA,NA,NA,Y,NA,D,22,0,0,1,0,0,0,0,0,0,-,-,NA,NA,LOS ANGELES,LOS ANGELES,-118.43116760253906,34.20937728881836
9403664,2022,2022-03-29,1942,2022-02-05,0255,40398,2129,6,5,7,1942,0,0,0,NA,0,26M72,WINNETKA AV,INGOMAR,32,N,N,A,-,N,NA,NA,NA,NA,NA,NA,NA,NA,NA,Y,2,0,1,3,A,-,08,22107,NA,N,C,E,A,A,H,-,C,D,0,NA,NA,NA,NA,Y,Y,A,01,1,0,0,0,0,0,0,0,0,-,-,NA,NA,LOS ANGELES,LOS ANGELES,-118.5710220336914,34.21200942993164
9403674,2022,2022-03-25,1941,2022-02-24,1943,10140,20001,4,5,7,1941,0,0,0,NA,0,NA,NEECE ST,NEECE ST 215,0,NA,Y,A,-,N,NA,NA,NA,NA,NA,NA,NA,NA,NA,N,4,0,2,2,A,-,03,22350,NA,F,A,C,A,A,H,-,C,D,0,NA,NA,NA,NA,Y,NA,D,NA,0,0,2,0,0,0,0,0,0,-,-,NA,NA,LOS ANGELES,LONG BEACH,-118.20205688476564,33.871986389160156
9403675,2022,2022-03-25,1941,2022-02-25,1105,1154,901-T,5,5,7,1941,0,0,0,NA,0,NA,2ND ST,PARK AV,0,NA,Y,A,-,N,NA,NA,NA,NA,NA,NA,NA,NA,NA,N,4,0,1,2,A,-,10,21950,A,N,G,B,B,A,H,-,A,A,0,Y,NA,NA,NA,Y,NA,A,NA,0,0,1,0,1,0,0,0,0,-,-,NA,NA,LOS ANGELES,LONG BEACH,-118.13801574707033,33.761573791503906
9403676,2022,2022-03-23,1941,2022-02-24,1717,11226,NA,4,5,7,1941,0,0,0,NA,0,901T,LONG BEACH BL,WARDLOW RD,350,S,N,A,-,N,NA,NA,NA,NA,NA,NA,NA,NA,NA,Y,4,0,2,2,A,-,09,21802,A,N,D,C,A,A,H,-,A,D,0,NA,NA,NA,NA,Y,NA,A,NA,0,0,2,0,0,0,0,0,0,-,-,NA,NA,LOS ANGELES,LONG BEACH,-118.18932342529295,33.81787872314453
9403678,2022,2022-04-18,1941,2022-02-20,0241,6180,NA,7,5,7,1941,0,0,0,NA,0,901T,RT 47,OCEAN,84,N,N,A,-,Y,LA,7,47,-,-,3.54,H,-,N,Y,3,0,2,1,-,-,-,NA,NA,N,E,I,A,A,H,-,C,A,0,NA,NA,NA,NA,Y,NA,A,NA,0,1,1,0,0,0,0,0,0,-,-,NA,NA,LOS ANGELES,LONG BEACH,-118.2385482788086,33.75910568237305
94037172,2024,2024-08-12,9590,2024-07-31,1300,019134,NA,3,1,7,1942,0,1,1,NA,2,085,I-5 S/B (GOLDEN STATE FREEWAY),COLORADO STREET,100,S,N,A,-,Y,LA,NA,5,NA,NA,25.753,H,NA,L,Y,4,0,1,2,D,-,00,NA,NA,N,C,C,A,A,H,-,A,D,0,NA,NA,NA,NA,Y,NA,-,-,0,0,1,0,0,0,0,0,0,-,-,34.14044952392578,-118.27758026123048,LOS ANGELES,LOS ANGELES,-118.27762603759766,34.140438079833984
9403721,2022,2022-03-18,1900,2022-02-16,1839,651440,1137,3,5,6,1992,0,0,0,NA,0,111T1,20TH ST E,AVENUE K,250,S,N,A,-,N,NA,NA,NA,NA,NA,NA,NA,NA,NA,N,4,0,2,2,A,-,03,22350,NA,N,C,C,A,A,H,-,C,A,0,NA,NA,NA,NA,Y,NA,A,01,0,0,2,0,0,0,0,0,0,-,-,NA,NA,LOS ANGELES,LANCASTER,-118.09490966796876,34.675289154052734
9403722,2022,2022-03-18,1900,2022-02-01,1756,652873,1134,2,5,6,1992,0,0,0,NA,0,112T1,AVENUE M,3RD ST EAST,75,W,N,A,-,N,NA,NA,NA,NA,NA,NA,NA,NA,NA,N,4,0,2,2,A,-,09,21801,A,N,D,C,A,A,H,-,C,D,0,NA,NA,NA,NA,Y,NA,A,01,0,0,2,0,0,0,0,0,0,-,-,NA,NA,LOS ANGELES,LANCASTER,-118.12565612792967,34.645877838134766
9403723,2022,2022-03-18,1900,2022-02-28,0136,624934,1123,1,5,6,1992,0,0,0,NA,0,111T1,AVENUE J-8,13TH ST WEST,141,E,N,A,C,N,NA,NA,NA,NA,NA,NA,NA,NA,NA,Y,4,0,2,4,A,-,01,23152,A,N,B,E,A,A,H,-,-,D,0,NA,NA,NA,NA,Y,Y,A,01,0,0,2,0,0,0,0,0,0,-,-,NA,NA,LOS ANGELES,LANCASTER,-118.15411376953124,34.68217849731445
9403724,2022,2022-03-18,1900,2022-02-15,1930,627967,1192,2,5,6,1992,0,0,0,NA,0,112T2P,40TH ST WEST,AVENUE L,0,NA,Y,A,C,N,NA,NA,NA,NA,NA,NA,NA,NA,NA,N,4,0,1,2,A,-,09,21801,A,N,D,C,A,A,H,-,-,A,0,NA,NA,NA,NA,Y,NA,A,01,0,0,1,0,0,0,0,0,0,-,-,NA,NA,LOS ANGELES,LANCASTER,-118.20136260986328,34.66017150878906
9403725,2022,2022-03-18,1900,2022-02-14,0252,624934,1137,1,5,6,1992,0,0,0,NA,0,112T2,AVENUE J-2,ACACIA ST,0,NA,Y,A,-,N,NA,NA,NA,NA,NA,NA,NA,NA,NA,N,4,0,1,1,D,-,00,NA,NA,N,-,A,A,A,H,-,C,D,0,NA,NA,Y,NA,Y,NA,-,-,0,0,1,0,0,0,0,0,1,-,-,NA,NA,LOS ANGELES,LANCASTER,-118.0775909423828,34.6895637512207
9403726,2022,2022-03-18,1900,2022-02-09,1815,651440,1126,3,5,6,1992,0,0,0,NA,0,111T1,AVENUE K-8,10TH ST WEST,445,W,N,A,-,N,NA,NA,NA,NA,NA,NA,NA,NA,NA,Y,4,0,2,2,A,-,09,21802,A,N,A,C,A,A,H,-,B,A,0,NA,NA,NA,NA,Y,NA,A,01,0,0,2,0,0,0,0,0,0,-,-,NA,NA,LOS ANGELES,LANCASTER,-118.14930725097656,34.667598724365234
9403727,2022,2022-03-18,1900,2022-02-07,0741,624934,1183,1,5,6,1992,0,0,0,NA,0,112T2,20TH ST W,AVENUE H-1,0,NA,Y,A,-,N,NA,NA,NA,NA,NA,NA,NA,NA,NA,Y,4,0,1,2,A,-,09,21802,A,N,D,C,A,A,H,-,A,D,0,NA,NA,NA,NA,Y,NA,A,01,0,0,1,0,0,0,0,0,0,-,-,NA,NA,LOS ANGELES,LANCASTER,-118.16612243652344,34.71684265136719
9403739,2022,2022-03-18,1920,2022-02-02,1140,12605,1920,3,5,6,1920,0,0,0,NA,0,005,DOWNEY AV,7TH ST,0,NA,Y,A,-,N,NA,NA,NA,NA,NA,NA,NA,NA,NA,N,4,0,2,2,A,-,12,22450,A,N,D,C,A,A,H,-,A,A,0,NA,NA,NA,NA,Y,NA,A,07,0,0,2,0,0,0,0,0,0,-,-,NA,NA,LOS ANGELES,DOWNEY,-118.12947845458984,33.94628143310547
9403776,2022,2022-03-21,1900,2022-02-14,2343,647593,0631,1,5,6,1985,0,0,0,NA,0,61T,SIERRA HWY,CAMPUS EXIT,35,S,N,A,-,N,NA,NA,NA,NA,NA,NA,NA,NA,NA,Y,2,0,2,1,A,-,08,22107,NA,N,E,I,A,A,H,-,C,D,0,NA,NA,NA,NA,Y,NA,A,07,1,0,1,0,0,0,0,0,0,-,-,34.43796157836914,-118.4318389892578,LOS ANGELES,SANTA CLARITA,-118.43408966064452,34.435462951660156
9403777,2022,2022-03-21,1900,2022-02-11,2220,648469,0639,5,5,6,1985,0,0,0,NA,0,065,MEDLEY RIDGE DR,ROSE MALCON LN,0,NA,Y,A,-,N,NA,NA,NA,NA,NA,NA,NA,NA,NA,Y,4,0,4,1,A,-,08,22107,NA,N,E,I,A,A,H,-,C,A,0,NA,NA,NA,NA,Y,NA,A,01,0,0,4,0,0,0,0,0,0,-,-,34.40816879272461,-118.43412017822266,LOS ANGELES,SANTA CLARITA,NA,NA
9403778,2022,2022-03-21,1900,2022-02-04,1325,652853,0645,5,5,6,1985,0,0,0,NA,0,64T1,DICKASON DR,NEWHALL RANCH RD,50,N,N,A,-,N,NA,NA,NA,NA,NA,NA,NA,NA,NA,N,4,0,1,2,A,-,03,22350,NA,N,C,C,A,A,H,-,A,D,0,NA,NA,NA,NA,Y,NA,A,01,0,0,1,0,0,0,0,0,0,-,-,NA,NA,LOS ANGELES,SANTA CLARITA,-118.56407165527344,34.43670654296875
9403779,2022,2022-03-21,1900,2022-02-03,1625,618139,0643,4,5,6,1985,0,0,0,NA,0,64T1,NEWHALL RANCH RD,FAIRFIELD  WAY,312,W,N,A,-,N,NA,NA,NA,NA,NA,NA,NA,NA,NA,N,4,0,1,2,A,-,04,21703,NA,N,C,C,A,A,H,-,A,D,0,NA,NA,NA,NA,Y,NA,A,07,0,0,1,0,0,0,0,0,0,-,-,34.4273796081543,-118.57070159912108,LOS ANGELES,SANTA CLARITA,-118.51088714599608,34.42746353149414
9403780,2022,2022-03-21,1900,2022-02-05,1300,508705,0632,6,5,6,1985,0,0,0,NA,0,61T1,SAND CANYON RD,SULTUS ST,0,NA,Y,A,-,N,NA,NA,NA,NA,NA,NA,NA,NA,NA,Y,3,0,2,2,A,-,09,21802,A,N,D,C,A,A,H,-,A,D,0,NA,NA,NA,NA,Y,NA,A,07,0,1,1,0,0,0,0,0,0,-,-,34.39857864379883,-118.41573333740234,LOS ANGELES,SANTA CLARITA,-118.41567230224608,34.3985481262207
9403781,2022,2022-03-17,1900,2022-03-01,2013,655212,1135,2,5,6,1992,0,0,0,NA,0,112T1,30TH ST E,AVENUE J,612,N,N,A,-,N,NA,NA,NA,NA,NA,NA,NA,NA,NA,Y,3,0,3,2,A,-,01,23152,A,N,A,C,A,A,H,-,D,D,0,NA,NA,NA,NA,Y,Y,A,01,0,1,2,0,0,0,0,0,0,-,-,NA,NA,LOS ANGELES,LANCASTER,-118.07698822021484,34.691497802734375