CASE_ID,ACCIDENT_YEAR,PROC_DATE,JURIS,COLLISION_DATE,COLLISION_TIME,OFFICER_ID,REPORTING_DISTRICT,DAY_OF_WEEK,CHP_SHIFT,POPULATION,CNTY_CITY_LOC,SPECIAL_COND,BEAT_TYPE,CHP_BEAT_TYPE,CITY_DIVISION_LAPD,CHP_BEAT_CLASS,BEAT_NUMBER,PRIMARY_RD,SECONDARY_RD,DISTANCE,DIRECTION,INTERSECTION,WEATHER_1,WEATHER_2,STATE_HWY_IND,CALTRANS_COUNTY,CALTRANS_DISTRICT,STATE_ROUTE,ROUTE_SUFFIX,POSTMILE_PREFIX,POSTMILE,LOCATION_TYPE,RAMP_INTERSECTION,SIDE_OF_HWY,TOW_AWAY,COLLISION_SEVERITY,NUMBER_KILLED,NUMBER_INJURED,PARTY_COUNT,PRIMARY_COLL_FACTOR,PCF_CODE_OF_VIOL,PCF_VIOL_CATEGORY,PCF_VIOLATION,PCF_VIOL_SUBSECTION,HIT_AND_RUN,TYPE_OF_COLLISION,MVIW,PED_ACTION,ROAD_SURFACE,ROAD_COND_1,ROAD_COND_2,LIGHTING,CONTROL_DEVICE,CHP_ROAD_TYPE,PEDESTRIAN_ACCIDENT,BICYCLE_ACCIDENT,MOTORCYCLE_ACCIDENT,TRUCK_ACCIDENT,NOT_PRIVATE_PROPERTY,ALCOHOL_INVOLVED,STWD_VEHTYPE_AT_FAULT,CHP_VEHTYPE_AT_FAULT,COUNT_SEVERE_INJ,COUNT_VISIBLE_INJ,COUNT_COMPLAINT_PAIN,COUNT_PED_KILLED,COUNT_PED_INJURED,COUNT_BICYCLIST_KILLED,COUNT_BICYCLIST_INJURED,COUNT_MC_KILLED,COUNT_MC_INJURED,PRIMARY_RAMP,SECONDARY_RAMP,LATITUDE,LONGITUDE,COUNTY,CITY,POINT_X,POINT_Y
9403790,2022,2022-03-17,1920,2022-03-01,1618,13965,1920,2,5,6,1920,0,0,0,NA,0,001,LAKEWOOD BL,ALAMEDA ST,0,NA,Y,A,-,N,NA,NA,NA,NA,NA,NA,NA,NA,NA,Y,3,0,1,2,A,-,12,21453,A,N,G,B,B,A,H,-,A,A,0,Y,NA,NA,NA,Y,NA,A,01,0,1,0,0,1,0,0,0,0,-,-,NA,NA,LOS ANGELES,DOWNEY,-118.13275146484376,33.9235725402832
9403793,2022,2022-03-17,1920,2022-03-01,1825,13965,1920,2,5,6,1920,0,0,0,NA,0,006,FIRESTONE BL,MARBEL AV,0,NA,Y,A,-,N,NA,NA,NA,NA,NA,NA,NA,NA,NA,Y,3,0,2,2,A,-,03,22350,NA,N,C,C,A,-,H,-,C,A,0,NA,NA,Y,NA,Y,NA,C,02,0,2,0,0,0,0,0,0,2,-,-,NA,NA,LOS ANGELES,DOWNEY,-118.12532806396484,33.936317443847656
9403829,2022,2022-03-18,1942,2022-02-24,0155,33504,2148,4,5,7,1942,0,0,0,NA,0,26T55W,WINNETKA AV,SHERMAN WY,46,S,N,A,-,N,NA,NA,NA,NA,NA,NA,NA,NA,NA,Y,3,0,1,2,A,-,03,22350,NA,F,C,C,A,A,H,-,C,A,0,NA,NA,NA,NA,Y,NA,A,01,0,1,0,0,0,0,0,0,0,-,-,NA,NA,LOS ANGELES,LOS ANGELES,-118.57099151611328,34.20089340209961
9403830,2022,2022-03-18,1942,2022-02-25,2220,44096,LOSAN,5,5,7,1942,0,0,0,NA,0,0976,MOORPARK ST,FULTON AV,230,W,N,A,-,N,NA,NA,NA,NA,NA,NA,NA,NA,NA,Y,4,0,2,2,A,-,01,23153,A,N,D,E,A,A,H,-,C,D,0,NA,NA,NA,NA,Y,Y,A,01,0,0,2,0,0,0,0,0,0,-,-,NA,NA,LOS ANGELES,LOS ANGELES,-118.42325592041016,34.150360107421875
9403831,2022,2022-03-18,1942,2022-02-19,0120,39962,1775,6,5,7,1942,0,0,0,Q,0,17A95,NORDHOFF ST,LOUISE AV,0,NA,Y,A,-,N,NA,NA,NA,NA,NA,NA,NA,NA,NA,Y,4,0,3,2,A,-,12,21453,A,F,D,C,A,A,H,-,C,A,0,NA,NA,NA,NA,Y,NA,-,99,0,0,3,0,0,0,0,0,0,-,-,NA,NA,LOS ANGELES,LOS ANGELES,-118.51126098632813,34.23576736450195
9403832,2022,2022-04-26,1942,2022-02-24,1950,39476,1504,4,5,7,1942,0,0,0,O,0,26T36,LANKERSHIM BL,SATICOY ST,28,S,N,B,-,N,NA,NA,NA,NA,NA,NA,NA,NA,NA,Y,3,0,4,2,A,-,05,21650,NA,F,A,C,A,A,H,-,C,A,0,NA,NA,NA,NA,Y,NA,A,01,0,1,3,0,0,0,0,0,0,-,TO,NA,NA,LOS ANGELES,LOS ANGELES,-118.38778686523438,34.208404541015625
9403833,2022,2022-03-18,1942,2022-02-14,0010,38613,1988,1,5,7,1942,0,0,0,NA,0,26T54,ROSCOE BL,VENTURA CANYON AV,100,W,N,A,-,N,NA,NA,NA,NA,NA,NA,NA,NA,NA,Y,4,0,3,2,A,-,03,22350,NA,F,C,C,A,A,H,-,C,A,0,NA,NA,NA,NA,Y,NA,A,08,0,0,3,0,0,0,0,0,0,-,-,NA,NA,LOS ANGELES,LOS ANGELES,-118.42913818359376,34.2216682434082
9403834,2022,2022-03-22,1942,2022-02-07,2130,40876,2148,1,5,7,1942,0,0,0,NA,0,26T32W,VANOWEN,OSO AV,0,E,N,A,-,N,NA,NA,NA,NA,NA,NA,NA,NA,NA,Y,4,0,1,5,A,-,01,23152,A,N,C,E,A,A,H,-,C,D,0,NA,NA,NA,NA,Y,Y,A,01,0,0,1,0,0,0,0,0,0,-,-,NA,NA,LOS ANGELES,LOS ANGELES,-118.57532501220705,34.19379806518555
9403835,2022,2022-04-13,1942,2022-02-04,0820,36678,2177,5,5,7,1942,0,0,0,NA,0,26M56,OXNARD ST,DE SOTO AV,20,W,N,-,-,N,NA,NA,NA,NA,NA,NA,NA,NA,NA,N,4,0,1,1,A,-,03,22350,NA,N,-,-,A,-,-,-,-,-,0,NA,NA,NA,NA,Y,NA,-,NA,0,0,1,0,0,0,0,0,0,-,-,NA,NA,LOS ANGELES,LOS ANGELES,-118.5904541015625,34.17924118041992
9403836,2022,2022-03-21,1942,2022-02-17,1635,39154,2134,4,5,7,1942,0,0,0,NA,0,26TL44,SHERMAN WY,ASMAN AV,0,NA,Y,A,-,N,NA,NA,NA,NA,NA,NA,NA,NA,NA,Y,4,0,1,2,A,-,01,23152,A,N,D,C,A,A,H,-,A,D,0,NA,NA,NA,NA,Y,Y,A,07,0,0,1,0,0,0,0,0,0,-,-,NA,NA,LOS ANGELES,LOS ANGELES,-118.61722564697266,34.20100784301758
9403837,2022,2022-03-21,1942,2022-02-26,2140,40297,2113,6,5,7,1942,0,0,0,NA,0,21A57,FALLBROOK,INGOMAR,0,NA,Y,A,-,N,NA,NA,NA,NA,NA,NA,NA,NA,NA,Y,3,0,2,3,A,-,12,22450,NA,N,D,C,A,A,H,-,D,D,0,NA,NA,NA,NA,Y,NA,A,01,0,2,0,0,0,0,0,0,0,-,-,NA,NA,LOS ANGELES,LOS ANGELES,-118.62343597412108,34.21186065673828
9403838,2022,2022-03-21,1942,2022-02-24,0905,38326,2107,4,5,7,1942,0,0,0,NA,0,26T25,DESOTO AV,ROSCOE BL,20,N,N,A,-,N,NA,NA,NA,NA,NA,NA,NA,NA,NA,N,3,0,1,2,A,-,10,21950,A,N,G,B,B,A,H,-,A,A,0,Y,NA,NA,NA,Y,NA,A,01,0,1,0,0,1,0,0,0,0,-,-,NA,NA,LOS ANGELES,LOS ANGELES,-118.58849334716795,34.22000503540039
9403873,2022,2022-04-01,1900,2022-01-04,2205,628020,0261,2,5,4,1917,0,0,0,NA,0,26T,ATLANTIC AV,SANTA ANA ST,230,N,N,A,-,N,NA,NA,NA,NA,NA,NA,NA,NA,NA,N,3,0,1,2,-,-,-,NA,NA,N,G,-,D,-,H,-,C,D,0,Y,NA,NA,NA,Y,NA,-,-,0,1,0,0,1,0,0,0,0,-,-,NA,NA,LOS ANGELES,CUDAHY,-118.18598175048828,33.96147537231445
9403874,2022,2022-03-15,1900,2022-01-02,1820,550248,0250,7,5,4,1945,0,0,0,NA,0,28TP,SLAUSON AV,PINE AV,0,NA,Y,A,-,N,NA,NA,NA,NA,NA,NA,NA,NA,NA,Y,2,0,5,3,A,-,12,21453,A,N,D,C,A,A,H,-,C,A,0,NA,NA,NA,NA,Y,NA,A,01,1,0,4,0,0,0,0,0,0,-,-,33.987369537353516,-118.18775939941406,LOS ANGELES,MAYWOOD,-118.18781280517578,33.98736572265625
9403875,2022,2022-03-21,1900,2022-01-18,1845,634170,NA,2,5,4,1917,0,0,0,NA,0,NA,LIVE OAK ST,WILCOX AV,100,W,N,A,-,N,NA,NA,NA,NA,NA,NA,NA,NA,NA,NA,4,0,1,2,A,-,08,22107,NA,N,-,E,A,A,H,-,C,D,0,NA,NA,NA,NA,Y,NA,A,01,0,0,1,0,0,0,0,0,0,-,-,NA,NA,LOS ANGELES,CUDAHY,-118.17855834960938,33.96699523925781
9403876,2022,2022-03-15,1900,2022-01-15,1702,625414,0251,6,5,4,1945,0,0,0,NA,0,28T,ATLANTIC BL,52ND PL,150,S,N,B,-,N,NA,NA,NA,NA,NA,NA,NA,NA,NA,Y,4,0,1,1,A,-,03,22350,NA,N,E,I,A,B,H,-,-,D,0,NA,NA,NA,NA,Y,NA,A,01,0,0,1,0,0,0,0,0,0,-,-,NA,NA,LOS ANGELES,MAYWOOD,-118.18401336669922,33.992279052734375
9403877,2022,2022-03-15,1900,2022-01-11,0730,525033,0250,2,5,4,1945,0,0,0,NA,0,28A,ATLANTIC BL,60TH ST,0,NA,Y,A,-,N,NA,NA,NA,NA,NA,NA,NA,NA,NA,N,3,0,1,2,D,-,00,NA,NA,N,A,C,A,A,H,-,B,A,0,NA,NA,Y,NA,Y,NA,-,-,0,1,0,0,0,0,0,0,1,-,-,NA,NA,LOS ANGELES,MAYWOOD,-118.18588256835938,33.98532485961914
9403878,2022,2022-03-21,1900,2022-01-10,1613,626638,0251,1,5,4,1945,0,0,0,NA,0,28P,SLAUSON AV,ALAMO AV,0,NA,Y,A,-,N,NA,NA,NA,NA,NA,NA,NA,NA,NA,Y,4,0,1,2,A,-,09,21801,A,N,B,C,A,A,H,-,A,A,0,NA,NA,NA,NA,Y,NA,A,01,0,0,1,0,0,0,0,0,0,-,-,NA,NA,LOS ANGELES,MAYWOOD,-118.17426300048828,33.98595428466797
9403879,2022,2022-03-15,1900,2022-01-01,0741,641950,0972,6,5,4,1979,0,0,0,NA,0,93T3,SANTA MONICA BL,SIERRA BONITA AV,20,W,N,A,-,N,NA,NA,NA,NA,NA,NA,NA,NA,NA,Y,2,0,1,1,A,-,08,22107,NA,N,E,I,A,A,H,-,A,D,0,NA,NA,NA,NA,Y,NA,A,07,1,0,0,0,0,0,0,0,0,-,-,34.09075927734375,-118.35433959960938,LOS ANGELES,WEST HOLLYWOOD,-118.35436248779295,34.090789794921875
9403880,2022,2022-03-15,1900,2022-01-02,1714,620929,0972,7,5,4,1979,0,0,0,NA,0,92T1,SAN VICENTE BL,MELROSE AV,144,N,N,A,-,N,NA,NA,NA,NA,NA,NA,NA,NA,NA,N,4,0,1,2,A,-,10,21952,NA,N,G,B,D,A,H,-,B,A,0,Y,NA,NA,NA,Y,NA,A,07,0,0,1,0,1,0,0,0,0,-,-,34.08134841918945,-118.38307189941406,LOS ANGELES,WEST HOLLYWOOD,-118.38341522216795,34.08171081542969
9403891,2022,2022-03-11,1900,2022-01-09,0536,649425,0975,7,5,4,1979,0,0,0,NA,0,91E,CRESCENT HEIGHTS BL,FOUNTAIN AV,60,S,N,A,-,N,NA,NA,NA,NA,NA,NA,NA,NA,NA,Y,4,0,1,3,A,-,08,22107,A,N,C,E,A,A,H,-,C,D,0,NA,NA,NA,NA,Y,NA,A,01,0,0,1,0,0,0,0,0,0,-,-,34.09383010864258,-118.3659210205078,LOS ANGELES,WEST HOLLYWOOD,-118.365966796875,34.094234466552734
9403912,2022,2022-03-11,1900,2022-01-15,1215,648688,0241,6,5,3,1914,0,0,0,NA,0,27TD,TELEGRAPH RD,WOODS AV,0,NA,Y,A,-,N,NA,NA,NA,NA,NA,NA,NA,NA,NA,Y,3,0,2,2,A,-,12,21453,A,N,D,C,A,A,H,-,A,A,0,NA,NA,NA,NA,Y,NA,A,07,0,1,1,0,0,0,0,0,0,-,-,NA,NA,LOS ANGELES,COMMERCE,-118.16051483154295,34.0113525390625
9403961,2022,2022-03-15,1916,2022-02-19,1159,2599,E44R1,6,5,4,1916,0,0,0,NA,0,EAST,COVINA BL,BARRANCA AV,42,W,N,A,-,N,NA,NA,NA,NA,NA,NA,NA,NA,NA,N,4,0,1,2,A,-,03,22350,NA,N,C,C,A,A,H,-,A,A,0,NA,NA,NA,NA,Y,NA,A,01,0,0,1,0,0,0,0,0,0,-,-,34.09939956665039,-117.88141632080078,LOS ANGELES,COVINA,-117.8815689086914,34.09941864013672
9403962,2022,2022-03-15,1916,2022-02-10,1505,2389,E49R1,4,5,4,1916,0,0,0,NA,0,EAST,E PUENTE ST,MONTE VISTA AV,0,NA,Y,A,-,N,NA,NA,NA,NA,NA,NA,NA,NA,NA,N,3,0,1,2,A,-,10,21950,A,N,D,B,B,A,H,-,A,D,0,Y,NA,NA,NA,Y,NA,A,07,0,1,0,0,1,0,0,0,0,-,-,34.08253860473633,-117.87702178955078,LOS ANGELES,COVINA,-117.87700653076172,34.082542419433594
9403971,2022,2022-03-30,1900,2022-02-20,1318,607121,2910,7,5,5,1990,0,0,0,NA,0,291K1,AMAR RD,HEIDELBERG AV,0,NA,Y,A,-,N,NA,NA,NA,NA,NA,NA,NA,NA,NA,Y,4,0,3,2,A,-,12,21453,A,N,D,D,A,A,H,-,A,A,0,NA,NA,NA,NA,Y,NA,-,-,0,0,3,0,0,0,0,0,0,-,-,34.0399284362793,-117.85481262207033,LOS ANGELES,DIAMOND BAR,-117.85486602783205,34.0399169921875
9403972,2022,2022-03-16,1900,2022-02-22,1515,615350,2927,2,5,5,1990,0,0,0,NA,0,292K2,PATHFINDER RD,EVERGREEN SPRING DR,0,NA,Y,A,-,N,NA,NA,NA,NA,NA,NA,NA,NA,NA,Y,4,0,3,2,A,-,17,21451,A,N,A,C,A,A,H,-,A,A,0,NA,NA,NA,NA,Y,NA,A,01,0,0,3,0,0,0,0,0,0,-,-,33.98377990722656,-117.8368911743164,LOS ANGELES,DIAMOND BAR,-117.83686065673828,33.98371124267578
9403973,2022,2022-03-16,1900,2022-02-20,1000,540701,2917,7,5,4,1974,0,0,0,NA,0,291K2,NOGALES ST,AMAR RD,0,NA,Y,A,-,N,NA,NA,NA,NA,NA,NA,NA,NA,NA,Y,3,0,2,2,A,-,12,21453,NA,N,D,C,A,A,H,-,A,A,0,NA,NA,NA,NA,Y,NA,A,07,0,1,1,0,0,0,0,0,0,-,-,34.02035903930664,-117.89022827148438,LOS ANGELES,WALNUT,-117.8957290649414,34.02759552001953
9403974,2022,2022-03-16,1900,2022-02-18,1739,636448,1615,5,5,5,1977,0,0,0,NA,0,164T1,DEL AMO BL,LEAPWOOD AV,500,E,N,A,-,N,NA,NA,NA,NA,NA,NA,NA,NA,NA,N,2,0,1,2,A,-,11,21954,A,N,G,B,D,A,H,-,B,D,0,Y,NA,NA,NA,Y,NA,N,60,1,0,0,0,1,0,0,0,0,-,-,33.8467903137207,-118.25704956054688,LOS ANGELES,CARSON,-118.25706481933594,33.84668731689453
9403975,2022,2022-03-16,1900,2022-02-20,0937,S08441,1613,7,5,5,1977,0,0,0,NA,0,164T,CENTRAL AV,VICTORIA ST,45,S,N,A,-,N,NA,NA,NA,NA,NA,NA,NA,NA,NA,Y,4,0,1,2,D,-,00,NA,NA,N,B,C,A,A,H,-,A,D,0,NA,NA,NA,NA,Y,NA,-,-,0,0,1,0,0,0,0,0,0,-,-,33.86703109741211,-118.2485580444336,LOS ANGELES,CARSON,-118.24871826171876,33.867286682128906
9403976,2022,2022-03-16,1900,2022-02-04,1250,636459,1630,5,5,5,1977,0,0,0,NA,0,164A,ARTESIA BL,CENTRAL AV,12,W,N,A,-,N,NA,NA,NA,NA,NA,NA,NA,NA,NA,N,4,0,2,2,A,-,01,23152,A,N,C,C,A,A,H,-,A,A,0,NA,NA,NA,NA,Y,Y,A,07,0,0,2,0,0,0,0,0,0,-,-,33.87276840209961,-118.24887084960938,LOS ANGELES,CARSON,-118.24880981445313,33.87398910522461
9404048,2021,2022-02-07,1942,2021-12-31,1400,39048,1916,5,5,7,1942,0,0,0,NA,0,26TL44,DRONFIELD AV,HUBBARD ST,14,E,N,A,-,N,NA,NA,NA,NA,NA,NA,NA,NA,NA,N,2,0,1,2,A,-,10,21950,A,N,G,B,B,A,H,-,A,A,0,Y,NA,NA,NA,Y,NA,A,01,1,0,0,0,1,0,0,0,0,-,-,NA,NA,LOS ANGELES,LOS ANGELES,-118.43324279785156,34.304752349853516
9404101,2022,2022-02-11,1942,2022-01-21,1800,41973,1253,5,5,7,1942,0,0,0,L,0,25X86,WESTERN AV,79TH ST,0,NA,Y,A,-,N,NA,NA,NA,NA,NA,NA,NA,NA,NA,Y,4,0,1,6,A,-,09,21801,A,F,B,C,A,A,H,-,C,A,0,NA,NA,NA,NA,Y,Y,-,-,0,0,1,0,0,0,0,0,0,-,-,NA,NA,LOS ANGELES,LOS ANGELES,-118.30902099609376,33.96728515625
9404103,2022,2022-02-08,1942,2022-01-18,0930,35393,1265,2,5,7,1942,0,0,0,L,0,25TL21,MANCHESTER AV,BUDLONG AV,200,E,N,A,-,N,NA,NA,NA,NA,NA,NA,NA,NA,NA,Y,3,0,3,1,A,-,03,22350,A,N,E,I,A,A,H,-,A,D,0,NA,NA,NA,NA,Y,NA,A,07,0,3,0,0,0,0,0,0,0,-,-,NA,NA,LOS ANGELES,LOS ANGELES,-118.29526519775392,33.96001052856445
9404104,2022,2022-02-08,1942,2022-01-18,0740,33599,1239,2,5,7,1942,0,0,0,L,0,25TL23,VERMONT AV,60TH PL,0,NA,Y,A,-,N,NA,NA,NA,NA,NA,NA,NA,NA,NA,N,4,0,1,2,A,-,09,21801,A,F,D,C,A,A,H,-,A,D,0,NA,NA,NA,NA,Y,NA,-,99,0,0,1,0,0,0,0,0,0,-,-,NA,NA,LOS ANGELES,LOS ANGELES,-118.29149627685548,33.98497009277344
9404105,2022,2022-02-08,1942,2022-01-14,0840,41923,1258,5,5,7,1942,0,0,0,L,0,25TL25,79TH ST,MAIN ST,0,NA,Y,A,-,N,NA,NA,NA,NA,NA,NA,NA,NA,NA,N,3,0,1,2,A,-,10,21950,A,F,G,B,B,A,H,-,A,A,0,Y,NA,NA,NA,Y,NA,-,99,0,1,0,0,1,0,0,0,0,-,-,NA,NA,LOS ANGELES,LOS ANGELES,-118.27391052246094,33.967891693115234
9404106,2022,2022-02-08,1942,2022-01-10,0325,40105,1252,1,5,7,1942,0,0,0,L,0,25T37,W 76TH ST,S VAN NESS AV,0,NA,Y,A,-,N,NA,NA,NA,NA,NA,NA,NA,NA,NA,N,4,0,2,4,A,-,12,21453,A,F,D,C,A,A,H,-,C,A,0,NA,NA,NA,NA,Y,NA,A,01,0,0,2,0,0,0,0,0,0,-,-,NA,NA,LOS ANGELES,LOS ANGELES,-118.31773376464844,33.97093200683594
9404108,2022,2022-02-08,1942,2022-01-02,1615,41729,1243,7,5,7,1942,0,0,0,L,0,DESK,WESTERN AV,FLORENCE AV,200,S,N,A,-,N,NA,NA,NA,NA,NA,NA,NA,NA,NA,N,3,0,1,2,A,-,00,20015,A,F,C,C,A,A,H,-,A,D,0,NA,NA,NA,NA,Y,NA,-,99,0,1,0,0,0,0,0,0,0,-,-,NA,NA,LOS ANGELES,LOS ANGELES,-118.30899047851564,33.974021911621094
9404124,2022,2022-02-08,1967,2022-01-15,1240,153,NA,6,5,2,1967,0,0,0,NA,0,NORTH,ORANGE AV,32ND ST,0,NA,Y,B,-,N,NA,NA,NA,NA,NA,NA,NA,NA,NA,Y,3,0,1,2,A,-,09,21801,A,N,D,C,A,A,H,-,A,A,0,NA,NA,NA,NA,Y,NA,A,01,0,1,0,0,0,0,0,0,0,-,-,NA,NA,LOS ANGELES,SIGNAL HILL,-118.17633056640624,33.815303802490234
9404125,2022,2022-02-08,1967,2022-01-27,1530,153,NA,4,5,2,1967,0,0,0,NA,0,NORTH,SPRING ST,JUNIPERO AV,20,W,N,A,-,N,NA,NA,NA,NA,NA,NA,NA,NA,NA,Y,3,0,1,2,A,-,09,21801,A,N,D,C,A,A,A,-,A,A,0,NA,NA,Y,NA,Y,NA,A,07,0,1,0,0,0,0,0,0,1,-,-,NA,NA,LOS ANGELES,SIGNAL HILL,-118.16334533691406,33.81161880493164
9404126,2022,2022-02-08,1967,2022-01-18,0852,142,NA,2,5,2,1967,0,0,0,NA,0,SOUTH,WILLOW,ORANGE AV,0,NA,Y,B,-,N,NA,NA,NA,NA,NA,NA,NA,NA,NA,Y,4,0,1,2,A,-,12,21453,A,N,D,C,A,B,H,-,A,A,0,NA,NA,NA,NA,Y,NA,A,01,0,0,1,0,0,0,0,0,0,-,-,NA,NA,LOS ANGELES,SIGNAL HILL,-118.17633056640624,33.804298400878906
9404127,2022,2022-02-08,1967,2022-01-18,1411,142,NA,2,5,2,1967,0,0,0,NA,0,SOUTH,ORANGE AV,23RD,215,S,N,A,-,N,NA,NA,NA,NA,NA,NA,NA,NA,NA,N,4,0,1,2,A,-,03,22350,NA,N,C,C,A,A,H,-,A,D,0,NA,NA,NA,NA,Y,NA,A,01,0,0,1,0,0,0,0,0,0,-,-,NA,NA,LOS ANGELES,SIGNAL HILL,-118.17633819580078,33.79832077026367
9404128,2022,2022-02-08,1967,2022-01-12,1531,153,NA,3,5,2,1967,0,0,0,NA,0,SOUTH,CHERRY AV,20TH ST,0,NA,Y,A,-,N,NA,NA,NA,NA,NA,NA,NA,NA,NA,Y,4,0,1,2,A,-,12,21453,A,N,B,C,A,A,H,-,A,A,0,NA,NA,NA,NA,Y,NA,A,01,0,0,1,0,0,0,0,0,0,-,-,NA,NA,LOS ANGELES,SIGNAL HILL,-118.1677703857422,33.79383087158203
9404143,2022,2022-02-08,1902,2022-01-26,1448,620,8,3,5,5,1902,0,0,0,NA,0,001,SANTA ANITA AV,FLORAL AV,277,S,N,A,-,N,NA,NA,NA,NA,NA,NA,NA,NA,NA,N,4,0,1,2,A,-,07,21658,A,N,D,C,A,A,D,H,A,A,0,NA,NA,NA,NA,Y,NA,A,01,0,0,1,0,0,0,0,0,0,-,-,NA,NA,LOS ANGELES,ARCADIA,-118.03166961669922,34.14937973022461
9404144,2022,2022-02-08,1902,2022-01-28,2122,800,14,5,5,5,1902,0,0,0,NA,0,002,HUNTINGTON DR,GATEWAY DR,0,NA,Y,A,-,N,NA,NA,NA,NA,NA,NA,NA,NA,NA,Y,4,0,1,2,A,-,12,21453,A,N,D,C,A,A,H,-,C,A,0,NA,NA,NA,NA,Y,NA,A,01,0,0,1,0,0,0,0,0,0,-,-,NA,NA,LOS ANGELES,ARCADIA,-118.0227508544922,34.140159606933594
9404145,2022,2022-02-08,1931,2022-01-17,1736,5325,1931,1,5,5,1931,0,0,0,NA,0,003,FLORENCE AV,ALAMEDA ST,243,W,N,A,-,N,NA,NA,NA,NA,NA,NA,NA,NA,NA,N,4,0,3,2,A,-,01,23152,A,N,C,C,A,A,H,-,C,A,0,NA,NA,NA,NA,Y,Y,A,01,0,0,3,0,0,0,0,0,0,-,-,NA,NA,LOS ANGELES,HUNTINGTON PARK,-118.2351531982422,33.9747314453125
9404146,2022,2022-02-08,1931,2022-01-16,1943,5336,1931,7,5,5,1931,0,0,0,NA,0,001,MIDDLETON ST,GAGE AV,0,NA,Y,A,-,N,NA,NA,NA,NA,NA,NA,NA,NA,NA,N,4,0,1,2,A,-,09,21801,A,N,D,C,A,A,H,-,C,D,0,NA,NA,NA,NA,Y,NA,A,01,0,0,1,0,0,0,0,0,0,-,-,NA,NA,LOS ANGELES,HUNTINGTON PARK,-118.22903442382813,33.98164367675781
9404147,2022,2022-02-08,1942,2022-01-07,1825,34426,1126,5,5,7,1942,0,0,0,K,0,24TL51,YORK BL,AVENUE 54,66,W,N,A,-,N,NA,NA,NA,NA,NA,NA,NA,NA,NA,N,4,0,1,2,A,-,00,21604,A,F,G,B,F,A,H,-,C,D,0,Y,NA,NA,NA,Y,NA,-,99,0,0,1,0,1,0,0,0,0,-,-,NA,NA,LOS ANGELES,LOS ANGELES,-118.19940185546876,34.12004089355469
9404148,2022,2022-02-08,1942,2022-01-11,2155,35936,1267,2,5,7,1942,0,0,0,L,0,25T35,MANCHESTER AV,HOOVER ST,45,E,N,A,-,N,NA,NA,NA,NA,NA,NA,NA,NA,NA,N,3,0,1,2,A,-,01,23152,A,N,C,C,A,A,H,-,C,A,0,NA,NA,NA,NA,Y,Y,A,01,0,1,0,0,0,0,0,0,0,-,-,NA,NA,LOS ANGELES,LOS ANGELES,-118.2869110107422,33.96004867553711
9404150,2022,2022-02-08,1955,2022-01-08,1853,42468,016,6,5,6,1955,0,0,0,NA,0,003,INDIAN HILL BL,SAN BERNARDINO AV,60,N,N,A,-,N,NA,NA,NA,NA,NA,NA,NA,NA,NA,N,4,0,1,2,A,-,03,22350,NA,N,C,C,A,A,H,-,C,A,0,NA,NA,NA,NA,Y,NA,A,08,0,0,1,0,0,0,0,0,0,-,-,34.0760498046875,-117.71926879882813,LOS ANGELES,POMONA,-117.71925354003906,34.076045989990234
9404151,2022,2022-02-08,1955,2022-01-17,1811,42193,98,1,5,6,1955,0,0,0,NA,0,003,INDIAN HILL BL,HOLT AV,0,NA,Y,C,-,N,NA,NA,NA,NA,NA,NA,NA,NA,NA,N,4,0,1,2,A,-,10,21950,A,N,G,B,B,A,H,-,C,A,0,Y,NA,NA,NA,Y,NA,A,01,0,0,1,0,1,0,0,0,0,-,-,34.06330871582031,-117.7191925048828,LOS ANGELES,POMONA,-117.71920013427734,34.06305694580078
9404152,2022,2022-02-08,1955,2022-01-13,0909,41138,28,4,5,6,1955,0,0,0,NA,0,002,TOWNE AV,BONITA AV,0,NA,Y,A,-,N,NA,NA,NA,NA,NA,NA,NA,NA,NA,N,3,0,3,2,A,-,09,21801,A,N,D,C,A,A,H,-,A,A,0,NA,NA,NA,NA,Y,NA,A,07,0,1,2,0,0,0,0,0,0,-,-,34.096309661865234,-117.73680114746094,LOS ANGELES,POMONA,-117.73678588867188,34.0962028503418
9404153,2022,2022-02-08,1955,2022-01-13,2200,42254,55,4,5,6,1955,0,0,0,NA,0,001,LAS BRISAS CIR,HOLT AV,0,NA,Y,A,-,N,NA,NA,NA,NA,NA,NA,NA,NA,NA,N,3,0,1,2,A,-,09,21804,A,N,D,G,A,A,H,-,C,A,0,NA,Y,NA,NA,Y,NA,A,01,0,1,0,0,0,0,1,0,0,-,-,34.06195068359375,-117.76785278320313,LOS ANGELES,POMONA,-117.767822265625,34.06193161010742
9404154,2022,2022-02-08,1955,2022-01-06,1128,42314,87,4,5,6,1955,0,0,0,NA,0,004,PHILADELPHIA ST,PRIMROSE WY,314,W,N,A,-,N,NA,NA,NA,NA,NA,NA,NA,NA,NA,N,4,0,1,2,A,-,08,22107,NA,N,C,E,A,A,H,-,A,A,0,NA,NA,NA,NA,Y,NA,A,01,0,0,1,0,0,0,0,0,0,-,-,34.03348922729492,-117.74208831787108,LOS ANGELES,POMONA,-117.74312591552734,34.033470153808594
9404155,2022,2022-02-08,1975,2022-01-17,1337,447,NA,1,5,6,1975,0,0,0,NA,0,001,LARK ELLEN AV,WORKMAN AV,0,NA,Y,B,-,N,NA,NA,NA,NA,NA,NA,NA,NA,NA,N,3,0,2,1,A,-,03,22350,NA,N,E,I,A,A,H,-,A,A,0,NA,NA,NA,NA,Y,NA,A,01,0,2,0,0,0,0,0,0,0,-,-,34.07558059692383,-117.91655731201172,LOS ANGELES,WEST COVINA,-117.91655731201172,34.075557708740234
9404156,2022,2022-02-08,1900,2022-01-01,1510,548515,2116,6,5,5,1943,0,0,0,NA,0,212T3,LONG BEACH BL,CEDER AV,0,NA,Y,A,-,N,NA,NA,NA,NA,NA,NA,NA,NA,NA,Y,4,0,1,3,A,-,03,22350,NA,N,-,C,A,A,H,-,A,A,0,NA,NA,NA,NA,Y,NA,A,01,0,0,1,0,0,0,0,0,0,-,-,NA,NA,LOS ANGELES,LYNWOOD,-118.2094955444336,33.91804885864258