CASE_ID,ACCIDENT_YEAR,PROC_DATE,JURIS,COLLISION_DATE,COLLISION_TIME,OFFICER_ID,REPORTING_DISTRICT,DAY_OF_WEEK,CHP_SHIFT,POPULATION,CNTY_CITY_LOC,SPECIAL_COND,BEAT_TYPE,CHP_BEAT_TYPE,CITY_DIVISION_LAPD,CHP_BEAT_CLASS,BEAT_NUMBER,PRIMARY_RD,SECONDARY_RD,DISTANCE,DIRECTION,INTERSECTION,WEATHER_1,WEATHER_2,STATE_HWY_IND,CALTRANS_COUNTY,CALTRANS_DISTRICT,STATE_ROUTE,ROUTE_SUFFIX,POSTMILE_PREFIX,POSTMILE,LOCATION_TYPE,RAMP_INTERSECTION,SIDE_OF_HWY,TOW_AWAY,COLLISION_SEVERITY,NUMBER_KILLED,NUMBER_INJURED,PARTY_COUNT,PRIMARY_COLL_FACTOR,PCF_CODE_OF_VIOL,PCF_VIOL_CATEGORY,PCF_VIOLATION,PCF_VIOL_SUBSECTION,HIT_AND_RUN,TYPE_OF_COLLISION,MVIW,PED_ACTION,ROAD_SURFACE,ROAD_COND_1,ROAD_COND_2,LIGHTING,CONTROL_DEVICE,CHP_ROAD_TYPE,PEDESTRIAN_ACCIDENT,BICYCLE_ACCIDENT,MOTORCYCLE_ACCIDENT,TRUCK_ACCIDENT,NOT_PRIVATE_PROPERTY,ALCOHOL_INVOLVED,STWD_VEHTYPE_AT_FAULT,CHP_VEHTYPE_AT_FAULT,COUNT_SEVERE_INJ,COUNT_VISIBLE_INJ,COUNT_COMPLAINT_PAIN,COUNT_PED_KILLED,COUNT_PED_INJURED,COUNT_BICYCLIST_KILLED,COUNT_BICYCLIST_INJURED,COUNT_MC_KILLED,COUNT_MC_INJURED,PRIMARY_RAMP,SECONDARY_RAMP,LATITUDE,LONGITUDE,COUNTY,CITY,POINT_X,POINT_Y
94060871,2024,2024-08-12,9590,2024-07-29,740,019134,NA,1,1,7,1942,0,1,1,NA,2,083,I-5 SB (GOLDEN STATE FREEWAY),MISSION ROAD,190,N,N,B,-,Y,LA,NA,5,NA,NA,18.841,H,NA,L,N,4,0,1,2,A,-,07,21658,A,N,B,C,A,A,H,-,A,D,0,NA,NA,Y,NA,Y,NA,A,01,0,0,1,0,0,0,0,0,1,-,-,34.06071853637695,-118.2153091430664,LOS ANGELES,LOS ANGELES,-118.21524810791016,34.060733795166016
9406121,2021,2022-02-17,1942,2021-12-03,0620,36733,1601,5,5,7,1942,0,0,0,P,0,26TL17,PAYTON ST,FELLOWS AV,7,E,N,A,-,N,NA,NA,NA,NA,NA,NA,NA,NA,NA,N,2,0,1,2,A,-,10,21950,A,F,G,B,B,A,H,-,A,D,0,Y,NA,NA,NA,Y,NA,-,99,1,0,0,0,1,0,0,0,0,-,-,NA,NA,LOS ANGELES,LOS ANGELES,-118.41635894775392,34.280853271484375
9406122,2021,2022-02-17,1900,2021-12-24,1440,637378,0334,5,5,4,1939,0,0,0,NA,0,35T1,PRAIRIE AV,169TH ST,96,N,N,A,-,N,NA,NA,NA,NA,NA,NA,NA,NA,NA,Y,3,0,1,2,A,-,03,22350,A,N,B,C,A,A,H,-,A,D,0,NA,NA,NA,NA,Y,NA,-,-,0,1,0,0,0,0,0,0,0,-,-,33.877891540527344,-118.34382629394533,LOS ANGELES,LAWNDALE,-118.34382629394533,33.87784194946289
9406123,2021,2022-02-17,1900,2021-12-21,1500,623564,0333,2,5,4,1939,0,0,0,NA,0,035,INGLEWOOD AV,161ST ST,75,N,N,A,-,N,NA,NA,NA,NA,NA,NA,NA,NA,NA,N,3,0,1,2,A,-,09,21804,A,N,H,G,A,A,H,-,A,D,0,NA,Y,NA,NA,Y,NA,A,01,0,1,0,0,0,0,1,0,0,-,-,33.88473892211914,-118.36121368408205,LOS ANGELES,LAWNDALE,-118.3613510131836,33.884674072265625
9406126,2021,2022-02-17,1901,2021-12-04,0254,171,2,6,5,5,1901,0,0,0,NA,0,001,MISSION RD,6TH ST,0,NA,Y,A,-,N,NA,NA,NA,NA,NA,NA,NA,NA,NA,N,4,0,1,2,A,-,01,23152,A,N,D,C,A,A,H,-,C,A,0,NA,NA,NA,NA,Y,Y,A,01,0,0,1,0,0,0,0,0,0,-,-,34.08686065673828,-118.1295928955078,LOS ANGELES,ALHAMBRA,-118.12955474853516,34.08686828613281
9406127,2021,2022-02-17,1901,2021-12-23,1250,287,13,4,5,5,1901,0,0,0,NA,0,002,ATLANTIC BL,NORWOOD PL,25,N,N,C,-,N,NA,NA,NA,NA,NA,NA,NA,NA,NA,N,4,0,1,1,A,-,03,22350,NA,N,E,I,A,B,H,-,A,D,0,NA,NA,NA,NA,Y,NA,A,01,0,0,1,0,0,0,0,0,0,-,-,34.07590103149414,-118.13450622558594,LOS ANGELES,ALHAMBRA,-118.1344985961914,34.07594680786133
9406128,2021,2022-02-17,1901,2021-12-01,1510,180,10,3,5,5,1901,0,0,0,NA,0,002,GARFIELD AV,LOS HIGOS ST,9,S,N,A,-,N,NA,NA,NA,NA,NA,NA,NA,NA,NA,NA,3,0,1,2,A,-,10,21950,A,N,G,B,B,A,H,-,A,A,0,Y,NA,NA,NA,Y,NA,A,07,0,1,0,0,1,0,0,0,0,-,-,34.085670471191406,-118.1230926513672,LOS ANGELES,ALHAMBRA,-118.12306213378906,34.085723876953125
9406129,2021,2022-02-17,1901,2021-12-14,0430,115,6,2,5,5,1901,0,0,0,NA,0,001,GARFIELD AV,MAIN ST,0,NA,Y,C,-,N,NA,NA,NA,NA,NA,NA,NA,NA,NA,N,4,0,1,2,A,-,12,21453,A,N,D,C,A,B,H,-,C,A,0,NA,NA,NA,NA,Y,NA,-,-,0,0,1,0,0,0,0,0,0,-,-,34.09518814086914,-118.12689208984376,LOS ANGELES,ALHAMBRA,-118.12683868408205,34.09516906738281
9406134,2021,2022-02-17,1944,2021-12-18,0100,373,M24,6,5,4,1944,0,0,0,NA,0,001,6TH ST,HERRIN ST,190,W,N,A,-,N,NA,NA,NA,NA,NA,NA,NA,NA,NA,N,4,0,1,3,A,-,01,23152,A,N,A,E,A,A,H,-,C,A,0,NA,NA,NA,NA,Y,Y,A,01,0,0,1,0,0,0,0,0,0,-,-,33.88282012939453,-118.38517761230467,LOS ANGELES,MANHATTAN BEACH,-118.38580322265624,33.88279342651367
9406140,2021,2022-02-16,1900,2021-12-27,1238,533021,0811,1,5,4,1960,0,0,0,NA,0,81K1,LONE HILL AV,GLADSTONE ST,21,S,N,C,-,N,NA,NA,NA,NA,NA,NA,NA,NA,NA,N,3,0,1,2,A,-,03,22350,NA,N,A,C,A,B,H,-,A,A,0,NA,NA,NA,NA,Y,NA,A,07,0,1,0,0,0,0,0,0,0,-,-,34.11378860473633,-117.38288879394533,LOS ANGELES,SAN DIMAS,-117.82884979248048,34.11394119262695
9406141,2022,2022-02-28,1942,2022-01-25,0920,43690,2136,2,5,7,1942,0,0,0,NA,0,17A81W,WYANDOTTE AV,CANOGA AV,0,NA,Y,A,-,N,NA,NA,NA,NA,NA,NA,NA,NA,NA,N,3,0,1,1,A,-,00,23103,NA,F,B,I,A,A,H,-,A,D,0,NA,NA,NA,NA,Y,NA,-,-,0,1,0,0,0,0,0,0,0,-,-,NA,NA,LOS ANGELES,LOS ANGELES,-118.59770965576172,34.20280075073242
9406142,2022,2022-02-16,1942,2022-01-20,2200,43872,1024,4,5,7,1942,0,0,0,J,0,10A21W,SHERMAN WY,AMIGO AV,67,E,N,A,-,N,NA,NA,NA,NA,NA,NA,NA,NA,NA,N,3,0,1,2,A,-,00,21954,NA,F,-,-,-,A,H,-,C,-,0,Y,NA,NA,NA,Y,NA,N,60,0,1,0,0,1,0,0,0,0,-,-,NA,NA,LOS ANGELES,LOS ANGELES,-118.53840637207033,34.2010498046875
9406143,2022,2022-02-16,1942,2022-01-16,0330,36946,1747,7,5,7,1942,0,0,0,Q,0,LOSANG,CHATSWORTH ST,BALBOA BL,500,E,N,B,-,N,NA,NA,NA,NA,NA,NA,NA,NA,NA,N,4,0,1,2,A,-,21,22106,NA,F,H,C,A,A,H,-,C,D,0,NA,NA,NA,NA,Y,NA,-,NA,0,0,1,0,0,0,0,0,0,-,-,NA,NA,LOS ANGELES,LOS ANGELES,-118.5006103515625,34.26475143432617
9406144,2022,2022-03-24,1942,2022-01-25,1500,43059,2187,2,5,7,1942,0,0,0,NA,0,21A97,MEDINA RD,BAZA RD,0,NA,-,A,-,N,NA,NA,NA,NA,NA,NA,NA,NA,NA,N,3,0,1,2,A,-,00,20001,NA,F,G,-,E,A,H,-,A,D,0,Y,NA,NA,NA,Y,NA,A,01,0,1,0,0,1,0,0,0,0,-,-,NA,NA,LOS ANGELES,LOS ANGELES,-118.60082244873048,34.16579818725586
9406145,2022,2022-02-16,1942,2022-01-15,1910,44210,1961,6,5,7,1942,0,0,0,NA,0,19A61,ORION AV,RAYEN,20,E,N,A,-,N,NA,NA,NA,NA,NA,NA,NA,NA,NA,N,4,0,1,2,A,-,21,22106,NA,F,G,E,A,A,H,-,B,D,0,NA,NA,Y,NA,Y,NA,-,99,0,0,1,0,0,0,0,0,0,-,-,NA,NA,LOS ANGELES,LOS ANGELES,-118.47200775146484,34.23191833496094
9406146,2022,2022-02-16,1942,2022-01-29,1400,41514,2148,6,5,7,1942,0,0,0,NA,0,26TL43,VANOWEN ST,OSO AV,20,E,N,A,-,N,NA,NA,NA,NA,NA,NA,NA,NA,NA,Y,3,0,1,1,A,-,08,22107,NA,M,E,I,A,A,H,-,A,D,0,NA,NA,NA,NA,Y,NA,A,01,0,1,0,0,0,0,0,0,0,-,-,NA,NA,LOS ANGELES,LOS ANGELES,-118.57526397705078,34.19379806518555
9406148,2022,2022-06-01,1941,2022-01-27,1018,6088,NA,4,5,7,1941,0,0,0,NA,0,NA,CARSON ST,ATLANTIC AV,50,E,N,A,-,N,NA,NA,NA,NA,NA,NA,NA,NA,NA,Y,4,0,1,2,A,-,09,21801,A,N,D,C,A,A,H,-,A,D,0,NA,NA,NA,NA,Y,NA,A,NA,0,0,1,0,0,0,0,0,0,-,-,NA,NA,LOS ANGELES,LONG BEACH,-118.18490600585938,33.831748962402344
9406149,2022,2022-02-16,1941,2022-01-29,0210,11405,NA,6,5,7,1941,0,0,0,NA,0,NA,SAN FRANCISCO AV,19TH ST,200,N,N,A,-,N,NA,NA,NA,NA,NA,NA,NA,NA,NA,N,4,0,1,3,A,-,03,22350,NA,F,B,-,E,A,-,-,C,D,0,Y,NA,NA,NA,Y,NA,A,NA,0,0,1,0,1,0,0,0,0,-,-,NA,NA,LOS ANGELES,LONG BEACH,-118.20352935791016,33.79221725463867
9406155,2022,2022-02-16,1955,2022-01-27,1559,41900,0004,4,5,6,1955,0,0,0,NA,0,001,MISSION BL,PARK AV,114,W,N,A,-,N,NA,NA,NA,NA,NA,NA,NA,NA,NA,N,3,0,1,2,A,-,09,21804,A,N,D,C,A,A,H,-,A,A,0,NA,NA,Y,NA,Y,NA,A,01,0,1,0,0,0,0,0,0,1,-,-,34.05500030517578,-117.75440979003906,LOS ANGELES,POMONA,-117.75478363037108,34.05498504638672
9406156,2022,2022-02-16,1955,2022-01-30,1147,42686,0097,7,5,6,1955,0,0,0,NA,0,004,1ST ST,SAN ANTONIO AV,6,E,N,A,-,N,NA,NA,NA,NA,NA,NA,NA,NA,NA,Y,4,0,1,2,A,-,03,22350,NA,F,C,C,A,A,H,-,A,A,0,NA,NA,NA,NA,Y,NA,A,07,0,0,1,0,0,0,0,0,0,-,-,NA,NA,LOS ANGELES,POMONA,-117.73705291748048,34.05902862548828
9406157,2022,2022-02-16,1955,2022-01-31,0536,41974,10,1,5,6,1955,0,0,0,NA,0,003,GAREY AV,ORANGE GROVE AV,0,NA,Y,-,-,N,NA,NA,NA,NA,NA,NA,NA,NA,NA,N,4,0,1,2,A,-,11,21950,B,N,G,D,B,A,H,-,C,A,0,Y,NA,NA,NA,Y,NA,N,60,0,0,1,0,1,0,0,0,0,-,-,34.07268142700195,-117.75221252441406,LOS ANGELES,POMONA,-117.75225830078124,34.0726318359375
9406158,2022,2022-02-16,1955,2022-01-29,1142,42602,0084,6,5,6,1955,0,0,0,NA,0,004,GAREY AV,LEXINGTON AV,446,S,N,A,-,N,NA,NA,NA,NA,NA,NA,NA,NA,NA,N,3,0,3,2,A,-,06,21755,A,N,D,C,A,A,H,-,A,D,0,NA,NA,Y,NA,Y,NA,C,02,0,1,2,0,0,0,0,0,1,-,-,34.03697967529297,-117.74939727783205,LOS ANGELES,POMONA,-117.74942016601564,34.03568649291992
9406159,2022,2022-02-16,1955,2022-01-27,1413,42609,5,4,5,6,1955,0,0,0,NA,0,004,MISSION BL,TOWNE AV,0,NA,Y,A,-,N,NA,NA,NA,NA,NA,NA,NA,NA,NA,Y,4,0,4,2,A,-,08,22107,NA,N,A,C,A,A,H,-,A,A,0,NA,NA,NA,NA,Y,NA,A,01,0,0,4,0,0,0,0,0,0,-,-,34.05535125732422,-117.74130249023438,LOS ANGELES,POMONA,-117.7413330078125,34.05531692504883
9406161,2022,2022-02-16,1900,2022-01-18,1755,618405,2111,2,5,5,1943,0,0,0,NA,0,212T3,LONG BEACH BL,NORTON AV,3,S,N,A,B,N,NA,NA,NA,NA,NA,NA,NA,NA,NA,N,4,0,1,2,A,-,12,21453,A,N,G,B,B,A,H,-,C,A,0,Y,NA,NA,NA,Y,NA,A,01,0,0,1,0,1,0,0,0,0,-,-,NA,NA,LOS ANGELES,LYNWOOD,-118.21245574951172,33.933223724365234
9406162,2022,2022-02-16,1900,2022-01-14,1920,548515,2112,5,5,5,1943,0,0,0,NA,0,212T3,ABBOTT RD,SAN ANTONIO,0,NA,Y,A,-,N,NA,NA,NA,NA,NA,NA,NA,NA,NA,N,3,0,1,2,A,-,09,21802,A,F,D,G,A,A,H,-,C,A,0,NA,Y,NA,NA,Y,NA,A,01,0,1,0,0,0,0,1,0,0,-,-,NA,NA,LOS ANGELES,LYNWOOD,-118.20738220214844,33.93619918823242
9406163,2022,2022-02-16,1900,2022-01-18,1945,618405,2112,2,5,5,1943,0,0,0,NA,0,212T3,OTIS ST,IMPERIAL HWY,3,N,N,A,B,N,NA,NA,NA,NA,NA,NA,NA,NA,NA,N,3,0,1,2,A,-,08,22107,NA,N,G,B,B,A,H,-,C,A,0,Y,NA,NA,NA,Y,NA,A,01,0,1,0,0,1,0,0,0,0,-,-,NA,NA,LOS ANGELES,LYNWOOD,-118.19892120361328,33.932029724121094
9406164,2022,2022-02-16,1900,2022-01-21,1836,654205,2117,5,5,5,1943,0,0,0,NA,0,212T2,HARRIS AV,MCMILLAN ST,0,NA,Y,A,-,N,NA,NA,NA,NA,NA,NA,NA,NA,NA,N,4,0,1,2,A,-,08,22107,NA,N,G,B,E,A,H,-,C,D,0,Y,NA,NA,NA,Y,NA,A,07,0,0,1,0,1,0,0,0,0,-,-,NA,NA,LOS ANGELES,LYNWOOD,-118.1994400024414,33.906673431396484
9406165,2022,2022-02-16,1900,2022-01-21,1910,654205,2111,5,5,5,1943,0,0,0,NA,0,212T2,CAPISTRANO AV,MLK BL,0,NA,Y,A,-,N,NA,NA,NA,NA,NA,NA,NA,NA,NA,N,2,0,1,2,A,-,03,22350,NA,F,B,C,A,A,H,-,C,D,0,NA,NA,Y,NA,Y,NA,-,99,1,0,0,0,0,0,0,0,0,-,-,NA,NA,LOS ANGELES,LYNWOOD,-118.21810150146484,33.93730926513672
9406166,2022,2022-02-16,1929,2022-01-29,1825,176,SW,6,5,3,1929,0,0,0,NA,0,003,PCH,18TH ST,10,S,N,A,-,N,NA,NA,NA,NA,NA,NA,NA,NA,NA,N,4,0,1,2,A,-,09,21801,A,N,G,B,D,A,H,-,C,D,0,Y,NA,NA,NA,Y,NA,-,-,0,0,1,0,1,0,0,0,0,-,-,NA,NA,LOS ANGELES,HERMOSA BEACH,-118.39393615722656,33.868003845214844
9406176,2022,2022-02-16,1976,2022-01-27,1608,424,1976,4,5,5,1976,0,0,0,NA,0,003,MAR VISTA ST,SAN LUCAS DR,213,W,N,A,-,N,NA,NA,NA,NA,NA,NA,NA,NA,NA,N,4,0,1,1,A,-,03,22350,NA,N,F,A,A,A,B,-,A,D,0,NA,NA,Y,NA,Y,NA,C,02,0,0,1,0,0,0,0,0,1,-,-,NA,NA,LOS ANGELES,WHITTIER,-118.00983428955078,33.963287353515625
9406177,2022,2022-02-16,1976,2022-01-26,1939,531,NA,3,5,5,1976,0,0,0,NA,0,002,SANTA FE SPRINGS RD,PUTNAM ST,48,S,N,A,-,N,NA,NA,NA,NA,NA,NA,NA,NA,NA,Y,2,0,1,2,A,-,08,22107,NA,N,H,G,A,A,H,-,C,D,0,NA,Y,NA,NA,Y,Y,L,04,1,0,0,0,0,0,1,0,0,-,-,NA,NA,LOS ANGELES,WHITTIER,-118.04340362548828,33.96624755859375
9406178,2022,2022-02-16,1976,2022-01-26,1935,535,NA,3,5,5,1976,0,0,0,NA,0,001,GREENLEAF AV,BEVERLY BL,0,NA,Y,A,-,N,NA,NA,NA,NA,NA,NA,NA,NA,NA,Y,2,0,2,2,A,-,01,23152,A,N,D,C,A,A,H,-,C,A,0,NA,NA,NA,NA,Y,Y,A,01,1,0,1,0,0,0,0,0,0,-,-,NA,NA,LOS ANGELES,WHITTIER,-118.0373306274414,33.988121032714844
9406183,2022,2022-02-25,1942,2022-02-01,1425,43098,1822,2,5,7,1942,0,0,0,R,0,18X38,BROADWAY,98TH ST,50,S,N,B,-,N,NA,NA,NA,NA,NA,NA,NA,NA,NA,Y,2,0,3,2,A,-,01,23152,A,N,D,C,A,A,H,-,A,A,0,NA,NA,NA,NA,Y,NA,A,01,1,1,1,0,0,0,0,0,0,-,-,NA,NA,LOS ANGELES,LOS ANGELES,-118.27839660644533,33.94708251953125
9406184,2022,2022-02-25,1942,2022-02-02,1915,38202,1842,3,5,7,1942,0,0,0,R,0,25MX84,MAIN ST,111TH ST,0,NA,Y,A,-,N,NA,NA,NA,NA,NA,NA,NA,NA,NA,Y,3,0,1,2,A,-,09,21802,A,N,D,C,A,A,H,-,C,A,0,NA,NA,NA,NA,Y,Y,-,-,0,1,0,0,0,0,0,0,0,-,-,NA,NA,LOS ANGELES,LOS ANGELES,-118.27389526367188,33.93478012084961
9406185,2022,2022-02-25,1942,2022-02-03,0740,41923,1259,4,5,7,1942,0,0,0,L,0,25TL29,FLORENCE AV,TOWNE AV,143,W,N,A,-,N,NA,NA,NA,NA,NA,NA,NA,NA,NA,N,2,0,1,2,A,-,09,21804,A,N,D,G,A,A,H,-,A,D,0,NA,Y,NA,NA,Y,NA,L,04,1,0,0,0,0,0,1,0,0,-,-,NA,NA,LOS ANGELES,LOS ANGELES,-118.26783752441406,33.974708557128906
9406215,2022,2022-03-02,1955,2022-02-02,1618,42194,82,3,5,6,1955,0,0,0,NA,0,005,WHITE AV,PHILLIPS BL,20,N,N,A,-,N,NA,NA,NA,NA,NA,NA,NA,NA,NA,NA,4,0,1,2,A,-,09,21801,A,N,A,C,A,A,H,-,A,A,0,NA,NA,NA,NA,Y,NA,A,01,0,0,1,0,0,0,0,0,0,-,-,34.044010162353516,-117.75840759277344,LOS ANGELES,POMONA,-117.75839233398438,34.044044494628906
9406216,2022,2022-03-02,1955,2022-02-02,1616,42609,52,3,5,6,1955,0,0,0,NA,0,005,MISSION BL,DUDLEY ST,400,E,N,A,-,N,NA,NA,NA,NA,NA,NA,NA,NA,NA,NA,3,0,1,2,A,-,09,21804,A,N,D,C,A,A,H,-,A,A,0,NA,NA,NA,NA,Y,NA,A,01,0,1,0,0,0,0,0,0,0,-,-,34.054500579833984,-117.77352142333984,LOS ANGELES,POMONA,-117.77230072021484,34.05455017089844
9406217,2022,2022-03-02,1955,2022-02-02,0753,40624,86,3,5,6,1955,0,0,0,NA,0,004,SAN ANTONIO AV,PHILLIPS BL,0,NA,Y,A,-,N,NA,NA,NA,NA,NA,NA,NA,NA,NA,NA,4,0,1,2,A,-,05,21650,1,N,D,G,A,A,H,-,A,A,0,NA,Y,NA,NA,Y,NA,L,04,0,0,1,0,0,0,1,0,0,-,-,34.04465866088867,-117.73651123046876,LOS ANGELES,POMONA,-117.73657989501952,34.044532775878906
9406219,2022,2022-03-02,1920,2022-02-02,1535,13321,1920,3,5,6,1920,0,0,0,NA,0,006,STEWART AND GRAY RD,PARAMOUNT BL,525,E,N,A,-,N,NA,NA,NA,NA,NA,NA,NA,NA,NA,N,4,0,1,2,A,-,09,21804,A,M,B,C,A,A,H,-,A,A,0,NA,NA,NA,NA,Y,NA,A,01,0,0,1,0,0,0,0,0,0,-,-,NA,NA,LOS ANGELES,DOWNEY,-118.14234161376952,33.93400573730469
9406220,2022,2022-03-02,1920,2022-02-06,1647,13500,1920,7,5,6,1920,0,0,0,NA,0,006,STEWART AND GRAY RD,DOWNEY AV,297,E,N,A,-,N,NA,NA,NA,NA,NA,NA,NA,NA,NA,N,4,0,2,2,A,-,09,21804,A,N,D,C,A,A,H,-,A,D,0,NA,NA,NA,NA,Y,NA,A,01,0,0,2,0,0,0,0,0,0,-,-,NA,NA,LOS ANGELES,DOWNEY,-118.1378173828125,33.93171310424805
9406358,2021,2022-02-17,1906,2021-09-22,0742,4447,1906,3,5,5,1906,0,0,0,NA,0,001,RAMONA BL,LA RICA AV,9,E,N,A,-,N,NA,NA,NA,NA,NA,NA,NA,NA,NA,N,4,0,1,2,A,-,10,21950,NA,N,G,B,B,A,H,-,A,A,0,Y,NA,NA,NA,Y,NA,A,01,0,0,1,0,1,0,0,0,0,-,-,NA,NA,LOS ANGELES,BALDWIN PARK,-117.96649169921876,34.085060119628906
9406367,2022,2022-02-23,1941,2022-02-04,1647,11249,NA,5,5,7,1941,0,0,0,NA,0,NA,HARDING ST,ATLANTIC AV,33,W,N,A,-,N,NA,NA,NA,NA,NA,NA,NA,NA,NA,Y,3,0,3,3,A,-,03,22350,NA,F,D,C,A,A,H,-,A,D,0,NA,NA,NA,NA,Y,NA,A,NA,0,1,2,0,0,0,0,0,0,-,-,NA,NA,LOS ANGELES,LONG BEACH,-118.18562316894533,33.8672981262207
9406368,2022,2022-02-23,1941,2022-02-04,1437,11316,NA,5,5,7,1941,0,0,0,NA,0,NA,ATLANTIC AV,36TH ST,0,NA,Y,A,-,N,NA,NA,NA,NA,NA,NA,NA,NA,NA,N,3,0,1,2,A,-,09,21801,A,N,G,B,B,A,H,-,A,A,0,Y,NA,NA,NA,Y,NA,D,NA,0,1,0,0,1,0,0,0,0,-,-,NA,NA,LOS ANGELES,LONG BEACH,-118.18502807617188,33.8221435546875
9406375,2022,2022-02-23,1941,2022-02-04,1130,11541,NA,5,5,7,1941,0,0,0,NA,0,NA,LONG BEACH BL,RT 710,0,NA,Y,A,-,N,NA,NA,NA,NA,NA,NA,NA,NA,NA,N,4,0,1,2,A,-,12,21453,A,N,H,G,A,A,H,-,A,A,0,NA,Y,NA,NA,Y,NA,L,NA,0,0,1,0,0,0,1,0,0,-,-,NA,NA,LOS ANGELES,LONG BEACH,-118.1992416381836,33.86238479614258
9406376,2022,2022-02-24,1942,2022-02-05,1550,41316,2148,6,5,7,1942,0,0,0,NA,0,26TL78,SHERMAN WY,OSO AV,225,W,N,A,-,N,NA,NA,NA,NA,NA,NA,NA,NA,NA,Y,3,0,1,5,A,-,08,22107,NA,F,B,C,A,A,H,-,A,D,0,NA,NA,NA,NA,Y,NA,-,99,0,1,0,0,0,0,0,0,0,-,-,NA,NA,LOS ANGELES,LOS ANGELES,-118.57609558105467,34.20100784301758
9406401,2022,2022-03-17,1951,2022-02-09,1453,747,1951,3,5,3,1951,0,0,0,NA,0,012,PALOS VERDES DR WEST,FIRE HYDRANT,81,E,N,A,-,N,NA,NA,NA,NA,NA,NA,NA,NA,NA,Y,2,0,1,1,A,-,03,22350,NA,N,F,-,A,A,H,-,A,D,0,NA,Y,NA,NA,Y,NA,L,04,1,0,0,0,0,0,1,0,0,-,-,NA,NA,LOS ANGELES,PALOS VERDES EST,NA,NA
9406402,2022,2022-03-08,1951,2022-02-09,1234,747,1951,3,5,3,1951,0,0,0,NA,0,012,VIA PINALE,VIA DELMONTE,306,E,N,A,-,N,NA,NA,NA,NA,NA,NA,NA,NA,NA,Y,3,0,1,2,A,-,03,22350,NA,N,B,E,A,A,H,-,A,D,0,NA,NA,NA,NA,Y,NA,A,01,0,1,0,0,0,0,0,0,0,-,-,NA,NA,LOS ANGELES,PALOS VERDES EST,-118.39048767089844,33.79834747314453
9406418,2022,2022-02-22,1955,2022-02-07,1153,42609,10,1,5,6,1955,0,0,0,NA,0,003,GAREY AV,MCKINLEY AV,10,N,N,A,-,N,NA,NA,NA,NA,NA,NA,NA,NA,NA,Y,3,0,2,2,A,-,03,22350,NA,N,C,C,A,A,H,-,A,A,0,NA,NA,NA,NA,Y,NA,A,01,0,1,1,0,0,0,0,0,0,-,-,34.074249267578125,-117.75225067138672,LOS ANGELES,POMONA,-117.75225830078124,34.07432556152344
9406419,2022,2022-02-22,1955,2022-02-05,0140,42725,12,6,5,6,1955,0,0,0,NA,0,003,SAN ANTONIO AV,BRIARWOOD LN,198,S,N,A,-,N,NA,NA,NA,NA,NA,NA,NA,NA,NA,Y,4,0,1,2,A,-,08,22107,NA,N,C,E,A,A,H,-,C,A,0,NA,NA,NA,NA,Y,NA,A,08,0,0,1,0,0,0,0,0,0,-,-,34.07954025268555,-117.73676300048828,LOS ANGELES,POMONA,-117.73673248291016,34.078887939453125
9406420,2022,2022-02-22,1955,2022-02-03,0818,40437,70,4,5,6,1955,0,0,0,NA,0,005,VILLAGE LOOP RD,SUNDANCE DR,18,W,N,A,-,N,NA,NA,NA,NA,NA,NA,NA,NA,NA,Y,4,0,1,2,A,-,09,21802,A,N,D,C,A,A,H,-,A,A,0,NA,NA,NA,NA,Y,NA,A,07,0,0,1,0,0,0,0,0,0,-,-,34.03483963012695,-117.7775421142578,LOS ANGELES,POMONA,-117.77765655517578,34.0347900390625
9406487,2021,2022-02-15,1900,2021-12-29,0735,623701,0645,3,5,6,1985,0,0,0,NA,0,64T1,RYE CANYON RD,NEWHALL RANCH RD,34,S,N,B,-,N,NA,NA,NA,NA,NA,NA,NA,NA,NA,Y,4,0,1,2,A,-,03,22350,NA,N,C,C,A,A,H,-,A,A,0,NA,NA,NA,NA,Y,NA,A,01,0,0,1,0,0,0,0,0,0,-,-,34.442420959472656,-118.5756378173828,LOS ANGELES,SANTA CLARITA,-118.57911682128906,34.44314956665039
9406489,2022,2022-02-14,1900,2022-01-05,1302,407357,0642,3,5,6,1985,0,0,0,NA,0,64T1,NEWHALL RANCH RD,MCBEAN PKWY,0,NA,Y,A,-,N,NA,NA,NA,NA,NA,NA,NA,NA,NA,Y,3,0,3,7,C,-,18,NA,NA,N,A,C,A,A,H,-,A,A,0,NA,NA,NA,NA,Y,NA,-,-,0,2,1,0,0,0,0,0,0,-,-,34.43143844604492,-118.55728912353516,LOS ANGELES,SANTA CLARITA,-118.55773162841795,34.43135452270508
9406492,2022,2022-02-14,1900,2022-01-08,2030,508705,0628,6,5,6,1985,0,0,0,NA,0,6241,SIERRA HWY,NEWHALL AV,398,N,N,A,-,N,NA,NA,NA,NA,NA,NA,NA,NA,NA,Y,4,0,1,2,D,-,00,NA,NA,N,B,C,A,-,H,-,A,D,0,NA,NA,NA,NA,Y,NA,-,-,0,0,1,0,0,0,0,0,0,-,-,34.36688995361328,-118.50543212890624,LOS ANGELES,SANTA CLARITA,-118.50559997558594,34.366790771484375
9406495,2022,2022-02-22,1905,2022-01-06,1847,1176,422,4,5,4,1905,0,0,0,NA,0,003,EAST FOOTHILL BL,SOLDANO AV,0,NA,Y,A,-,N,NA,NA,NA,NA,NA,NA,NA,NA,NA,Y,3,0,2,2,A,-,09,21802,A,F,D,C,A,A,H,-,C,A,0,NA,NA,NA,Y,Y,Y,F,26,0,2,0,0,0,0,0,0,0,-,-,34.133460998535156,-117.90370178222656,LOS ANGELES,AZUSA,-117.90370178222656,34.13347244262695
9406497,2021,2022-02-15,1905,2021-12-23,1427,1175,211,4,5,4,1905,0,0,0,NA,0,002,AZUSA AV,3RD ST,0,NA,Y,C,-,N,NA,NA,NA,NA,NA,NA,NA,NA,NA,Y,4,0,1,2,A,-,08,22100,B,N,B,C,A,B,H,-,A,A,0,NA,NA,NA,NA,Y,NA,A,01,0,0,1,0,0,0,0,0,0,-,-,NA,NA,LOS ANGELES,AZUSA,-117.90757751464844,34.126216888427734