CASE_ID,ACCIDENT_YEAR,PROC_DATE,JURIS,COLLISION_DATE,COLLISION_TIME,OFFICER_ID,REPORTING_DISTRICT,DAY_OF_WEEK,CHP_SHIFT,POPULATION,CNTY_CITY_LOC,SPECIAL_COND,BEAT_TYPE,CHP_BEAT_TYPE,CITY_DIVISION_LAPD,CHP_BEAT_CLASS,BEAT_NUMBER,PRIMARY_RD,SECONDARY_RD,DISTANCE,DIRECTION,INTERSECTION,WEATHER_1,WEATHER_2,STATE_HWY_IND,CALTRANS_COUNTY,CALTRANS_DISTRICT,STATE_ROUTE,ROUTE_SUFFIX,POSTMILE_PREFIX,POSTMILE,LOCATION_TYPE,RAMP_INTERSECTION,SIDE_OF_HWY,TOW_AWAY,COLLISION_SEVERITY,NUMBER_KILLED,NUMBER_INJURED,PARTY_COUNT,PRIMARY_COLL_FACTOR,PCF_CODE_OF_VIOL,PCF_VIOL_CATEGORY,PCF_VIOLATION,PCF_VIOL_SUBSECTION,HIT_AND_RUN,TYPE_OF_COLLISION,MVIW,PED_ACTION,ROAD_SURFACE,ROAD_COND_1,ROAD_COND_2,LIGHTING,CONTROL_DEVICE,CHP_ROAD_TYPE,PEDESTRIAN_ACCIDENT,BICYCLE_ACCIDENT,MOTORCYCLE_ACCIDENT,TRUCK_ACCIDENT,NOT_PRIVATE_PROPERTY,ALCOHOL_INVOLVED,STWD_VEHTYPE_AT_FAULT,CHP_VEHTYPE_AT_FAULT,COUNT_SEVERE_INJ,COUNT_VISIBLE_INJ,COUNT_COMPLAINT_PAIN,COUNT_PED_KILLED,COUNT_PED_INJURED,COUNT_BICYCLIST_KILLED,COUNT_BICYCLIST_INJURED,COUNT_MC_KILLED,COUNT_MC_INJURED,PRIMARY_RAMP,SECONDARY_RAMP,LATITUDE,LONGITUDE,COUNTY,CITY,POINT_X,POINT_Y
9406689,2022,2022-03-01,1941,2022-02-04,1939,11572,NA,5,5,7,1941,0,0,0,NA,0,NA,LONG BEACH BL,BARCLAY ST,143,S,N,A,-,N,NA,NA,NA,NA,NA,NA,NA,NA,NA,N,2,0,1,2,A,-,11,21954,A,N,A,B,D,A,H,-,C,D,0,Y,NA,NA,NA,Y,Y,N,NA,1,0,0,0,1,0,0,0,0,-,-,NA,NA,LOS ANGELES,LONG BEACH,-118.20050811767578,33.86680221557617
9406690,2022,2022-03-29,1941,2022-02-09,1548,10919,NA,3,5,7,1941,0,0,0,NA,0,NA,SANTA FE AV,28TH ST,0,NA,Y,A,-,N,NA,NA,NA,NA,NA,NA,NA,NA,NA,N,4,0,1,2,A,-,-,NA,NA,N,-,G,A,A,H,-,A,D,0,NA,Y,NA,NA,Y,NA,-,NA,0,0,1,0,0,0,1,0,0,-,-,NA,NA,LOS ANGELES,LONG BEACH,-118.21552276611328,33.808013916015625
9406691,2022,2022-04-06,1941,2022-02-08,1834,11572,NA,2,5,7,1941,0,0,0,NA,0,NA,ATLANTIC PL,71ST ST,147,W,N,A,-,N,NA,NA,NA,NA,NA,NA,NA,NA,NA,N,4,0,1,2,A,-,08,22107,NA,N,G,B,F,A,H,-,C,D,0,Y,NA,NA,NA,Y,NA,A,NA,0,0,1,0,1,0,0,0,0,-,-,NA,NA,LOS ANGELES,LONG BEACH,-118.18585968017578,33.883628845214844
9406692,2022,2022-03-07,1941,2022-02-10,1643,11239,NA,4,5,7,1941,0,0,0,NA,0,NA,EAST OCEAN BL,GRANADA AV,0,NA,Y,A,-,N,NA,NA,NA,NA,NA,NA,NA,NA,NA,N,3,0,1,2,A,-,09,21802,A,N,G,B,B,A,H,-,A,D,0,Y,NA,NA,NA,Y,Y,A,NA,0,1,0,0,1,0,0,0,0,-,-,NA,NA,LOS ANGELES,LONG BEACH,-118.1387176513672,33.75624465942383
9406693,2022,2022-04-06,1941,2022-02-05,1511,11672,NA,6,5,7,1941,0,0,0,NA,0,NA,ATLANTIC AV,SUNRISE BL,100,N,N,A,-,N,NA,NA,NA,NA,NA,NA,NA,NA,NA,N,4,0,3,3,A,-,04,21703,NA,N,C,C,A,A,H,-,A,D,0,NA,NA,NA,NA,Y,NA,A,NA,0,0,3,0,0,0,0,0,0,-,-,NA,NA,LOS ANGELES,LONG BEACH,-118.18502807617188,33.80320358276367
9406694,2022,2022-03-02,1941,2022-02-12,0546,11370,NA,6,5,7,1941,0,0,0,NA,0,NA,EAST 7TH ST,E 7TH ST 1063,0,NA,N,A,-,N,NA,NA,NA,NA,NA,NA,NA,NA,NA,Y,3,0,1,2,A,-,08,22107,NA,N,D,C,A,A,H,-,B,D,0,NA,NA,NA,NA,Y,NA,A,NA,0,1,0,0,0,0,0,0,0,-,-,NA,NA,LOS ANGELES,LONG BEACH,-118.12270355224608,33.775306701660156
9406695,2022,2022-03-01,1941,2022-02-11,2058,11516,NA,5,5,7,1941,0,0,0,NA,0,NA,EAST 4TH ST,ALMOND AV,0,NA,Y,A,-,N,NA,NA,NA,NA,NA,NA,NA,NA,NA,N,4,0,1,2,A,-,06,21750,A,N,D,G,A,A,H,-,C,D,0,NA,Y,NA,NA,Y,NA,L,NA,0,0,1,0,0,0,1,0,0,-,-,NA,NA,LOS ANGELES,LONG BEACH,-118.17473602294922,33.77174377441406
9406696,2022,2022-03-01,1941,2022-02-11,2044,11545,NA,5,5,7,1941,0,0,0,NA,0,NA,2ND ST,ROYCROFT AV,30,E,N,A,-,N,NA,NA,NA,NA,NA,NA,NA,NA,NA,N,3,0,1,2,D,-,00,NA,NA,N,D,G,A,A,H,-,C,A,0,NA,Y,NA,NA,Y,NA,-,-,0,1,0,0,0,0,1,0,0,-,-,NA,NA,LOS ANGELES,LONG BEACH,-118.13859558105467,33.761810302734375
9406697,2022,2022-03-02,1941,2022-02-11,1920,11540,NA,5,5,7,1941,0,0,0,NA,0,NA,EAST 7TH ST,LIGHT POLE #5131019,21,E,N,A,-,N,NA,NA,NA,NA,NA,NA,NA,NA,NA,Y,4,0,1,2,A,-,09,21804,A,N,D,C,A,A,H,-,C,D,0,NA,NA,NA,NA,Y,NA,A,NA,0,0,1,0,0,0,0,0,0,-,-,NA,NA,LOS ANGELES,LONG BEACH,NA,NA
9406698,2022,2022-03-02,1941,2022-02-06,1817,6321,NA,7,5,7,1941,0,0,0,NA,0,NA,BROADWAY,JUNIPERO,6,W,N,A,-,N,NA,NA,NA,NA,NA,NA,NA,NA,NA,Y,3,0,1,2,A,-,03,22350,NA,N,C,E,A,A,H,-,C,A,0,NA,NA,NA,NA,Y,Y,A,NA,0,1,0,0,0,0,0,0,0,-,-,NA,NA,LOS ANGELES,LONG BEACH,-118.16583251953124,33.76693344116211
9406699,2022,2022-03-02,1941,2022-02-06,1754,11240,NA,7,5,7,1941,0,0,0,NA,0,NA,ANAHEIM ST,ALAMITOS AV,0,NA,Y,A,-,N,NA,NA,NA,NA,NA,NA,NA,NA,NA,Y,2,0,3,2,A,-,12,21453,A,N,A,C,A,A,H,-,B,A,0,NA,NA,NA,NA,Y,Y,A,NA,2,0,1,0,0,0,0,0,0,-,-,NA,NA,LOS ANGELES,LONG BEACH,-118.17797088623048,33.78260803222656
9406700,2022,2022-03-02,1941,2022-02-06,1505,11576,NA,7,5,7,1941,0,0,0,NA,0,NA,ROSWELL AV,ROSWELL 260,0,NA,N,A,-,N,NA,NA,NA,NA,NA,NA,NA,NA,NA,Y,4,0,1,2,A,-,21,22106,NA,N,D,C,A,A,H,-,A,D,0,NA,NA,NA,NA,Y,NA,A,NA,0,0,1,0,0,0,0,0,0,-,-,NA,NA,LOS ANGELES,LONG BEACH,NA,NA
9406701,2022,2022-03-02,1941,2022-02-06,2233,11667,NA,7,5,7,1941,0,0,0,NA,0,NA,PALO VERDE AV,SOUTH E ANAHEIM RD,95,S,N,A,-,N,NA,NA,NA,NA,NA,NA,NA,NA,NA,Y,3,0,1,1,A,-,01,23152,A,N,A,I,A,A,H,-,C,D,0,NA,NA,NA,NA,Y,Y,A,NA,0,1,0,0,0,0,0,0,0,-,-,NA,NA,LOS ANGELES,LONG BEACH,-118.10806274414064,33.78126907348633
9406702,2022,2022-03-02,1941,2022-02-03,0418,11015,NA,4,5,7,1941,0,0,0,NA,0,NA,REDONDO AV,14TH ST,0,NA,Y,A,-,N,NA,NA,NA,NA,NA,NA,NA,NA,NA,N,3,0,1,2,A,-,00,20001,A,F,G,B,D,A,H,-,D,D,0,Y,NA,NA,NA,Y,Y,D,NA,0,1,0,0,1,0,0,0,0,-,-,NA,NA,LOS ANGELES,LONG BEACH,-118.15244293212892,33.78438949584961
9406703,2022,2022-03-02,1941,2022-02-06,1455,10833,NA,7,5,7,1941,0,0,0,NA,0,NA,OCEAN BL,LINDEN AV,0,NA,Y,A,-,N,NA,NA,NA,NA,NA,NA,NA,NA,NA,N,4,0,4,2,A,-,08,22107,NA,N,B,C,A,A,H,-,A,A,0,NA,NA,NA,NA,Y,NA,A,NA,0,0,4,0,0,0,0,0,0,-,-,NA,NA,LOS ANGELES,LONG BEACH,-118.18636322021484,33.76646041870117
9406704,2022,2022-03-02,1944,2022-02-08,0159,360,M17,2,5,4,1944,0,0,0,NA,0,0M4,MANHATTAN BEACH BL,REDONDO AV N,0,NA,Y,A,-,N,NA,NA,NA,NA,NA,NA,NA,NA,NA,Y,3,0,2,2,A,-,03,22350,NA,N,D,C,A,A,H,-,C,A,0,NA,NA,NA,NA,Y,NA,A,01,0,1,1,0,0,0,0,0,0,-,-,33.88740921020508,-118.3830795288086,LOS ANGELES,MANHATTAN BEACH,-118.38307189941406,33.88727569580078
9406705,2022,2022-03-02,1944,2022-02-02,0850,316,SOUTH,3,5,4,1944,0,0,0,NA,0,001,11TH ST,PECK AV,360,E,N,A,-,N,NA,NA,NA,NA,NA,NA,NA,NA,NA,N,3,0,1,1,A,-,03,22350,NA,N,E,G,A,A,H,-,A,D,0,NA,Y,NA,NA,Y,NA,L,04,0,1,0,0,0,0,1,0,0,-,-,33.886558532714844,-118.38739776611328,LOS ANGELES,MANHATTAN BEACH,-118.38622283935548,33.886531829833984
9406714,2022,2022-03-02,1941,2022-02-10,1555,10147,NA,4,5,7,1941,0,0,0,NA,0,NA,WILLOW ST,CHESTNUT AV,0,NA,Y,A,-,N,NA,NA,NA,NA,NA,NA,NA,NA,NA,Y,4,0,4,2,A,-,09,21801,A,N,D,C,A,A,H,-,A,A,0,NA,NA,NA,NA,Y,NA,A,NA,0,0,4,0,0,0,0,0,0,-,-,NA,NA,LOS ANGELES,LONG BEACH,-118.1959228515625,33.8043327331543
9406715,2022,2022-03-02,1941,2022-02-11,1401,10920,NA,5,5,7,1941,0,0,0,NA,0,NA,EUCALYPTUS AV,21ST ST,150,N,N,A,-,N,NA,NA,NA,NA,NA,NA,NA,NA,NA,Y,3,0,1,2,A,-,03,22350,A,N,B,C,A,A,H,-,A,D,0,NA,NA,NA,NA,Y,Y,A,NA,0,1,0,0,0,0,0,0,0,-,-,NA,NA,LOS ANGELES,LONG BEACH,-118.197021484375,33.795711517333984
9406716,2022,2022-03-07,1941,2022-02-12,0810,11525,NA,6,5,7,1941,0,0,0,NA,0,NA,DUTTER TRAFFIC CIR,W LOS COYOTES DIAGONAL,15,E,N,A,-,N,NA,NA,NA,NA,NA,NA,NA,NA,NA,Y,3,0,1,2,A,-,12,21453,A,N,D,C,A,A,H,-,A,A,0,NA,NA,NA,NA,Y,NA,A,NA,0,1,0,0,0,0,0,0,0,-,-,NA,NA,LOS ANGELES,LONG BEACH,NA,NA
9406717,2022,2022-03-02,1941,2022-02-12,1616,11523,NA,6,5,7,1941,0,0,0,NA,0,NA,CLARK AV,NORTH ATHERTON ST,25,S,N,A,-,N,NA,NA,NA,NA,NA,NA,NA,NA,NA,Y,4,0,1,2,A,-,12,21453,A,N,D,C,A,A,H,-,A,A,0,NA,NA,NA,NA,Y,NA,A,NA,0,0,1,0,0,0,0,0,0,-,-,NA,NA,LOS ANGELES,LONG BEACH,-118.13404083251952,33.78974151611328
9406718,2022,2022-03-02,1941,2022-02-12,2245,11524,NA,6,5,7,1941,0,0,0,NA,0,NA,OBISPO AV,10TH ST,0,NA,Y,A,-,N,NA,NA,NA,NA,NA,NA,NA,NA,NA,Y,3,0,2,2,D,-,00,NA,NA,N,C,C,A,A,H,-,C,D,0,NA,NA,NA,NA,Y,NA,-,-,0,1,1,0,0,0,0,0,0,-,-,NA,NA,LOS ANGELES,LONG BEACH,-118.15460205078124,33.778987884521484
9406719,2022,2022-03-02,1941,2022-02-08,1544,11201,NA,2,5,7,1941,0,0,0,NA,0,NA,SANTA FE AV,W SPRING ST,8,N,N,A,-,N,NA,NA,NA,NA,NA,NA,NA,NA,NA,N,4,0,1,2,A,-,08,22107,NA,N,D,B,B,A,H,-,A,A,0,Y,NA,NA,NA,Y,NA,A,NA,0,0,1,0,1,0,0,0,0,-,-,NA,NA,LOS ANGELES,LONG BEACH,-118.21550750732422,33.811683654785156
9406720,2022,2022-03-02,1941,2022-02-05,1736,11513,NA,6,5,7,1941,0,0,0,NA,0,NA,ATLANTIC AV,BURNETT ST,0,NA,Y,A,-,N,NA,NA,NA,NA,NA,NA,NA,NA,NA,Y,4,0,3,2,A,-,09,21801,A,N,D,C,A,A,H,-,B,A,0,NA,NA,NA,NA,Y,NA,A,NA,0,0,3,0,0,0,0,0,0,-,-,NA,NA,LOS ANGELES,LONG BEACH,-118.18502807617188,33.80073165893555
9406741,2022,2022-03-10,1900,2022-02-03,1858,643298,1430,4,5,4,1937,0,0,0,NA,0,143T1,NELSON AV,WILLOW AV,10,E,N,A,-,N,NA,NA,NA,NA,NA,NA,NA,NA,NA,N,2,0,1,2,A,-,10,21950,A,M,G,B,B,A,H,-,C,D,0,Y,NA,NA,NA,Y,NA,-,99,1,0,0,0,1,0,0,0,0,-,-,34.04386901855469,-117.9814224243164,LOS ANGELES,LA PUENTE,-117.98150634765624,34.04387283325195
9406747,2022,2022-03-10,1900,2022-02-01,0959,519902,2112,2,5,5,1943,0,0,0,NA,0,212T4,STATE ST,MICHIGAN AV,0,NA,Y,A,-,N,NA,NA,NA,NA,NA,NA,NA,NA,NA,Y,4,0,3,2,A,-,09,21801,A,N,D,D,A,A,H,-,A,D,0,NA,NA,NA,NA,Y,NA,A,01,0,0,3,0,0,0,0,0,0,-,-,NA,NA,LOS ANGELES,LYNWOOD,-118.21405029296876,33.942508697509766
9406748,2022,2022-03-10,1900,2022-02-01,1220,519902,2111,2,5,5,1943,0,0,0,NA,0,212T4,LONG BEACH  BL,MARTIN  LUTHER KING JR BL,0,NA,Y,A,-,N,NA,NA,NA,NA,NA,NA,NA,NA,NA,Y,4,0,1,2,A,-,12,21453,A,N,A,C,A,A,H,-,A,A,0,NA,NA,NA,NA,Y,NA,A,01,0,0,1,0,0,0,0,0,0,-,-,NA,NA,LOS ANGELES,LYNWOOD,-118.2136001586914,33.93684005737305
9406749,2022,2022-03-10,1900,2022-02-06,2212,652884,2116,7,5,5,1943,0,0,0,NA,0,212T4,LONG BEACH BL,MAGNOLIA AV,0,NA,Y,A,-,N,NA,NA,NA,NA,NA,NA,NA,NA,NA,Y,2,0,1,2,A,-,03,22350,NA,F,B,C,A,A,H,-,C,-,0,NA,NA,Y,NA,Y,NA,A,01,1,0,0,0,0,0,0,0,1,-,-,NA,NA,LOS ANGELES,LYNWOOD,-118.20941925048828,33.91688537597656
9406750,2022,2022-03-18,1900,2022-02-02,0737,403161,1415,3,5,1,1932,0,0,0,NA,0,141T2,AZUSA AV,RT 60,0,NA,Y,A,-,Y,LA,7,60,-,-,18.152,R,4,W,Y,4,0,2,2,A,-,12,21453,A,N,D,C,A,A,H,-,A,A,0,NA,NA,NA,NA,Y,NA,A,01,0,0,2,0,0,0,0,0,0,-,WF,33.998111724853516,-117.93090057373048,LOS ANGELES,INDUSTRY,-117.92807006835938,33.996665954589844
9406753,2022,2022-03-14,1902,2022-02-23,1849,791,35,3,5,5,1902,0,0,0,NA,0,005,BALDWIN AV,LONGDEN AV,0,NA,Y,A,-,N,NA,NA,NA,NA,NA,NA,NA,NA,NA,Y,3,0,2,3,D,-,00,NA,NA,N,D,C,A,A,H,-,E,B,0,NA,NA,NA,NA,Y,NA,-,-,0,1,1,0,0,0,0,0,0,-,-,NA,NA,LOS ANGELES,ARCADIA,-118.05377960205078,34.115013122558594
9406773,2022,2022-03-11,1900,2022-02-15,1252,403161,1414,2,5,1,1932,0,0,0,NA,0,141T2,PROCTOR AV,7TH AV,0,NA,Y,A,-,N,NA,NA,NA,NA,NA,NA,NA,NA,NA,N,4,0,2,2,A,-,12,21453,A,N,D,C,A,-,H,-,A,A,0,NA,NA,NA,NA,Y,NA,-,-,0,0,2,0,0,0,0,0,0,-,-,34.03205108642578,-117.9776611328125,LOS ANGELES,INDUSTRY,-117.97767639160156,34.0319709777832
9406774,2022,2022-03-11,1900,2022-02-14,1446,600059,1418,1,5,1,1932,0,0,0,NA,0,141T5,FAIRWAY DR,EAST WALNUT DR SOUTH,0,NA,Y,A,-,N,NA,NA,NA,NA,NA,NA,NA,NA,NA,Y,4,0,1,2,A,-,09,21801,A,N,D,C,A,A,H,-,A,A,0,NA,NA,NA,NA,Y,NA,A,01,0,0,1,0,0,0,0,0,0,-,-,33.9929313659668,-117.86990356445313,LOS ANGELES,INDUSTRY,-117.86991119384766,33.992881774902344
9406775,2022,2022-03-11,1900,2022-02-14,1414,600059,1415,1,5,1,1932,0,0,0,NA,0,141T5,GALE AV,COINER CT,413,W,N,A,-,N,NA,NA,NA,NA,NA,NA,NA,NA,NA,Y,4,0,1,2,A,-,09,21804,A,N,D,I,A,A,H,-,-,D,0,NA,NA,NA,NA,Y,NA,A,01,0,0,1,0,0,0,0,0,0,-,-,33.994598388671875,-117.89682006835938,LOS ANGELES,INDUSTRY,-117.8967056274414,33.99449920654297
9406776,2022,2022-03-11,1900,2022-02-11,1450,551881,1415,5,5,1,1932,0,0,0,NA,0,141T5,AZUSA AV,RAILROAD ST,86,N,N,A,-,N,NA,NA,NA,NA,NA,NA,NA,NA,NA,Y,2,0,3,4,A,-,03,22350,NA,N,C,C,A,A,H,-,A,A,0,NA,NA,NA,NA,Y,NA,A,01,1,2,0,0,0,0,0,0,0,-,-,34.0042610168457,-117.93032836914064,LOS ANGELES,INDUSTRY,-117.93036651611328,34.00412368774414
9406777,2022,2022-03-11,1900,2022-02-11,1616,643298,1416,5,5,1,1932,0,0,0,NA,0,141T6,STONER CREEK RD,CASTLETON ST,0,NA,Y,A,-,N,NA,NA,NA,NA,NA,NA,NA,NA,NA,N,3,0,1,2,A,-,09,21801,A,N,D,G,A,A,H,-,A,A,0,NA,Y,NA,NA,Y,NA,A,01,0,1,0,0,0,0,1,0,0,-,-,33.992549896240234,-117.91320037841795,LOS ANGELES,INDUSTRY,-117.9131317138672,33.992576599121094
9406778,2022,2022-03-11,1900,2022-02-07,1700,609653,1430,1,5,4,1937,0,0,0,NA,0,143T1,AMAR RD,ARDILLA AV,0,NA,Y,A,-,N,NA,NA,NA,NA,NA,NA,NA,NA,NA,Y,3,0,1,2,A,-,12,21453,A,N,D,G,A,A,H,-,A,A,0,NA,Y,NA,NA,Y,NA,L,04,0,1,0,0,0,0,1,0,0,-,-,NA,NA,LOS ANGELES,LA PUENTE,-117.97476959228516,34.0535774230957
9406779,2022,2022-03-11,1900,2022-02-07,0918,552619,1431,1,5,4,1937,0,0,0,NA,0,143T1,TEMPLE AV,SUNSET AV,0,NA,Y,A,-,N,NA,NA,NA,NA,NA,NA,NA,NA,NA,N,4,0,1,3,A,-,09,21801,A,N,D,C,A,A,H,-,A,A,0,NA,NA,NA,NA,Y,NA,A,01,0,0,1,0,0,0,0,0,0,-,-,34.040679931640625,-117.96804809570313,LOS ANGELES,LA PUENTE,-117.96805572509766,34.04068374633789
9406780,2022,2022-03-11,1900,2022-02-04,0920,646466,1432,5,5,4,1937,0,0,0,NA,0,143T1,HACIENDA BL,FAIRGROVE AV,475,N,N,A,-,N,NA,NA,NA,NA,NA,NA,NA,NA,NA,Y,3,0,1,2,A,-,09,21801,A,N,D,C,A,A,H,-,A,D,0,NA,NA,NA,NA,Y,NA,A,07,0,1,0,0,0,0,0,0,0,-,-,34.043540954589844,-117.94937896728516,LOS ANGELES,LA PUENTE,-117.94940948486328,34.04343795776367
9406802,2022,2022-03-18,1900,2022-02-07,0728,550490,2610,1,5,6,1950,0,0,0,NA,0,263T1,AVENUE S,SHEFFIELD DR,142,E,N,A,-,N,NA,NA,NA,NA,NA,NA,NA,NA,NA,Y,4,0,1,2,A,-,03,22350,NA,N,C,C,A,A,H,-,A,D,0,NA,NA,NA,NA,Y,NA,D,22,0,0,1,0,0,0,0,0,0,-,-,34.558048248291016,-118.10259246826172,LOS ANGELES,PALMDALE,-118.10264587402344,34.55796813964844
9406806,2022,2022-03-14,1900,2022-01-21,0700,618391,2608,5,5,6,1950,0,0,0,NA,0,263T1,PALMDALE BL,25TH ST EAST,0,NA,Y,A,-,N,NA,NA,NA,NA,NA,NA,NA,NA,NA,N,4,0,3,2,A,-,12,21453,A,N,D,C,A,A,H,-,A,A,0,NA,NA,NA,NA,Y,NA,A,01,0,0,3,0,0,0,0,0,0,-,-,34.58007049560547,-118.0851593017578,LOS ANGELES,PALMDALE,-118.08511352539064,34.580196380615234
9406858,2022,2022-03-07,1942,2022-02-09,0610,40065,0904,3,5,7,1942,0,0,0,I,0,26TL26,SATICOY ST,TOBIAS AV,327,W,N,A,-,N,NA,NA,NA,NA,NA,NA,NA,NA,NA,N,3,0,1,2,A,-,11,21956,NA,N,G,B,D,A,H,-,B,D,0,Y,NA,NA,NA,Y,NA,N,60,0,1,0,0,1,0,0,0,0,-,-,NA,NA,LOS ANGELES,LOS ANGELES,-118.45311737060548,34.20847702026367
9406866,2022,2022-04-12,1925,2022-02-09,1312,28823,149,3,5,6,1925,0,0,0,NA,0,004,CAMINO SAN RAFAEL,EMERALD ISLE DR,2674,N,N,A,-,N,NA,NA,NA,NA,NA,NA,NA,NA,NA,N,4,0,1,2,A,-,03,22350,NA,N,C,C,A,A,H,-,A,D,0,NA,NA,NA,NA,Y,NA,D,22,0,0,1,0,0,0,0,0,0,-,-,34.18135070800781,-118.21038818359376,LOS ANGELES,GLENDALE,-118.2100067138672,34.18336868286133
9406877,2022,2022-03-07,1920,2022-02-16,0801,11792,1920,3,5,6,1920,0,0,0,NA,0,004,LAKEWOOD BL,CECILIA ST,0,NA,Y,A,-,N,NA,NA,NA,NA,NA,NA,NA,NA,NA,N,4,0,2,2,A,-,09,21801,A,N,D,C,A,A,H,-,A,A,0,NA,NA,NA,NA,Y,NA,A,01,0,0,2,0,0,0,0,0,0,-,-,NA,NA,LOS ANGELES,DOWNEY,-118.12187957763672,33.93902587890625
9406887,2022,2022-03-09,1942,2022-02-12,1905,335004,1791,6,5,7,1942,0,0,0,Q,0,26TL55,DE SOTO AV,CHASE ST,184,N,N,A,-,N,NA,NA,NA,NA,NA,NA,NA,NA,NA,Y,3,0,1,3,A,-,01,23152,A,N,C,C,A,A,H,-,C,D,0,NA,NA,NA,NA,Y,Y,A,01,0,1,0,0,0,0,0,0,0,-,-,NA,NA,LOS ANGELES,LOS ANGELES,-118.58851623535156,34.22505569458008
9406888,2022,2022-03-09,1942,2022-02-14,1510,41158,2177,1,5,7,1942,0,0,0,NA,0,26TL72,BURBANK BL,OWENSMOUTH AV,15,W,N,A,-,N,NA,NA,NA,NA,NA,NA,NA,NA,NA,Y,3,0,2,2,A,-,01,23152,A,N,E,I,A,A,H,-,A,A,0,NA,NA,NA,NA,Y,NA,A,01,0,2,0,0,0,0,0,0,0,-,-,NA,NA,LOS ANGELES,LOS ANGELES,-118.60190582275392,34.17317199707031
9406889,2022,2022-03-09,1942,2022-02-07,0320,44641,0946,1,5,7,1942,0,0,0,I,0,9A37,WOODMAN AV,COLLLINS ST,0,NA,Y,A,-,N,NA,NA,NA,NA,NA,NA,NA,NA,NA,N,3,0,2,3,A,-,03,22350,NA,N,C,E,A,A,H,-,C,A,0,NA,NA,NA,NA,Y,NA,A,01,0,2,0,0,0,0,0,0,0,-,-,NA,NA,LOS ANGELES,LOS ANGELES,-118.43125915527344,34.173919677734375
9406890,2022,2022-03-09,1942,2022-02-10,1030,39154,0938,4,5,7,1942,0,0,0,I,0,26TL22,BURBANK BL,FULTON AV,10,E,N,A,-,N,NA,NA,NA,NA,NA,NA,NA,NA,NA,Y,4,0,2,3,A,-,21,22106,NA,N,C,C,A,A,H,-,A,A,0,NA,NA,NA,NA,Y,NA,A,01,0,0,2,0,0,0,0,0,0,-,-,NA,NA,LOS ANGELES,LOS ANGELES,-118.42247772216795,34.172119140625
9406892,2022,2022-03-09,1942,2022-02-05,1730,42280,0909,6,5,7,1942,0,0,0,I,0,9A23,WYANDOTTE,RANCHITO,0,NA,Y,A,-,N,NA,NA,NA,NA,NA,NA,NA,NA,NA,N,3,0,3,2,A,-,12,22450,A,N,-,C,A,A,-,-,B,D,0,NA,NA,NA,NA,Y,NA,A,07,0,3,0,0,0,0,0,0,0,-,-,NA,NA,LOS ANGELES,LOS ANGELES,-118.43557739257813,34.203006744384766
9406893,2022,2022-03-18,1942,2022-02-07,1405,33294,1008,1,5,7,1942,0,0,0,J,0,26M37,WOODLEY AV,ARMINTA ST,10,N,N,A,-,N,NA,NA,NA,NA,NA,NA,NA,NA,NA,Y,4,0,2,2,A,-,09,21802,A,F,D,C,A,A,H,-,A,A,0,NA,NA,NA,NA,Y,NA,-,99,0,0,2,0,0,0,0,0,0,-,-,NA,NA,LOS ANGELES,LOS ANGELES,-118.4836883544922,34.21391677856445
9406894,2022,2022-03-09,1942,2022-02-15,2310,42296,1034,2,5,7,1942,0,0,0,J,0,26Q42,WHITE OAK AV,OXNARD ST,0,NA,Y,A,-,N,NA,NA,NA,NA,NA,NA,NA,NA,NA,NA,3,0,1,2,A,-,01,23152,A,F,C,C,A,A,H,-,C,A,0,NA,NA,NA,NA,Y,Y,A,01,0,1,0,0,0,0,0,0,0,-,-,NA,NA,LOS ANGELES,LOS ANGELES,-118.51850128173828,34.180137634277344
9406895,2022,2022-04-12,1942,2022-02-12,1450,39048,1005,6,5,7,1942,0,0,0,J,0,26TL44,RESEDA BL,KITTRIDGE ST,390,N,N,A,-,N,NA,NA,NA,NA,NA,NA,NA,NA,NA,N,3,0,1,2,A,-,05,21650,1,F,D,G,A,A,H,-,A,D,0,NA,Y,NA,NA,Y,NA,L,04,0,1,0,0,0,0,1,0,0,-,-,NA,NA,LOS ANGELES,LOS ANGELES,-118.53604125976564,34.1915283203125
9406896,2022,2022-03-16,1942,2022-02-09,1617,364799,0963,3,5,7,1942,0,0,0,I,0,26M43,RT 101,VAN NUYS BL,0,NA,Y,A,-,Y,LA,7,101,-,-,15.794,R,4,N,Y,3,0,2,2,A,-,12,21453,A,F,D,C,A,A,H,-,A,A,0,NA,NA,NA,NA,Y,NA,-,99,0,2,0,0,0,0,0,0,0,NF,-,NA,NA,LOS ANGELES,LOS ANGELES,-118.44663238525392,34.156211853027344
9406897,2022,2022-03-09,1942,2022-02-04,2045,36631,0905,5,5,7,1942,0,0,0,I,0,9A5W3,VAN NUYS BL,SHERMAN WY,54,N,N,A,-,N,NA,NA,NA,NA,NA,NA,NA,NA,NA,N,3,0,1,2,A,-,03,22350,NA,F,C,C,A,A,H,-,C,A,0,NA,NA,NA,NA,Y,Y,A,01,0,1,0,0,0,0,0,0,0,-,-,NA,NA,LOS ANGELES,LOS ANGELES,-118.44872283935548,34.20133972167969
9406898,2022,2022-03-09,1942,2022-02-07,0730,36755,909,1,5,7,1942,0,0,0,NA,0,26T48,WOODMAN,VALERIO,0,NA,Y,A,-,N,NA,NA,NA,NA,NA,NA,NA,NA,NA,Y,4,0,1,3,A,-,12,21453,A,F,D,C,A,A,H,-,A,A,0,NA,NA,NA,NA,Y,NA,A,01,0,0,1,0,0,0,0,0,0,-,-,NA,NA,LOS ANGELES,LOS ANGELES,-118.43125152587892,34.2048225402832
9406899,2022,2022-03-09,1942,2022-02-12,2055,41396,1514,6,5,7,1942,0,0,0,O,0,26T51W,VANOWEN ST,RADFORD AV,67,E,N,A,-,N,NA,NA,NA,NA,NA,NA,NA,NA,NA,N,2,0,1,2,A,-,11,21955,NA,N,G,B,D,A,H,-,C,A,0,Y,NA,NA,NA,Y,NA,N,60,1,0,0,0,1,0,0,0,0,-,-,NA,NA,LOS ANGELES,LOS ANGELES,-118.39193725585938,34.193939208984375