CASE_ID,ACCIDENT_YEAR,PROC_DATE,JURIS,COLLISION_DATE,COLLISION_TIME,OFFICER_ID,REPORTING_DISTRICT,DAY_OF_WEEK,CHP_SHIFT,POPULATION,CNTY_CITY_LOC,SPECIAL_COND,BEAT_TYPE,CHP_BEAT_TYPE,CITY_DIVISION_LAPD,CHP_BEAT_CLASS,BEAT_NUMBER,PRIMARY_RD,SECONDARY_RD,DISTANCE,DIRECTION,INTERSECTION,WEATHER_1,WEATHER_2,STATE_HWY_IND,CALTRANS_COUNTY,CALTRANS_DISTRICT,STATE_ROUTE,ROUTE_SUFFIX,POSTMILE_PREFIX,POSTMILE,LOCATION_TYPE,RAMP_INTERSECTION,SIDE_OF_HWY,TOW_AWAY,COLLISION_SEVERITY,NUMBER_KILLED,NUMBER_INJURED,PARTY_COUNT,PRIMARY_COLL_FACTOR,PCF_CODE_OF_VIOL,PCF_VIOL_CATEGORY,PCF_VIOLATION,PCF_VIOL_SUBSECTION,HIT_AND_RUN,TYPE_OF_COLLISION,MVIW,PED_ACTION,ROAD_SURFACE,ROAD_COND_1,ROAD_COND_2,LIGHTING,CONTROL_DEVICE,CHP_ROAD_TYPE,PEDESTRIAN_ACCIDENT,BICYCLE_ACCIDENT,MOTORCYCLE_ACCIDENT,TRUCK_ACCIDENT,NOT_PRIVATE_PROPERTY,ALCOHOL_INVOLVED,STWD_VEHTYPE_AT_FAULT,CHP_VEHTYPE_AT_FAULT,COUNT_SEVERE_INJ,COUNT_VISIBLE_INJ,COUNT_COMPLAINT_PAIN,COUNT_PED_KILLED,COUNT_PED_INJURED,COUNT_BICYCLIST_KILLED,COUNT_BICYCLIST_INJURED,COUNT_MC_KILLED,COUNT_MC_INJURED,PRIMARY_RAMP,SECONDARY_RAMP,LATITUDE,LONGITUDE,COUNTY,CITY,POINT_X,POINT_Y
9408569,2022,2022-03-01,1975,2022-01-30,1948,458,NA,7,5,6,1975,0,0,0,NA,0,NA,VINCENT AV,WORKMAN AV,511,S,N,A,-,N,NA,NA,NA,NA,NA,NA,NA,NA,NA,N,4,0,1,2,A,-,09,21804,A,N,B,C,A,A,H,-,C,A,0,NA,NA,NA,NA,Y,NA,A,01,0,0,1,0,0,0,0,0,0,-,-,34.07550811767578,-117.9262924194336,LOS ANGELES,WEST COVINA,-117.92649841308594,34.074073791503906
9408570,2022,2022-03-01,1975,2022-01-29,2354,483,NA,6,5,6,1975,0,0,0,NA,0,003,SUNSET AV,MERCED AV,0,NA,Y,A,-,N,NA,NA,NA,NA,NA,NA,NA,NA,NA,N,3,0,4,2,A,-,12,21453,A,N,D,C,A,A,H,-,C,A,0,NA,NA,NA,Y,Y,NA,A,01,0,2,2,0,0,0,0,0,0,-,-,34.06135177612305,-117.94615173339844,LOS ANGELES,WEST COVINA,-117.94612121582033,34.061317443847656
9408588,2022,2022-02-25,1972,2022-01-24,0736,18059,NA,1,5,6,1972,0,0,0,NA,0,NA,EL PRADO,WATSON,0,NA,Y,A,-,N,NA,NA,NA,NA,NA,NA,NA,NA,NA,N,4,0,1,2,A,-,03,22350,NA,N,G,B,D,A,H,-,A,D,0,Y,NA,NA,NA,Y,NA,A,NA,0,0,1,0,1,0,0,0,0,-,-,NA,NA,LOS ANGELES,TORRANCE,-118.32061767578124,33.83080291748047
9408589,2022,2022-02-25,1972,2022-01-21,1351,19767,NA,5,5,6,1972,0,0,0,NA,0,NA,SEPULVEDA BL,HICKORY ST,0,NA,Y,A,-,N,NA,NA,NA,NA,NA,NA,NA,NA,NA,Y,3,0,2,2,D,-,00,NA,NA,N,A,C,A,A,H,-,A,A,0,NA,NA,NA,NA,Y,NA,-,-,0,1,1,0,0,0,0,0,0,-,-,NA,NA,LOS ANGELES,TORRANCE,-118.3345184326172,33.823097229003906
9408590,2022,2022-02-25,1972,2022-01-06,1348,21239,NA,4,5,6,1972,0,0,0,NA,0,NA,LOMITA BL,EARLY AV,250,W,N,A,-,N,NA,NA,NA,NA,NA,NA,NA,NA,NA,Y,4,0,2,3,A,-,08,22102,NA,N,C,C,A,A,H,-,A,A,0,NA,NA,NA,NA,Y,NA,A,NA,0,0,2,0,0,0,0,0,0,-,-,NA,NA,LOS ANGELES,TORRANCE,-118.34555816650392,33.81342315673828
9408591,2022,2022-02-25,1972,2022-01-08,1524,21239,NA,6,5,6,1972,0,0,0,NA,0,NA,CARSON ST,CRENSHAW BL,50,W,N,A,-,N,NA,NA,NA,NA,NA,NA,NA,NA,NA,Y,4,0,1,2,A,-,09,21801,A,N,D,C,A,A,H,-,A,A,0,NA,NA,NA,NA,Y,NA,A,NA,0,0,1,0,0,0,0,0,0,-,-,NA,NA,LOS ANGELES,TORRANCE,-118.32877349853516,33.83130645751953
9408592,2022,2022-02-25,1972,2022-01-19,1637,21239,NA,3,5,6,1972,0,0,0,NA,0,NA,FASHION WY,MADRONA AV,100,W,N,A,-,N,NA,NA,NA,NA,NA,NA,NA,NA,NA,Y,4,0,1,2,A,-,09,21804,A,N,D,C,A,A,H,-,A,A,0,NA,NA,NA,NA,Y,NA,A,NA,0,0,1,0,0,0,0,0,0,-,-,NA,NA,LOS ANGELES,TORRANCE,-118.34539794921876,33.835174560546875
9408593,2022,2022-02-25,1972,2022-01-20,1615,15084,NA,4,5,6,1972,0,0,0,NA,0,NA,MINDORA DR,MORESBY DR,100,E,N,A,-,N,NA,NA,NA,NA,NA,NA,NA,NA,NA,N,3,0,1,2,A,-,21,22106,NA,N,G,B,F,A,H,-,A,D,0,Y,NA,NA,NA,Y,NA,A,NA,0,1,0,0,1,0,0,0,0,-,-,NA,NA,LOS ANGELES,TORRANCE,-118.36504364013672,33.82374572753906
9408594,2022,2022-02-25,1972,2022-01-14,1635,21239,NA,5,5,6,1972,0,0,0,NA,0,NA,SEPULVEDA BL,ARLINGTON AV,450,W,N,A,-,N,NA,NA,NA,NA,NA,NA,NA,NA,NA,Y,4,0,1,2,A,-,08,21460,5,N,D,C,A,A,H,-,A,A,0,NA,NA,NA,NA,Y,NA,A,NA,0,0,1,0,0,0,0,0,0,-,-,NA,NA,LOS ANGELES,TORRANCE,-118.32118225097656,33.820404052734375
9408595,2022,2022-02-25,1972,2022-01-20,0730,19767,NA,4,5,6,1972,0,0,0,NA,0,NA,SEPULVEDA BL,PENNSYLVANIA AV,0,NA,N,A,-,N,NA,NA,NA,NA,NA,NA,NA,NA,NA,N,4,0,1,2,A,-,03,22350,NA,N,C,C,A,A,H,-,A,D,0,NA,NA,NA,NA,Y,NA,E,NA,0,0,1,0,0,0,0,0,0,-,-,NA,NA,LOS ANGELES,TORRANCE,-118.32534790039064,33.82118225097656
9408596,2022,2022-03-23,1972,2022-01-05,0226,22182,NA,3,5,6,1972,0,0,0,NA,0,NA,223RD ST,WESTERN AV,600,NA,N,A,-,N,NA,NA,NA,NA,NA,NA,NA,NA,NA,Y,3,0,1,1,A,-,08,22107,NA,N,A,I,A,A,H,-,C,D,0,NA,NA,NA,NA,Y,NA,A,NA,0,1,0,0,0,0,0,0,0,-,-,NA,NA,LOS ANGELES,TORRANCE,-118.3089599609375,33.82445526123047
9408597,2022,2022-02-25,1972,2022-01-10,1058,18263,NA,1,5,6,1972,0,0,0,NA,0,NA,TORRANCE,PALOS VERDES,0,NA,Y,B,-,N,NA,NA,NA,NA,NA,NA,NA,NA,NA,Y,4,0,2,2,A,-,09,21801,A,N,A,C,A,A,H,-,A,A,0,NA,NA,NA,NA,Y,NA,A,NA,0,0,2,0,0,0,0,0,0,-,-,NA,NA,LOS ANGELES,TORRANCE,-118.36931610107422,33.83757781982422
9408598,2022,2022-02-25,1972,2022-01-14,1208,18263,NA,5,5,6,1972,0,0,0,NA,0,NA,SEPULVEDA,VINE,0,NA,Y,A,-,N,NA,NA,NA,NA,NA,NA,NA,NA,NA,Y,4,0,1,2,A,-,03,22350,NA,N,C,C,A,A,H,-,A,D,0,NA,NA,NA,NA,Y,NA,A,NA,0,0,1,0,0,0,0,0,0,-,-,NA,NA,LOS ANGELES,TORRANCE,-118.32420349121094,33.820945739746094
9408639,2022,2022-03-16,1972,2022-02-03,1351,18263,NA,4,5,6,1972,0,0,0,NA,0,NA,HAWTHORNE,244TH ST,0,NA,Y,A,-,N,NA,NA,NA,NA,NA,NA,NA,NA,NA,N,4,0,2,2,A,-,09,21801,A,N,D,C,A,A,H,-,A,A,0,NA,NA,NA,NA,Y,NA,A,NA,0,0,2,0,0,0,0,0,0,-,-,NA,NA,LOS ANGELES,TORRANCE,-118.35120391845705,33.801822662353516
9408654,2022,2022-03-08,1900,2022-02-11,1942,606632,2928,5,5,5,1990,0,0,0,NA,0,292T1,GOLDEN SPRINGS DR,LEMON AV,130,E,N,A,-,N,NA,NA,NA,NA,NA,NA,NA,NA,NA,N,3,0,1,2,A,-,01,23152,A,N,C,C,A,A,H,-,C,D,0,NA,NA,NA,NA,Y,Y,A,01,0,1,0,0,0,0,0,0,0,-,-,NA,NA,LOS ANGELES,DIAMOND BAR,-117.85399627685548,33.9971923828125
94086568,2024,2024-08-12,9565,2024-06-04,602,023823,NA,2,1,7,1942,0,1,1,NA,2,061,I-405 NORTHBOUND,HOWARD HUGHES PARKWAY,100,N,N,B,-,Y,LA,NA,405,NA,NA,24.916,H,NA,R,Y,4,0,1,5,A,-,03,22350,NA,N,C,C,A,A,H,-,A,D,0,NA,NA,NA,NA,Y,NA,D,22,0,0,1,0,0,0,0,0,0,-,-,33.976810455322266,-118.3874969482422,LOS ANGELES,LOS ANGELES,-118.38748168945313,33.976837158203125
94086952,2024,2024-08-12,9590,2024-07-13,1150,023894,NA,6,1,7,1942,0,1,1,NA,2,050,I-110 N/B (HARBOR FREEWAY),SLAUSON AVENUE,500,N,N,A,-,Y,LA,NA,110,NA,NA,18.093,H,NA,R,N,4,0,3,2,A,-,03,22350,NA,N,C,C,A,A,H,-,A,D,0,NA,NA,NA,NA,Y,NA,A,01,0,0,3,0,0,0,0,0,0,-,-,33.99061965942383,-118.28014373779295,LOS ANGELES,LOS ANGELES,-118.28041076660156,33.99061965942383
94086958,2024,2024-08-12,9525,2024-08-10,2340,023154,NA,6,3,6,1975,0,1,1,NA,2,106,I-10 E/B (SAN BERNARDINO FWY),CITRUS ST.,600,W,N,A,-,Y,LA,NA,10,NA,NA,37.164,H,NA,R,Y,4,0,1,1,C,-,18,NA,NA,N,E,I,A,A,H,-,C,D,0,NA,NA,NA,NA,Y,NA,-,-,0,0,1,0,0,0,0,0,0,-,-,34.07181930541992,-117.89600372314452,LOS ANGELES,WEST COVINA,-117.89599609375,34.07194900512695
94086966,2024,2024-08-12,9525,2024-08-11,1730,023826,NA,7,2,4,1913,0,1,1,NA,2,110,I-10 E/B (SAN BERNARDINO FWY),INDIAN HILL BLVD,2640,W,N,A,-,Y,LA,NA,10,NA,NA,46.9,H,NA,R,Y,3,0,2,2,A,-,01,23152,A,N,C,C,A,A,H,-,A,D,0,NA,NA,NA,NA,Y,Y,A,08,0,2,0,0,0,0,0,0,0,-,-,34.08108901977539,-117.73394775390624,LOS ANGELES,CLAREMONT,-117.73397064208984,34.08114242553711
94086978,2024,2024-08-12,9535,2024-06-10,442,023437,NA,1,3,9,1900,0,1,1,NA,2,400,I-10 E/B (SAN BERNARDINO FREEWAY),ROSEMEAD BLVD,995,W,N,A,-,Y,LA,NA,10,NA,NA,26.662,H,NA,R,N,4,0,1,2,A,-,03,22350,NA,F,C,C,A,A,H,-,D,D,0,NA,NA,NA,NA,Y,NA,-,99,0,0,1,0,0,0,0,0,0,-,-,34.07202911376953,-118.0764617919922,LOS ANGELES,UNINCORPORATED,-118.0764617919922,34.07203674316406
94086991,2024,2024-08-12,9545,2024-07-24,1331,019816,NA,3,1,9,1900,0,3,5,NA,2,002,SIERRA HWY,PEARBLOSSOM HWY,1584,S,N,A,-,N,NA,NA,NA,NA,NA,NA,NA,NA,NA,N,4,0,1,3,A,-,07,21658,A,N,B,C,A,A,H,-,A,D,0,NA,NA,NA,NA,Y,NA,-,-,0,0,1,0,0,0,0,0,0,-,-,34.51831817626953,-118.10073089599608,LOS ANGELES,UNINCORPORATED,-118.10066223144533,34.518558502197266
94087023,2024,2024-08-12,9590,2024-06-02,1525,023701,NA,7,2,7,1942,0,1,3,NA,2,095,SR-2 S/B (GLENDALE FREEWAY),SAN FERNANDO RD.,1380,N,N,A,-,Y,LA,NA,2,NA,NA,16.285,H,NA,L,N,3,0,2,2,A,-,03,22350,NA,N,C,C,A,A,H,-,A,D,0,NA,NA,NA,NA,Y,NA,A,01,0,2,0,0,0,0,0,0,0,-,-,34.11539077758789,-118.24030303955078,LOS ANGELES,LOS ANGELES,-118.24028778076172,34.11537170410156
9408728,2022,2022-03-08,1906,2022-02-01,2347,4433,NA,2,5,5,1906,0,0,0,NA,0,002,LOS ANGELES ST,BALDWIN PARK BL,0,NA,Y,A,-,N,NA,NA,NA,NA,NA,NA,NA,NA,NA,Y,4,0,1,2,D,-,00,NA,NA,N,D,C,A,A,H,-,C,A,0,NA,NA,NA,NA,Y,NA,-,-,0,0,1,0,0,0,0,0,0,-,-,NA,NA,LOS ANGELES,BALDWIN PARK,-117.96494293212892,34.09224319458008
9408729,2022,2022-03-08,1906,2022-01-07,0913,4422,NA,5,5,5,1906,0,0,0,NA,0,003,PACIFIC AV,BIG DALTON AV,11,E,N,A,-,N,NA,NA,NA,NA,NA,NA,NA,NA,NA,Y,4,0,1,2,A,-,03,22350,NA,N,C,C,A,A,H,-,A,A,0,NA,NA,NA,NA,Y,NA,A,07,0,0,1,0,0,0,0,0,0,-,-,NA,NA,LOS ANGELES,BALDWIN PARK,-117.95502471923828,34.08121871948242
9408733,2022,2022-03-08,1942,2022-02-04,1500,40165,1024,5,5,7,1942,0,0,0,J,0,26TL75,RESEDA BL,VAN OWEN ST,0,NA,Y,A,-,N,NA,NA,NA,NA,NA,NA,NA,NA,NA,N,3,0,1,2,A,-,08,22107,NA,F,G,B,F,-,H,-,A,D,0,Y,NA,Y,NA,Y,NA,C,02,0,1,0,0,1,0,0,0,0,-,-,NA,NA,LOS ANGELES,LOS ANGELES,-118.53604125976564,34.193851470947266
9408734,2022,2022-03-08,1942,2022-02-03,0630,40065,1535,4,5,7,1942,0,0,0,O,0,26TL26,LANKERSHIM BL,HATTERAS,0,NA,Y,A,-,N,NA,NA,NA,NA,NA,NA,NA,NA,NA,N,4,0,1,2,A,-,10,21950,A,F,G,B,B,A,H,-,B,A,0,Y,NA,NA,NA,Y,NA,-,99,0,0,1,0,1,0,0,0,0,-,-,NA,NA,LOS ANGELES,LOS ANGELES,-118.38121032714844,34.17577362060547
9408735,2022,2022-05-09,1942,2022-02-05,0120,38996,0998,6,5,7,1942,0,0,0,I,0,26T57,COLDWATER CANYON AV,FRANKLIN CANYON AV,1200,N,N,A,-,N,NA,NA,NA,NA,NA,NA,NA,NA,NA,Y,3,0,1,2,A,-,05,21460,A,F,A,C,A,A,H,-,D,D,0,NA,NA,NA,NA,Y,NA,A,07,0,1,0,0,0,0,0,0,0,-,-,NA,NA,LOS ANGELES,LOS ANGELES,-118.40855407714844,34.13151550292969
9408736,2022,2022-03-08,1942,2022-02-05,2155,39217,1503,6,5,7,1942,0,0,0,O,0,26T57,SATICOY ST,VANTAGE AV,0,W,N,A,-,N,NA,NA,NA,NA,NA,NA,NA,NA,NA,Y,3,0,2,6,A,-,05,21650,NA,F,B,C,A,A,H,-,C,D,0,NA,NA,NA,NA,Y,NA,A,01,0,2,0,0,0,0,0,0,0,-,-,NA,NA,LOS ANGELES,LOS ANGELES,-118.39811706542967,34.20846939086914
9408737,2022,2022-04-18,1942,2022-02-01,0945,39212,1779,2,5,7,1942,0,0,0,Q,0,17A23,NORDHOFF ST,RT 405,0,NA,Y,A,-,Y,LA,7,405,-,-,44.624,R,3,S,N,4,0,1,2,A,-,12,21453,A,F,G,B,B,A,H,-,A,A,0,Y,NA,NA,NA,Y,NA,A,07,0,0,1,0,1,0,0,0,0,-,-,NA,NA,LOS ANGELES,LOS ANGELES,-118.47319793701172,34.233795166015625
9408738,2022,2022-11-16,1942,2022-02-03,2140,30694,1981,4,5,7,1942,0,0,0,NA,0,19A61,ORION AV,CHASE ST,220,S,N,A,-,N,NA,NA,NA,NA,NA,NA,NA,NA,NA,Y,4,0,3,2,A,-,05,21650,NA,F,A,C,A,A,H,-,C,D,0,NA,NA,NA,NA,Y,NA,-,NA,0,0,3,0,0,0,0,0,0,-,-,NA,NA,LOS ANGELES,LOS ANGELES,-118.47206115722656,34.22406768798828
9408739,2022,2022-03-08,1976,2022-02-01,2358,531,NA,2,5,5,1976,0,0,0,NA,0,002,EL RANCHO DR,BROADWAY AV,188,S,N,A,-,N,NA,NA,NA,NA,NA,NA,NA,NA,NA,Y,3,0,3,4,A,-,01,23152,A,N,A,E,A,A,H,-,C,D,0,NA,NA,NA,NA,Y,Y,A,07,0,1,2,0,0,0,0,0,0,-,-,NA,NA,LOS ANGELES,WHITTIER,-118.05642700195313,33.985511779785156
9408740,2022,2022-03-08,1942,2022-02-10,1800,36814,0195,4,5,7,1942,0,0,0,A,0,24TL56,LOS ANGELES ST,15TH ST,0,NA,Y,A,-,N,NA,NA,NA,NA,NA,NA,NA,NA,NA,N,2,0,1,2,A,-,10,21950,A,F,G,B,B,A,H,-,C,D,0,Y,NA,NA,NA,Y,NA,-,99,1,0,0,0,1,0,0,0,0,-,-,NA,NA,LOS ANGELES,LOS ANGELES,-118.26097869873048,34.03373336791992
9408741,2022,2022-03-09,1942,2022-02-09,1955,38590,0205,3,5,7,1942,0,0,0,B,0,24T31,SUNSET BL,CORONADO ST,75,E,N,A,-,N,NA,NA,NA,NA,NA,NA,NA,NA,NA,N,3,0,1,2,A,-,11,21954,A,F,G,B,D,A,H,-,C,A,0,Y,NA,NA,NA,Y,NA,N,60,0,1,0,0,1,0,0,0,0,-,-,NA,NA,LOS ANGELES,LOS ANGELES,-118.26890563964844,34.07921600341797
9408742,2022,2022-03-09,1942,2022-02-10,0140,30083,01,4,5,7,1942,0,0,0,A,0,24T32,7TH ST,TOWNE AV,0,NA,Y,A,-,N,NA,NA,NA,NA,NA,NA,NA,NA,NA,N,2,0,1,2,A,-,11,21456,B,N,G,B,B,A,H,-,C,A,0,Y,NA,NA,NA,Y,NA,N,60,1,0,0,0,1,0,0,0,0,-,-,NA,NA,LOS ANGELES,LOS ANGELES,-118.24513244628906,34.0395393371582
9408743,2022,2022-03-09,1902,2022-02-07,0805,637,14,1,5,5,1902,0,0,0,NA,0,002,1ST AV,CHRISTINA ST,0,NA,Y,A,-,N,NA,NA,NA,NA,NA,NA,NA,NA,NA,Y,3,0,2,2,A,-,09,21801,A,N,D,C,A,A,H,-,A,D,0,NA,NA,NA,NA,Y,NA,-,NA,0,1,1,0,0,0,0,0,0,-,-,NA,NA,LOS ANGELES,ARCADIA,-118.02810668945313,34.12861251831055
9408744,2022,2022-03-09,1902,2022-02-08,1942,636,14,2,5,5,1902,0,0,0,NA,0,002,SANTA ANITA AV,FANO ST,0,NA,Y,A,-,N,NA,NA,NA,NA,NA,NA,NA,NA,NA,Y,4,0,1,3,A,-,08,22107,NA,N,C,C,A,A,H,-,C,D,0,NA,NA,NA,NA,Y,NA,A,01,0,0,1,0,0,0,0,0,0,-,-,NA,NA,LOS ANGELES,ARCADIA,-118.0313720703125,34.133453369140625
9408764,2022,2022-03-02,1955,2022-02-03,0741,42150,007,4,5,6,1955,0,0,0,NA,0,003,GAREY AV,MONTEREY AV,450,S,N,A,-,N,NA,NA,NA,NA,NA,NA,NA,NA,NA,Y,4,0,2,1,A,-,08,22107,NA,N,E,I,A,A,H,-,A,A,0,NA,NA,NA,NA,Y,NA,A,01,0,0,2,0,0,0,0,0,0,-,-,34.060569763183594,-117.75025939941406,LOS ANGELES,POMONA,-117.75023651123048,34.059295654296875
9408765,2022,2022-03-02,1955,2022-02-08,0436,42613,98,2,5,6,1955,0,0,0,NA,0,003,HOLT AV,EAST END AV,0,NA,Y,A,-,N,NA,NA,NA,NA,NA,NA,NA,NA,NA,N,4,0,1,2,A,-,12,21453,A,N,D,C,A,A,H,-,C,A,0,NA,NA,NA,NA,Y,NA,A,07,0,0,1,0,0,0,0,0,0,-,-,34.06306838989258,-117.72393035888672,LOS ANGELES,POMONA,-117.72393035888672,34.063018798828125
9408766,2022,2022-03-07,1955,2022-02-07,1801,42270,51,1,5,6,1955,0,0,0,NA,0,001,WHITE AV,MISSION BL,13,S,N,A,-,N,NA,NA,NA,NA,NA,NA,NA,NA,NA,N,4,0,1,2,A,-,10,21950,A,N,D,B,A,A,H,-,C,A,0,NA,Y,NA,NA,Y,NA,A,01,0,0,1,0,0,0,1,0,0,-,-,34.054908752441406,-117.75879669189452,LOS ANGELES,POMONA,-117.75879669189452,34.05486297607422
9408767,2022,2022-03-02,1926,2022-02-01,1047,0126,NA,2,5,5,1926,0,0,0,NA,0,002,ROUTE 66,ELWOOD AV,1056,W,N,A,-,N,NA,NA,NA,NA,NA,NA,NA,NA,NA,N,3,0,1,2,A,-,05,21650,1,N,D,G,A,A,H,-,A,A,0,NA,Y,NA,NA,Y,NA,L,04,0,1,0,0,0,0,1,0,0,-,-,34.12882995605469,-117.85073089599608,LOS ANGELES,GLENDORA,-117.85420989990234,34.12871170043945
9408768,2022,2022-03-02,1926,2022-02-08,1832,0170,2,2,5,5,1926,0,0,0,NA,0,002,SOUTH GLENDORA AV,CARTER ST,269,S,N,A,-,N,NA,NA,NA,NA,NA,NA,NA,NA,NA,Y,4,0,2,2,A,-,09,21804,A,N,D,C,A,A,H,-,C,D,0,NA,NA,Y,NA,Y,NA,A,01,0,0,2,0,0,0,0,0,1,-,-,NA,NA,LOS ANGELES,GLENDORA,-117.86351013183594,34.10823059082031
9408772,2022,2022-03-02,1976,2022-02-06,1757,407,NA,7,5,5,1976,0,0,0,NA,0,001,BEVERLY BL,FLORAL DR,0,NA,Y,A,-,N,NA,NA,NA,NA,NA,NA,NA,NA,NA,Y,4,0,1,2,A,-,01,23152,A,N,D,C,A,A,H,-,C,A,0,NA,NA,NA,NA,Y,Y,A,01,0,0,1,0,0,0,0,0,0,-,-,NA,NA,LOS ANGELES,WHITTIER,-118.05068969726564,33.991756439208984
9408773,2022,2022-03-02,1976,2022-02-07,1813,426,NA,1,5,5,1976,0,0,0,NA,0,001,NORWALK BL,ORANGE DR,0,NA,Y,A,-,N,NA,NA,NA,NA,NA,NA,NA,NA,NA,N,3,0,1,2,A,-,08,22107,NA,F,H,G,A,A,H,-,B,D,0,NA,Y,NA,NA,Y,NA,-,99,0,1,0,0,0,0,1,0,0,-,-,NA,NA,LOS ANGELES,WHITTIER,-118.06172943115234,33.99226379394531
9408774,2022,2022-03-02,1976,2022-02-05,1944,496,NA,6,5,5,1976,0,0,0,NA,0,002,LAMBERT RD,WASHINGTON BL,10,E,N,A,-,N,NA,NA,NA,NA,NA,NA,NA,NA,NA,N,3,0,1,2,A,-,08,22107,A,F,E,B,E,A,H,-,C,A,0,Y,NA,NA,NA,Y,NA,-,99,0,1,0,0,1,0,0,0,0,-,-,NA,NA,LOS ANGELES,WHITTIER,-118.04803466796876,33.96735382080078
9408775,2022,2022-03-02,1976,2022-02-03,1548,541,1976,4,5,5,1976,0,0,0,NA,0,003,PAINTER AV,PENN ST,0,NA,Y,A,-,N,NA,NA,NA,NA,NA,NA,NA,NA,NA,Y,3,0,1,2,A,-,12,21453,NA,N,D,C,A,A,H,-,A,A,0,NA,NA,NA,NA,Y,NA,A,01,0,1,0,0,0,0,0,0,0,-,-,NA,NA,LOS ANGELES,WHITTIER,-118.0326690673828,33.97542190551758
9408778,2022,2022-03-07,1976,2022-02-01,1750,565,1976,2,5,5,1976,0,0,0,NA,0,003,LAMBERT RD,CALMADA AV,0,NA,Y,A,-,N,NA,NA,NA,NA,NA,NA,NA,NA,NA,Y,4,0,1,2,A,-,01,23152,A,N,D,C,A,A,H,-,A,A,0,NA,NA,NA,NA,Y,Y,A,07,0,0,1,0,0,0,0,0,0,-,-,NA,NA,LOS ANGELES,WHITTIER,-118.02899169921876,33.951961517333984
9408779,2022,2022-03-02,1976,2022-02-11,1816,535,NA,5,5,5,1976,0,0,0,NA,0,001,FRIENDS AV,PHILADELPHIA ST,0,NA,Y,A,-,N,NA,NA,NA,NA,NA,NA,NA,NA,NA,Y,3,0,1,2,A,-,09,21802,A,N,D,C,A,A,H,-,C,A,0,NA,NA,NA,NA,Y,NA,A,01,0,1,0,0,0,0,0,0,0,-,-,NA,NA,LOS ANGELES,WHITTIER,-118.03383636474608,33.979087829589844
9408792,2022,2022-03-02,1942,2022-02-07,1250,41449,0499,1,5,7,1942,0,0,0,D,0,4A97,MIRASOL ST,UNION PACIFIC AV,9,S,N,A,-,N,NA,NA,NA,NA,NA,NA,NA,NA,NA,Y,3,0,3,2,A,-,09,21800,A,N,D,C,A,A,H,-,A,A,0,NA,NA,NA,NA,Y,NA,A,01,0,2,1,0,0,0,0,0,0,-,-,NA,NA,LOS ANGELES,LOS ANGELES,-118.19953155517578,34.01648712158203
9408793,2022,2022-03-02,1942,2022-02-12,1000,39508,0195,6,5,7,1942,0,0,0,A,0,24TL23,WASHINGTON BL,SANTEE ST,100,W,N,A,-,N,NA,NA,NA,NA,NA,NA,NA,NA,NA,N,3,0,1,2,A,-,08,22107,NA,F,B,C,A,A,H,-,-,D,0,NA,NA,NA,NA,Y,NA,-,99,0,1,0,0,0,0,0,0,0,-,-,NA,NA,LOS ANGELES,LOS ANGELES,-118.26284790039064,34.030128479003906
9408795,2022,2022-03-02,1942,2022-02-02,1030,33589,443,3,5,7,1942,0,0,0,NA,0,NA,VALLEY BL,SAN PABLO ST,0,NA,Y,A,-,N,NA,NA,NA,NA,NA,NA,NA,NA,NA,Y,2,0,2,2,A,-,12,21453,A,N,B,C,A,A,H,-,A,A,0,NA,NA,NA,NA,Y,NA,-,-,1,1,0,0,0,0,0,0,0,-,-,NA,NA,LOS ANGELES,LOS ANGELES,-118.20218658447266,34.06550216674805
9408796,2022,2022-03-02,1942,2022-02-09,2310,43029,0477,3,5,7,1942,0,0,0,D,0,4A58,WHITMER BL,ORME AV,2,E,N,A,-,N,NA,NA,NA,NA,NA,NA,NA,NA,NA,N,4,0,1,2,A,-,11,21956,A,F,G,B,E,A,H,-,C,D,0,Y,NA,NA,NA,Y,Y,N,60,0,0,1,0,1,0,0,0,0,-,-,NA,NA,LOS ANGELES,LOS ANGELES,NA,NA
9408802,2022,2022-03-09,1972,2022-02-02,1602,22135,NA,3,5,6,1972,0,0,0,NA,0,NA,CABRILLO,SEPULVEDA,0,NA,Y,A,-,N,NA,NA,NA,NA,NA,NA,NA,NA,NA,Y,3,0,1,3,A,-,12,21453,A,N,A,C,A,A,H,-,A,A,0,NA,NA,NA,NA,Y,NA,A,NA,0,1,0,0,0,0,0,0,0,-,-,NA,NA,LOS ANGELES,TORRANCE,-118.31597137451172,33.81935501098633
9408803,2022,2022-03-09,1972,2022-02-07,0758,18263,NA,1,5,6,1972,0,0,0,NA,0,NA,ARLINGTON,GRAMERCY,240,S,N,A,-,N,NA,NA,NA,NA,NA,NA,NA,NA,NA,N,4,0,1,2,A,-,04,21703,NA,N,C,C,A,A,H,-,A,D,0,NA,NA,NA,NA,Y,NA,A,NA,0,0,1,0,0,0,0,0,0,-,-,NA,NA,LOS ANGELES,TORRANCE,-118.31990814208984,33.818321228027344
9408809,2022,2022-03-08,1900,2022-02-03,0816,520671,2927,4,5,5,1990,0,0,0,NA,0,292T1,DIAMOND BAR BL,SHADOW CANYON DR,475,N,N,A,-,N,NA,NA,NA,NA,NA,NA,NA,NA,NA,Y,3,0,3,3,A,-,03,22350,NA,N,C,C,A,A,H,-,A,D,0,NA,NA,NA,NA,Y,NA,A,01,0,2,1,0,0,0,0,0,0,-,-,33.978599548339844,-117.83319091796876,LOS ANGELES,DIAMOND BAR,-117.83321380615234,33.978607177734375
9408811,2022,2022-03-09,1900,2022-02-14,1700,624032,2927,1,5,5,1990,0,0,0,NA,0,292K2,BREA CANYON RD,DIAMOND BAR BL,5,W,N,A,-,N,NA,NA,NA,NA,NA,NA,NA,NA,NA,N,4,0,1,2,A,-,03,22350,NA,M,C,C,A,A,H,-,A,A,0,NA,NA,NA,NA,Y,NA,A,01,0,0,1,0,0,0,0,0,0,-,-,33.967891693115234,-117.84709930419922,LOS ANGELES,DIAMOND BAR,-117.84726715087892,33.96780776977539