CASE_ID,ACCIDENT_YEAR,PROC_DATE,JURIS,COLLISION_DATE,COLLISION_TIME,OFFICER_ID,REPORTING_DISTRICT,DAY_OF_WEEK,CHP_SHIFT,POPULATION,CNTY_CITY_LOC,SPECIAL_COND,BEAT_TYPE,CHP_BEAT_TYPE,CITY_DIVISION_LAPD,CHP_BEAT_CLASS,BEAT_NUMBER,PRIMARY_RD,SECONDARY_RD,DISTANCE,DIRECTION,INTERSECTION,WEATHER_1,WEATHER_2,STATE_HWY_IND,CALTRANS_COUNTY,CALTRANS_DISTRICT,STATE_ROUTE,ROUTE_SUFFIX,POSTMILE_PREFIX,POSTMILE,LOCATION_TYPE,RAMP_INTERSECTION,SIDE_OF_HWY,TOW_AWAY,COLLISION_SEVERITY,NUMBER_KILLED,NUMBER_INJURED,PARTY_COUNT,PRIMARY_COLL_FACTOR,PCF_CODE_OF_VIOL,PCF_VIOL_CATEGORY,PCF_VIOLATION,PCF_VIOL_SUBSECTION,HIT_AND_RUN,TYPE_OF_COLLISION,MVIW,PED_ACTION,ROAD_SURFACE,ROAD_COND_1,ROAD_COND_2,LIGHTING,CONTROL_DEVICE,CHP_ROAD_TYPE,PEDESTRIAN_ACCIDENT,BICYCLE_ACCIDENT,MOTORCYCLE_ACCIDENT,TRUCK_ACCIDENT,NOT_PRIVATE_PROPERTY,ALCOHOL_INVOLVED,STWD_VEHTYPE_AT_FAULT,CHP_VEHTYPE_AT_FAULT,COUNT_SEVERE_INJ,COUNT_VISIBLE_INJ,COUNT_COMPLAINT_PAIN,COUNT_PED_KILLED,COUNT_PED_INJURED,COUNT_BICYCLIST_KILLED,COUNT_BICYCLIST_INJURED,COUNT_MC_KILLED,COUNT_MC_INJURED,PRIMARY_RAMP,SECONDARY_RAMP,LATITUDE,LONGITUDE,COUNTY,CITY,POINT_X,POINT_Y
9410740,2022,2022-02-18,1900,2022-01-18,2030,623564,0334,2,5,4,1939,0,0,0,NA,0,35T1,PRAIRIE AV,169TH ST,115,N,N,A,-,N,NA,NA,NA,NA,NA,NA,NA,NA,NA,N,3,0,1,2,A,-,03,22350,NA,F,C,C,A,A,H,-,C,D,0,NA,NA,NA,NA,Y,NA,-,-,0,1,0,0,0,0,0,0,0,-,-,33.87791061401367,-118.34384155273438,LOS ANGELES,LAWNDALE,-118.34382629394533,33.87789535522461
9410741,2021,2022-02-18,1942,2021-11-24,1330,42926,0445,3,5,7,1942,0,0,0,D,0,210415,STATE ST,MARENGO ST,0,NA,Y,A,-,N,NA,NA,NA,NA,NA,NA,NA,NA,NA,N,3,0,1,2,A,-,10,21950,A,N,G,B,B,A,H,-,A,A,0,Y,NA,NA,NA,Y,NA,A,01,0,1,0,0,1,0,0,0,0,-,-,NA,NA,LOS ANGELES,LOS ANGELES,-118.21019744873048,34.05783462524414
9410742,2021,2022-02-18,1942,2021-11-24,1645,34350,0497,3,5,7,1942,0,0,0,D,0,24TL52,CONCORD ST,ESTRADA ST,0,NA,Y,A,-,N,NA,NA,NA,NA,NA,NA,NA,NA,NA,N,3,0,1,2,A,-,10,21950,A,F,G,B,-,A,H,-,C,-,0,Y,NA,NA,NA,Y,NA,-,99,0,1,0,0,1,0,0,0,0,-,-,NA,NA,LOS ANGELES,LOS ANGELES,-118.20752716064452,34.02173614501953
9410743,2021,2022-02-18,1942,2021-11-30,1630,36460,0488,2,5,7,1942,0,0,0,D,0,24MQ43,GARNET ST,CONCORD ST,0,NA,Y,A,-,N,NA,NA,NA,NA,NA,NA,NA,NA,NA,N,3,0,1,2,A,-,12,22450,A,F,D,C,A,A,H,-,A,A,0,NA,NA,NA,NA,Y,NA,-,99,0,1,0,0,0,0,0,0,0,-,-,NA,NA,LOS ANGELES,LOS ANGELES,-118.20597839355467,34.02406692504883
9410744,2021,2022-02-18,1942,2021-11-27,1630,40289,0455,6,5,7,1942,0,0,0,D,0,24TL55,CESAR CHAVEZ,SOTO ST,7,W,N,A,-,N,NA,NA,NA,NA,NA,NA,NA,NA,NA,N,4,0,1,2,A,-,10,21950,NA,F,G,B,B,A,H,-,A,D,0,Y,NA,NA,NA,Y,NA,-,99,0,0,1,0,1,0,0,0,0,-,-,NA,NA,LOS ANGELES,LOS ANGELES,-118.20781707763672,34.046810150146484
9410751,2021,2022-03-18,1900,2021-11-26,1625,646983,1332,5,5,5,1908,0,0,0,NA,0,133T0,BELLFLOWER BL,ROSECRANS AV,100,N,N,A,-,N,NA,NA,NA,NA,NA,NA,NA,NA,NA,N,4,0,1,2,A,-,09,21804,A,N,D,C,A,A,H,-,A,D,0,NA,NA,NA,NA,Y,NA,A,01,0,0,1,0,0,0,0,0,0,-,-,NA,NA,LOS ANGELES,BELLFLOWER,-118.12532806396484,33.902244567871094
9410866,2021,2022-02-17,1941,2021-05-08,1217,6292,NA,6,5,7,1941,0,0,0,NA,0,NA,ORANGE AV,DEL AMO BL,550,S,N,A,-,N,NA,NA,NA,NA,NA,NA,NA,NA,NA,N,4,0,2,2,A,-,08,22107,NA,N,B,C,A,A,H,-,A,D,0,NA,NA,NA,NA,Y,NA,A,NA,0,0,2,0,0,0,0,0,0,-,-,NA,NA,LOS ANGELES,LONG BEACH,-118.1767120361328,33.84553527832031
9410902,2021,2022-02-18,1900,2021-12-09,2000,637378,0332,4,5,4,1939,0,0,0,NA,0,35T1,MARINE AV,MANSEL AV,0,NA,Y,A,-,N,NA,NA,NA,NA,NA,NA,NA,NA,NA,Y,3,0,1,2,A,-,12,21453,A,N,D,C,A,B,H,-,C,A,0,NA,NA,NA,NA,Y,NA,A,01,0,1,0,0,0,0,0,0,0,-,-,33.894710540771484,-118.35588836669922,LOS ANGELES,LAWNDALE,-118.35586547851564,33.89463806152344
9410903,2021,2022-02-18,1900,2021-12-15,1930,636807,0334,3,5,4,1939,0,0,0,NA,0,35T1,PRAIRIE AV,168TH ST,26,N,N,A,-,N,NA,NA,NA,NA,NA,NA,NA,NA,NA,Y,2,0,1,1,A,-,07,21658,A,N,E,I,A,A,H,-,C,D,0,NA,NA,NA,NA,Y,NA,A,01,1,0,0,0,0,0,0,0,0,-,-,33.8786506652832,-118.34397888183594,LOS ANGELES,LAWNDALE,-118.34382629394533,33.878562927246094
9410904,2021,2022-02-18,1900,2021-12-12,0435,601880,0331,7,5,4,1939,0,0,0,NA,0,035,ROSECRANS AV,HAWTHORNE BL,37,E,N,A,-,N,NA,NA,NA,NA,NA,NA,NA,NA,NA,Y,2,0,1,5,A,-,03,22350,NA,N,E,I,A,A,H,-,C,A,0,NA,NA,NA,NA,Y,NA,A,01,1,0,0,0,0,0,0,0,0,-,-,33.90201187133789,-118.35037231445313,LOS ANGELES,LAWNDALE,-118.35291290283205,33.90170669555664
9410905,2021,2022-02-18,1900,2021-12-31,0941,638531,0334,5,5,4,1939,0,0,0,NA,0,035,REDONDO BEACH BL,OSAGE AV,56,W,N,A,-,N,NA,NA,NA,NA,NA,NA,NA,NA,NA,Y,3,0,1,2,A,-,08,22100,A,N,A,C,A,A,H,-,A,A,0,NA,NA,NA,NA,Y,NA,A,01,0,1,0,0,0,0,0,0,0,-,-,33.87662124633789,-118.345947265625,LOS ANGELES,LAWNDALE,-118.34587097167967,33.87665557861328
9410906,2021,2022-02-18,1900,2021-12-19,0713,623564,0333,7,5,4,1939,0,0,0,NA,0,35T1,HAWTHORNE BL,MANHATTAN BEACH BL,0,NA,Y,A,-,N,NA,NA,NA,NA,NA,NA,NA,NA,NA,Y,4,0,1,2,A,-,12,21453,A,N,D,C,A,A,H,-,A,A,0,NA,NA,NA,NA,Y,NA,A,07,0,0,1,0,0,0,0,0,0,-,-,33.887298583984375,-118.35237884521484,LOS ANGELES,LAWNDALE,-118.35272979736328,33.8873291015625
94109908,2024,2024-08-12,9535,2024-08-06,1210,023070,NA,2,1,7,1942,0,3,5,NA,2,002,INDIANA ST.,S/B I-5 (SANTA ANA FREEWAY),22,S,N,A,-,N,NA,NA,NA,NA,NA,NA,NA,NA,NA,N,3,0,1,2,A,-,21,22106,NA,N,B,C,A,A,H,-,A,D,0,NA,NA,NA,NA,Y,NA,A,01,0,1,0,0,0,0,0,0,0,-,-,34.019981384277344,-118.19222259521484,LOS ANGELES,LOS ANGELES,-118.19226837158205,34.01979064941406
9410997,2022,2022-02-18,1961,2022-01-27,1643,10515,1961,4,5,3,1961,0,0,0,NA,0,001,SOUTH BRAND BL,CELIS ST,60,S,N,A,-,N,NA,NA,NA,NA,NA,NA,NA,NA,NA,N,3,0,1,2,A,-,11,21955,NA,N,G,B,E,A,H,-,A,A,0,Y,NA,NA,NA,Y,NA,N,60,0,1,0,0,1,0,0,0,0,-,-,NA,NA,LOS ANGELES,SAN FERNANDO,-118.4409637451172,34.2808837890625
9410998,2022,2022-03-08,1961,2022-01-19,0920,10418,1961,3,5,3,1961,0,0,0,NA,0,003,ARROYO AV,BORDEN AV,345,NA,N,A,-,N,NA,NA,NA,NA,NA,NA,NA,NA,NA,N,4,0,1,2,A,-,05,21651,B,N,B,C,A,A,H,-,A,D,0,NA,NA,NA,NA,Y,NA,A,01,0,0,1,0,0,0,0,0,0,-,-,NA,NA,LOS ANGELES,SAN FERNANDO,-118.42099761962892,34.28798294067383
9410999,2022,2022-02-18,1976,2022-01-27,1312,543,1964,4,5,3,1964,0,0,0,NA,0,002,FLORENCE AV,LAUREL AV,435,W,N,A,-,N,NA,NA,NA,NA,NA,NA,NA,NA,NA,N,4,0,1,2,A,-,07,21658,A,N,B,C,A,A,H,-,A,A,0,NA,NA,NA,NA,Y,NA,A,01,0,0,1,0,0,0,0,0,0,-,-,NA,NA,LOS ANGELES,SANTA FE SPRINGS,-118.05022430419922,33.93559646606445
9411000,2022,2022-02-18,1976,2022-01-22,0219,482,NA,6,5,3,1964,0,0,0,NA,0,001,TELEGRAPH RD,PIONEER BL,0,NA,Y,A,-,N,NA,NA,NA,NA,NA,NA,NA,NA,NA,Y,4,0,1,2,A,-,01,23152,A,N,D,C,A,A,H,-,C,A,0,NA,NA,NA,NA,Y,Y,A,01,0,0,1,0,0,0,0,0,0,-,-,NA,NA,LOS ANGELES,SANTA FE SPRINGS,-118.08097076416016,33.94518280029297
9411018,2022,2022-02-22,1967,2022-01-27,0137,164,NA,4,5,2,1967,0,0,0,NA,0,SOUTH,OBISPO AV,PALM DR,134,S,N,A,-,N,NA,NA,NA,NA,NA,NA,NA,NA,NA,Y,3,0,1,1,A,-,01,23152,A,N,E,I,A,A,H,-,C,D,0,NA,NA,NA,NA,Y,Y,A,01,0,1,0,0,0,0,0,0,0,-,-,NA,NA,LOS ANGELES,SIGNAL HILL,-118.15754699707033,33.80097198486328
9411068,2022,2022-03-10,1942,2022-02-15,0840,41729,0394,2,5,7,1942,0,0,0,C,0,25T25,2ND AV,VERNON AV,15,N,N,A,-,N,NA,NA,NA,NA,NA,NA,NA,NA,NA,N,4,0,1,2,A,-,03,22350,NA,N,B,C,A,A,H,-,A,D,0,NA,NA,NA,NA,Y,NA,A,01,0,0,1,0,0,0,0,0,0,-,-,NA,NA,LOS ANGELES,LOS ANGELES,-118.31928253173828,34.00373077392578
9411083,2022,2022-03-10,1941,2022-02-03,1802,10549,NA,4,5,7,1941,0,0,0,NA,0,NA,ORANGE AV,DEL AMO BL,0,NA,Y,A,-,N,NA,NA,NA,NA,NA,NA,NA,NA,NA,Y,4,0,1,2,A,-,07,21658,A,N,C,E,A,A,H,-,C,D,0,NA,NA,NA,NA,Y,NA,A,NA,0,0,1,0,0,0,0,0,0,-,-,NA,NA,LOS ANGELES,LONG BEACH,-118.17685699462892,33.84703826904297
9411118,2022,2022-03-14,1900,2022-01-24,0808,541571,2608,1,5,6,1950,0,0,0,NA,0,263T1,AVE R,27TH ST EAST,0,NA,Y,A,-,N,NA,NA,NA,NA,NA,NA,NA,NA,NA,N,4,0,2,2,A,-,09,21804,A,N,D,C,A,A,H,-,A,A,0,NA,NA,NA,NA,Y,NA,A,01,0,0,2,0,0,0,0,0,0,-,-,34.57271957397461,-118.0810317993164,LOS ANGELES,PALMDALE,-118.08100128173828,34.572715759277344
9411120,2022,2022-03-18,1900,2022-02-03,0500,527381,2603,4,5,6,1950,0,0,0,NA,0,264T1,PEARBLOSSOM HWY,30TH ST EAST,326,W,N,A,-,N,NA,NA,NA,NA,NA,NA,NA,NA,NA,Y,4,0,3,4,A,-,08,22107,NA,N,B,C,A,A,H,-,C,D,0,NA,NA,NA,NA,Y,NA,D,22,0,0,3,0,0,0,0,0,0,-,-,34.54158020019531,-118.07466888427734,LOS ANGELES,PALMDALE,-118.07452392578124,34.54155731201172
9411161,2022,2022-03-07,1941,2022-02-07,1829,11572,NA,1,5,7,1941,0,0,0,NA,0,901T,ATLANTIC AV,E ADAMS ST,0,NA,Y,A,-,N,NA,NA,NA,NA,NA,NA,NA,NA,NA,N,4,0,1,2,A,-,11,21954,A,N,G,B,D,A,H,-,C,D,0,Y,NA,NA,NA,Y,Y,N,NA,0,0,1,0,1,0,0,0,0,-,-,NA,NA,LOS ANGELES,LONG BEACH,-118.18587493896484,33.86982727050781
9411162,2022,2022-03-14,1941,2022-02-07,1117,11547,NA,1,5,7,1941,0,0,0,NA,0,901T,BROADWAY,KENNEBEC AV,140,W,N,A,-,N,NA,NA,NA,NA,NA,NA,NA,NA,NA,N,4,0,2,2,A,-,-,NA,NA,N,C,C,A,A,H,-,A,D,0,NA,NA,NA,NA,Y,NA,A,NA,0,0,2,0,0,0,0,0,0,-,-,NA,NA,LOS ANGELES,LONG BEACH,-118.16451263427734,33.76665115356445
9411163,2022,2022-03-02,1941,2022-02-07,0925,6291,NA,1,5,7,1941,0,0,0,NA,0,901T,ANAHEIN ST,OREGON AV,0,NA,Y,A,-,N,NA,NA,NA,NA,NA,NA,NA,NA,NA,Y,4,0,2,2,A,-,12,21453,A,N,-,C,A,A,H,-,A,A,0,NA,NA,NA,NA,Y,NA,A,NA,0,0,2,0,0,0,0,0,0,-,-,NA,NA,LOS ANGELES,LONG BEACH,-118.20098114013672,33.782814025878906
9411164,2022,2022-03-07,1941,2022-02-06,2244,11365,NA,7,5,7,1941,0,0,0,NA,0,901T,BROADWAY,LINDERO AV,16,E,N,A,-,N,NA,NA,NA,NA,NA,NA,NA,NA,NA,Y,4,0,1,2,A,-,09,21804,A,N,D,C,A,A,H,-,C,D,0,NA,NA,NA,NA,Y,NA,A,NA,0,0,1,0,0,0,0,0,0,-,-,NA,NA,LOS ANGELES,LONG BEACH,-118.16275024414064,33.76629638671875
9411165,2022,2022-03-02,1941,2022-02-13,2318,11409,NA,7,5,7,1941,0,0,0,NA,0,901T,LOS COYOTES DIAGONAL,WARDLOW RD,0,NA,Y,A,-,N,NA,NA,NA,NA,NA,NA,NA,NA,NA,N,2,0,1,2,A,-,11,21456,B,N,G,B,B,A,H,-,C,A,0,Y,NA,NA,NA,Y,NA,N,NA,1,0,0,0,1,0,0,0,0,-,-,NA,NA,LOS ANGELES,LONG BEACH,-118.10986328125,33.81874084472656
9411166,2022,2022-03-02,1941,2022-02-13,2008,10063,NA,7,5,7,1941,0,0,0,NA,0,901T,SHORELINE DR,SHORELINE VILLAGE DR,226,W,N,A,-,N,NA,NA,NA,NA,NA,NA,NA,NA,NA,Y,4,0,1,3,D,-,00,NA,NA,N,B,E,A,A,H,-,C,A,0,NA,NA,NA,NA,Y,NA,-,-,0,0,1,0,0,0,0,0,0,-,-,NA,NA,LOS ANGELES,LONG BEACH,-118.19005584716795,33.761878967285156
9411167,2022,2022-03-02,1941,2022-02-12,0904,11347,NA,6,5,7,1941,0,0,0,NA,0,901T,TEMPLE AV,SPAULDING ST,0,NA,Y,A,-,N,NA,NA,NA,NA,NA,NA,NA,NA,NA,N,4,0,1,2,A,-,08,22107,NA,N,D,C,A,A,H,-,A,A,0,NA,NA,NA,NA,Y,NA,A,NA,0,0,1,0,0,0,0,0,0,-,-,NA,NA,LOS ANGELES,LONG BEACH,-118.15895080566406,33.785308837890625
9411168,2022,2022-03-02,1941,2022-02-13,0342,11562,NA,7,5,7,1941,0,0,0,NA,0,NA,LONG BEACH  BL,ROOSEVELT RD,0,NA,Y,A,-,N,NA,NA,NA,NA,NA,NA,NA,NA,NA,Y,4,0,1,2,A,-,08,22107,NA,F,B,C,A,A,H,-,C,D,0,NA,NA,NA,NA,Y,NA,A,NA,0,0,1,0,0,0,0,0,0,-,-,NA,NA,LOS ANGELES,LONG BEACH,-118.18934631347656,33.82896423339844
9411196,2022,2022-03-02,1941,2022-02-08,1409,10785,NA,2,5,7,1941,0,0,0,NA,0,NA,ANAHEIM ST,RAYMOND AV,0,NA,Y,A,-,N,NA,NA,NA,NA,NA,NA,NA,NA,NA,Y,3,0,3,2,A,-,09,21801,A,N,D,C,A,A,H,-,A,A,0,NA,NA,NA,NA,Y,NA,A,NA,0,2,1,0,0,0,0,0,0,-,-,NA,NA,LOS ANGELES,LONG BEACH,-118.16443634033205,33.782596588134766
9411197,2022,2022-03-02,1941,2022-02-07,2057,10877,NA,1,5,7,1941,0,0,0,NA,0,NA,ORANGE AV,DEL AMO,20,S,N,A,-,N,NA,NA,NA,NA,NA,NA,NA,NA,NA,Y,4,0,1,2,A,-,01,23152,A,N,C,C,A,A,H,-,C,A,0,NA,NA,NA,NA,Y,Y,A,NA,0,0,1,0,0,0,0,0,0,-,-,NA,NA,LOS ANGELES,LONG BEACH,-118.17685699462892,33.84698486328125
9411198,2022,2022-03-14,1967,2022-02-14,0113,168,NA,1,5,2,1967,0,0,0,NA,0,NORTH,ORANGE AV,SPRING,0,NA,Y,A,-,N,NA,NA,NA,NA,NA,NA,NA,NA,NA,Y,4,0,1,2,A,-,12,21453,A,N,D,C,A,A,H,-,C,A,0,NA,NA,NA,NA,Y,NA,-,-,0,0,1,0,0,0,0,0,0,-,-,NA,NA,LOS ANGELES,SIGNAL HILL,-118.17630767822266,33.811676025390625
9411200,2022,2022-03-24,1976,2022-02-07,1527,559,1976,1,5,5,1976,0,0,0,NA,0,001,BEVERLY BL,PALM AVE,0,NA,N,A,-,N,NA,NA,NA,NA,NA,NA,NA,NA,NA,N,3,0,1,2,A,-,12,21453,A,N,H,G,A,A,H,-,A,A,0,NA,Y,NA,NA,Y,NA,L,04,0,1,0,0,0,0,1,0,0,-,-,NA,NA,LOS ANGELES,WHITTIER,-118.05435180664064,33.997283935546875
9411201,2022,2022-02-18,1976,2022-01-20,1830,490,NA,4,5,3,1964,0,0,0,NA,0,002,FLORENCE AV,NORWALK BL,0,NA,Y,A,-,N,NA,NA,NA,NA,NA,NA,NA,NA,NA,Y,4,0,3,3,A,-,09,21801,A,N,D,C,A,A,H,-,C,A,0,NA,NA,NA,NA,Y,NA,A,01,0,0,3,0,0,0,0,0,0,-,-,NA,NA,LOS ANGELES,SANTA FE SPRINGS,-118.07271575927734,33.93534469604492
9411278,2022,2022-03-01,1941,2022-01-07,0959,6179,NA,5,5,7,1941,0,0,0,NA,0,NA,WILLOW ST,GONDAR AV,55,E,N,B,-,N,NA,NA,NA,NA,NA,NA,NA,NA,NA,Y,4,0,1,2,A,-,07,21658,A,N,B,C,A,A,H,-,A,D,0,NA,NA,NA,NA,Y,NA,A,NA,0,0,1,0,0,0,0,0,0,-,-,NA,NA,LOS ANGELES,LONG BEACH,-118.11302947998048,33.80318069458008
9411279,2022,2022-03-01,1941,2022-01-31,1507,11523,NA,1,5,7,1941,0,0,0,NA,0,NA,EARL AV,HILL ST,50,N,N,A,-,N,NA,NA,NA,NA,NA,NA,NA,NA,NA,N,4,0,1,2,A,-,09,21804,A,N,B,C,A,A,H,-,A,D,0,NA,NA,NA,NA,Y,NA,A,NA,0,0,1,0,0,0,0,0,0,-,-,NA,NA,LOS ANGELES,LONG BEACH,-118.19161224365234,33.79725646972656
9411280,2022,2022-03-01,1941,2022-01-06,0831,10549,NA,4,5,7,1941,0,0,0,NA,0,NA,DEL AMO BL,49TH ST,0,NA,Y,A,-,N,NA,NA,NA,NA,NA,NA,NA,NA,NA,N,4,0,1,2,A,-,08,22107,NA,N,G,B,B,-,H,-,A,A,0,Y,NA,NA,NA,Y,NA,D,NA,0,0,1,0,1,0,0,0,0,-,-,NA,NA,LOS ANGELES,LONG BEACH,-118.1868896484375,33.84536361694336
94113040,2024,2024-08-12,9545,2024-08-02,2015,023608,NA,5,2,9,1900,0,1,3,NA,2,031,SR-14 N/B,PEARBLOSSOM HWY,950,N,N,A,-,Y,LA,NA,14,NA,R,54.832,H,NA,R,N,3,0,1,1,A,-,08,22107,NA,N,E,I,A,A,H,-,D,D,0,NA,NA,NA,NA,Y,NA,A,01,0,1,0,0,0,0,0,0,0,-,-,34.514991760253906,-118.11026000976564,LOS ANGELES,UNINCORPORATED,-118.11038970947266,34.514984130859375
9411319,2022,2022-03-09,1941,2022-02-10,0942,10167,NA,4,5,7,1941,0,0,0,NA,0,NA,ATLANTIC AV,37TH ST,0,NA,Y,A,-,N,NA,NA,NA,NA,NA,NA,NA,NA,NA,Y,4,0,2,2,A,-,09,21801,A,N,D,C,A,A,H,-,A,A,0,NA,NA,NA,NA,Y,NA,A,NA,0,0,2,0,0,0,0,0,0,-,-,NA,NA,LOS ANGELES,LONG BEACH,-118.18502807617188,33.824195861816406
9411320,2022,2022-03-08,1941,2022-02-03,1307,6074,NA,4,5,7,1941,0,0,0,NA,0,NA,ANAHEIM ST,BELMONT AV,0,NA,Y,A,-,N,NA,NA,NA,NA,NA,NA,NA,NA,NA,Y,4,0,1,1,A,-,08,22107,NA,N,E,I,A,A,H,-,A,D,0,NA,NA,NA,NA,Y,NA,A,NA,0,0,1,0,0,0,0,0,0,-,-,NA,NA,LOS ANGELES,LONG BEACH,-118.14484405517578,33.782596588134766
9411350,2022,2022-02-25,1942,2022-01-22,1300,39142,NA,6,5,7,1942,0,0,0,NA,0,5A26,AVALON BL,PACIFIC COAST HWY,0,N,N,A,-,N,NA,NA,NA,NA,NA,NA,NA,NA,NA,Y,4,0,1,2,A,-,03,22350,NA,F,C,C,A,A,-,-,A,A,0,NA,NA,NA,NA,Y,NA,A,07,0,0,1,0,0,0,0,0,0,-,-,NA,NA,LOS ANGELES,LOS ANGELES,-118.26332092285156,33.79115676879883
9411363,2021,2022-02-22,1922,2021-11-22,1844,603,NA,1,5,6,1922,0,0,0,NA,0,NA,VALLEY BL,SANTA ANITA,150,W,N,A,-,N,NA,NA,NA,NA,NA,NA,NA,NA,NA,N,2,0,1,2,A,-,11,21954,A,N,D,B,D,A,H,-,C,D,0,Y,NA,NA,NA,Y,NA,N,60,1,0,0,0,1,0,0,0,0,-,-,34.07645034790039,-118.04119110107422,LOS ANGELES,EL MONTE,-118.04157257080078,34.07636260986328
9411369,2021,2022-02-18,1942,2021-11-26,0650,33452,0233,5,5,7,1942,0,0,0,B,0,24TL22,RAMPART BL,BEVERLY BL,20,N,N,A,-,N,NA,NA,NA,NA,NA,NA,NA,NA,NA,N,3,0,1,2,A,-,08,22107,NA,F,B,G,A,A,H,-,A,D,0,NA,Y,NA,NA,Y,NA,-,99,0,1,0,0,0,0,1,0,0,-,-,NA,NA,LOS ANGELES,LOS ANGELES,-118.2768325805664,34.069488525390625
9411371,2021,2022-02-22,1942,2021-11-27,2220,39980,0245,6,5,7,1942,0,0,0,B,0,2491,ALVARADO,6TH ST,25,N,N,A,-,N,NA,NA,NA,NA,NA,NA,NA,NA,NA,N,4,0,1,2,A,-,01,23152,A,N,C,C,A,A,H,-,C,-,0,NA,NA,NA,NA,Y,Y,A,07,0,0,1,0,0,0,0,0,0,-,-,NA,NA,LOS ANGELES,LOS ANGELES,-118.27483367919922,34.059600830078125
9411372,2021,2022-02-18,1942,2021-11-25,0320,37505,0245,4,5,7,1942,0,0,0,B,0,24T33W,ALVARADO ST,3RD ST,233,S,N,A,-,N,NA,NA,NA,NA,NA,NA,NA,NA,NA,N,4,0,1,2,A,-,11,21954,A,F,B,B,D,A,H,-,C,A,0,Y,NA,NA,NA,Y,Y,N,60,0,0,1,0,1,0,0,0,0,-,-,NA,NA,LOS ANGELES,LOS ANGELES,-118.27306365966795,34.06239318847656
94113742,2024,2024-08-12,9590,2024-07-28,138,023888,NA,7,3,7,1942,0,1,1,NA,2,080,I-5 N/B (GOLDEN STATE FREEWAY),4TH ST,100,N,N,A,-,Y,LA,NA,5,NA,NA,17.807,H,NA,R,Y,2,0,3,2,A,-,01,23152,A,N,C,C,A,A,H,-,C,D,0,NA,NA,NA,NA,Y,Y,A,01,1,0,2,0,0,0,0,0,0,-,-,34.04602813720703,-118.21517944335938,LOS ANGELES,LOS ANGELES,-118.21517181396484,34.04602813720703
9411376,2021,2022-02-18,1942,2021-11-21,1858,43663,RD02,7,5,7,1942,0,0,0,NA,0,2A46,PICO BL,ALVARADO ST,0,NA,-,A,-,N,NA,NA,NA,NA,NA,NA,NA,NA,NA,N,4,0,1,2,A,-,10,21950,A,F,B,-,-,A,-,-,C,D,0,Y,NA,NA,NA,Y,NA,-,99,0,0,1,0,1,0,0,0,0,-,-,NA,NA,LOS ANGELES,LOS ANGELES,-118.28267669677734,34.04726028442383
9411377,2021,2022-02-18,1942,2021-11-20,1910,42954,0238,6,5,7,1942,0,0,0,B,0,2A39,COLTON ST,BIXEL,210,W,N,A,-,N,NA,NA,NA,NA,NA,NA,NA,NA,NA,Y,3,0,1,4,A,-,03,22350,A,N,B,E,A,A,H,-,C,A,0,NA,NA,NA,NA,Y,NA,A,01,0,1,0,0,0,0,0,0,0,-,-,NA,NA,LOS ANGELES,LOS ANGELES,-118.25620269775392,34.06275939941406
9411423,2022,2022-02-18,1900,2022-02-03,2124,606632,2928,4,5,5,1990,0,0,0,NA,0,292T1,GOLDEN SPRINGS DR,LEMON AV,0,NA,Y,A,-,N,NA,NA,NA,NA,NA,NA,NA,NA,NA,Y,4,0,1,2,-,-,-,NA,A,N,A,C,A,A,H,-,C,A,0,NA,NA,NA,NA,Y,NA,-,-,0,0,1,0,0,0,0,0,0,-,-,NA,NA,LOS ANGELES,DIAMOND BAR,-117.8543701171875,33.99702453613281
9411466,2022,2022-02-24,1942,2022-02-05,0825,34269,1386,6,5,7,1942,0,0,0,M,0,24MQ75,SLAUSON AV,AVALON BL,30,W,N,A,-,N,NA,NA,NA,NA,NA,NA,NA,NA,NA,N,4,0,1,2,A,-,21,22106,NA,N,C,C,A,A,H,-,A,D,0,NA,NA,NA,NA,Y,NA,D,22,0,0,1,0,0,0,0,0,0,-,-,NA,NA,LOS ANGELES,LOS ANGELES,-118.26531219482422,33.9892463684082
9411467,2022,2023-04-27,1942,2022-02-06,1800,37143,0473,7,5,7,1942,0,0,0,D,0,24MQ57,7TH ST,BREED ST,0,NA,Y,A,-,N,NA,NA,NA,NA,NA,NA,NA,NA,NA,N,3,0,1,2,A,-,12,22450,A,F,D,-,A,A,H,-,C,A,0,NA,NA,NA,NA,Y,NA,-,99,0,1,0,0,0,0,0,0,0,-,-,NA,NA,LOS ANGELES,LOS ANGELES,-118.2182388305664,34.03285217285156
94114692,2024,2024-08-12,9535,2024-06-26,2000,023244,NA,3,2,5,1943,0,1,1,NA,2,074,I-710 N/B (LONG BEACH FREEWAY),IMPERIAL HWY,1650,S,N,A,-,Y,LA,NA,710,NA,R,16.631,H,NA,R,Y,3,0,2,3,A,-,01,23152,A,N,B,2,A,A,H,-,B,D,0,NA,NA,NA,NA,Y,Y,A,01,0,2,0,0,0,0,0,0,0,-,-,33.9262809753418,-118.1777801513672,LOS ANGELES,LYNWOOD,-118.17781066894533,33.926273345947266
9411473,2022,2022-02-23,1942,2022-02-09,0830,31698,0141,3,5,7,1942,0,0,0,A,0,24MQ52,4TH ST,HOPE ST,0,NA,Y,A,-,N,NA,NA,NA,NA,NA,NA,NA,NA,NA,N,3,0,1,2,A,-,08,22107,NA,N,B,C,A,A,H,-,A,A,0,NA,NA,NA,NA,Y,NA,-,-,0,1,0,0,0,0,0,0,0,-,-,NA,NA,LOS ANGELES,LOS ANGELES,-118.2537841796875,34.05219268798828
9411486,2022,2022-03-23,1900,2022-02-02,1621,608916,1626,3,5,5,1977,0,0,0,NA,0,167T1,223RD ST,WILMINGTON AV,452,E,N,A,-,N,NA,NA,NA,NA,NA,NA,NA,NA,NA,Y,3,0,1,2,A,-,08,22107,NA,N,D,C,A,A,H,-,A,D,0,NA,NA,NA,NA,Y,NA,A,01,0,1,0,0,0,0,0,0,0,-,-,33.824249267578125,-118.24091339111328,LOS ANGELES,CARSON,-118.24348449707033,33.824344635009766