CASE_ID,ACCIDENT_YEAR,PROC_DATE,JURIS,COLLISION_DATE,COLLISION_TIME,OFFICER_ID,REPORTING_DISTRICT,DAY_OF_WEEK,CHP_SHIFT,POPULATION,CNTY_CITY_LOC,SPECIAL_COND,BEAT_TYPE,CHP_BEAT_TYPE,CITY_DIVISION_LAPD,CHP_BEAT_CLASS,BEAT_NUMBER,PRIMARY_RD,SECONDARY_RD,DISTANCE,DIRECTION,INTERSECTION,WEATHER_1,WEATHER_2,STATE_HWY_IND,CALTRANS_COUNTY,CALTRANS_DISTRICT,STATE_ROUTE,ROUTE_SUFFIX,POSTMILE_PREFIX,POSTMILE,LOCATION_TYPE,RAMP_INTERSECTION,SIDE_OF_HWY,TOW_AWAY,COLLISION_SEVERITY,NUMBER_KILLED,NUMBER_INJURED,PARTY_COUNT,PRIMARY_COLL_FACTOR,PCF_CODE_OF_VIOL,PCF_VIOL_CATEGORY,PCF_VIOLATION,PCF_VIOL_SUBSECTION,HIT_AND_RUN,TYPE_OF_COLLISION,MVIW,PED_ACTION,ROAD_SURFACE,ROAD_COND_1,ROAD_COND_2,LIGHTING,CONTROL_DEVICE,CHP_ROAD_TYPE,PEDESTRIAN_ACCIDENT,BICYCLE_ACCIDENT,MOTORCYCLE_ACCIDENT,TRUCK_ACCIDENT,NOT_PRIVATE_PROPERTY,ALCOHOL_INVOLVED,STWD_VEHTYPE_AT_FAULT,CHP_VEHTYPE_AT_FAULT,COUNT_SEVERE_INJ,COUNT_VISIBLE_INJ,COUNT_COMPLAINT_PAIN,COUNT_PED_KILLED,COUNT_PED_INJURED,COUNT_BICYCLIST_KILLED,COUNT_BICYCLIST_INJURED,COUNT_MC_KILLED,COUNT_MC_INJURED,PRIMARY_RAMP,SECONDARY_RAMP,LATITUDE,LONGITUDE,COUNTY,CITY,POINT_X,POINT_Y
9411502,2021,2022-06-11,1900,2021-12-10,1820,647602,1333,5,5,5,1908,0,0,0,NA,0,133T2,ROSECRANS AV,MCNAB AV,0,NA,Y,A,-,N,NA,NA,NA,NA,NA,NA,NA,NA,NA,N,3,0,1,2,D,-,00,NA,NA,M,-,C,A,A,H,-,C,A,0,NA,NA,NA,NA,Y,NA,-,-,0,1,0,0,0,0,0,0,0,-,-,33.90190887451172,-118.1130599975586,LOS ANGELES,BELLFLOWER,-118.11309051513672,33.90203857421875
9411514,2022,2022-03-07,1942,2022-02-13,0455,42926,1162,7,5,7,1942,0,0,0,K,0,24TL26,HILLHURST AV,SUNSET BL,0,NA,Y,A,-,N,NA,NA,NA,NA,NA,NA,NA,NA,NA,N,4,0,1,2,A,-,12,21453,A,F,D,C,A,A,H,-,B,D,0,NA,NA,NA,NA,Y,NA,-,99,0,0,1,0,0,0,0,0,0,-,-,NA,NA,LOS ANGELES,LOS ANGELES,-118.28740692138672,34.09812927246094
9411517,2022,2022-04-06,1902,2022-02-11,0947,814,23,5,5,5,1902,0,0,0,NA,0,002,DUARTE RD,2ND AV,0,NA,Y,A,-,N,NA,NA,NA,NA,NA,NA,NA,NA,NA,Y,3,0,1,2,A,-,17,21457,B,N,A,C,A,A,H,-,A,A,0,NA,NA,NA,NA,Y,NA,A,01,0,1,0,0,0,0,0,0,0,-,-,NA,NA,LOS ANGELES,ARCADIA,-118.0250244140625,34.13042068481445
9411524,2022,2022-02-17,1955,2022-01-04,1827,42468,081,2,5,6,1955,0,0,0,NA,0,005,PHILLIPS BL,GAREY AV,40,W,N,A,-,N,NA,NA,NA,NA,NA,NA,NA,NA,NA,NA,4,0,1,3,A,-,03,22350,NA,F,C,C,A,A,H,-,C,A,0,NA,NA,NA,NA,Y,NA,A,01,0,0,1,0,0,0,0,0,0,-,-,34.0443115234375,-117.74960327148438,LOS ANGELES,POMONA,-117.74985504150392,34.04420852661133
9411525,2022,2022-02-17,1955,2022-01-15,0937,42120,26,6,5,6,1955,0,0,0,NA,0,002,LA VERNE AV,LAS VEGAS AV,81,W,N,A,-,N,NA,NA,NA,NA,NA,NA,NA,NA,NA,NA,3,0,1,2,A,-,10,21954,B,N,G,B,D,A,H,-,A,A,0,Y,NA,NA,NA,Y,NA,N,60,0,1,0,0,1,0,0,0,0,-,-,34.00849151611328,-117.7503662109375,LOS ANGELES,POMONA,-117.75054931640624,34.08498001098633
9411526,2022,2022-02-17,1955,2022-01-14,0902,42120,90,5,5,6,1955,0,0,0,NA,0,004,EAST END AV,MISSION BL,0,NA,Y,A,-,N,NA,NA,NA,NA,NA,NA,NA,NA,NA,Y,4,0,1,2,A,-,03,22350,NA,N,A,C,A,A,H,-,A,A,0,NA,NA,NA,NA,Y,NA,A,01,0,0,1,0,0,0,0,0,0,-,-,34.0559196472168,-117.72382354736328,LOS ANGELES,POMONA,-117.72382354736328,34.055755615234375
9411527,2022,2022-02-16,1900,2022-01-16,2030,600059,1412,7,5,1,1932,0,0,0,NA,0,141T5,CROSSROADS PARKWAY NORTH,WORKMAN MILL RD,449,E,N,B,-,N,NA,NA,NA,NA,NA,NA,NA,NA,NA,Y,4,0,1,1,A,-,03,22350,NA,N,F,I,A,B,H,-,C,D,0,NA,NA,NA,NA,Y,NA,A,07,0,0,1,0,0,0,0,0,0,-,-,34.03110885620117,-118.02020263671876,LOS ANGELES,INDUSTRY,-118.02027893066406,34.03122329711914
9411528,2022,2022-02-17,1942,2022-01-28,1945,43432,333,5,5,7,1942,0,0,0,NA,0,25T37W,CRENSHAW BL,JEFFERSON BL,130,N,N,A,-,N,NA,NA,NA,NA,NA,NA,NA,NA,NA,N,3,0,1,2,C,-,18,NA,NA,F,G,B,E,A,H,-,C,D,0,Y,NA,NA,NA,Y,Y,-,-,0,1,0,0,1,0,0,0,0,-,-,NA,NA,LOS ANGELES,LOS ANGELES,-118.33511352539064,34.025936126708984
9411529,2022,2022-02-17,1942,2022-01-29,1630,38579,1824,6,5,7,1942,0,0,0,R,0,25MX87,CENTURY BL,MCKINLEY AV,0,NA,Y,A,-,N,NA,NA,NA,NA,NA,NA,NA,NA,NA,Y,3,0,3,2,A,-,09,21801,A,N,A,C,A,A,H,-,A,A,0,NA,NA,NA,NA,Y,NA,A,01,0,3,0,0,0,0,0,0,0,-,-,NA,NA,LOS ANGELES,LOS ANGELES,-118.26085662841795,33.94545364379883
9411530,2022,2022-02-16,1942,2022-01-30,1215,35393,1821,7,5,7,1942,0,0,0,R,0,25TL21,FIGUEROA ST,101ST ST,10,N,N,A,-,N,NA,NA,NA,NA,NA,NA,NA,NA,NA,N,3,0,2,2,A,-,03,22350,NA,F,C,C,A,A,H,-,A,D,0,NA,NA,NA,NA,Y,NA,-,99,0,2,0,0,0,0,0,0,0,-,-,NA,NA,LOS ANGELES,LOS ANGELES,-118.28263854980467,33.94465637207031
9411531,2022,2022-02-17,1942,2022-01-28,1530,40700,0373,5,5,7,1942,0,0,0,C,0,25MQ53,NORTON AV,COLISEUM ST,0,NA,Y,A,-,N,NA,NA,NA,NA,NA,NA,NA,NA,NA,Y,3,0,2,2,A,-,09,21802,A,N,D,C,A,A,H,-,A,A,0,NA,NA,NA,NA,Y,NA,A,01,0,1,1,0,0,0,0,0,0,-,-,NA,NA,LOS ANGELES,LOS ANGELES,-118.33293151855467,34.018218994140625
9411532,2022,2022-02-17,1942,2022-01-31,0950,41933,1836,1,5,7,1942,0,0,0,R,0,25TL23,COMPTON AV,104TH ST,85,N,N,A,-,N,NA,NA,NA,NA,NA,NA,NA,NA,NA,N,4,0,2,2,A,-,03,22350,NA,F,C,C,A,A,H,-,A,D,0,NA,NA,NA,NA,Y,NA,-,99,0,0,2,0,0,0,0,0,0,-,-,NA,NA,LOS ANGELES,LOS ANGELES,-118.24623870849608,33.941673278808594
9411534,2022,2022-02-23,1942,2022-01-28,0930,41923,1251,5,5,7,1942,0,0,0,L,0,25TL25,FLORENCE AV,8TH AV,30,E,N,A,-,N,NA,NA,NA,NA,NA,NA,NA,NA,NA,N,4,0,1,2,A,-,07,21658,A,F,B,C,A,A,H,-,A,D,0,NA,NA,NA,NA,Y,NA,-,99,0,0,1,0,0,0,0,0,0,-,-,NA,NA,LOS ANGELES,LOS ANGELES,-118.32642364501952,33.974552154541016
9411535,2022,2022-02-16,1942,2022-01-27,0845,41933,1837,4,5,7,1942,0,0,0,R,0,25TL27,WILMINGTON AV,114TH ST,72,S,N,A,-,N,NA,NA,NA,NA,NA,NA,NA,NA,NA,N,3,0,1,2,A,-,03,22350,NA,F,C,C,A,A,H,-,A,D,0,NA,NA,NA,NA,Y,NA,-,99,0,1,0,0,0,0,0,0,0,-,-,NA,NA,LOS ANGELES,LOS ANGELES,-118.23909759521484,33.931312561035156
9411536,2022,2022-02-23,1942,2022-01-27,1145,35393,1824,4,5,7,1942,0,0,0,R,0,25TL21,WILMINGTON AV,114TH ST,0,NA,Y,A,-,N,NA,NA,NA,NA,NA,NA,NA,NA,NA,N,3,0,1,2,A,-,09,21801,A,F,D,C,A,A,H,-,A,D,0,NA,NA,NA,NA,Y,NA,-,99,0,1,0,0,0,0,0,0,0,-,-,NA,NA,LOS ANGELES,LOS ANGELES,-118.23908996582033,33.93151092529297
9411540,2022,2022-02-17,1970,2022-01-23,1740,194,NA,7,5,4,1970,0,0,0,NA,0,004,FREMONT AV,LYNDON ST,30,N,N,A,-,N,NA,NA,NA,NA,NA,NA,NA,NA,NA,Y,4,0,5,3,A,-,03,22350,NA,N,C,C,A,A,H,-,C,D,0,NA,NA,NA,NA,Y,NA,-,NA,0,0,5,0,0,0,0,0,0,-,-,NA,NA,LOS ANGELES,SOUTH PASADENA,-118.15316009521484,34.111053466796875
9411561,2022,2022-02-24,1942,2022-01-22,1640,40099,1844,6,5,7,1942,0,0,0,R,0,25MX82,SAN PEDRO ST,108TH ST,7,S,N,A,-,N,NA,NA,NA,NA,NA,NA,NA,NA,NA,N,3,0,1,3,A,-,01,23152,A,N,B,C,A,A,H,-,A,A,0,NA,NA,NA,NA,Y,Y,A,01,0,1,0,0,0,0,0,0,0,-,-,NA,NA,LOS ANGELES,LOS ANGELES,-118.26953887939452,33.938270568847656
9411562,2022,2022-02-24,1942,2022-01-21,1635,42282,1215,5,5,7,1942,0,0,0,L,0,25T90,VERMONT,57TH ST,80,S,N,A,-,N,NA,NA,NA,NA,NA,NA,NA,NA,NA,N,3,0,2,2,A,-,00,20015,A,F,B,C,A,A,H,-,A,A,0,NA,NA,NA,NA,Y,NA,-,99,0,2,0,0,0,0,0,0,0,-,-,NA,NA,LOS ANGELES,LOS ANGELES,-118.29148864746094,33.99026107788086
9411563,2022,2022-02-24,1942,2022-01-21,0245,41131,1252,5,5,7,1942,0,0,0,L,0,25T33,FLORENCE AV,6TH AV,55,W,N,A,-,N,NA,NA,NA,NA,NA,NA,NA,NA,NA,Y,3,0,1,1,A,-,01,23152,A,N,E,I,A,A,H,-,C,D,0,NA,NA,NA,NA,Y,Y,A,01,0,1,0,0,0,0,0,0,0,-,-,NA,NA,LOS ANGELES,LOS ANGELES,-118.32379913330078,33.974578857421875
9411564,2022,2022-02-24,1942,2022-01-10,2040,43432,0563,1,5,7,1942,0,0,0,E,0,25T37W,13TH ST,GAFFEY ST,115,W,N,A,-,N,NA,NA,NA,NA,NA,NA,NA,NA,NA,N,3,0,1,2,A,-,09,21804,A,F,D,G,A,A,H,-,C,D,0,NA,Y,NA,NA,Y,NA,-,99,0,1,0,0,0,0,1,0,0,-,-,NA,NA,LOS ANGELES,LOS ANGELES,-118.2927474975586,33.7324104309082
9411565,2022,2022-02-24,1942,2022-01-30,2235,43073,1265,7,5,7,1942,0,0,0,L,0,12A39,MANCHESTER AV,VERMONT AV,5,E,N,A,-,N,NA,NA,NA,NA,NA,NA,NA,NA,NA,Y,4,0,1,1,A,-,03,22350,NA,N,E,I,A,A,H,-,C,A,0,NA,NA,NA,NA,Y,Y,A,01,0,0,1,0,0,0,0,0,0,-,-,NA,NA,LOS ANGELES,LOS ANGELES,-118.29175567626952,33.960018157958984
9411566,2022,2022-02-24,1942,2022-01-27,2330,40867,1269,4,5,7,1942,0,0,0,L,0,12A15,MANCHESTER AV,CENTRAL AV,0,W,N,A,-,N,NA,NA,NA,NA,NA,NA,NA,NA,NA,N,2,0,1,2,D,-,00,NA,NA,F,G,B,B,A,H,-,C,A,0,Y,NA,NA,NA,Y,Y,-,-,1,0,0,0,1,0,0,0,0,-,-,NA,NA,LOS ANGELES,LOS ANGELES,-118.25641632080078,33.96015930175781
9411567,2022,2022-02-24,1942,2022-01-25,1640,38202,1268,2,5,7,1942,0,0,0,L,0,25MX84,MAIN ST,83RD ST,0,NA,Y,A,-,N,NA,NA,NA,NA,NA,NA,NA,NA,NA,N,4,0,2,3,A,-,09,21801,A,N,D,C,A,A,H,-,A,A,0,NA,NA,NA,NA,Y,NA,A,07,0,0,2,0,0,0,0,0,0,-,-,NA,NA,LOS ANGELES,LOS ANGELES,-118.27389526367188,33.96414566040039
9411569,2022,2022-02-24,1942,2022-01-26,0105,44722,1039,3,5,7,1942,0,0,0,J,0,10A39,GLORIA AV,HAYNES ST,130,S,N,A,-,N,NA,NA,NA,NA,NA,NA,NA,NA,NA,N,3,0,1,2,A,-,11,21956,A,F,G,B,E,A,H,-,D,D,0,Y,NA,NA,NA,Y,NA,N,60,0,1,0,0,1,0,0,0,0,-,-,NA,NA,LOS ANGELES,LOS ANGELES,-118.47930145263672,34.188812255859375
9411570,2022,2022-02-24,1942,2022-01-24,1950,44722,1029,1,5,7,1942,0,0,0,J,0,10A39,SHERMAN WY,HASKELL,273,W,N,A,-,N,NA,NA,NA,NA,NA,NA,NA,NA,NA,N,3,0,1,2,A,-,03,22350,NA,F,C,C,A,A,H,-,C,A,0,NA,NA,NA,NA,Y,NA,A,01,0,1,0,0,0,0,0,0,0,-,-,NA,NA,LOS ANGELES,LOS ANGELES,-118.47579193115234,34.20111846923828
9411571,2022,2022-02-24,1942,2022-01-24,2310,37510,1067,1,5,7,1942,0,0,0,J,0,10A99,VENTURA BL,LOUISE AV,300,E,N,A,-,N,NA,NA,NA,NA,NA,NA,NA,NA,NA,Y,3,0,1,2,A,-,09,21801,A,F,A,C,A,A,H,-,C,D,0,NA,NA,NA,NA,Y,NA,A,01,0,1,0,0,0,0,0,0,0,-,-,NA,NA,LOS ANGELES,LOS ANGELES,-118.50882720947266,34.16069793701172
9411581,2022,2022-02-16,1941,2022-01-24,0907,11316,NA,1,5,7,1941,0,0,0,NA,0,NA,ATLANTIC AV,ARTESIA BL,203,S,N,A,-,N,NA,NA,NA,NA,NA,NA,NA,NA,NA,Y,4,0,1,2,A,-,09,21804,A,N,D,C,A,A,H,-,A,A,0,NA,NA,NA,NA,Y,NA,-,NA,0,0,1,0,0,0,0,0,0,-,-,NA,NA,LOS ANGELES,LONG BEACH,-118.1862564086914,33.87382507324219
9411582,2022,2022-02-25,1941,2022-01-24,1205,10167,901,1,5,7,1941,0,0,0,NA,0,NA,CARSON ST,CHERRY AV,0,NA,Y,A,-,N,NA,NA,NA,NA,NA,NA,NA,NA,NA,Y,4,0,1,3,A,-,12,21453,A,N,D,C,A,A,H,-,A,A,0,NA,NA,NA,NA,Y,NA,-,NA,0,0,1,0,0,0,0,0,0,-,-,NA,NA,LOS ANGELES,LONG BEACH,-118.16757202148438,33.83245086669922
9411583,2022,2022-02-25,1941,2022-01-24,0745,6061,NA,1,5,7,1941,0,0,0,NA,0,NA,LOCUST AV,HOME ST,0,NA,Y,A,-,N,NA,NA,NA,NA,NA,NA,NA,NA,NA,N,4,0,1,2,A,-,12,22450,A,N,D,G,A,A,H,-,A,A,0,NA,Y,NA,NA,Y,NA,-,NA,0,0,1,0,0,0,1,0,0,-,-,NA,NA,LOS ANGELES,LONG BEACH,-118.18979644775392,33.84794616699219
9411584,2022,2022-02-16,1941,2022-01-20,0755,5767,NA,4,5,7,1941,0,0,0,NA,0,NA,ORANGE AV,ARTESIA BL,14,S,N,A,-,N,NA,NA,NA,NA,NA,NA,NA,NA,NA,N,3,0,2,3,A,-,10,21950,A,N,B,B,B,A,H,-,A,A,0,Y,NA,NA,NA,Y,NA,-,NA,0,2,0,0,2,0,0,0,0,-,-,NA,NA,LOS ANGELES,LONG BEACH,-118.17739105224608,33.87449264526367
9411585,2022,2022-02-16,1941,2022-01-28,0110,11082,NA,5,5,7,1941,0,0,0,NA,0,NA,11TH ST,OBISPO AV,30,E,N,A,-,N,NA,NA,NA,NA,NA,NA,NA,NA,NA,Y,3,0,1,3,A,-,03,22350,NA,N,A,E,A,A,H,-,C,A,0,NA,NA,NA,NA,Y,NA,-,NA,0,1,0,0,0,0,0,0,0,-,-,NA,NA,LOS ANGELES,LONG BEACH,-118.15447998046876,33.78080368041992
9411586,2022,2022-02-16,1941,2022-01-23,1820,11223,NA,7,5,7,1941,0,0,0,NA,0,NA,LEWIS AV,SOUTH ST,0,NA,Y,A,-,N,NA,NA,NA,NA,NA,NA,NA,NA,NA,N,2,0,1,2,A,-,03,22350,NA,F,G,B,D,A,H,-,C,D,0,Y,NA,NA,NA,Y,NA,-,-,1,0,0,0,1,0,0,0,0,-,-,NA,NA,LOS ANGELES,LONG BEACH,-118.18009948730467,33.860107421875
9411587,2022,2022-02-16,1941,2022-01-26,0833,5767,NA,3,5,7,1941,0,0,0,NA,0,NA,REDONDO AV,WILTON ST,130,NA,N,A,-,N,NA,NA,NA,NA,NA,NA,NA,NA,NA,N,4,0,1,2,A,-,03,22350,NA,N,C,C,A,A,H,-,A,D,0,NA,NA,NA,NA,Y,NA,A,NA,0,0,1,0,0,0,0,0,0,-,-,NA,NA,LOS ANGELES,LONG BEACH,-118.15242004394533,33.787593841552734
9411588,2022,2022-02-16,1941,2022-01-22,2113,1113,NA,6,5,7,1941,0,0,0,NA,0,NA,ARTESIA BL,ATLANTIC BL,0,NA,Y,A,-,N,NA,NA,NA,NA,NA,NA,NA,NA,NA,N,2,0,1,2,A,-,-,NA,NA,F,B,B,E,A,H,-,C,D,0,Y,NA,NA,NA,Y,NA,A,NA,1,0,0,0,1,0,0,0,0,-,-,NA,NA,LOS ANGELES,LONG BEACH,-118.18624877929688,33.8743782043457
9411601,2022,2022-02-24,1941,2022-01-20,1509,10022,901T,4,5,7,1941,0,0,0,NA,0,NA,ATLANTIC AV,20TH ST,0,NA,Y,A,-,N,NA,NA,NA,NA,NA,NA,NA,NA,NA,N,4,0,1,2,A,-,10,21950,A,N,D,B,B,A,H,-,A,A,0,Y,NA,NA,NA,Y,NA,A,NA,0,0,1,0,1,0,0,0,0,-,-,NA,NA,LOS ANGELES,LONG BEACH,-118.18502807617188,33.793495178222656
9411602,2022,2022-02-23,1941,2022-01-20,2304,10850,NA,4,5,7,1941,0,0,0,NA,0,NA,WILLOW ST,PACIFIC AV,80,E,N,A,-,N,NA,NA,NA,NA,NA,NA,NA,NA,NA,Y,2,0,2,1,A,-,03,22350,NA,N,E,J,A,A,H,-,C,D,0,NA,NA,NA,NA,Y,NA,A,NA,1,0,1,0,0,0,0,0,0,-,-,NA,NA,LOS ANGELES,LONG BEACH,-118.19345092773438,33.80432891845703
9411603,2022,2022-02-23,1941,2022-01-23,0037,11139,NA,7,5,7,1941,0,0,0,NA,0,NA,STUDEBAKER RD,7TH ST,0,NA,Y,A,-,N,NA,NA,NA,NA,NA,NA,NA,NA,NA,Y,3,0,1,1,A,-,08,22107,NA,N,E,I,A,A,H,-,C,D,0,NA,NA,NA,NA,Y,NA,A,NA,0,1,0,0,0,0,0,0,0,-,-,NA,NA,LOS ANGELES,LONG BEACH,-118.10311126708984,33.774192810058594
9411604,2022,2022-02-23,1941,2022-01-23,0529,11554,NA,7,5,7,1941,0,0,0,NA,0,NA,OCEAN BL,ALAMITOS AV,201,W,N,A,-,N,NA,NA,NA,NA,NA,NA,NA,NA,NA,Y,4,0,1,1,A,-,08,22107,NA,N,A,I,A,A,H,-,C,A,0,NA,NA,NA,NA,Y,NA,A,NA,0,0,1,0,0,0,0,0,0,-,-,NA,NA,LOS ANGELES,LONG BEACH,-118.18376159667967,33.76628494262695
9411605,2022,2022-02-23,1941,2022-01-28,1805,11099,NA,5,5,7,1941,0,0,0,NA,0,NA,CONANT AV,FACULTY,225,E,N,A,-,N,NA,NA,NA,NA,NA,NA,NA,NA,NA,N,2,0,1,2,A,-,00,20001,NA,F,G,G,A,A,H,-,C,D,0,NA,Y,NA,NA,Y,NA,A,NA,1,0,0,0,0,0,1,0,0,-,-,NA,NA,LOS ANGELES,LONG BEACH,-118.13751983642578,33.82508087158203
9411606,2022,2022-02-23,1941,2022-01-26,1238,10943,NA,3,5,7,1941,0,0,0,NA,0,NA,E LIVINGSTON DR,E LIVINGSTON DR 4215,0,NA,-,A,-,N,NA,NA,NA,NA,NA,NA,NA,NA,NA,N,4,0,1,2,-,-,-,NA,NA,N,D,B,D,A,H,-,A,D,0,Y,NA,NA,NA,Y,NA,-,-,0,0,1,0,1,0,0,0,0,-,-,NA,NA,LOS ANGELES,LONG BEACH,-118.14900207519533,33.760528564453125
9411607,2022,2022-02-23,1941,2022-01-29,1028,11649,NA,6,5,7,1941,0,0,0,NA,0,NA,ANAHEIM ST,MIRA MAR,0,W,N,A,-,N,NA,NA,NA,NA,NA,NA,NA,NA,NA,Y,4,0,2,2,A,-,09,21801,A,N,D,C,A,A,H,-,A,D,0,NA,NA,NA,NA,Y,NA,A,NA,0,0,2,0,0,0,0,0,0,-,-,NA,NA,LOS ANGELES,LONG BEACH,-118.14756011962892,33.782596588134766
9411608,2022,2022-02-23,1941,2022-01-25,1626,6074,NA,2,5,7,1941,0,0,0,NA,0,NA,CHERRY AV,BIXBY RD,0,NA,Y,A,-,N,NA,NA,NA,NA,NA,NA,NA,NA,NA,N,2,0,1,2,A,-,08,22107,NA,N,D,G,A,A,H,-,A,A,0,NA,Y,NA,NA,Y,NA,A,NA,1,0,0,0,0,0,1,0,0,-,-,NA,NA,LOS ANGELES,LONG BEACH,-118.16773986816406,33.826690673828125
9411609,2022,2022-02-23,1941,2022-01-28,1226,11380,NA,5,5,7,1941,0,0,0,NA,0,NA,7TH ST,XIMENO AV,0,NA,Y,A,-,N,NA,NA,NA,NA,NA,NA,NA,NA,NA,N,3,0,1,2,A,-,04,21703,NA,N,C,C,A,A,H,-,A,D,0,NA,NA,NA,NA,Y,NA,A,NA,0,1,0,0,0,0,0,0,0,-,-,NA,NA,LOS ANGELES,LONG BEACH,-118.1415786743164,33.775325775146484
9411610,2022,2022-02-23,1941,2022-01-27,1900,5611,NA,4,5,7,1941,0,0,0,NA,0,NA,CHERRY AV,4TH ST,133,S,N,A,-,N,NA,NA,NA,NA,NA,NA,NA,NA,NA,Y,2,0,1,2,A,-,08,22107,NA,N,D,E,A,A,G,H,C,D,0,NA,NA,NA,NA,Y,NA,A,NA,1,0,0,0,0,0,0,0,0,-,-,NA,NA,LOS ANGELES,LONG BEACH,-118.16767120361328,33.77135467529297
9411611,2022,2022-02-23,1941,2022-01-29,0957,10045,NA,6,5,7,1941,0,0,0,NA,0,NA,WARDLOW RD,CHATWIN AV,0,NA,Y,A,-,N,NA,NA,NA,NA,NA,NA,NA,NA,NA,Y,3,0,1,1,A,-,03,22350,NA,N,E,I,A,A,H,-,A,D,0,NA,NA,NA,NA,Y,Y,A,NA,0,1,0,0,0,0,0,0,0,-,-,NA,NA,LOS ANGELES,LONG BEACH,-118.12338256835938,33.81874084472656
9411612,2022,2022-02-23,1941,2022-01-25,1748,10140,901T,2,5,7,1941,0,0,0,NA,0,NA,LONG BEACH BL,BORT ST,100,N,N,A,-,N,NA,NA,NA,NA,NA,NA,NA,NA,NA,Y,4,0,1,2,A,-,08,22107,NA,N,D,-,A,A,H,-,C,A,0,NA,NA,NA,NA,Y,NA,A,NA,0,0,1,0,0,0,0,0,0,-,-,NA,NA,LOS ANGELES,LONG BEACH,-118.20169067382813,33.870784759521484
9411613,2022,2022-02-23,1941,2022-01-28,0241,10833,NA,5,5,7,1941,0,0,0,NA,0,NA,STUDEBAKER RD,RENDINA ST,0,NA,Y,A,-,N,NA,NA,NA,NA,NA,NA,NA,NA,NA,Y,4,0,1,1,A,-,03,22350,NA,N,E,I,A,A,H,-,C,D,0,NA,NA,NA,NA,Y,NA,A,NA,0,0,1,0,0,0,0,0,0,-,-,NA,NA,LOS ANGELES,LONG BEACH,-118.09928894042967,33.78689956665039
9411614,2022,2022-02-23,1941,2022-01-24,0656,6204,NA,1,5,7,1941,0,0,0,NA,0,NA,PACIFIC AV,20TH ST,163,N,N,A,-,N,NA,NA,NA,NA,NA,NA,NA,NA,NA,Y,4,0,1,5,A,-,00,21685,A,N,B,E,A,A,H,-,A,A,0,NA,NA,NA,NA,Y,NA,A,NA,0,0,1,0,0,0,0,0,0,-,-,NA,NA,LOS ANGELES,LONG BEACH,-118.19377136230467,33.7939453125
9411615,2022,2022-02-23,1941,2022-01-23,0122,11273,NA,7,5,7,1941,0,0,0,NA,0,NA,3RD ST,CHERRY,10,E,N,A,-,N,NA,NA,NA,NA,NA,NA,NA,NA,NA,Y,4,0,1,2,D,-,00,NA,NA,N,D,C,A,A,H,-,C,A,0,NA,NA,NA,NA,Y,NA,-,-,0,0,1,0,0,0,0,0,0,-,-,NA,NA,LOS ANGELES,LONG BEACH,-118.16764068603516,33.76897430419922
9411616,2022,2022-02-23,1941,2022-01-23,0155,11553,NA,7,5,7,1941,0,0,0,NA,0,NA,OCEAN BL,TERMINO AV,95,W,N,A,-,N,NA,NA,NA,NA,NA,NA,NA,NA,NA,Y,4,0,1,2,A,-,08,22107,NA,N,B,C,A,A,H,-,C,A,0,NA,NA,NA,NA,Y,NA,A,NA,0,0,1,0,0,0,0,0,0,-,-,NA,NA,LOS ANGELES,LONG BEACH,-118.14623260498048,33.75983810424805
9411617,2022,2022-02-23,1941,2022-01-25,1253,10819,NA,2,5,7,1941,0,0,0,NA,0,NA,ANAHEIM ST,CHESTNUT AV,0,NA,Y,A,-,N,NA,NA,NA,NA,NA,NA,NA,NA,NA,Y,4,0,1,2,A,-,00,14601,A,N,D,C,A,A,H,-,A,A,0,NA,NA,NA,NA,Y,NA,A,NA,0,0,1,0,0,0,0,0,0,-,-,NA,NA,LOS ANGELES,LONG BEACH,-118.19635009765624,33.782596588134766
9411618,2022,2022-02-23,1941,2022-01-25,1106,10922,NA,2,5,7,1941,0,0,0,NA,0,NA,E ANAHEIM ST,E ANAHEIM ST 2138,0,NA,-,A,-,N,NA,NA,NA,NA,NA,NA,NA,NA,NA,N,3,0,1,2,A,-,11,21954,A,N,B,B,D,A,H,-,A,D,0,Y,NA,NA,NA,Y,NA,N,NA,0,1,0,0,1,0,0,0,0,-,-,NA,NA,LOS ANGELES,LONG BEACH,-118.19239044189452,33.782596588134766
9411619,2022,2022-02-23,1941,2022-01-25,0901,11347,NA,2,5,7,1941,0,0,0,NA,0,NA,STUDEBAKER RD,SPRING ST,0,NA,Y,A,-,N,NA,NA,NA,NA,NA,NA,NA,NA,NA,Y,4,0,2,2,A,-,09,21801,A,N,A,C,A,A,H,-,A,A,0,NA,NA,NA,NA,Y,NA,A,NA,0,0,2,0,0,0,0,0,0,-,-,NA,NA,LOS ANGELES,LONG BEACH,-118.09943389892578,33.810245513916016
9411620,2022,2022-02-23,1941,2022-01-24,1839,10836,NA,1,5,7,1941,0,0,0,NA,0,NA,59TH ST,DOWNEY AV,0,NA,Y,A,-,N,NA,NA,NA,NA,NA,NA,NA,NA,NA,NA,3,0,1,2,-,-,-,NA,NA,N,H,G,A,A,H,-,C,D,0,NA,Y,NA,NA,Y,Y,-,-,0,1,0,0,0,0,1,0,0,-,-,NA,NA,LOS ANGELES,LONG BEACH,-118.15120697021484,33.86294174194336
9411621,2022,2022-03-25,1970,2022-01-17,1341,209,1970,1,5,4,1970,0,0,0,NA,0,002,MONTEREY RD,MONTROSE AV,369,E,N,B,-,N,NA,NA,NA,NA,NA,NA,NA,NA,NA,N,2,0,1,2,B,-,22,NA,NA,N,G,B,F,B,H,-,A,D,0,Y,NA,NA,NA,Y,NA,N,60,1,0,0,0,1,0,0,0,0,-,-,NA,NA,LOS ANGELES,SOUTH PASADENA,-118.14143371582033,34.11246109008789
9411622,2022,2022-03-08,1970,2022-01-17,1245,209,SOUTH,1,5,4,1970,0,0,0,NA,0,001,ORANGE GROVE AV,ORANGE GROVE TER,255,N,N,B,-,N,NA,NA,NA,NA,NA,NA,NA,NA,NA,Y,4,0,1,1,A,-,03,22350,NA,N,E,I,A,B,H,-,A,D,0,NA,NA,NA,NA,Y,NA,-,NA,0,0,1,0,0,0,0,0,0,-,-,NA,NA,LOS ANGELES,SOUTH PASADENA,-118.1602783203125,34.12090301513672
9411623,2022,2022-02-16,1970,2022-01-08,0054,195,N A,6,5,4,1970,0,0,0,NA,0,003,CAMINO VERDE,VIA DEL REY,1387,E,N,A,-,N,NA,NA,NA,NA,NA,NA,NA,NA,NA,Y,2,0,5,1,A,-,01,23152,A,N,F,A,A,A,H,-,C,D,0,NA,NA,NA,NA,Y,Y,A,07,2,3,0,0,0,0,0,0,0,-,-,NA,NA,LOS ANGELES,SOUTH PASADENA,-118.16487121582033,34.099220275878906