CASE_ID,ACCIDENT_YEAR,PROC_DATE,JURIS,COLLISION_DATE,COLLISION_TIME,OFFICER_ID,REPORTING_DISTRICT,DAY_OF_WEEK,CHP_SHIFT,POPULATION,CNTY_CITY_LOC,SPECIAL_COND,BEAT_TYPE,CHP_BEAT_TYPE,CITY_DIVISION_LAPD,CHP_BEAT_CLASS,BEAT_NUMBER,PRIMARY_RD,SECONDARY_RD,DISTANCE,DIRECTION,INTERSECTION,WEATHER_1,WEATHER_2,STATE_HWY_IND,CALTRANS_COUNTY,CALTRANS_DISTRICT,STATE_ROUTE,ROUTE_SUFFIX,POSTMILE_PREFIX,POSTMILE,LOCATION_TYPE,RAMP_INTERSECTION,SIDE_OF_HWY,TOW_AWAY,COLLISION_SEVERITY,NUMBER_KILLED,NUMBER_INJURED,PARTY_COUNT,PRIMARY_COLL_FACTOR,PCF_CODE_OF_VIOL,PCF_VIOL_CATEGORY,PCF_VIOLATION,PCF_VIOL_SUBSECTION,HIT_AND_RUN,TYPE_OF_COLLISION,MVIW,PED_ACTION,ROAD_SURFACE,ROAD_COND_1,ROAD_COND_2,LIGHTING,CONTROL_DEVICE,CHP_ROAD_TYPE,PEDESTRIAN_ACCIDENT,BICYCLE_ACCIDENT,MOTORCYCLE_ACCIDENT,TRUCK_ACCIDENT,NOT_PRIVATE_PROPERTY,ALCOHOL_INVOLVED,STWD_VEHTYPE_AT_FAULT,CHP_VEHTYPE_AT_FAULT,COUNT_SEVERE_INJ,COUNT_VISIBLE_INJ,COUNT_COMPLAINT_PAIN,COUNT_PED_KILLED,COUNT_PED_INJURED,COUNT_BICYCLIST_KILLED,COUNT_BICYCLIST_INJURED,COUNT_MC_KILLED,COUNT_MC_INJURED,PRIMARY_RAMP,SECONDARY_RAMP,LATITUDE,LONGITUDE,COUNTY,CITY,POINT_X,POINT_Y
9421927,2022,2022-06-01,1976,2022-04-13,1410,552,NA,3,5,3,1964,0,0,0,NA,0,002,BLOOMFIELD AV,TELEGRAPH RD,271,S,N,A,-,N,NA,NA,NA,NA,NA,NA,NA,NA,NA,Y,3,0,1,4,A,-,08,22107,NA,N,D,C,A,A,H,-,A,A,0,NA,NA,NA,Y,Y,NA,A,01,0,1,0,0,0,0,0,0,0,-,-,NA,NA,LOS ANGELES,SANTA FE SPRINGS,-118.06405639648438,33.94105529785156
9421928,2022,2022-06-01,1976,2022-04-10,2240,575,NA,7,5,3,1964,0,0,0,NA,0,NA,E ALONDRA BL,CARMENITA RD,0,NA,Y,A,-,N,NA,NA,NA,NA,NA,NA,NA,NA,NA,Y,3,0,2,2,A,-,12,21453,A,N,D,C,A,A,H,-,C,A,0,NA,NA,NA,NA,Y,NA,A,01,0,1,1,0,0,0,0,0,0,-,-,NA,NA,LOS ANGELES,SANTA FE SPRINGS,-118.04661560058594,33.887916564941406
9421929,2022,2022-06-01,1976,2022-04-05,0735,410,NA,2,5,3,1964,0,0,0,NA,0,002,TELEGRAPH RD,BLOOMFIELD AV,0,NA,Y,A,-,N,NA,NA,NA,NA,NA,NA,NA,NA,NA,Y,3,0,1,3,A,-,12,21453,A,N,D,C,A,A,H,-,A,A,0,NA,NA,NA,NA,Y,NA,A,01,0,1,0,0,0,0,0,0,0,-,-,NA,NA,LOS ANGELES,SANTA FE SPRINGS,-118.06407165527344,33.94179916381836
9421935,2022,2022-06-01,1941,2022-04-03,1937,11249,NA,7,5,7,1941,0,0,0,NA,0,NA,DOWNEY AV,SOUTH ST,0,NA,Y,A,-,N,NA,NA,NA,NA,NA,NA,NA,NA,NA,Y,4,0,2,2,-,-,-,NA,NA,N,D,C,A,A,H,-,C,A,0,NA,NA,NA,NA,Y,NA,-,-,0,0,2,0,0,0,0,0,0,-,-,NA,NA,LOS ANGELES,LONG BEACH,-118.15118408203124,33.86022186279297
9421937,2022,2022-06-01,1941,2022-04-13,0851,10558,NA,3,5,7,1941,0,0,0,NA,0,NA,PACIFIC AV,16TH ST,0,NA,Y,A,-,N,NA,NA,NA,NA,NA,NA,NA,NA,NA,N,3,0,2,3,A,-,03,22350,NA,N,A,-,B,A,H,-,A,A,0,Y,NA,NA,NA,Y,NA,A,NA,0,2,0,0,2,0,0,0,0,-,-,NA,NA,LOS ANGELES,LONG BEACH,-118.1937255859375,33.78716278076172
9421938,2022,2022-06-01,1941,2022-04-13,1021,10777,NA,3,5,7,1941,0,0,0,NA,0,NA,COVINA AV,2ND ST,132,N,N,A,-,N,NA,NA,NA,NA,NA,NA,NA,NA,NA,N,4,0,2,3,A,-,03,22350,NA,N,E,I,F,A,H,-,A,D,0,Y,NA,NA,NA,Y,NA,A,NA,0,0,2,0,2,0,0,0,0,-,-,NA,NA,LOS ANGELES,LONG BEACH,-118.13372802734376,33.760135650634766
9421939,2022,2022-06-01,1941,2022-04-13,1205,10943,NA,3,5,7,1941,0,0,0,NA,0,NA,EAST PACIFIC COAST HWY,E PACIFIC COAST HWY 6250,0,NA,N,A,-,N,NA,NA,NA,NA,NA,NA,NA,NA,NA,N,4,0,1,2,A,-,09,21804,A,N,D,C,A,A,H,-,A,D,0,NA,NA,NA,NA,Y,NA,A,NA,0,0,1,0,0,0,0,0,0,-,-,NA,NA,LOS ANGELES,LONG BEACH,-118.14385986328124,33.78984451293945
9421940,2022,2022-06-01,1941,2022-04-14,2245,11653,NA,4,5,7,1941,0,0,0,NA,0,NA,OCEAN BL,LONG BEACH BL,0,NA,Y,A,-,N,NA,NA,NA,NA,NA,NA,NA,NA,NA,Y,4,0,3,2,A,-,09,21801,A,N,D,C,A,A,H,-,C,A,0,NA,NA,NA,NA,Y,NA,A,NA,0,0,3,0,0,0,0,0,0,-,-,NA,NA,LOS ANGELES,LONG BEACH,-118.18946838378906,33.76681137084961
9421941,2022,2022-05-20,1941,2022-04-16,1300,11364,NA,6,5,7,1941,0,0,0,NA,0,NA,CARSON ST,WOODRUFF AV,0,NA,Y,A,-,N,NA,NA,NA,NA,NA,NA,NA,NA,NA,N,3,0,1,2,A,-,08,22107,NA,M,D,G,A,A,H,-,A,A,0,NA,Y,NA,NA,Y,NA,L,NA,0,1,0,0,0,0,1,0,0,-,-,NA,NA,LOS ANGELES,LONG BEACH,-118.11653900146484,33.832332611083984
9421942,2022,2022-05-20,1941,2022-04-16,2338,11547,NA,6,5,7,1941,0,0,0,NA,0,NA,JUNIPERO AV,SPAULDING ST,12,S,N,A,-,N,NA,NA,NA,NA,NA,NA,NA,NA,NA,N,4,0,1,2,A,-,00,20001,NA,F,C,G,A,A,H,-,C,A,0,NA,Y,NA,NA,Y,NA,-,-,0,0,1,0,0,0,1,0,0,-,-,NA,NA,LOS ANGELES,LONG BEACH,-118.16329956054688,33.785308837890625
9421943,2022,2022-05-20,1941,2022-04-01,1430,11350,NA,5,5,7,1941,0,0,0,NA,0,NA,1ST ST,1ST ST 301,0,NA,Y,A,-,N,NA,NA,NA,NA,NA,NA,NA,NA,NA,N,4,0,1,2,A,-,15,21235,A,N,D,J,A,A,H,-,A,D,0,NA,NA,Y,NA,Y,NA,C,NA,0,0,1,0,0,0,0,0,1,-,-,NA,NA,LOS ANGELES,LONG BEACH,-118.19241333007813,33.76810073852539
9421944,2022,2022-05-20,1941,2022-04-04,1445,11545,NA,1,5,7,1941,0,0,0,NA,0,NA,NEWPORT AV,7TH ST,290,N,N,A,-,N,NA,NA,NA,NA,NA,NA,NA,NA,NA,N,4,0,1,2,D,-,00,NA,NA,N,D,C,A,A,H,-,A,D,0,NA,NA,NA,NA,Y,NA,-,-,0,0,1,0,0,0,0,0,0,-,-,NA,NA,LOS ANGELES,LONG BEACH,-118.1513442993164,33.7761344909668
9421945,2022,2022-05-20,1941,2022-04-07,1727,11365,NA,4,5,7,1941,0,0,0,NA,0,NA,BROADWAY AV,ORIZABA AV,4,E,N,A,-,N,NA,NA,NA,NA,NA,NA,NA,NA,NA,N,2,0,1,2,-,-,-,NA,NA,N,D,B,C,A,H,-,A,A,0,Y,NA,NA,NA,Y,NA,-,-,1,0,0,0,1,0,0,0,0,-,-,NA,NA,LOS ANGELES,LONG BEACH,-118.15704345703124,33.765098571777344
9421946,2022,2022-05-20,1941,2022-04-11,1347,10919,NA,1,5,7,1941,0,0,0,NA,0,NA,ROOSEVELT ST,ATLANTIC AV,0,NA,Y,A,-,N,NA,NA,NA,NA,NA,NA,NA,NA,NA,N,4,0,1,2,A,-,03,22350,NA,N,C,C,A,A,H,-,A,A,0,NA,NA,NA,Y,Y,NA,F,NA,0,0,1,0,0,0,0,0,0,-,-,NA,NA,LOS ANGELES,LONG BEACH,-118.1850814819336,33.828948974609375
9421947,2022,2022-05-20,1941,2022-04-05,1630,10877,NA,2,5,7,1941,0,0,0,NA,0,NA,SOUTH ST,DOWNEY AV,20,W,N,A,-,N,NA,NA,NA,NA,NA,NA,NA,NA,NA,N,4,0,1,2,A,-,03,22350,NA,N,C,C,A,A,H,-,A,A,0,NA,NA,NA,NA,Y,NA,A,NA,0,0,1,0,0,0,0,0,0,-,-,NA,NA,LOS ANGELES,LONG BEACH,-118.15117645263672,33.86022186279297
9421948,2022,2022-05-20,1941,2022-04-07,0925,5661,NA,4,5,7,1941,0,0,0,NA,0,NA,DOWNEY AV,SOUTH ST,38,N,N,A,-,N,NA,NA,NA,NA,NA,NA,NA,NA,NA,Y,3,0,2,2,A,-,08,22107,NA,N,D,C,A,A,H,-,A,D,0,NA,NA,NA,NA,Y,NA,A,NA,0,1,1,0,0,0,0,0,0,-,-,NA,NA,LOS ANGELES,LONG BEACH,-118.15118408203124,33.86032485961914
9421949,2022,2022-05-20,1941,2022-04-08,1618,11099,NA,5,5,7,1941,0,0,0,NA,0,NA,ATHERTON,W XIMENO,15,E,N,A,-,N,NA,NA,NA,NA,NA,NA,NA,NA,NA,Y,4,0,1,2,A,-,12,21453,A,N,D,C,A,A,H,-,A,A,0,NA,NA,NA,NA,Y,NA,A,NA,0,0,1,0,0,0,0,0,0,-,-,NA,NA,LOS ANGELES,LONG BEACH,-118.13883209228516,33.789859771728516
9421950,2022,2022-05-20,1941,2022-04-09,1618,11365,NA,6,5,7,1941,0,0,0,NA,0,NA,3RD ST,CHERRY AV,15,W,N,A,-,N,NA,NA,NA,NA,NA,NA,NA,NA,NA,Y,4,0,1,2,-,-,-,NA,A,N,D,C,A,A,H,-,A,A,0,NA,NA,NA,NA,Y,NA,-,-,0,0,1,0,0,0,0,0,0,-,-,NA,NA,LOS ANGELES,LONG BEACH,-118.16771697998048,33.768985748291016
9421951,2022,2022-05-20,1941,2022-04-09,2255,11457,NA,6,5,7,1941,0,0,0,NA,0,NA,ATLANTIC AV,SPRING ST,0,NA,Y,A,-,N,NA,NA,NA,NA,NA,NA,NA,NA,NA,Y,4,0,2,2,D,-,00,NA,NA,N,D,C,A,A,H,-,C,A,0,NA,NA,NA,NA,Y,NA,-,-,0,0,2,0,0,0,0,0,0,-,-,NA,NA,LOS ANGELES,LONG BEACH,-118.18502807617188,33.81159591674805
9421952,2022,2022-05-20,1941,2022-04-09,2321,10923,NA,6,5,7,1941,0,0,0,NA,0,NA,1ST ST,PACIFIC AV,100,E,N,A,-,N,NA,NA,NA,NA,NA,NA,NA,NA,NA,N,3,0,1,2,D,-,00,NA,NA,N,G,B,A,A,H,-,C,D,0,NA,Y,NA,NA,Y,Y,-,-,0,1,0,0,0,0,1,0,0,-,-,NA,NA,LOS ANGELES,LONG BEACH,-118.19341278076172,33.76809310913086
9421953,2022,2022-05-20,1941,2022-04-10,0504,11511,NA,7,5,7,1941,0,0,0,NA,0,NA,3RD ST,MAINE AV,0,NA,Y,A,-,N,NA,NA,NA,NA,NA,NA,NA,NA,NA,Y,4,0,3,2,A,-,09,21453,B,N,D,C,A,A,H,-,C,A,0,NA,NA,NA,NA,Y,NA,A,NA,0,0,3,0,0,0,0,0,0,-,-,NA,NA,LOS ANGELES,LONG BEACH,-118.20059204101564,33.770511627197266
9421954,2022,2022-05-19,1941,2022-04-10,0659,11405,NA,7,5,7,1941,0,0,0,NA,0,NA,TERMINO AV,7TH ST,0,NA,Y,A,-,N,NA,NA,NA,NA,NA,NA,NA,NA,NA,N,3,0,1,2,A,-,08,22107,NA,N,G,G,A,A,H,-,A,A,0,NA,Y,NA,NA,Y,NA,A,NA,0,1,0,0,0,0,1,0,0,-,-,NA,NA,LOS ANGELES,LONG BEACH,-118.14592742919922,33.775352478027344
9421955,2022,2022-05-19,1941,2022-04-10,2040,11521,NA,7,5,7,1941,0,0,0,NA,0,NA,ATLANTIC AV,COBRE WY,0,NA,Y,A,-,N,NA,NA,NA,NA,NA,NA,NA,NA,NA,N,4,0,1,2,D,-,00,NA,NA,N,G,B,D,A,H,-,C,A,0,Y,NA,NA,NA,Y,NA,-,-,0,0,1,0,1,0,0,0,0,-,-,NA,NA,LOS ANGELES,LONG BEACH,-118.18505096435548,33.77467727661133
9421956,2022,2022-05-19,1941,2022-04-11,0406,11553,NA,1,5,7,1941,0,0,0,NA,0,NA,OCEAN BL,MOLINO AV,0,NA,Y,A,-,N,NA,NA,NA,NA,NA,NA,NA,NA,NA,Y,4,0,1,2,A,-,08,22107,NA,N,B,C,A,A,H,-,C,D,0,NA,NA,NA,NA,Y,NA,-,NA,0,0,1,0,0,0,0,0,0,-,-,NA,NA,LOS ANGELES,LONG BEACH,-118.16145324707033,33.76283264160156
9421957,2022,2022-05-19,1941,2022-04-11,0940,5755,NA,1,5,7,1941,0,0,0,NA,0,NA,ANAHEIM ST,SAINT LOUIS AV,5,E,N,A,-,N,NA,NA,NA,NA,NA,NA,NA,NA,NA,N,4,0,1,2,A,-,09,21801,A,N,D,C,A,A,H,-,A,D,0,NA,NA,NA,NA,Y,NA,A,NA,0,0,1,0,0,0,0,0,0,-,-,NA,NA,LOS ANGELES,LONG BEACH,-118.16657257080078,33.78260040283203
9421958,2022,2022-05-19,1941,2022-04-10,1958,11248,NA,7,5,7,1941,0,0,0,NA,0,NA,W NEOPOLITAN AV,E THE TOLEDO,4,S,N,A,-,N,NA,NA,NA,NA,NA,NA,NA,NA,NA,Y,2,0,1,1,A,-,01,23152,NA,N,E,I,A,A,H,-,C,D,0,NA,NA,NA,NA,Y,NA,A,NA,1,0,0,0,0,0,0,0,0,-,-,NA,NA,LOS ANGELES,LONG BEACH,-118.12457275390624,33.75419998168945
9421959,2022,2022-05-19,1941,2022-04-10,1510,10819,NA,7,5,7,1941,0,0,0,NA,0,NA,LONG BEACH AV,27TH ST,82,N,N,A,-,N,NA,NA,NA,NA,NA,NA,NA,NA,NA,Y,3,0,1,4,A,-,03,22350,NA,M,C,C,A,A,H,-,A,A,0,NA,NA,NA,NA,Y,NA,-,NA,0,1,0,0,0,0,0,0,0,-,-,NA,NA,LOS ANGELES,LONG BEACH,-118.18926239013672,33.806373596191406
9421979,2022,2022-05-16,1925,2022-04-14,1403,26161,265,4,5,6,1925,0,0,0,NA,0,002,CENTRAL AV,COLORADO ST,0,NA,Y,A,-,NA,NA,NA,NA,NA,NA,NA,NA,NA,NA,NA,3,0,1,2,A,-,08,22107,NA,N,B,C,A,A,H,-,A,A,0,NA,NA,NA,NA,Y,NA,A,01,0,1,0,0,0,0,0,0,0,-,-,NA,NA,LOS ANGELES,GLENDALE,-118.25787353515624,34.14254379272461
9421980,2022,2022-05-16,1925,2022-04-10,0231,21370,247,7,5,6,1925,0,0,0,NA,0,002,W LOS FELIZ,GARDENA,9,S,N,A,-,NA,NA,NA,NA,NA,NA,NA,NA,NA,NA,NA,2,0,1,1,A,-,08,22107,NA,N,E,I,A,A,H,-,C,D,0,NA,NA,NA,NA,Y,NA,A,01,1,0,0,0,0,0,0,0,0,-,-,NA,NA,LOS ANGELES,GLENDALE,-118.26053619384766,34.127655029296875
9421986,2022,2022-05-18,1925,2022-04-13,0922,22249,222,3,5,6,1925,0,0,0,NA,0,002,DORAN ST,COLUMBUS AV,572,E,N,A,-,NA,NA,NA,NA,NA,NA,NA,NA,NA,NA,Y,3,0,1,2,A,-,03,22350,NA,N,C,C,A,A,H,-,A,D,0,NA,NA,NA,NA,Y,NA,A,01,0,1,0,0,0,0,0,0,0,-,-,NA,NA,LOS ANGELES,GLENDALE,-118.2614288330078,34.154029846191406
9421987,2022,2022-05-18,1925,2022-04-11,1259,28122,158,1,5,6,1925,0,0,0,NA,0,004,MONTEREY RD,NARANJA DR,113,W,N,B,-,NA,NA,NA,NA,NA,NA,NA,NA,NA,NA,NA,4,0,1,2,A,-,11,21954,A,N,A,B,E,A,H,-,A,D,0,Y,NA,NA,NA,Y,NA,N,60,0,0,1,0,1,0,0,0,0,-,-,34.15549087524414,-118.23963928222656,LOS ANGELES,GLENDALE,-118.2400360107422,34.155616760253906
9421988,2022,2022-05-18,1956,2022-04-13,0850,1292,43,3,5,5,1956,0,0,0,NA,0,003,GRANT AV,PHELAN LN,0,NA,Y,A,-,NA,NA,NA,NA,NA,NA,NA,NA,NA,NA,Y,4,0,2,2,A,-,09,21802,A,N,D,C,A,A,H,-,A,D,0,NA,NA,NA,NA,Y,NA,A,07,0,0,2,0,0,0,0,0,0,-,-,NA,NA,LOS ANGELES,REDONDO BEACH,-118.36643981933594,33.86903381347656
9421989,2022,2022-05-18,1956,2022-04-12,1129,1369,24,2,5,5,1956,0,0,0,NA,0,001,N GERTRUDA AV,N CATALINA AV,0,NA,Y,A,-,NA,NA,NA,NA,NA,NA,NA,NA,NA,NA,NA,3,0,1,2,A,-,10,21950,A,N,G,B,B,A,H,-,A,A,0,Y,NA,NA,NA,Y,NA,A,07,0,1,0,0,1,0,0,0,0,-,-,NA,NA,LOS ANGELES,REDONDO BEACH,-118.39122009277344,33.851016998291016
9421990,2022,2022-05-18,1956,2022-04-18,0904,1292,48,1,5,5,1956,0,0,0,NA,0,003,INGLEWOOD AV,182ND ST,0,NA,Y,A,-,NA,NA,NA,NA,NA,NA,NA,NA,NA,NA,Y,4,0,2,2,A,-,09,21801,A,N,D,C,A,A,H,-,A,A,0,NA,NA,NA,NA,Y,NA,A,07,0,0,2,0,0,0,0,0,0,-,-,NA,NA,LOS ANGELES,REDONDO BEACH,-118.36119079589844,33.86552429199219
9421991,2022,2022-05-18,1910,2022-04-12,1410,04267,NA,2,5,4,1910,0,0,0,NA,0,004,RODEO DR,ELEVADO AV,0,NA,Y,A,-,N,NA,NA,NA,NA,NA,NA,NA,NA,NA,Y,3,0,2,2,A,-,01,23153,A,N,D,C,A,A,H,-,A,A,0,NA,NA,NA,NA,Y,NA,A,01,0,1,1,0,0,0,0,0,0,-,-,NA,NA,LOS ANGELES,BEVERLY HILLS,-118.41094970703124,34.0754508972168
9421992,2022,2022-05-18,1910,2022-04-09,2129,05290,NA,6,5,4,1910,0,0,0,NA,0,005,N CANON DR S,BRIGHTON WY,0,NA,Y,A,-,N,NA,NA,NA,NA,NA,NA,NA,NA,NA,Y,3,0,1,2,A,-,17,22517,NA,N,B,C,A,A,H,-,C,A,0,NA,NA,NA,NA,Y,NA,A,01,0,1,0,0,0,0,0,0,0,-,-,NA,NA,LOS ANGELES,BEVERLY HILLS,-118.4009246826172,34.07065200805664
9421993,2022,2022-05-18,1910,2022-04-14,1750,443,1910,4,5,4,1910,0,0,0,NA,0,443,LA CIENEGA BL,CLIFTON WY,0,NA,Y,A,-,N,NA,NA,NA,NA,NA,NA,NA,NA,NA,Y,4,0,4,2,A,-,09,21801,A,N,D,C,A,A,H,-,A,A,0,NA,NA,NA,NA,Y,NA,A,01,0,0,4,0,0,0,0,0,0,-,-,NA,NA,LOS ANGELES,BEVERLY HILLS,-118.37635040283205,34.06930923461914
9422021,2022,2022-05-31,1942,2022-04-23,2302,41419,0111,6,5,7,1942,0,0,0,A,0,24MQ46,BROADWAY,ARCADIA,0,NA,Y,A,-,N,NA,NA,NA,NA,NA,NA,NA,NA,NA,N,4,0,1,2,A,-,04,21703,NA,F,C,C,A,A,H,-,C,D,0,NA,NA,NA,NA,Y,NA,-,99,0,0,1,0,0,0,0,0,0,-,-,NA,NA,LOS ANGELES,LOS ANGELES,-118.24226379394533,34.057132720947266
9422022,2022,2022-05-19,1942,2022-04-12,2500,38590,0162,2,5,7,1942,0,0,0,A,0,24T34,9TH ST,OLIVE ST,0,NA,Y,B,-,N,NA,NA,NA,NA,NA,NA,NA,NA,NA,Y,3,0,1,2,A,-,12,21453,A,F,D,C,A,A,H,-,C,A,0,NA,NA,NA,NA,Y,NA,A,01,0,1,0,0,0,0,0,0,0,-,-,NA,NA,LOS ANGELES,LOS ANGELES,-118.25820922851564,34.043704986572266
9422023,2022,2022-05-19,1942,2022-04-23,2245,38590,0154,6,5,7,1942,0,0,0,A,0,24T33,HARLEM PL,6TH ST,180,N,N,A,-,N,NA,NA,NA,NA,NA,NA,NA,NA,NA,N,4,0,1,2,A,-,21,22106,NA,F,G,B,E,A,H,-,D,D,0,Y,NA,NA,NA,Y,Y,-,99,0,0,1,0,1,0,0,0,0,-,-,NA,NA,LOS ANGELES,LOS ANGELES,-118.25006866455078,34.04597854614258
9422024,2022,2022-05-19,1942,2022-04-05,0100,36607,0152,2,5,7,1942,0,0,0,A,0,CTDWC,HILL ST,7TH ST,0,NA,Y,A,-,N,NA,NA,NA,NA,NA,NA,NA,NA,NA,N,3,0,1,2,A,-,10,21950,A,F,G,B,B,A,-,-,C,A,0,Y,NA,NA,NA,Y,NA,-,99,0,1,0,0,1,0,0,0,0,-,-,NA,NA,LOS ANGELES,LOS ANGELES,-118.25449371337892,34.045928955078125
9422025,2022,2022-05-19,1942,2022-04-02,1250,40008,0157,6,5,7,1942,0,0,0,A,0,24TL42,EAST 7TH ST,CROCKER ST,0,NA,Y,A,-,N,NA,NA,NA,NA,NA,NA,NA,NA,NA,N,3,0,1,2,A,-,10,21950,A,F,G,B,B,A,H,-,A,D,0,Y,NA,NA,NA,Y,NA,-,99,0,1,0,0,1,0,0,0,0,-,-,NA,NA,LOS ANGELES,LOS ANGELES,-118.24592590332033,34.04010772705078
9422026,2022,2022-05-19,1942,2022-04-08,1638,40289,0143,5,5,7,1942,0,0,0,A,0,24TL55,BROADWAY,5TH ST,6,S,N,A,-,N,NA,NA,NA,NA,NA,NA,NA,NA,NA,N,3,0,1,2,A,-,09,21801,A,F,D,J,A,A,H,-,A,D,0,NA,NA,NA,NA,Y,NA,-,99,0,1,0,0,0,0,0,0,0,-,-,NA,NA,LOS ANGELES,LOS ANGELES,-118.25072479248048,34.048057556152344
9422027,2022,2022-05-19,1942,2022-04-09,0240,42822,0112,6,5,7,1942,0,0,0,A,0,1A1W3,TEMPLE ST,HILL ST,0,NA,Y,A,-,N,NA,NA,NA,NA,NA,NA,NA,NA,NA,Y,4,0,2,2,A,-,12,21453,A,F,D,C,A,A,H,-,C,A,0,NA,NA,NA,NA,Y,NA,A,01,0,0,2,0,0,0,0,0,0,-,-,NA,NA,LOS ANGELES,LOS ANGELES,-118.24449157714844,34.05648422241211
9422028,2022,2022-05-19,1942,2022-04-06,2230,38357,0156,3,5,7,1942,0,0,0,A,0,24TL33,SAN PEDRO ST,6TH ST,163,N,N,A,D,N,NA,NA,NA,NA,NA,NA,NA,NA,NA,N,3,0,1,2,A,-,11,21955,NA,F,G,B,D,A,-,-,D,D,0,Y,NA,NA,NA,Y,NA,N,60,0,1,0,0,1,0,0,0,0,-,-,NA,NA,LOS ANGELES,LOS ANGELES,-118.24498748779295,34.042640686035156
9422029,2022,2022-05-19,1942,2022-04-01,1825,40289,0181,5,5,7,1942,0,0,0,A,0,24TL55,PICO,FIGUEROA,0,NA,Y,A,-,N,NA,NA,NA,NA,NA,NA,NA,NA,NA,Y,3,0,1,3,A,-,01,23152,A,F,D,C,A,A,H,-,A,D,0,NA,NA,NA,NA,Y,Y,A,01,0,1,0,0,0,0,0,0,0,-,-,NA,NA,LOS ANGELES,LOS ANGELES,-118.26801300048828,34.0406379699707
9422030,2022,2022-05-19,1942,2022-04-03,2025,33452,0158,7,5,7,1942,0,0,0,A,0,24TL31,ALAMEDA ST,5TH ST,90,N,N,A,-,N,NA,NA,NA,NA,NA,NA,NA,NA,NA,Y,3,0,2,2,A,-,01,23152,A,N,A,C,A,A,H,-,C,A,0,NA,NA,NA,NA,Y,Y,A,01,0,1,1,0,0,0,0,0,0,-,-,NA,NA,LOS ANGELES,LOS ANGELES,-118.23822784423828,34.04167556762695
9422031,2022,2022-05-19,1942,2022-04-17,2110,39759,1365,7,5,7,1942,0,0,0,M,0,24TL31,ASCOT AV,48TH ST,147,S,N,A,-,N,NA,NA,NA,NA,NA,NA,NA,NA,NA,N,4,0,1,3,A,-,13,22515,B,F,C,D,A,A,H,-,C,D,0,NA,NA,NA,NA,Y,Y,A,01,0,0,1,0,0,0,0,0,0,-,-,NA,NA,LOS ANGELES,LOS ANGELES,-118.24994659423828,33.99979782104492
9422032,2022,2022-05-19,1942,2022-04-23,1400,37059,1321,6,5,7,1942,0,0,0,M,0,1A12,MAIN ST,WASHINGTON,32,S,N,A,-,N,NA,NA,NA,NA,NA,NA,NA,NA,NA,N,3,0,1,2,A,-,03,22350,NA,F,C,C,A,A,H,-,A,D,0,NA,NA,NA,NA,Y,NA,-,99,0,1,0,0,0,0,0,0,0,-,-,NA,NA,LOS ANGELES,LOS ANGELES,-118.26471710205078,34.0308837890625
9422033,2022,2022-05-19,1900,2022-04-10,2141,647475,0631,7,5,6,1985,0,0,0,NA,0,61T1,SIERRA HWY,LINDA VISTA ST,0,NA,Y,A,-,N,NA,NA,NA,NA,NA,NA,NA,NA,NA,Y,3,0,1,2,A,-,09,21801,A,N,D,C,A,A,H,-,C,A,0,NA,NA,NA,NA,Y,NA,A,01,0,1,0,0,0,0,0,0,0,-,-,34.435001373291016,-118.44200134277344,LOS ANGELES,SANTA CLARITA,-118.43814086914064,34.43348693847656
9422034,2022,2022-05-19,1900,2022-04-16,1220,508705,0639,6,5,6,1985,0,0,0,NA,0,61T1,CANYON PARK BL,JASON DR,0,NA,Y,A,-,N,NA,NA,NA,NA,NA,NA,NA,NA,NA,Y,4,0,1,2,A,-,09,21802,A,N,D,C,A,A,H,-,A,D,0,NA,NA,NA,NA,Y,NA,A,07,0,0,1,0,0,0,0,0,0,-,-,34.40782165527344,-118.45372772216795,LOS ANGELES,SANTA CLARITA,-118.45372009277344,34.40781784057617
9422035,2022,2022-05-19,1906,2022-04-05,0836,2848,ELMON,2,5,5,1906,0,0,0,NA,0,001,RAMONA BL,SYRACUSE AV,260,W,N,A,-,N,NA,NA,NA,NA,NA,NA,NA,NA,NA,N,4,0,1,2,A,-,03,22350,NA,F,C,C,A,A,H,-,A,A,0,NA,NA,NA,NA,Y,NA,A,07,0,0,1,0,0,0,0,0,0,-,-,NA,NA,LOS ANGELES,BALDWIN PARK,-117.99652099609376,34.07793426513672
9422036,2022,2022-05-19,1906,2022-04-06,1556,4425,NA,3,5,5,1906,0,0,0,NA,0,002,PALM AV,MAINE AV,10,E,N,A,-,N,NA,NA,NA,NA,NA,NA,NA,NA,NA,N,4,0,1,2,A,-,09,21804,B,N,-,G,A,A,H,-,A,A,0,NA,Y,NA,NA,Y,NA,L,04,0,0,1,0,0,0,1,0,0,-,-,NA,NA,LOS ANGELES,BALDWIN PARK,-117.96044158935548,34.08858871459961
9422037,2022,2022-05-19,1906,2022-04-05,0832,4425,NA,2,5,5,1906,0,0,0,NA,0,002,LOS ANGELES ST,CENTER ST,35,E,N,A,-,N,NA,NA,NA,NA,NA,NA,NA,NA,NA,Y,4,0,2,2,A,-,12,21453,A,N,D,C,A,A,H,-,A,A,0,NA,NA,NA,NA,Y,NA,A,01,0,0,2,0,0,0,0,0,0,-,-,NA,NA,LOS ANGELES,BALDWIN PARK,-117.97785186767578,34.09208297729492
94220438,2024,2024-08-13,9580,2024-08-07,1825,023201,NA,3,2,7,1942,0,1,3,NA,2,171,SR-170 S/B (HOLLYWOOD FWY.),ROSCOE BLVD.,528,N,N,A,-,Y,LA,NA,170,NA,R,19.907,H,NA,L,N,3,0,1,1,A,-,08,22107,NA,N,E,J,A,A,H,-,A,D,0,NA,NA,NA,NA,Y,NA,A,01,0,1,0,0,0,0,0,0,0,-,-,34.224098205566406,-118.41105651855467,LOS ANGELES,LOS ANGELES,-118.41094207763672,34.22412109375
9422075,2022,2022-05-18,1956,2022-04-19,1701,1369,64,2,5,5,1956,0,0,0,NA,0,004,INGLEWOOD AV,BLAISDELL AV,0,NA,Y,A,-,N,NA,NA,NA,NA,NA,NA,NA,NA,NA,Y,3,0,1,2,A,-,09,21801,A,N,D,C,A,A,H,-,A,D,0,NA,NA,NA,NA,Y,NA,A,01,0,1,0,0,0,0,0,0,0,-,-,NA,NA,LOS ANGELES,REDONDO BEACH,-118.36134338378906,33.88137435913086
9422076,2022,2022-05-18,1956,2022-04-20,0217,1327,45,3,5,5,1956,0,0,0,NA,0,003,MEYER LN,RIPLEY AV,0,NA,Y,A,-,N,NA,NA,NA,NA,NA,NA,NA,NA,NA,Y,4,0,1,1,A,-,01,23152,A,N,E,I,A,A,H,-,C,A,0,NA,NA,NA,NA,Y,Y,A,08,0,0,1,0,0,0,0,0,0,-,-,33.86330032348633,-118.36988067626952,LOS ANGELES,REDONDO BEACH,-118.36996459960938,33.86324691772461