CASE_ID,ACCIDENT_YEAR,PROC_DATE,JURIS,COLLISION_DATE,COLLISION_TIME,OFFICER_ID,REPORTING_DISTRICT,DAY_OF_WEEK,CHP_SHIFT,POPULATION,CNTY_CITY_LOC,SPECIAL_COND,BEAT_TYPE,CHP_BEAT_TYPE,CITY_DIVISION_LAPD,CHP_BEAT_CLASS,BEAT_NUMBER,PRIMARY_RD,SECONDARY_RD,DISTANCE,DIRECTION,INTERSECTION,WEATHER_1,WEATHER_2,STATE_HWY_IND,CALTRANS_COUNTY,CALTRANS_DISTRICT,STATE_ROUTE,ROUTE_SUFFIX,POSTMILE_PREFIX,POSTMILE,LOCATION_TYPE,RAMP_INTERSECTION,SIDE_OF_HWY,TOW_AWAY,COLLISION_SEVERITY,NUMBER_KILLED,NUMBER_INJURED,PARTY_COUNT,PRIMARY_COLL_FACTOR,PCF_CODE_OF_VIOL,PCF_VIOL_CATEGORY,PCF_VIOLATION,PCF_VIOL_SUBSECTION,HIT_AND_RUN,TYPE_OF_COLLISION,MVIW,PED_ACTION,ROAD_SURFACE,ROAD_COND_1,ROAD_COND_2,LIGHTING,CONTROL_DEVICE,CHP_ROAD_TYPE,PEDESTRIAN_ACCIDENT,BICYCLE_ACCIDENT,MOTORCYCLE_ACCIDENT,TRUCK_ACCIDENT,NOT_PRIVATE_PROPERTY,ALCOHOL_INVOLVED,STWD_VEHTYPE_AT_FAULT,CHP_VEHTYPE_AT_FAULT,COUNT_SEVERE_INJ,COUNT_VISIBLE_INJ,COUNT_COMPLAINT_PAIN,COUNT_PED_KILLED,COUNT_PED_INJURED,COUNT_BICYCLIST_KILLED,COUNT_BICYCLIST_INJURED,COUNT_MC_KILLED,COUNT_MC_INJURED,PRIMARY_RAMP,SECONDARY_RAMP,LATITUDE,LONGITUDE,COUNTY,CITY,POINT_X,POINT_Y
9429357,2022,2022-04-18,1976,2022-03-28,0855,210,NA,1,5,5,1976,0,0,0,NA,0,003,VALLEY VIEW AV,RT 5,6,N,N,C,-,Y,LA,7,5,-,-,1.135,R,4,S,Y,4,0,2,2,A,-,03,22350,NA,F,C,C,A,B,H,-,A,A,0,NA,NA,NA,NA,Y,NA,A,07,0,0,2,0,0,0,0,0,0,-,EF,NA,NA,LOS ANGELES,WHITTIER,-118.02783966064452,33.88343811035156
9429359,2022,2022-04-18,1942,2022-03-08,2130,44604,0839,2,5,7,1942,0,0,0,H,0,7A21-W,SANTA MONICA BL,PANDORA AV,220,W,N,A,-,N,NA,NA,NA,NA,NA,NA,NA,NA,NA,N,3,0,1,2,A,-,05,21651,B,F,H,G,A,A,H,-,C,A,0,NA,Y,NA,NA,Y,NA,L,04,0,1,0,0,0,0,1,0,0,-,-,NA,NA,LOS ANGELES,LOS ANGELES,-118.42581176757813,34.0565185546875
9429360,2022,2022-04-14,1942,2022-03-06,0105,41516,0882,7,5,7,1942,0,0,0,H,0,27T31,PICO BL,SAWTELLE AV,25,W,N,A,-,N,NA,NA,NA,NA,NA,NA,NA,NA,NA,Y,3,0,3,2,A,-,01,23152,A,N,A,E,A,A,H,-,C,A,0,NA,NA,NA,NA,Y,Y,A,07,0,3,0,0,0,0,0,0,0,-,-,NA,NA,LOS ANGELES,LOS ANGELES,-118.43875122070313,34.03517532348633
9429407,2022,2022-04-27,1942,2022-03-27,0035,44782,2076,7,5,7,1942,0,0,0,NA,0,20A53,VERMONT AV,WASHINGTON BL,98,N,N,A,-,N,NA,NA,NA,NA,NA,NA,NA,NA,NA,Y,4,0,2,2,A,-,01,23152,A,F,A,C,A,A,H,-,C,A,0,NA,NA,NA,NA,Y,Y,D,22,0,0,2,0,0,0,0,0,0,-,-,NA,NA,LOS ANGELES,LOS ANGELES,-118.29157257080078,34.040279388427734
9429415,2022,2022-05-02,1970,2022-02-22,2335,218,NA,2,5,4,1970,0,0,0,NA,0,001,ORANGE GROVE AV,OLIVER ST,86,S,N,C,-,N,NA,NA,NA,NA,NA,NA,NA,NA,NA,Y,4,0,1,1,A,-,03,22350,NA,N,A,I,A,B,H,-,C,D,0,NA,NA,NA,NA,Y,NA,D,22,0,0,1,0,0,0,0,0,0,-,-,NA,NA,LOS ANGELES,SOUTH PASADENA,-118.15845489501952,34.122840881347656
9429453,2022,2022-04-12,1941,2022-03-15,1342,1154,NA,2,5,7,1941,0,0,0,NA,0,NA,PACIFIC COAST HWY,ATLANTIC AV,0,NA,Y,-,-,N,NA,NA,NA,NA,NA,NA,NA,NA,NA,N,4,0,1,2,A,-,03,22350,NA,F,C,C,A,A,H,-,A,A,0,NA,NA,NA,NA,Y,Y,A,NA,0,0,1,0,0,0,0,0,0,-,-,NA,NA,LOS ANGELES,LONG BEACH,-118.18502807617188,33.78987121582031
9429481,2022,2022-04-08,1942,2022-03-19,2150,36733,1762,6,5,7,1942,0,0,0,Q,0,26T53,MASON AV,MARILLA ST,90,S,N,C,-,N,NA,NA,NA,NA,NA,NA,NA,NA,NA,Y,3,0,7,5,A,-,05,21650,NA,N,A,C,A,B,H,-,C,D,0,NA,NA,NA,NA,Y,NA,A,01,0,7,0,0,0,0,0,0,0,-,-,NA,NA,LOS ANGELES,LOS ANGELES,-118.5797882080078,34.24698257446289
9429482,2022,2022-04-08,1942,2022-03-23,0730,41514,1541,3,5,7,1942,0,0,0,O,0,26TL23,MAGNOLIA BL,BLUEBELL AV,20,E,N,A,-,N,NA,NA,NA,NA,NA,NA,NA,NA,NA,Y,3,0,2,3,A,-,03,22350,NA,F,C,C,A,A,H,-,A,D,0,NA,NA,NA,NA,Y,NA,A,01,0,1,1,0,0,0,0,0,0,-,-,NA,NA,LOS ANGELES,LOS ANGELES,-118.41046142578124,34.164878845214844
9429483,2022,2022-09-14,1942,2022-03-22,2146,38687,1525,2,5,7,1942,0,0,0,O,0,26T32,RADFORD AV,VICTORY BL,45,N,N,A,-,N,NA,NA,NA,NA,NA,NA,NA,NA,NA,N,3,0,1,2,A,-,03,22350,NA,F,B,E,A,A,H,-,C,D,0,NA,NA,NA,NA,Y,NA,A,01,0,1,0,0,0,0,0,0,0,-,-,NA,NA,LOS ANGELES,LOS ANGELES,-118.39218139648438,34.18679428100586
9429484,2022,2022-09-14,1942,2022-03-22,2145,40876,1525,2,5,7,1942,0,0,0,O,0,26T32,VICTORY BL,RADFORD AV,75,W,N,A,-,N,NA,NA,NA,NA,NA,NA,NA,NA,NA,Y,3,0,1,3,A,-,03,22350,NA,F,C,C,A,A,H,-,C,A,0,NA,NA,NA,NA,Y,NA,A,01,0,1,0,0,0,0,0,0,0,-,-,NA,NA,LOS ANGELES,LOS ANGELES,-118.39242553710938,34.18667221069336
9429485,2022,2022-04-08,1942,2022-03-21,0855,42818,1033,1,5,7,1942,0,0,0,J,0,26TL16,WILBUR AV,VICTORY BL,39,S,N,A,-,N,NA,NA,NA,NA,NA,NA,NA,NA,NA,N,4,0,2,2,A,-,04,21703,NA,F,C,C,A,A,H,-,A,A,0,NA,NA,NA,NA,Y,NA,-,99,0,0,2,0,0,0,0,0,0,-,-,NA,NA,LOS ANGELES,LOS ANGELES,-118.54473876953124,34.18647384643555
9429486,2022,2022-06-07,1942,2022-03-22,1110,38191,1063,2,5,7,1942,0,0,0,J,0,26TL27,BURBANK,YOLANDA AV,0,NA,Y,A,-,N,NA,NA,NA,NA,NA,NA,NA,NA,NA,N,3,0,1,2,A,-,10,21950,A,F,H,J,A,A,H,-,A,A,0,NA,NA,NA,NA,Y,Y,A,01,0,1,0,0,0,0,0,0,0,-,-,NA,NA,LOS ANGELES,LOS ANGELES,-118.5407257080078,34.1723518371582
9429487,2022,2022-04-08,1942,2022-03-21,2350,38947,1531,1,5,7,1942,0,0,0,O,0,26T52,WHITSETT AV,OXNARD ST,356,S,N,A,-,N,NA,NA,NA,NA,NA,NA,NA,NA,NA,N,3,0,1,2,A,-,03,22350,NA,F,D,C,A,A,H,-,C,D,0,NA,NA,NA,NA,Y,NA,-,99,0,1,0,0,0,0,0,0,0,-,-,NA,NA,LOS ANGELES,LOS ANGELES,-118.40525817871094,34.17843246459961
9429489,2022,2022-04-08,1942,2022-03-22,0720,31688,1974,2,5,7,1942,0,0,0,NA,0,26M32,RAYEN ST,CEOROS AV,0,NA,Y,A,-,N,NA,NA,NA,NA,NA,NA,NA,NA,NA,N,4,0,1,2,A,-,09,21802,NA,F,D,C,A,A,H,-,A,A,0,NA,NA,NA,NA,Y,NA,A,01,0,0,1,0,0,0,0,0,0,-,-,NA,NA,LOS ANGELES,LOS ANGELES,-118.45352935791016,34.231807708740234
9429490,2022,2022-04-19,1942,2022-03-19,1800,38326,0964,6,5,7,1942,0,0,0,I,0,26Z1,RIVERSIDE DR,HAZELTINE AV,0,NA,Y,-,-,N,NA,NA,NA,NA,NA,NA,NA,NA,NA,Y,3,0,4,4,A,-,12,21453,A,N,-,-,A,-,-,-,-,-,0,NA,NA,NA,NA,Y,NA,A,01,0,1,3,0,0,0,0,0,0,-,-,NA,NA,LOS ANGELES,LOS ANGELES,-118.44000244140624,34.15761184692383
9429491,2022,2022-04-08,1942,2022-03-21,1500,37613,1512,1,5,7,1942,0,0,0,O,0,26TL45,COLDWATER CANYON AV,KITTRIDGE ST,20,N,N,A,-,N,NA,NA,NA,NA,NA,NA,NA,NA,NA,Y,4,0,1,2,A,-,01,23152,A,N,A,C,A,A,H,-,A,A,0,NA,NA,NA,NA,Y,Y,A,01,0,0,1,0,0,0,0,0,0,-,-,NA,NA,LOS ANGELES,LOS ANGELES,-118.41380310058594,34.19037628173828
9429492,2022,2022-04-08,1942,2022-03-22,2205,39048,1031,2,5,7,1942,0,0,0,J,0,26T52,CORBIN AV,VICTORY BL,162,N,N,A,-,N,NA,NA,NA,NA,NA,NA,NA,NA,NA,Y,3,0,1,1,A,-,01,23152,A,N,E,I,A,A,H,-,C,D,0,NA,NA,NA,NA,Y,Y,A,07,0,1,0,0,0,0,0,0,0,-,-,NA,NA,LOS ANGELES,LOS ANGELES,-118.5622100830078,34.1870231628418
9429493,2022,2022-04-18,1942,2022-03-18,2230,39410,1999,5,5,7,1942,0,0,0,NA,0,26T32W,WOODMAN AV,STRATHERN ST,0,NA,Y,A,-,N,NA,NA,NA,NA,NA,NA,NA,NA,NA,N,2,0,1,2,A,-,08,22107,NA,F,A,G,A,A,H,-,C,A,0,NA,NA,NA,NA,Y,NA,-,NA,1,0,0,0,0,0,0,0,0,-,-,NA,NA,LOS ANGELES,LOS ANGELES,-118.43113708496094,34.21565246582031
9429494,2022,2022-04-08,1942,2022-03-17,1910,42349,1612,4,5,7,1942,0,0,0,P,0,16A11,DEL SUR ST,WOODCOCK AV,0,NA,N,A,-,N,NA,NA,NA,NA,NA,NA,NA,NA,NA,Y,4,0,1,2,A,-,05,21650,NA,F,B,C,A,A,H,-,A,D,0,NA,NA,NA,NA,Y,NA,-,NA,0,0,1,0,0,0,0,0,0,-,-,NA,NA,LOS ANGELES,LOS ANGELES,-118.42591857910156,34.280540466308594
9429495,2022,2022-04-08,1942,2022-03-18,2300,40129,1037,5,5,7,1942,0,0,0,J,0,10A47,VICTORY BL,ALDEA AV,580,E,N,A,-,N,NA,NA,NA,NA,NA,NA,NA,NA,NA,N,2,0,1,2,A,-,08,22107,NA,N,C,C,A,A,-,-,C,D,0,NA,NA,Y,NA,Y,NA,A,07,1,0,0,0,0,0,0,0,0,-,-,NA,NA,LOS ANGELES,LOS ANGELES,-118.50794982910156,34.186798095703125
9429496,2022,2022-04-08,1942,2022-03-19,2100,44776,911,6,5,7,1942,0,0,0,NA,0,9A23,SHERMAN WY,FIRMAMENT AV,50,E,N,B,-,N,NA,NA,NA,NA,NA,NA,NA,NA,NA,Y,2,0,3,2,A,-,08,22107,NA,N,A,C,A,A,H,-,B,D,0,NA,NA,NA,NA,Y,NA,A,01,1,2,0,0,0,0,0,0,0,-,-,NA,NA,LOS ANGELES,LOS ANGELES,-118.47224426269533,34.20111083984375
9429497,2022,2022-04-08,1942,2022-03-09,1345,39154,1524,3,5,7,1942,0,0,0,O,0,26TL22,LAUREL CANYON BL,ERWIN ST,0,NA,Y,A,-,N,NA,NA,NA,NA,NA,NA,NA,NA,NA,Y,2,0,1,2,A,-,09,21801,A,N,D,C,A,A,H,-,A,A,0,NA,NA,Y,NA,Y,Y,A,07,1,0,0,0,0,0,0,0,1,-,-,NA,NA,LOS ANGELES,LOS ANGELES,-118.3965301513672,34.18301773071289
9429498,2022,2022-04-08,1942,2022-03-12,1930,36733,1526,6,5,7,1942,0,0,0,O,0,26T53W,LANKERSHIM BL,HAMLIN ST,0,NA,Y,A,-,N,NA,NA,NA,NA,NA,NA,NA,NA,NA,N,2,0,1,2,A,-,11,21954,A,N,G,B,D,A,H,-,C,A,0,Y,NA,NA,NA,Y,NA,N,60,1,0,0,0,1,0,0,0,0,-,-,NA,NA,LOS ANGELES,LOS ANGELES,-118.38779449462892,34.18855285644531
9429499,2022,2022-04-08,1942,2022-03-19,1925,41396,1525,6,5,7,1942,0,0,0,O,0,26T56W,VICTORY BL,GENTRY AV,29,W,N,B,-,N,NA,NA,NA,NA,NA,NA,NA,NA,NA,Y,2,0,3,3,A,-,11,21954,A,N,G,B,D,A,H,-,C,D,0,Y,NA,NA,NA,Y,NA,N,60,1,0,2,0,1,0,0,0,0,-,-,NA,NA,LOS ANGELES,LOS ANGELES,-118.39334869384766,34.18668746948242
9429500,2022,2022-04-08,1942,2022-03-24,0850,41514,1703,4,5,7,1942,0,0,0,Q,0,26TL23,RESEDA BL,KIRKCOLM LN,200,N,N,A,-,N,NA,NA,NA,NA,NA,NA,NA,NA,NA,N,2,0,1,2,A,-,08,22107,NA,N,B,E,A,A,H,-,A,D,0,NA,Y,NA,NA,Y,NA,L,04,1,0,0,0,0,0,1,0,0,-,-,NA,NA,LOS ANGELES,LOS ANGELES,-118.54238891601564,34.292808532714844
9429509,2022,2022-04-07,1941,2022-03-14,2111,6278,NA,1,5,7,1941,0,0,0,NA,0,NA,TEMPLE AV,CORONADO PL,50,S,N,A,-,N,NA,NA,NA,NA,NA,NA,NA,NA,NA,Y,4,0,1,3,D,-,00,NA,NA,N,C,C,A,A,H,-,C,D,0,NA,NA,NA,NA,Y,Y,-,-,0,0,1,0,0,0,0,0,0,-,-,NA,NA,LOS ANGELES,LONG BEACH,-118.27391815185548,34.072200775146484
9429526,2022,2022-04-08,1942,2022-03-24,2220,40225,0519,4,5,7,1942,0,0,0,E,0,5A15,ANAHEIM ST,SANFORD AV,15,W,N,A,-,N,NA,NA,NA,NA,NA,NA,NA,NA,NA,N,3,0,1,2,A,-,03,22350,A,F,B,C,A,A,H,-,C,D,0,NA,NA,Y,NA,Y,NA,-,99,0,1,0,0,0,0,0,0,1,-,-,NA,NA,LOS ANGELES,LOS ANGELES,-118.25078582763672,33.780609130859375
9429527,2022,2022-04-08,1942,2022-03-27,0245,43537,0333,7,5,7,1942,0,0,0,C,0,3A31,JEFFERSON BL,CRENSHAW BL,0,NA,Y,A,-,N,NA,NA,NA,NA,NA,NA,NA,NA,NA,Y,4,0,2,2,A,-,12,21453,A,F,D,C,A,A,H,-,C,A,0,NA,NA,NA,NA,Y,NA,-,99,0,0,2,0,0,0,0,0,0,-,-,NA,NA,LOS ANGELES,LOS ANGELES,-118.33510589599608,34.02558135986328
9429529,2022,2022-04-08,1942,2022-03-18,0010,43671,1841,5,5,7,1942,0,0,0,R,0,18A,E 112TH ST,MAIN ST,200,E,N,A,-,N,NA,NA,NA,NA,NA,NA,NA,NA,NA,Y,3,0,1,2,A,-,03,22350,NA,F,C,C,A,A,H,-,C,D,0,NA,NA,NA,NA,Y,NA,-,99,0,1,0,0,0,0,0,0,0,-,-,NA,NA,LOS ANGELES,LOS ANGELES,-118.27323150634766,33.932979583740234
9429530,2022,2022-04-08,1942,2022-03-24,2110,37257,1824,4,5,7,1942,0,0,0,R,0,18B42,S CENTRAL AV,E 103RD ST,20,S,N,A,-,N,NA,NA,NA,NA,NA,NA,NA,NA,NA,NA,4,0,1,3,A,-,04,21703,NA,N,C,C,A,A,-,-,C,A,0,NA,NA,NA,NA,Y,NA,A,01,0,0,1,0,0,0,0,0,0,-,-,NA,NA,LOS ANGELES,LOS ANGELES,-118.25411224365234,33.943214416503906
9429531,2022,2022-04-08,1942,2022-03-28,0655,41977,0331,1,5,7,1942,0,0,0,C,0,25MX81,LA BREA AV,WESTHAVEN ST,85,N,N,A,C,N,NA,NA,NA,NA,NA,NA,NA,NA,NA,Y,4,0,3,3,A,-,03,22350,NA,F,C,C,A,B,H,-,B,A,0,NA,NA,NA,NA,Y,NA,A,01,0,0,3,0,0,0,0,0,0,-,-,NA,NA,LOS ANGELES,LOS ANGELES,-118.35252380371094,34.02901077270508
9429541,2022,2022-04-07,1953,2022-02-16,1413,1626,1953,3,5,6,1953,0,0,0,NA,0,002,LINCOLN AV,HOWARD ST,0,NA,Y,A,-,N,NA,NA,NA,NA,NA,NA,NA,NA,NA,Y,3,0,2,2,A,-,09,21801,NA,N,-,C,A,A,H,-,A,A,0,NA,NA,NA,NA,Y,NA,A,01,0,2,0,0,0,0,0,0,0,-,-,NA,NA,LOS ANGELES,PASADENA,-118.1596221923828,34.17357635498047
9429542,2022,2022-04-07,1953,2022-02-16,0546,5202,1953,3,5,6,1953,0,0,0,NA,0,003,HILL AV,HOWARD ST,150,N,N,A,-,N,NA,NA,NA,NA,NA,NA,NA,NA,NA,N,3,0,1,2,A,-,11,21954,A,N,G,B,E,A,H,-,C,D,0,Y,NA,NA,NA,Y,NA,N,60,0,1,0,0,1,0,0,0,0,-,-,NA,NA,LOS ANGELES,PASADENA,-118.12158203125,34.17259979248047
9429543,2022,2022-04-07,1953,2022-02-18,1802,6113,1953,5,5,6,1953,0,0,0,NA,0,NA,LOS ROBLES AV,ORANGE GROVE BL,0,NA,Y,A,-,N,NA,NA,NA,NA,NA,NA,NA,NA,NA,N,4,0,1,2,A,-,10,21950,A,N,G,B,B,A,H,-,C,A,0,Y,NA,NA,NA,Y,NA,A,01,0,0,1,0,1,0,0,0,0,-,-,NA,NA,LOS ANGELES,PASADENA,-118.14154052734376,34.15781784057617
9429544,2022,2022-04-07,1953,2022-02-16,1108,5476,1953,3,5,6,1953,0,0,0,NA,0,002,LAKE AV,MOUNTAIN AV,0,NA,Y,A,-,N,NA,NA,NA,NA,NA,NA,NA,NA,NA,Y,4,0,1,1,A,-,08,22107,A,N,A,I,A,A,H,-,A,A,0,NA,NA,NA,NA,Y,NA,A,01,0,0,1,0,0,0,0,0,0,-,-,NA,NA,LOS ANGELES,PASADENA,-118.13249969482422,34.16157150268555
9429545,2022,2022-04-07,1953,2022-02-20,1234,7788,1953,7,5,6,1953,0,0,0,NA,0,001,PASADENA AV,ARLINGTON DR,0,NA,Y,A,-,N,NA,NA,NA,NA,NA,NA,NA,NA,NA,Y,4,0,1,2,A,-,03,22350,NA,N,C,C,A,A,H,-,A,D,0,NA,NA,NA,NA,Y,NA,A,01,0,0,1,0,0,0,0,0,0,-,-,NA,NA,LOS ANGELES,PASADENA,-118.15469360351564,34.12828826904297
9429546,2022,2022-04-07,1953,2022-02-19,1920,1010,1953,6,5,6,1953,0,0,0,NA,0,002,ORANGE GROVE BL,GARFIELD AV,0,NA,Y,A,-,N,NA,NA,NA,NA,NA,NA,NA,NA,NA,Y,4,0,1,2,A,-,08,22107,NA,N,B,C,A,A,H,-,C,A,0,NA,NA,NA,NA,Y,NA,A,01,0,0,1,0,0,0,0,0,0,-,-,NA,NA,LOS ANGELES,PASADENA,-118.1438217163086,34.15785217285156
9429547,2022,2022-04-07,1953,2022-02-07,1605,5478,1953,1,5,6,1953,0,0,0,NA,0,005,GREEN ST,HUDSON AV,0,NA,Y,A,-,N,NA,NA,NA,NA,NA,NA,NA,NA,NA,Y,4,0,1,1,A,-,03,22350,NA,N,E,I,A,A,H,-,A,A,0,NA,NA,NA,NA,Y,NA,A,01,0,0,1,0,0,0,0,0,0,-,-,NA,NA,LOS ANGELES,PASADENA,-118.1338348388672,34.14455032348633
9429548,2022,2022-04-08,1953,2022-02-16,1748,RIDDLE,1953,3,5,6,1953,0,0,0,NA,0,001,CALIFORNIA BL,EUCLID AV,0,NA,Y,A,-,N,NA,NA,NA,NA,NA,NA,NA,NA,NA,N,3,0,1,2,A,-,11,21954,A,N,G,B,D,A,H,-,D,D,0,Y,NA,NA,NA,Y,NA,N,60,0,1,0,0,1,0,0,0,0,-,-,NA,NA,LOS ANGELES,PASADENA,-118.14285278320313,34.13583755493164
9429549,2022,2022-04-08,1953,2022-02-18,1025,7525,1953,5,5,6,1953,0,0,0,NA,0,001,FAIR OAKS AV,UNION ST,0,NA,Y,A,-,N,NA,NA,NA,NA,NA,NA,NA,NA,NA,Y,4,0,1,2,A,-,08,22107,NA,N,B,C,A,A,H,-,A,A,0,NA,NA,NA,NA,Y,NA,-,-,0,0,1,0,0,0,0,0,0,-,-,NA,NA,LOS ANGELES,PASADENA,-118.15050506591795,34.14674758911133
9429550,2022,2022-04-08,1953,2022-02-21,0854,5974,1953,1,5,6,1953,0,0,0,NA,0,002,FAIR OAKS  AV,HAMMOND ST,0,NA,Y,B,-,N,NA,NA,NA,NA,NA,NA,NA,NA,NA,Y,3,0,2,2,A,-,09,21801,A,N,A,C,A,A,H,-,A,A,0,NA,NA,NA,NA,Y,NA,A,01,0,1,1,0,0,0,0,0,0,-,-,NA,NA,LOS ANGELES,PASADENA,-118.15065002441406,34.16513442993164
9429551,2022,2022-04-08,1953,2022-02-07,1709,2183,1953,1,5,6,1953,0,0,0,NA,0,003,HILL AV,TOPEKA ST,0,NA,Y,A,-,N,NA,NA,NA,NA,NA,NA,NA,NA,NA,Y,4,0,3,2,A,-,09,21804,A,N,D,C,A,A,H,-,B,A,0,NA,NA,NA,NA,Y,NA,A,01,0,0,3,0,0,0,0,0,0,-,-,NA,NA,LOS ANGELES,PASADENA,-118.12159729003906,34.17473602294922
9429552,2022,2022-04-08,1953,2022-02-07,1358,3301,1953,1,5,6,1953,0,0,0,NA,0,002,HILL AV,VILLA ST,0,NA,Y,A,-,N,NA,NA,NA,NA,NA,NA,NA,NA,NA,Y,4,0,3,2,A,-,09,21802,A,N,D,C,A,A,H,-,A,D,0,NA,NA,NA,NA,Y,NA,A,01,0,0,3,0,0,0,0,0,0,-,-,NA,NA,LOS ANGELES,PASADENA,-118.12142944335938,34.154335021972656
9429554,2022,2022-04-08,1953,2022-02-04,1248,5832,PASAD,5,5,6,1953,0,0,0,NA,0,001,BROOKSIDE GOLF COURSE,COURSE HOLE 12,0,NA,Y,A,-,N,NA,NA,NA,NA,NA,NA,NA,NA,NA,N,3,0,1,2,B,-,22,NA,NA,N,A,B,-,-,H,-,A,-,0,Y,NA,NA,NA,Y,Y,M,96,0,1,0,0,1,0,0,0,0,-,-,NA,NA,LOS ANGELES,PASADENA,NA,NA
9429555,2022,2022-04-08,1953,2022-02-03,1325,8091,1953,4,5,6,1953,0,0,0,NA,0,003,ALTADENA DR,MAPLE ST,0,NA,Y,A,-,N,NA,NA,NA,NA,NA,NA,NA,NA,NA,Y,4,0,2,2,A,-,12,21453,A,N,D,C,A,A,H,-,A,A,0,NA,NA,NA,NA,Y,NA,-,-,0,0,2,0,0,0,0,0,0,-,-,NA,NA,LOS ANGELES,PASADENA,-118.09864044189452,34.15312957763672
9429556,2022,2022-04-08,1953,2022-02-12,0955,5970,1953,6,5,6,1953,0,0,0,NA,0,3L32,SUNNYSLOPE AV,ORANGE GROVE BL,0,NA,Y,A,-,N,NA,NA,NA,NA,NA,NA,NA,NA,NA,Y,3,0,2,2,A,-,09,21802,A,N,D,C,A,A,H,-,A,A,0,NA,NA,NA,NA,Y,NA,A,07,0,1,1,0,0,0,0,0,0,-,-,NA,NA,LOS ANGELES,PASADENA,-118.08927154541016,34.15849304199219
9429557,2022,2022-04-27,1953,2022-02-10,1624,0344,1953,4,5,6,1953,0,0,0,NA,0,002,WASHINGTON BL,RAYMOND AV,0,NA,Y,A,-,N,NA,NA,NA,NA,NA,NA,NA,NA,NA,N,4,0,1,2,A,-,08,22107,NA,M,D,C,A,A,H,-,A,A,0,NA,NA,NA,NA,Y,NA,A,01,0,0,1,0,0,0,0,0,0,-,-,NA,NA,LOS ANGELES,PASADENA,-118.14907836914064,34.1688346862793
9429558,2022,2022-04-08,1953,2022-02-11,1414,4815,1953,5,5,6,1953,0,0,0,NA,0,001,PASADENA AV,GLENARM ST,0,NA,Y,A,-,N,NA,NA,NA,NA,NA,NA,NA,NA,NA,Y,3,0,2,2,A,-,08,22107,NA,N,D,C,A,A,H,-,A,A,0,NA,NA,NA,NA,Y,NA,A,01,0,1,1,0,0,0,0,0,0,-,-,NA,NA,LOS ANGELES,PASADENA,-118.15462493896484,34.12751388549805
9429559,2022,2022-04-08,1953,2022-02-11,0806,1630,1953,5,5,6,1953,0,0,0,NA,0,005,DEL MAR BL,RAYMOND AV,5,E,N,A,-,N,NA,NA,NA,NA,NA,NA,NA,NA,NA,N,3,0,1,2,A,-,08,22107,NA,N,D,G,A,A,H,-,A,A,0,NA,Y,NA,NA,Y,NA,A,01,0,1,0,0,0,0,1,0,0,-,-,NA,NA,LOS ANGELES,PASADENA,-118.14881134033205,34.14057159423828
9429560,2022,2022-04-08,1953,2022-02-07,1033,5651,1953,1,5,6,1953,0,0,0,NA,0,001,MARENGO AV,WALLIS ST,75,N,N,A,-,N,NA,NA,NA,NA,NA,NA,NA,NA,NA,N,4,0,1,2,A,-,09,21804,A,N,D,C,A,A,H,-,A,D,0,NA,NA,NA,NA,Y,NA,A,07,0,0,1,0,0,0,0,0,0,-,-,NA,NA,LOS ANGELES,PASADENA,-118.14579010009766,34.126834869384766
9429562,2022,2022-04-08,1942,2022-03-20,1050,34561,1969,7,5,7,1942,0,0,0,NA,0,26TL74,TERRA BELLA ST,ARLETA AV,78,W,N,A,-,N,NA,NA,NA,NA,NA,NA,NA,NA,NA,Y,2,0,1,2,A,-,03,22350,NA,N,C,C,A,A,H,-,A,A,0,NA,NA,Y,NA,Y,NA,C,02,1,0,0,0,0,0,0,0,1,-,-,NA,NA,LOS ANGELES,LOS ANGELES,-118.43260192871094,34.24789810180664
9429581,2022,2022-04-08,1953,2022-02-08,0800,8091,1953,2,5,6,1953,0,0,0,NA,0,004,ORANGE GROVE BL,SUNNYSLOPE AV,0,NA,Y,A,-,N,NA,NA,NA,NA,NA,NA,NA,NA,NA,Y,4,0,1,2,A,-,09,21802,A,N,D,C,A,A,H,-,A,A,0,NA,NA,NA,NA,Y,NA,A,01,0,0,1,0,0,0,0,0,0,-,-,NA,NA,LOS ANGELES,PASADENA,-118.08927154541016,34.15849304199219
94295812,2024,2024-10-24,9590,2024-06-29,123,023549,NA,6,3,7,1942,0,1,1,NA,2,080,I-5 N/B (GOLDEN STATE FREEWAY),STATE ST.,150,S,N,A,-,Y,LA,NA,5,NA,NA,18.219,H,NA,R,N,4,0,1,2,A,-,03,22350,NA,N,C,C,A,A,H,-,C,D,0,NA,NA,NA,Y,Y,NA,G,26,0,0,1,0,0,0,0,0,0,-,-,34.05189895629883,-118.21394348144533,LOS ANGELES,LOS ANGELES,-118.21395874023438,34.05189895629883
9429582,2022,2022-04-08,1953,2022-02-07,1334,8091,1953,1,5,6,1953,0,0,0,NA,0,005,CORSON ST,FAIR OAKS AV,0,NA,Y,A,-,N,NA,NA,NA,NA,NA,NA,NA,NA,NA,Y,3,0,1,3,A,-,12,21453,A,N,D,C,A,A,H,-,A,A,0,NA,NA,NA,NA,Y,NA,A,01,0,1,0,0,0,0,0,0,0,-,-,NA,NA,LOS ANGELES,PASADENA,-118.15050506591795,34.150978088378906
9429583,2022,2022-04-08,1953,2022-02-05,0017,3303,1953,6,5,6,1953,0,0,0,NA,0,002,ORANGE GROVE BL,FAIR OAKS AV,0,NA,Y,A,-,N,NA,NA,NA,NA,NA,NA,NA,NA,NA,N,4,0,1,2,A,-,11,21453,D,N,G,G,A,A,H,-,C,A,0,NA,Y,NA,NA,Y,NA,L,04,0,0,1,0,0,0,1,0,0,-,-,NA,NA,LOS ANGELES,PASADENA,-118.15058135986328,34.15779113769531
9429584,2022,2022-04-12,1913,2022-02-23,1809,4084,06,3,5,4,1913,0,0,0,NA,0,NA,INDIAN HILL BL,ARROW HWY,165,S,N,A,-,N,NA,NA,NA,NA,NA,NA,NA,NA,NA,N,4,0,1,3,A,-,03,22350,NA,N,-,C,A,A,H,-,C,A,0,NA,NA,NA,NA,Y,NA,A,01,0,0,1,0,0,0,0,0,0,-,-,NA,NA,LOS ANGELES,CLAREMONT,-117.71938323974608,34.08991622924805
9429585,2022,2022-04-08,1913,2022-02-17,1817,4286,68,4,5,4,1913,0,0,0,NA,0,004,BASELINE RD,MILLS AV,13,W,N,A,-,N,NA,NA,NA,NA,NA,NA,NA,NA,NA,N,4,0,1,2,A,-,09,21801,NA,N,D,G,A,A,H,-,C,A,0,NA,Y,NA,NA,Y,NA,A,08,0,0,1,0,0,0,1,0,0,-,-,NA,NA,LOS ANGELES,CLAREMONT,-117.70719909667967,34.12163162231445