CASE_ID,ACCIDENT_YEAR,PROC_DATE,JURIS,COLLISION_DATE,COLLISION_TIME,OFFICER_ID,REPORTING_DISTRICT,DAY_OF_WEEK,CHP_SHIFT,POPULATION,CNTY_CITY_LOC,SPECIAL_COND,BEAT_TYPE,CHP_BEAT_TYPE,CITY_DIVISION_LAPD,CHP_BEAT_CLASS,BEAT_NUMBER,PRIMARY_RD,SECONDARY_RD,DISTANCE,DIRECTION,INTERSECTION,WEATHER_1,WEATHER_2,STATE_HWY_IND,CALTRANS_COUNTY,CALTRANS_DISTRICT,STATE_ROUTE,ROUTE_SUFFIX,POSTMILE_PREFIX,POSTMILE,LOCATION_TYPE,RAMP_INTERSECTION,SIDE_OF_HWY,TOW_AWAY,COLLISION_SEVERITY,NUMBER_KILLED,NUMBER_INJURED,PARTY_COUNT,PRIMARY_COLL_FACTOR,PCF_CODE_OF_VIOL,PCF_VIOL_CATEGORY,PCF_VIOLATION,PCF_VIOL_SUBSECTION,HIT_AND_RUN,TYPE_OF_COLLISION,MVIW,PED_ACTION,ROAD_SURFACE,ROAD_COND_1,ROAD_COND_2,LIGHTING,CONTROL_DEVICE,CHP_ROAD_TYPE,PEDESTRIAN_ACCIDENT,BICYCLE_ACCIDENT,MOTORCYCLE_ACCIDENT,TRUCK_ACCIDENT,NOT_PRIVATE_PROPERTY,ALCOHOL_INVOLVED,STWD_VEHTYPE_AT_FAULT,CHP_VEHTYPE_AT_FAULT,COUNT_SEVERE_INJ,COUNT_VISIBLE_INJ,COUNT_COMPLAINT_PAIN,COUNT_PED_KILLED,COUNT_PED_INJURED,COUNT_BICYCLIST_KILLED,COUNT_BICYCLIST_INJURED,COUNT_MC_KILLED,COUNT_MC_INJURED,PRIMARY_RAMP,SECONDARY_RAMP,LATITUDE,LONGITUDE,COUNTY,CITY,POINT_X,POINT_Y
9429715,2022,2022-04-13,1942,2022-03-16,1835,39048,1511,3,5,7,1942,0,0,0,O,0,26T52,SHERMAN WY,VARNA AV,0,NA,Y,A,-,N,NA,NA,NA,NA,NA,NA,NA,NA,NA,Y,3,0,1,2,A,-,01,23152,A,N,D,C,A,A,H,-,C,A,0,NA,NA,NA,NA,Y,Y,A,01,0,1,0,0,0,0,0,0,0,-,-,NA,NA,LOS ANGELES,LOS ANGELES,-118.42474365234376,34.20119857788086
9429716,2022,2022-04-13,1942,2022-03-16,1500,40291,1526,3,5,7,1942,0,0,0,O,0,NA,LANKERSHIM BL,VICTORY BL,0,S,N,A,-,N,NA,NA,NA,NA,NA,NA,NA,NA,NA,N,4,0,2,2,-,-,-,NA,NA,N,D,C,A,A,H,-,A,D,0,NA,NA,NA,NA,Y,NA,A,01,0,0,2,0,0,0,0,0,0,-,-,NA,NA,LOS ANGELES,LOS ANGELES,-118.38779449462892,34.18667984008789
9429735,2022,2022-04-14,1941,2022-03-12,2129,11231,NA,6,5,7,1941,0,0,0,NA,0,NA,ALAMITOS AV,5TH ST,0,NA,Y,A,-,N,NA,NA,NA,NA,NA,NA,NA,NA,NA,N,4,0,1,2,D,-,00,NA,NA,N,D,G,A,A,H,-,C,A,0,NA,Y,NA,NA,Y,NA,-,-,0,0,1,0,0,0,1,0,0,-,-,NA,NA,LOS ANGELES,LONG BEACH,-118.18092346191406,33.77296829223633
9429736,2022,2022-04-14,1941,2022-03-12,1409,11531,NA,6,5,7,1941,0,0,0,NA,0,NA,LONG BEACH BL,ANAHEIM ST,300,S,N,A,-,N,NA,NA,NA,NA,NA,NA,NA,NA,NA,Y,4,0,4,3,A,-,04,21703,NA,N,C,C,A,A,H,-,A,D,0,NA,NA,NA,NA,Y,NA,A,NA,0,0,4,0,0,0,0,0,0,-,-,NA,NA,LOS ANGELES,LONG BEACH,-118.18946838378906,33.78178787231445
9429737,2022,2022-04-14,1941,2022-03-15,0927,11410,NA,2,5,7,1941,0,0,0,NA,0,NA,20TH ST,LONG BEACH BL,0,NA,Y,A,-,N,NA,NA,NA,NA,NA,NA,NA,NA,NA,Y,4,0,1,2,A,-,09,21453,C,N,D,C,A,A,H,-,A,A,0,NA,NA,NA,NA,Y,NA,A,NA,0,0,1,0,0,0,0,0,0,-,-,NA,NA,LOS ANGELES,LONG BEACH,-118.18946838378906,33.793495178222656
9429738,2022,2022-04-14,1941,2022-03-14,1141,6061,NA,1,5,7,1941,0,0,0,NA,0,NA,LONG BEACH BL,46TH ST,240,N,N,A,-,N,NA,NA,NA,NA,NA,NA,NA,NA,NA,N,4,0,1,3,A,-,03,22350,NA,N,C,C,A,A,H,-,A,D,0,NA,NA,NA,NA,Y,NA,A,NA,0,0,1,0,0,0,0,0,0,-,-,NA,NA,LOS ANGELES,LONG BEACH,-118.19146728515624,33.8408317565918
9429739,2022,2022-04-14,1941,2022-03-15,1403,6061,NA,2,5,7,1941,0,0,0,NA,0,NA,ARTESIA BL,ORANGE AV,45,W,N,A,-,N,NA,NA,NA,NA,NA,NA,NA,NA,NA,N,4,0,3,3,A,-,03,22350,NA,N,C,C,A,A,H,-,A,A,0,NA,NA,NA,NA,Y,NA,A,NA,0,0,3,0,0,0,0,0,0,-,-,NA,NA,LOS ANGELES,LONG BEACH,-118.1775360107422,33.87453079223633
9429742,2022,2022-04-12,1956,2022-03-16,1511,1292,18,3,5,5,1956,0,0,0,NA,0,001,TORRANCE BL,IRENA AV,15,E,N,A,-,N,NA,NA,NA,NA,NA,NA,NA,NA,NA,Y,4,0,1,2,A,-,08,22107,NA,N,D,C,A,A,H,-,A,D,0,NA,NA,NA,NA,Y,NA,A,07,0,0,1,0,0,0,0,0,0,-,-,NA,NA,LOS ANGELES,REDONDO BEACH,-118.3802490234375,33.837730407714844
9429743,2022,2022-04-12,1956,2022-03-17,1722,1386,44,4,5,5,1956,0,0,0,NA,0,003,MACKAY LN,CLARK LN,5,E,N,A,-,N,NA,NA,NA,NA,NA,NA,NA,NA,NA,NA,3,0,1,2,A,-,05,21650,1,N,D,G,A,A,H,-,A,D,0,NA,Y,NA,NA,Y,NA,L,04,0,1,0,0,0,0,1,0,0,-,-,33.86616134643555,-118.3685302734375,LOS ANGELES,REDONDO BEACH,-118.36855316162108,33.86616134643555
9429761,2022,2022-04-13,1941,2022-03-16,1758,11018,NA,3,5,7,1941,0,0,0,NA,0,NA,ATLANTIC AV,70TH ST,535,S,N,A,-,N,NA,NA,NA,NA,NA,NA,NA,NA,NA,N,3,0,2,2,D,-,00,NA,NA,N,B,E,A,A,H,-,A,A,0,NA,NA,NA,NA,Y,NA,-,-,0,1,1,0,0,0,0,0,0,-,-,NA,NA,LOS ANGELES,LONG BEACH,-118.18593597412108,33.8803825378418
9429770,2022,2022-04-13,1942,2022-03-24,2030,40876,1984,4,5,7,1942,0,0,0,NA,0,26T22,WILLIS AV,ROSCOE BL,400,N,N,A,-,N,NA,NA,NA,NA,NA,NA,NA,NA,NA,N,3,0,2,2,A,-,01,23152,A,N,C,E,A,A,H,-,D,D,0,NA,NA,NA,NA,Y,Y,A,01,0,2,0,0,0,0,0,0,0,-,-,NA,NA,LOS ANGELES,LOS ANGELES,-118.45531463623048,34.22258758544922
9429771,2022,2022-04-13,1942,2022-03-23,1545,33458,0926,3,5,7,1942,0,0,0,I,0,26M31,SYLMAR AV,KITTRIDGE ST,384,N,N,A,-,N,NA,NA,NA,NA,NA,NA,NA,NA,NA,Y,2,0,1,6,A,-,03,22350,NA,F,B,C,A,A,H,-,A,D,0,NA,NA,NA,NA,Y,Y,-,NA,1,0,0,0,0,0,0,0,0,-,-,NA,NA,LOS ANGELES,LOS ANGELES,-118.446533203125,34.19172286987305
9429773,2022,2022-04-13,1942,2022-03-20,1640,41158,1025,7,5,7,1942,0,0,0,J,0,26TL72,SHERMAN WY,ETIWANDA AV,0,NA,Y,A,-,N,NA,NA,NA,NA,NA,NA,NA,NA,NA,Y,2,0,6,5,A,-,12,21453,A,N,D,C,F,A,H,-,A,A,0,Y,NA,NA,NA,Y,NA,A,01,3,3,0,0,3,0,0,0,0,-,-,NA,NA,LOS ANGELES,LOS ANGELES,-118.53167724609376,34.20117950439453
9429775,2022,2022-04-13,1942,2022-03-23,0840,38191,1635,3,5,7,1942,0,0,0,P,0,27TL27,FOOTHILL BL,MCVINE AV,0,NA,Y,A,-,N,NA,NA,NA,NA,NA,NA,NA,NA,NA,Y,2,0,1,2,A,-,09,21801,A,N,D,C,A,-,H,-,A,A,0,NA,NA,NA,NA,Y,NA,A,08,1,0,0,0,0,0,0,0,0,-,-,NA,NA,LOS ANGELES,LOS ANGELES,-118.31137847900392,34.25967025756836
9429779,2022,2022-04-13,1967,2022-03-17,1709,153,NA,4,5,2,1967,0,0,0,NA,0,NORTH,ORANGE AV,SPRING,0,NA,Y,A,-,N,NA,NA,NA,NA,NA,NA,NA,NA,NA,N,4,0,1,2,A,-,12,21453,A,N,D,C,A,A,H,-,A,A,0,NA,NA,NA,NA,Y,NA,A,01,0,0,1,0,0,0,0,0,0,-,-,NA,NA,LOS ANGELES,SIGNAL HILL,-118.17630767822266,33.811676025390625
94297867,2024,2024-08-13,9590,2024-06-04,1525,023394,NA,2,2,7,1942,0,1,1,NA,2,050,I-110 N/B (HARBOR FREEWAY),37TH ST,230,S,N,A,-,Y,LA,NA,110,NA,NA,19.896,H,NA,R,N,4,0,1,1,C,-,18,NA,NA,N,E,J,A,A,H,-,A,D,0,NA,NA,NA,NA,Y,NA,-,-,0,0,1,0,0,0,0,0,0,-,-,34.01668167114258,-118.28035736083984,LOS ANGELES,LOS ANGELES,-118.28042602539064,34.01669692993164
9429833,2022,2022-04-21,1900,2022-03-18,1644,651854,1120,5,5,6,1992,0,0,0,NA,0,111T1,WEST AVENUE I,20TH ST WEST,30,E,N,A,-,N,NA,NA,NA,NA,NA,NA,NA,NA,NA,N,4,0,1,2,A,-,03,22350,NA,N,C,C,A,A,H,-,A,A,0,NA,NA,NA,NA,Y,NA,D,22,0,0,1,0,0,0,0,0,0,-,-,NA,NA,LOS ANGELES,LANCASTER,-118.16587066650392,34.70404815673828
9429835,2022,2022-04-18,1900,2022-02-14,1538,642878,1126,1,5,6,1992,0,0,0,NA,0,111T2,AVENUE J-8,20TH ST WEST,488,E,N,A,-,N,NA,NA,NA,NA,NA,NA,NA,NA,NA,Y,4,0,3,4,A,-,04,21703,NA,N,C,C,A,-,H,-,A,D,0,NA,NA,NA,NA,Y,NA,D,22,0,0,3,0,0,0,0,0,0,-,-,NA,NA,LOS ANGELES,LANCASTER,-118.16407012939452,34.68220138549805
9429836,2022,2022-04-18,1900,2022-02-28,1137,510509,1131,1,5,6,1992,0,0,0,NA,0,112T4,TREVOR AV,AVENUE I,0,NA,Y,A,-,N,NA,NA,NA,NA,NA,NA,NA,NA,NA,Y,3,0,1,2,A,-,12,21453,A,N,D,C,A,A,H,-,A,A,0,NA,NA,NA,NA,Y,NA,A,01,0,1,0,0,0,0,0,0,0,-,-,NA,NA,LOS ANGELES,LANCASTER,-118.13455200195313,34.70396423339844
9429837,2022,2022-04-18,1900,2022-02-19,1532,629461,1121,6,5,6,1992,0,0,0,NA,0,112T2,AVENUE I,15TH ST WEST,0,NA,Y,A,-,N,NA,NA,NA,NA,NA,NA,NA,NA,NA,Y,3,0,2,4,A,-,12,21453,A,N,A,C,A,A,H,-,A,A,0,NA,NA,NA,NA,Y,NA,A,01,0,1,1,0,0,0,0,0,0,-,-,NA,NA,LOS ANGELES,LANCASTER,-118.15705108642578,34.70441436767578
9429839,2022,2022-05-24,1942,2022-03-27,2058,44776,0923,7,5,7,1942,0,0,0,I,0,9A23,VANOWEN ST,VESPER AV,50,W,N,A,-,N,NA,NA,NA,NA,NA,NA,NA,NA,NA,Y,4,0,1,3,A,-,01,23153,A,N,C,C,A,A,H,-,C,D,0,NA,NA,Y,NA,Y,Y,C,06,0,0,1,0,0,0,0,0,0,-,-,NA,NA,LOS ANGELES,LOS ANGELES,-118.45111846923828,34.193931579589844
9429840,2022,2022-04-20,1942,2022-03-27,1210,42344,1094,7,5,7,1942,0,0,0,J,0,26TL46,KAREN DR,DUNCAS LN,767,W,N,A,-,N,NA,NA,NA,NA,NA,NA,NA,NA,NA,Y,2,0,2,3,A,-,03,22350,NA,F,C,C,-,A,H,-,A,D,0,Y,NA,NA,NA,Y,NA,A,07,1,1,0,0,1,0,0,0,0,-,-,NA,NA,LOS ANGELES,LOS ANGELES,-118.5308837890625,34.15495681762695
9429849,2022,2022-04-06,1942,2022-03-21,1400,37505,0291,1,5,7,1942,0,0,0,B,0,24TL23,WASHINGTON BL,BONNIE BRAE ST,0,NA,Y,A,-,N,NA,NA,NA,NA,NA,NA,NA,NA,NA,N,3,0,1,2,A,-,03,22350,NA,F,H,B,E,A,H,-,A,A,0,Y,NA,NA,NA,Y,Y,-,99,0,1,0,0,1,0,0,0,0,-,-,NA,NA,LOS ANGELES,LOS ANGELES,-118.28388214111328,34.03974533081055
9429861,2022,2022-04-08,1942,2022-03-20,2130,43462,0195,7,5,7,1942,0,0,0,A,0,1A85,15TH ST,BROADWAY,0,NA,Y,B,-,N,NA,NA,NA,NA,NA,NA,NA,NA,NA,Y,3,0,3,2,A,-,09,21802,A,N,D,C,A,A,H,-,C,D,0,NA,NA,NA,NA,Y,NA,A,01,0,1,2,0,0,0,0,0,0,-,-,NA,NA,LOS ANGELES,LOS ANGELES,-118.26300048828124,34.03486633300781
9429862,2022,2022-04-08,1942,2022-03-19,1547,40289,0211,6,5,7,1942,0,0,0,B,0,24TL55,MELROSE,ALEXANDRIA,70,E,N,A,-,N,NA,NA,NA,NA,NA,NA,NA,NA,NA,N,4,0,2,2,A,-,03,22350,NA,F,C,C,A,A,H,-,A,D,0,NA,NA,NA,NA,Y,NA,-,99,0,0,2,0,0,0,0,0,0,-,-,NA,NA,LOS ANGELES,LOS ANGELES,-118.29762268066406,34.083595275878906
9429863,2022,2022-04-08,1942,2022-03-21,0820,32973,0477,1,5,7,1942,0,0,0,D,0,24TL21,WHITTIER BL,EUCLID AV,350,W,N,A,-,N,NA,NA,NA,NA,NA,NA,NA,NA,NA,N,4,0,2,2,A,-,08,22107,NA,F,D,C,A,A,H,-,A,D,0,NA,NA,NA,NA,Y,NA,-,99,0,0,2,0,0,0,0,0,0,-,-,NA,NA,LOS ANGELES,LOS ANGELES,-118.20838928222656,34.031105041503906
9429864,2022,2022-04-08,1942,2022-03-21,0600,42932,0157,1,5,7,1942,0,0,0,A,0,24TL24,STANFORD AV,6TH ST,0,NA,Y,A,-,N,NA,NA,NA,NA,NA,NA,NA,NA,NA,Y,4,0,2,2,A,-,09,21802,A,F,A,C,A,A,H,-,A,D,0,NA,NA,NA,NA,Y,NA,A,01,0,0,2,0,0,0,0,0,0,-,-,NA,NA,LOS ANGELES,LOS ANGELES,-118.24282073974608,34.04076385498047
9429865,2022,2022-06-25,1942,2022-03-11,0825,33599,1352,5,5,7,1942,0,0,0,M,0,25T21,AVALON BL,43RD ST,0,NA,Y,A,-,N,NA,NA,NA,NA,NA,NA,NA,NA,NA,Y,4,0,1,2,A,-,12,22450,A,F,D,C,A,-,H,-,A,A,0,NA,NA,NA,NA,Y,NA,A,07,0,0,1,0,0,0,0,0,0,-,-,NA,NA,LOS ANGELES,LOS ANGELES,-118.26526641845705,34.005680084228516
9429866,2022,2022-06-25,1942,2022-03-11,1820,42750,1351,5,5,7,1942,0,0,0,M,0,25T21,GRAND AV,43RD ST,200,N,N,A,-,N,NA,NA,NA,NA,NA,NA,NA,NA,NA,Y,3,0,1,3,A,-,03,22350,NA,M,C,C,A,A,H,-,A,A,0,NA,NA,NA,NA,Y,NA,A,07,0,1,0,0,0,0,0,0,0,-,-,NA,NA,LOS ANGELES,LOS ANGELES,-118.2805633544922,34.00613784790039
9429867,2022,2022-04-08,1942,2022-03-14,2110,36587,1181,1,5,7,1942,0,0,0,K,0,11A17,SUNSET,CORONADO,78,W,N,A,-,N,NA,NA,NA,NA,NA,NA,NA,NA,NA,Y,4,0,1,2,A,-,04,21703,NA,F,C,C,A,A,H,-,C,A,0,NA,NA,NA,NA,Y,NA,-,99,0,0,1,0,0,0,0,0,0,-,-,NA,NA,LOS ANGELES,LOS ANGELES,-118.26849365234376,34.07899856567383
9429868,2022,2022-04-08,1942,2022-03-15,1245,35273,1142,2,5,7,1942,0,0,0,K,0,24MQ33,LOS FELIZ BL,HILLHURST AV,0,NA,Y,A,-,N,NA,NA,NA,NA,NA,NA,NA,NA,NA,Y,4,0,1,2,A,-,09,21801,B,F,D,C,A,A,-,-,-,A,0,NA,NA,NA,NA,Y,Y,A,01,0,0,1,0,0,0,0,0,0,-,-,NA,NA,LOS ANGELES,LOS ANGELES,-118.28743743896484,34.11188888549805
9429869,2022,2022-04-12,1942,2022-03-17,1500,39062,0439,4,5,7,1942,0,0,0,D,0,24TL58,CAVANAGH RD,VALLEY BL,0,NA,Y,A,-,N,NA,NA,NA,NA,NA,NA,NA,NA,NA,Y,3,0,3,4,A,-,09,21802,A,N,D,C,A,A,H,-,A,A,0,NA,NA,NA,NA,Y,NA,A,01,0,3,0,0,0,0,0,0,0,-,-,NA,NA,LOS ANGELES,LOS ANGELES,-118.1757583618164,34.068904876708984
9429870,2022,2022-04-08,1942,2022-03-22,1915,41629,1352,2,5,7,1942,0,0,0,M,0,24TL54,MAIN ST,45TH ST,0,NA,Y,A,-,N,NA,NA,NA,NA,NA,NA,NA,NA,NA,N,2,0,1,2,A,-,03,22350,NA,N,C,J,A,A,H,-,C,D,0,NA,NA,Y,NA,Y,NA,C,03,1,0,0,0,0,0,0,0,1,-,-,NA,NA,LOS ANGELES,LOS ANGELES,-118.27400207519533,34.002891540527344
9429873,2022,2022-04-08,1942,2022-03-16,1120,37505,0111,3,5,7,1942,0,0,0,A,0,24TL23,LOS ANGELES ST,TEMPLE ST,0,NA,Y,A,-,N,NA,NA,NA,NA,NA,NA,NA,NA,NA,Y,3,0,1,2,A,-,01,23153,A,N,D,C,A,A,H,-,A,A,0,NA,NA,NA,NA,Y,Y,A,07,0,1,0,0,0,0,0,0,0,-,-,NA,NA,LOS ANGELES,LOS ANGELES,-118.24090576171876,34.05341720581055
9429874,2022,2022-04-08,1942,2022-03-22,0105,39508,0201,2,5,7,1942,0,0,0,B,0,24T33,NORMANDIE AV,SANTA MONICA BL,0,NA,Y,A,-,N,NA,NA,NA,NA,NA,NA,NA,NA,NA,N,3,0,2,3,A,-,10,21950,A,F,G,B,B,A,H,-,C,A,0,Y,NA,NA,NA,Y,NA,-,99,0,2,0,0,2,0,0,0,0,-,-,NA,NA,LOS ANGELES,LOS ANGELES,-118.3004913330078,34.0908317565918
9429875,2022,2022-04-08,1942,2022-03-15,1145,33985,1372,2,5,7,1942,0,0,0,M,0,24MQ69,SAN PEDRO ST,FLORENCE,0,NA,N,A,-,N,NA,NA,NA,NA,NA,NA,NA,NA,NA,N,2,0,1,2,D,-,00,NA,NA,F,G,B,-,A,G,-,A,-,0,Y,NA,NA,NA,Y,NA,-,-,1,0,0,0,1,0,0,0,0,-,-,NA,NA,LOS ANGELES,LOS ANGELES,-118.26956939697266,33.974693298339844
9429876,2022,2022-04-08,1942,2022-03-22,1600,36814,1112,2,5,7,1942,0,0,0,K,0,24TL56,VERDUGO RD,SHASTA CIR N,40,N,N,A,-,N,NA,NA,NA,NA,NA,NA,NA,NA,NA,N,3,0,1,2,A,-,03,22350,NA,F,C,C,A,A,H,-,A,A,0,NA,NA,NA,NA,Y,NA,-,99,0,1,0,0,0,0,0,0,0,-,-,NA,NA,LOS ANGELES,LOS ANGELES,-118.23291015625,34.130977630615234
9429877,2022,2022-04-18,1942,2022-03-22,1815,39062,0295,2,5,7,1942,0,0,0,B,0,24TL58,14TH ST,BURLINGTON AV,0,NA,Y,A,-,N,NA,NA,NA,NA,NA,NA,NA,NA,NA,N,3,0,1,2,A,-,09,21802,A,N,D,C,A,A,H,-,A,A,0,NA,NA,NA,NA,Y,NA,M,94,0,1,0,0,0,0,0,0,0,-,-,NA,NA,LOS ANGELES,LOS ANGELES,-118.27996826171876,34.043941497802734
9429878,2022,2022-04-08,1942,2022-03-16,1915,41068,0143,3,5,7,1942,0,0,0,A,0,24T31,W 5TH ST,W SPRING ST,0,NA,Y,A,-,N,NA,NA,NA,NA,NA,NA,NA,NA,NA,N,4,0,1,2,A,-,11,21954,A,F,G,B,-,A,H,-,C,A,0,Y,NA,NA,NA,Y,NA,N,60,0,0,1,0,1,0,0,0,0,-,-,NA,NA,LOS ANGELES,LOS ANGELES,-118.2496337890625,34.047386169433594
9429879,2022,2022-04-08,1942,2022-03-13,0035,42416,0237,7,5,7,1942,0,0,0,B,0,2A69,N TOLUCA ST,2ND ST,0,NA,Y,A,-,N,NA,NA,NA,NA,NA,NA,NA,NA,NA,N,4,0,1,2,A,-,10,21950,NA,F,G,B,B,A,H,-,C,A,0,Y,NA,NA,NA,Y,NA,-,99,0,0,1,0,1,0,0,0,0,-,-,NA,NA,LOS ANGELES,LOS ANGELES,-118.2589111328125,34.06119155883789
9429880,2022,2022-04-18,1942,2022-03-13,0130,44136,0211,7,5,7,1942,0,0,0,B,0,2A17,VERMONT AV,RT 101,0,NA,Y,A,-,Y,LA,7,101,-,-,4.534,R,4,N,Y,4,0,1,1,A,-,08,22107,NA,N,E,I,A,A,H,-,C,A,0,NA,NA,NA,NA,Y,NA,A,01,0,0,1,0,0,0,0,0,0,-,NO,NA,NA,LOS ANGELES,LOS ANGELES,-118.29387664794922,34.081302642822266
9429884,2022,2022-04-05,1900,2022-03-07,0943,519902,2114,1,5,5,1943,0,0,0,NA,0,212T4,BULLIS RD,WALNUT AV,57,N,N,A,-,N,NA,NA,NA,NA,NA,NA,NA,NA,NA,N,4,0,1,2,D,-,00,NA,NA,N,B,G,A,A,H,-,A,D,0,NA,Y,NA,NA,Y,NA,-,-,0,0,1,0,0,0,1,0,0,-,-,NA,NA,LOS ANGELES,LYNWOOD,-118.20086669921876,33.92395782470703
9429895,2022,2022-04-13,1942,2022-03-19,0330,44350,157,6,5,7,1942,0,0,0,O,0,1A85,SAN PEDRO,7TH ST,0,NA,Y,A,-,N,NA,NA,NA,NA,NA,NA,NA,NA,NA,Y,3,0,1,3,A,-,10,21950,A,F,G,B,B,A,H,-,C,A,0,Y,NA,NA,NA,Y,NA,A,07,0,1,0,0,1,0,0,0,0,-,-,NA,NA,LOS ANGELES,LOS ANGELES,-118.2467803955078,34.04069900512695
9429896,2022,2022-04-13,1942,2022-03-09,2115,30083,0101,3,5,7,1942,0,0,0,A,0,24T32,SUNSET BL,INNES AV,241,NA,N,A,-,N,NA,NA,NA,NA,NA,NA,NA,NA,NA,Y,2,0,1,2,A,-,04,21703,NA,N,C,G,A,A,H,-,C,D,0,NA,Y,NA,NA,Y,NA,A,01,1,0,0,0,0,0,1,0,0,-,-,NA,NA,LOS ANGELES,LOS ANGELES,-118.25057983398438,34.071319580078125
9429897,2022,2022-04-20,1942,2022-03-17,1215,33985,0123,4,5,7,1942,0,0,0,A,0,24MQ69,BROADWAY,2ND ST,100,N,N,A,-,N,NA,NA,NA,NA,NA,NA,NA,NA,NA,N,3,0,1,2,A,-,17,21235,G,N,D,C,A,A,H,-,A,D,0,NA,NA,NA,NA,Y,NA,-,NA,0,1,0,0,0,0,0,0,0,-,-,NA,NA,LOS ANGELES,LOS ANGELES,-118.24649810791016,34.05262756347656
9429898,2022,2022-04-20,1942,2022-03-17,0800,41860,CENTR,4,5,7,1942,0,0,0,NA,0,0176,7TH ST,LOS ANGELES,0,NA,Y,A,F,N,NA,NA,NA,NA,NA,NA,NA,NA,NA,NA,3,0,1,2,A,-,10,21950,A,F,G,B,B,A,H,-,A,D,0,Y,NA,NA,NA,Y,NA,-,99,0,1,0,0,1,0,0,0,0,-,-,NA,NA,LOS ANGELES,LOS ANGELES,-118.25041198730467,34.04322814941406
9429899,2022,2022-04-07,1942,2022-03-19,1730,36182,0237,6,5,7,1942,0,0,0,B,0,24MQ77,W 3RD ST,LUCAS AV,190,W,N,B,-,N,NA,NA,NA,NA,NA,NA,NA,NA,NA,N,4,0,1,2,A,-,04,21703,NA,F,C,C,A,A,H,-,A,D,0,NA,NA,Y,NA,Y,NA,C,02,0,0,1,0,0,0,0,0,1,-,-,NA,NA,LOS ANGELES,LOS ANGELES,-118.26217651367188,34.05853271484375
9429900,2022,2022-04-15,1942,2022-03-20,1815,37143,1375,7,5,7,1942,0,0,0,M,0,24MQ57,HOOPER AV,55TH ST,0,NA,Y,A,-,N,NA,NA,NA,NA,NA,NA,NA,NA,NA,N,3,0,2,4,A,-,12,21453,A,N,D,C,A,A,H,-,A,A,0,NA,NA,NA,NA,Y,NA,-,-,0,2,0,0,0,0,0,0,0,-,-,NA,NA,LOS ANGELES,LOS ANGELES,-118.25212860107422,33.99300003051758
9429901,2022,2022-04-05,1942,2022-03-04,0030,37995,0782,5,5,7,1942,0,0,0,G,0,7A47,W 18TH ST,HI POINT ST,70,E,N,A,-,N,NA,NA,NA,NA,NA,NA,NA,NA,NA,Y,3,0,1,2,A,-,11,21954,A,F,G,B,D,A,H,-,C,A,0,Y,NA,NA,NA,Y,NA,N,60,0,1,0,0,1,0,0,0,0,-,-,NA,NA,LOS ANGELES,LOS ANGELES,-118.37107849121094,34.0434455871582
9429924,2022,2022-04-07,1900,2022-03-15,2224,654611,2115,2,5,5,1943,0,0,0,NA,0,212T2,IMPERIAL HWY,ATLANTIC AV,0,NA,Y,A,-,N,NA,NA,NA,NA,NA,NA,NA,NA,NA,N,4,0,2,3,A,-,01,23152,A,N,C,C,A,A,H,-,C,A,0,NA,NA,NA,NA,Y,Y,A,01,0,0,2,0,0,0,0,0,0,-,-,NA,NA,LOS ANGELES,LYNWOOD,-118.18360900878906,33.930728912353516
9430003,2022,2022-04-27,1900,2022-02-08,2140,600529,2810,2,5,5,1915,0,0,0,NA,0,283T1,CENTRAL AV,ROSECRANS AV,6,N,N,A,-,N,NA,NA,NA,NA,NA,NA,NA,NA,NA,N,4,0,1,2,A,-,03,22350,NA,F,C,C,A,A,H,-,C,A,0,NA,NA,NA,NA,Y,NA,D,22,0,0,1,0,0,0,0,0,0,-,-,33.903011322021484,-118.25364685058594,LOS ANGELES,COMPTON,-118.2536849975586,33.90281677246094
9430005,2022,2022-04-20,1900,2022-03-02,1315,653518,2825,3,5,5,1915,0,0,0,NA,0,282,LONG BEACH BL,TUCKER ST,0,NA,Y,A,-,N,NA,NA,NA,NA,NA,NA,NA,NA,NA,Y,4,0,2,2,A,-,12,21453,A,N,D,C,A,A,H,-,A,A,0,NA,NA,NA,NA,Y,NA,A,01,0,0,2,0,0,0,0,0,0,-,-,33.907039642333984,-118.20880889892578,LOS ANGELES,COMPTON,-118.2086944580078,33.90699768066406
9430010,2022,2022-04-27,1900,2022-02-28,1738,655224,2811,1,5,5,1915,0,0,0,NA,0,2832,CENTRAL AV,148TH ST,0,NA,Y,A,-,N,NA,NA,NA,NA,NA,NA,NA,NA,NA,N,4,0,1,3,A,-,09,21801,A,N,D,C,A,A,H,-,A,A,0,NA,NA,NA,NA,Y,NA,D,22,0,0,1,0,0,0,0,0,0,-,-,33.89860916137695,-118.2525634765625,LOS ANGELES,COMPTON,-118.25257873535156,33.898590087890625
9430011,2022,2022-04-13,1900,2022-03-12,2308,630427,2812,6,5,5,1915,0,0,0,NA,0,281T1,EL SEGUNDO BL,CENTRAL AV,0,NA,Y,A,-,N,NA,NA,NA,NA,NA,NA,NA,NA,NA,N,4,0,1,2,A,-,08,22107,NA,F,G,B,B,A,H,-,C,A,0,Y,NA,NA,NA,Y,NA,D,22,0,0,1,0,1,0,0,0,0,-,-,33.91633987426758,-118.2542724609375,LOS ANGELES,COMPTON,-118.2543716430664,33.91635513305664
9430038,2022,2022-06-03,1942,2022-03-21,0630,40440,0502,1,5,7,1942,0,0,0,E,0,25T23,182ND ST,NORMANDIE AV,450,E,N,A,-,N,NA,NA,NA,NA,NA,NA,NA,NA,NA,Y,3,0,2,1,B,-,22,NA,NA,N,E,I,A,A,H,-,A,D,0,NA,NA,NA,NA,Y,NA,J,41,0,1,1,0,0,0,0,0,0,-,-,NA,NA,LOS ANGELES,LOS ANGELES,-118.29785919189452,33.866329193115234
9430046,2022,2022-05-03,1942,2022-03-18,0045,41072,0519,5,5,7,1942,0,0,0,E,0,25T31,PACIFIC COAST HWY,DRUMM AV,43,E,N,A,-,Y,LA,7,1,-,-,9.47,H,-,N,Y,3,0,1,2,A,-,03,22350,NA,F,D,C,A,A,H,-,C,A,0,NA,NA,NA,Y,Y,NA,A,01,0,1,0,0,0,0,0,0,0,-,-,NA,NA,LOS ANGELES,LOS ANGELES,-118.244384765625,33.79114532470703