CASE_ID,ACCIDENT_YEAR,PROC_DATE,JURIS,COLLISION_DATE,COLLISION_TIME,OFFICER_ID,REPORTING_DISTRICT,DAY_OF_WEEK,CHP_SHIFT,POPULATION,CNTY_CITY_LOC,SPECIAL_COND,BEAT_TYPE,CHP_BEAT_TYPE,CITY_DIVISION_LAPD,CHP_BEAT_CLASS,BEAT_NUMBER,PRIMARY_RD,SECONDARY_RD,DISTANCE,DIRECTION,INTERSECTION,WEATHER_1,WEATHER_2,STATE_HWY_IND,CALTRANS_COUNTY,CALTRANS_DISTRICT,STATE_ROUTE,ROUTE_SUFFIX,POSTMILE_PREFIX,POSTMILE,LOCATION_TYPE,RAMP_INTERSECTION,SIDE_OF_HWY,TOW_AWAY,COLLISION_SEVERITY,NUMBER_KILLED,NUMBER_INJURED,PARTY_COUNT,PRIMARY_COLL_FACTOR,PCF_CODE_OF_VIOL,PCF_VIOL_CATEGORY,PCF_VIOLATION,PCF_VIOL_SUBSECTION,HIT_AND_RUN,TYPE_OF_COLLISION,MVIW,PED_ACTION,ROAD_SURFACE,ROAD_COND_1,ROAD_COND_2,LIGHTING,CONTROL_DEVICE,CHP_ROAD_TYPE,PEDESTRIAN_ACCIDENT,BICYCLE_ACCIDENT,MOTORCYCLE_ACCIDENT,TRUCK_ACCIDENT,NOT_PRIVATE_PROPERTY,ALCOHOL_INVOLVED,STWD_VEHTYPE_AT_FAULT,CHP_VEHTYPE_AT_FAULT,COUNT_SEVERE_INJ,COUNT_VISIBLE_INJ,COUNT_COMPLAINT_PAIN,COUNT_PED_KILLED,COUNT_PED_INJURED,COUNT_BICYCLIST_KILLED,COUNT_BICYCLIST_INJURED,COUNT_MC_KILLED,COUNT_MC_INJURED,PRIMARY_RAMP,SECONDARY_RAMP,LATITUDE,LONGITUDE,COUNTY,CITY,POINT_X,POINT_Y
9432779,2022,2022-09-02,1900,2022-07-24,0122,606776,0530,7,5,5,1959,0,0,0,NA,0,53T1EM,ROSEMEAD BL,MISSION DR,300,N,N,A,-,Y,LA,7,164,-,-,6.51,H,-,N,Y,2,0,1,1,A,-,01,23152,A,N,E,I,A,A,H,-,C,D,0,NA,NA,NA,NA,Y,Y,A,01,1,0,0,0,0,0,0,0,0,-,-,34.08525085449219,-118.07347106933594,LOS ANGELES,ROSEMEAD,-118.0732421875,34.0850715637207
9432781,2022,2022-08-31,1976,2022-08-02,1054,424,1976,2,5,5,1976,0,0,0,NA,0,004,WHITTIER BL,COLIMA RD,30,E,N,A,-,Y,LA,7,72,-,-,1.83,H,-,N,N,4,0,1,2,A,-,08,22107,NA,F,B,C,A,A,H,-,A,A,0,NA,NA,NA,NA,Y,NA,A,01,0,0,1,0,0,0,0,0,0,-,-,NA,NA,LOS ANGELES,WHITTIER,-118.0061492919922,33.94874954223633
9432821,2022,2022-08-26,1953,2022-06-18,0405,1929,1953,6,5,6,1953,0,0,0,NA,0,003,DELMAR BL,PARKWOOD ST,0,NA,Y,A,-,N,NA,NA,NA,NA,NA,NA,NA,NA,NA,Y,3,0,1,1,B,-,22,NA,NA,N,E,I,A,A,H,-,C,D,0,NA,NA,NA,NA,Y,Y,A,01,0,1,0,0,0,0,0,0,0,-,-,NA,NA,LOS ANGELES,PASADENA,-118.11166381835938,34.1419677734375
9432824,2022,2022-09-15,1942,2022-08-12,1545,40700,1841,5,5,7,1942,0,0,0,R,0,25MQ52,IMPERIAL HWY,FIGUEROA ST,0,NA,Y,A,-,N,NA,NA,NA,NA,NA,NA,NA,NA,NA,N,3,0,1,2,A,-,10,21950,A,F,G,B,B,A,H,-,A,A,0,Y,NA,NA,NA,Y,NA,-,99,0,1,0,0,1,0,0,0,0,-,-,NA,NA,LOS ANGELES,LOS ANGELES,-118.28260040283205,33.930999755859375
9432825,2022,2022-08-26,1953,2022-06-03,0136,2012,1953,5,5,6,1953,0,0,0,NA,0,001,MARENGO AV,CRYSTAL LN,126,N,N,A,-,N,NA,NA,NA,NA,NA,NA,NA,NA,NA,N,3,0,1,2,A,-,09,21804,A,M,B,C,A,A,H,-,C,D,0,NA,NA,NA,NA,Y,NA,A,01,0,1,0,0,0,0,0,0,0,-,-,NA,NA,LOS ANGELES,PASADENA,-118.14614868164064,34.167964935302734
9432828,2022,2022-09-14,1900,2022-08-19,1830,644588,1016,5,5,3,1995,0,0,0,NA,0,101T1,PACIFIC COAST HWY,PACIFIC COAST HWY 22523,0,NA,N,A,-,Y,LA,7,1,-,-,45.84,H,-,N,Y,4,0,2,3,A,-,03,22350,NA,N,C,C,A,A,H,-,A,A,0,NA,NA,NA,NA,Y,NA,A,01,0,0,2,0,0,0,0,0,0,-,-,34.03968811035156,-118.66529083251952,LOS ANGELES,MALIBU,-118.6650619506836,34.03972244262695
9432833,2022,2022-08-26,1953,2022-06-15,1301,1001,1953,3,5,6,1953,0,0,0,NA,0,004,DEL MAR BL,RAYMOND AV,0,NA,Y,A,-,N,NA,NA,NA,NA,NA,NA,NA,NA,NA,N,3,0,1,2,A,-,11,21453,D,N,-,B,E,A,H,-,A,A,0,Y,NA,NA,NA,Y,NA,N,60,0,1,0,0,1,0,0,0,0,-,-,NA,NA,LOS ANGELES,PASADENA,-118.14883422851564,34.14057159423828
9432836,2022,2022-08-30,1942,2022-08-13,0835,35327,1363,6,5,7,1942,0,0,0,M,0,24MQ45,MCKINLEY AV,E 51ST ST,0,NA,Y,A,-,N,NA,NA,NA,NA,NA,NA,NA,NA,NA,Y,3,0,3,2,A,-,09,21800,D,N,B,J,A,A,H,-,A,B,0,NA,NA,NA,NA,Y,NA,-,-,0,1,2,0,0,0,0,0,0,-,-,NA,NA,LOS ANGELES,LOS ANGELES,-118.26087188720705,33.99658966064453
9432840,2022,2022-08-30,1941,2022-06-08,1440,10125,NA,3,5,7,1941,0,0,0,NA,0,NA,TERMINO AV,EAST 7TH ST,53.6,N,N,A,-,N,NA,NA,NA,NA,NA,NA,NA,NA,NA,Y,3,0,1,3,A,-,07,21658,A,N,C,E,A,A,H,-,A,D,0,NA,NA,NA,NA,Y,NA,A,NA,0,1,0,0,0,0,0,0,0,-,-,NA,NA,LOS ANGELES,LONG BEACH,-118.14592742919922,33.77549743652344
9432844,2022,2022-08-30,1941,2022-06-08,1004,10125,NA,3,5,7,1941,0,0,0,NA,0,NA,WILLOW ST,PALO VERDE AV,0,NA,Y,A,-,N,NA,NA,NA,NA,NA,NA,NA,NA,NA,Y,4,0,3,4,-,-,-,NA,NA,N,C,C,A,A,-,-,A,A,0,NA,NA,NA,NA,Y,NA,-,-,0,0,3,0,0,0,0,0,0,-,-,NA,NA,LOS ANGELES,LONG BEACH,-118.1079330444336,33.80329895019531
9432845,2022,2022-09-01,1938,2022-07-15,1723,1269,NA,5,5,4,1938,0,0,0,NA,0,NA,FOOTHILL BL,WHEELER AV,40,E,N,A,-,Y,LA,7,66,-,-,0.81,H,-,W,Y,3,0,1,3,A,-,01,23153,A,N,C,C,A,A,H,-,A,A,0,NA,NA,NA,NA,Y,Y,A,01,0,1,0,0,0,0,0,0,0,-,-,NA,NA,LOS ANGELES,LA VERNE,-117.7766342163086,34.117244720458984
94328454,2024,2024-08-13,9550,2024-08-04,1647,022167,NA,7,2,3,1964,0,1,1,NA,2,500,I-5 N/B,FLORENCE AVENUE,710,S,N,A,-,Y,LA,NA,5,NA,NA,6.046,H,NA,R,N,4,0,2,3,A,-,03,22350,NA,F,C,C,A,A,H,-,A,D,0,NA,NA,NA,NA,Y,NA,-,99,0,0,2,0,0,0,0,0,0,-,-,33.93122863769531,-118.08944702148438,LOS ANGELES,SANTA FE SPRINGS,-118.0896453857422,33.93113327026367
9432848,2022,2022-08-30,1941,2022-07-26,0842,11563,NA,2,5,7,1941,0,0,0,NA,0,NA,CHERRY AV,TEHACHAPI DR,0,NA,Y,A,-,N,NA,NA,NA,NA,NA,NA,NA,NA,NA,Y,4,0,2,2,A,-,09,21804,NA,N,D,C,A,A,H,-,A,D,0,NA,NA,NA,NA,Y,NA,A,NA,0,0,2,0,0,0,0,0,0,-,-,NA,NA,LOS ANGELES,LONG BEACH,-118.16766357421876,33.836551666259766
9432852,2022,2022-09-07,1941,2022-07-05,1428,11134,NA,2,5,7,1941,0,0,0,NA,0,NA,PACIFIC COAST HWY,ARGONNE AV,0,NA,Y,A,-,Y,LA,7,1,-,-,3,H,-,N,N,4,0,1,3,A,-,03,22350,NA,N,C,C,A,A,H,-,A,D,0,NA,NA,NA,NA,Y,NA,A,NA,0,0,1,0,0,0,0,0,0,-,-,NA,NA,LOS ANGELES,LONG BEACH,-118.13572692871094,33.78517150878906
9432865,2022,2022-09-06,1900,2022-08-04,0120,647144,1334,4,5,5,1908,0,0,0,NA,0,133T1,LAKEWOOD BL,LAUREL ST,40,N,N,A,-,N,NA,NA,NA,NA,NA,NA,NA,NA,NA,Y,3,0,1,2,A,-,08,22107,NA,N,C,C,A,A,H,-,C,D,0,NA,NA,NA,NA,Y,NA,A,01,0,1,0,0,0,0,0,0,0,-,-,NA,NA,LOS ANGELES,BELLFLOWER,-118.14263916015624,33.88304138183594
9432869,2022,2022-09-07,1938,2022-08-05,1715,1180,NA,5,5,4,1938,0,0,0,NA,0,NA,FOOTHILL BL,B ST,20,W,N,A,-,Y,LA,7,66,-,-,1.271,I,5,E,Y,3,0,1,2,A,-,09,21802,A,N,D,C,A,A,H,-,A,A,0,NA,NA,NA,NA,Y,NA,A,07,0,1,0,0,0,0,0,0,0,-,-,NA,NA,LOS ANGELES,LA VERNE,-117.7692413330078,34.11464309692383
9432916,2022,2022-09-01,1942,2022-08-02,2018,41072,0329,2,5,7,1942,0,0,0,C,0,25T37,FIGUEROA ST,28TH ST,118,N,N,A,-,N,NA,NA,NA,NA,NA,NA,NA,NA,NA,N,3,0,1,2,A,-,17,22517,NA,N,E,E,A,A,H,-,C,A,0,NA,Y,NA,NA,Y,NA,J,48,0,1,0,0,0,0,1,0,0,-,-,NA,NA,LOS ANGELES,LOS ANGELES,-118.27717590332033,34.02637481689453
9432920,2022,2022-09-09,1942,2022-08-12,1100,40275,1341,5,5,7,1942,0,0,0,M,0,24TL25,MARTIN LUTHER KING BL,HILL ST,0,NA,Y,A,-,Y,LA,7,110,-,-,19.354,R,4,N,N,4,0,1,2,B,-,22,NA,NA,N,D,C,A,A,H,-,A,A,0,NA,NA,NA,NA,Y,NA,J,48,0,0,1,0,0,0,0,0,0,-,-,NA,NA,LOS ANGELES,LOS ANGELES,-118.28095245361328,34.00886917114258
9432924,2022,2022-09-01,1942,2022-08-15,1525,39395,0127,1,5,7,1942,0,0,0,A,0,24TL56,JUDGE JOHN AISO ST,1ST ST,30,N,N,A,-,N,NA,NA,NA,NA,NA,NA,NA,NA,NA,N,4,0,1,2,A,-,03,22350,NA,N,C,C,A,A,H,-,A,D,0,NA,NA,NA,NA,Y,NA,J,43,0,0,1,0,0,0,0,0,0,-,-,NA,NA,LOS ANGELES,LOS ANGELES,-118.24087524414064,34.05046844482422
9433001,2022,2022-08-03,1900,2022-06-21,1822,656309,1337,2,5,5,1908,0,0,0,NA,0,133T1,FLOWER ST,LAKEWOOD BL,0,NA,Y,A,-,N,NA,NA,NA,NA,NA,NA,NA,NA,NA,Y,4,0,1,2,A,-,09,21801,A,N,D,C,A,A,H,-,A,A,0,NA,NA,NA,NA,Y,NA,A,01,0,0,1,0,0,0,0,0,0,-,-,NA,NA,LOS ANGELES,BELLFLOWER,-118.14263916015624,33.88200378417969
9433005,2022,2022-08-03,1900,2022-06-19,1730,626678,1334,7,5,5,1908,0,0,0,NA,0,NA,LAKEWOOD BL,ALONDRA BL,200,S,N,A,-,N,NA,NA,NA,NA,NA,NA,NA,NA,NA,Y,4,0,2,2,A,-,09,21804,A,N,D,C,A,A,H,-,A,D,0,NA,NA,NA,NA,Y,NA,A,01,0,0,2,0,0,0,0,0,0,-,-,NA,NA,LOS ANGELES,BELLFLOWER,-118.14268493652344,33.8886604309082
9433006,2022,2022-08-03,1900,2022-05-13,1315,532783,1334,5,5,5,1908,0,0,0,NA,0,133T1,LAKEWOOD BL,WALNUT ST,0,NA,Y,A,-,N,NA,NA,NA,NA,NA,NA,NA,NA,NA,Y,4,0,1,2,A,-,09,21801,NA,N,D,C,A,A,H,-,A,D,0,NA,NA,Y,NA,Y,NA,A,01,0,0,1,0,0,0,0,0,1,-,-,NA,NA,LOS ANGELES,BELLFLOWER,-118.14263153076172,33.88017654418945
94330060,2024,2024-08-13,9545,2024-04-03,600,015826,NA,3,1,9,1900,0,3,5,NA,2,003,ANGELES FOREST HIGHWAY,COUNTY FIRE MARKER 11.39,131,N,N,A,-,N,NA,NA,NA,NA,NA,NA,NA,NA,NA,Y,1,1,0,1,A,-,03,22350,NA,N,F,A,A,A,H,-,D,D,0,NA,NA,NA,NA,Y,NA,A,01,0,0,0,0,0,0,0,0,0,-,-,34.386009216308594,-118.09464263916016,LOS ANGELES,UNINCORPORATED,-118.25688934326172,34.03873062133789
9433014,2022,2022-09-01,1942,2022-07-18,1045,40165,1956,1,5,7,1942,0,0,0,NA,0,26TL23,LASSEN ST,WILLIS AV,236,W,N,A,-,N,NA,NA,NA,NA,NA,NA,NA,NA,NA,Y,3,0,3,2,A,-,01,23152,A,N,C,C,A,A,H,-,A,D,0,NA,NA,NA,NA,Y,NA,A,01,0,3,0,0,0,0,0,0,0,-,-,NA,NA,LOS ANGELES,LOS ANGELES,-118.45514678955078,34.24995422363281
9433017,2022,2022-09-02,1955,2022-05-26,1740,42424,018,4,5,6,1955,0,0,0,NA,0,003,INDIAN HILL BL,LINCOLN AV,0,NA,Y,A,-,N,NA,NA,NA,NA,NA,NA,NA,NA,NA,Y,4,0,2,2,A,-,09,21801,A,N,A,C,A,A,H,-,A,A,0,NA,NA,NA,NA,Y,NA,J,48,0,0,2,0,0,0,0,0,0,-,-,34.07094955444336,-117.71925354003906,LOS ANGELES,POMONA,-117.71923828125,34.0709114074707
9433023,2022,2022-09-01,1942,2022-07-18,1320,37952,1151,1,5,7,1942,0,0,0,K,0,24TL26,FOUNTAIN AV,MARIPOSA AV,0,NA,Y,A,-,N,NA,NA,NA,NA,NA,NA,NA,NA,NA,N,4,0,1,2,A,-,09,21802,NA,N,D,C,A,A,H,-,A,A,0,NA,NA,NA,NA,Y,NA,J,48,0,0,1,0,0,0,0,0,0,-,-,NA,NA,LOS ANGELES,LOS ANGELES,-118.2994384765625,34.09524917602539
9433026,2022,2022-08-11,1900,2022-07-20,1435,635554,1013,3,5,3,1995,0,0,0,NA,0,101T1,PACIFIC COAST HWY,RAMIREZ MESA RD,150,E,-,A,-,Y,LA,7,1,-,-,53.31,H,-,N,Y,3,0,1,3,A,-,03,22350,NA,N,C,C,A,A,H,-,A,D,0,NA,NA,NA,NA,Y,NA,A,01,0,1,0,0,0,0,0,0,0,-,-,34.0223503112793,-118.79103088378906,LOS ANGELES,MALIBU,-118.79094696044922,34.02239990234375
9433027,2022,2022-08-11,1900,2022-07-08,1805,652863,1015,5,5,3,1995,0,0,0,NA,0,101A,RT 1,SERRA RD,0,NA,Y,A,-,Y,LA,7,1,-,-,46.811,I,5,S,Y,3,0,2,2,A,-,09,21804,A,N,D,C,A,A,H,-,A,D,0,NA,NA,NA,NA,Y,NA,A,08,0,2,0,0,0,0,0,0,0,-,-,34.034950256347656,-118.68061065673828,LOS ANGELES,MALIBU,-118.68060302734376,34.03492736816406
9433028,2022,2022-08-11,1900,2022-07-22,2018,635554,1015,5,5,3,1995,0,0,0,NA,0,101T1,PACIFIC COAST HWY,MALIBU CANYON RD,300,W,N,A,-,Y,LA,7,1,-,-,48.25,H,-,S,Y,3,0,1,3,A,-,03,22350,NA,N,B,C,A,-,H,-,C,D,0,NA,NA,NA,NA,Y,NA,A,01,0,1,0,0,0,0,0,0,0,-,-,34.0346794128418,-118.70453643798828,LOS ANGELES,MALIBU,-118.70497894287108,34.034542083740234
9433035,2022,2022-08-11,1900,2022-07-10,1915,525042,1015,7,5,3,1995,0,0,0,NA,0,101T2,RT 1,PENA RD,231,E,N,A,-,Y,LA,7,1,-,-,41.79,H,-,S,Y,3,0,1,2,A,-,08,22107,NA,N,C,C,A,A,H,-,A,A,0,NA,NA,NA,NA,Y,NA,A,01,0,1,0,0,0,0,0,0,0,-,-,34.0394401550293,-118.59545135498048,LOS ANGELES,MALIBU,-118.59637451171876,34.039634704589844
9433053,2022,2022-09-01,1900,2022-06-17,0115,654793,1331,5,5,5,1908,0,0,0,NA,0,133,WOODRUFF AV,ROSECRANS AV,0,NA,Y,A,-,N,NA,NA,NA,NA,NA,NA,NA,NA,NA,Y,3,0,1,2,A,-,12,21453,A,N,D,C,A,A,H,-,C,A,0,NA,NA,NA,NA,Y,NA,A,01,0,1,0,0,0,0,0,0,0,-,-,NA,NA,LOS ANGELES,BELLFLOWER,-118.1166763305664,33.90202713012695
9433066,2022,2022-11-08,1942,2022-06-11,0415,42640,1496,6,5,7,1942,0,0,0,N,0,27TL37,SEPULVEDA BL,98TH ST,8,S,N,B,-,Y,LA,7,1,-,-,27.061,I,5,N,N,2,0,1,2,A,-,08,22107,NA,F,B,C,A,A,H,-,C,D,0,NA,NA,NA,NA,Y,NA,-,99,1,0,0,0,0,0,0,0,0,-,-,NA,NA,LOS ANGELES,LOS ANGELES,-118.39613342285156,33.94736862182617
9433071,2022,2022-08-09,1942,2022-07-15,1830,37531,0511,5,5,7,1942,0,0,0,E,0,25MQ61,PACIFIC COAST HWY,SENATOR ST,0,NA,Y,-,-,Y,LA,7,1,-,-,12.823,I,5,N,Y,2,0,3,2,A,-,09,21801,A,N,D,C,A,A,H,-,A,D,0,NA,NA,Y,NA,Y,NA,A,07,1,0,2,0,0,0,0,0,1,-,-,NA,NA,LOS ANGELES,LOS ANGELES,-118.30276489257813,33.789527893066406
9433073,2022,2022-08-09,1942,2022-07-09,2155,36705,1351,6,5,7,1942,0,0,0,M,0,27MQ73,RT 110,MARTIN LUTHER KING JR BL,400,S,N,A,-,Y,LA,7,110,-,-,19.41,H,-,N,Y,4,0,1,2,A,-,01,23152,A,F,C,C,A,A,H,-,C,D,0,NA,NA,NA,NA,Y,Y,A,01,0,0,1,0,0,0,0,0,0,-,-,NA,NA,LOS ANGELES,LOS ANGELES,-118.28093719482422,34.00971221923828
9433076,2022,2022-08-09,1942,2022-05-31,1555,37966,1586,2,5,7,1942,0,0,0,O,0,27TL42,RT 101,CAMPO DE CAHUENGA,324,S,N,A,-,Y,LA,7,101,-,-,10.442,R,2,N,Y,3,0,1,1,A,-,03,22350,NA,M,E,I,A,A,H,-,A,D,0,NA,NA,NA,NA,Y,NA,A,01,0,1,0,0,0,0,0,0,0,NF,-,NA,NA,LOS ANGELES,LOS ANGELES,-118.3640594482422,34.13873291015625
9433077,2022,2022-08-09,1942,2022-07-10,0120,41978,0811,7,5,7,1942,0,0,0,H,0,27T33-,PACIFIC COAST HWY,SUNSET BL,875,S,N,-,-,Y,LA,7,1,-,-,39.16,H,-,S,Y,3,0,2,2,A,-,01,23152,A,N,C,C,A,A,H,-,C,D,0,NA,NA,NA,NA,Y,Y,A,07,0,1,1,0,0,0,0,0,0,-,-,NA,NA,LOS ANGELES,LOS ANGELES,-118.55287933349608,34.0388298034668
9433079,2022,2022-08-04,1942,2022-07-17,2300,43432,1846,7,5,7,1942,0,0,0,R,0,25T37-,CENTRAL AV,IMPERIAL HWY,15,N,N,A,-,N,NA,NA,NA,NA,NA,NA,NA,NA,NA,Y,4,0,2,3,A,-,03,22350,NA,F,C,C,A,A,H,-,C,A,0,NA,NA,NA,NA,Y,NA,B,01,0,0,2,0,0,0,0,0,0,-,-,NA,NA,LOS ANGELES,LOS ANGELES,-118.25423431396484,33.92951202392578
9433083,2022,2022-08-04,1956,2022-07-21,0250,1369,42,4,5,5,1956,0,0,0,NA,0,003,ARTESIA BL,GREEN LN,122,W,N,A,-,N,NA,NA,NA,NA,NA,NA,NA,NA,NA,NA,4,0,1,1,A,-,08,22107,NA,N,E,I,A,A,H,-,C,D,0,NA,NA,NA,NA,Y,NA,A,01,0,0,1,0,0,0,0,0,0,-,-,33.872859954833984,-118.37696075439452,LOS ANGELES,REDONDO BEACH,-118.37738037109376,33.872779846191406
9433084,2022,2022-08-09,1956,2022-06-29,0014,1327,NA,3,5,5,1956,0,0,0,NA,0,003,RT 107,182ND ST,0,NA,Y,A,-,Y,LA,7,107,-,-,4.193,I,5,S,Y,4,0,1,2,A,-,08,22107,NA,N,D,C,A,A,H,-,C,A,0,NA,NA,NA,NA,Y,NA,A,07,0,0,1,0,0,0,0,0,0,-,-,33.86555862426758,-118.35262298583984,LOS ANGELES,REDONDO BEACH,-118.35270690917967,33.86552047729492
9433101,2022,2022-08-03,1942,2022-06-21,1436,41973,0555,2,5,7,1942,0,0,0,E,0,25MX86,PACIFIC AV,UPLAND ST,177,N,N,A,-,N,NA,NA,NA,NA,NA,NA,NA,NA,NA,N,4,0,1,2,A,-,03,22350,NA,N,C,C,A,A,H,-,A,D,0,NA,NA,NA,NA,Y,NA,A,01,0,0,1,0,0,0,0,0,0,-,-,NA,NA,LOS ANGELES,LOS ANGELES,-118.287353515625,33.749752044677734
9433104,2022,2022-08-03,1942,2022-07-12,2135,41072,0557,2,5,7,1942,0,0,0,E,0,25T37,7TH ST,GAFFEY ST,35,E,N,A,-,N,NA,NA,NA,NA,NA,NA,NA,NA,NA,N,3,0,3,2,A,-,03,22350,NA,F,C,C,A,A,H,-,C,A,0,NA,NA,NA,NA,Y,NA,-,99,0,3,0,0,0,0,0,0,0,-,-,NA,NA,LOS ANGELES,LOS ANGELES,-118.292236328125,33.73788070678711
9433106,2022,2022-08-16,1942,2022-05-24,1239,41054,1257,2,5,7,1942,0,0,0,L,0,31D122,FIGUEROA ST,76TH ST,0,NA,Y,A,-,N,NA,NA,NA,NA,NA,NA,NA,NA,NA,Y,1,1,0,3,A,-,00,21235,B,N,H,C,A,A,H,-,A,A,0,NA,NA,Y,NA,Y,NA,C,03,0,0,0,0,0,0,0,1,0,-,-,NA,NA,LOS ANGELES,LOS ANGELES,-118.28271484375,33.970760345458984
9433107,2022,2022-08-03,1942,2022-04-19,0431,42640,0666,2,5,7,1942,0,0,0,F,0,27T31-,WILCOX AV,SANTA MONICA BL,0,NA,Y,B,-,N,NA,NA,NA,NA,NA,NA,NA,NA,NA,Y,2,0,3,2,B,-,22,NA,NA,N,D,C,A,A,H,-,C,A,0,NA,NA,NA,NA,Y,NA,J,48,1,2,0,0,0,0,0,0,0,-,-,NA,NA,LOS ANGELES,LOS ANGELES,-118.3310089111328,34.09074020385742
9433108,2022,2022-08-03,1942,2022-07-09,1315,41933,0317,6,5,7,1942,0,0,0,C,0,25TL27,ADAMS BL,VERMONT AV,0,NA,Y,A,-,N,NA,NA,NA,NA,NA,NA,NA,NA,NA,Y,3,0,3,2,A,-,09,21806,A,N,B,C,A,A,H,-,A,D,0,NA,NA,NA,NA,Y,NA,A,08,0,3,0,0,0,0,0,0,0,-,-,NA,NA,LOS ANGELES,LOS ANGELES,-118.29155731201172,34.032752990722656
9433119,2022,2022-08-10,1900,2022-07-11,1910,634995,261D,1,5,6,1950,0,0,0,NA,0,264T1,RT 138,17TH ST E,240,E,N,A,-,Y,LA,7,138,-,-,45.51,H,-,W,Y,3,0,2,2,A,-,09,21804,A,N,A,C,A,A,H,-,A,D,0,NA,NA,NA,NA,Y,NA,A,01,0,2,0,0,0,0,0,0,0,-,-,34.78099822998047,-118.0585708618164,LOS ANGELES,PALMDALE,-118.09758758544922,34.57973098754883
9433131,2022,2022-08-11,1900,2022-06-15,0950,606099,0973,3,5,4,1979,0,0,0,NA,0,92T3,SANTA MONICA BL,POINSETTIA PL,15,W,N,A,-,N,NA,NA,NA,NA,NA,NA,NA,NA,NA,N,4,0,1,2,A,-,09,21801,A,M,D,C,A,A,H,-,A,A,0,NA,NA,NA,NA,Y,NA,A,07,0,0,1,0,0,0,0,0,0,-,-,34.09067153930664,-118.34867095947266,LOS ANGELES,WEST HOLLYWOOD,-118.34871673583984,34.09074020385742
9433132,2022,2022-08-17,1942,2022-01-31,1800,42157,1406,1,5,7,1942,0,0,0,N,0,27QL15,VENICE BL,OVERLAND AV,10,W,N,A,-,N,NA,NA,NA,NA,NA,NA,NA,NA,NA,N,4,0,1,2,A,-,08,22107,NA,F,H,G,A,A,H,-,C,A,0,NA,Y,NA,NA,Y,NA,-,99,0,0,1,0,0,0,1,0,0,-,-,NA,NA,LOS ANGELES,LOS ANGELES,-118.40705871582033,34.01876449584961
9433134,2022,2022-08-17,1900,2022-07-10,1328,606099,0972,7,5,4,1979,0,0,0,NA,0,92T3,SANTA MONICA BL,LA CIENEGA BL,76,W,N,A,-,N,NA,NA,NA,NA,NA,NA,NA,NA,NA,N,4,0,1,2,A,-,10,21950,NA,N,A,B,F,A,H,-,A,A,0,Y,NA,NA,NA,Y,NA,A,01,0,0,1,0,1,0,0,0,0,-,-,34.08903884887695,-118.37684631347656,LOS ANGELES,WEST HOLLYWOOD,-118.37650299072266,34.089454650878906
9433136,2022,2022-08-18,1942,2022-07-23,0230,43782,0657,6,5,7,1942,0,0,0,F,0,6A31,SANTA MONICA BL,WILTON PL,65,E,N,A,-,Y,LA,7,2,-,-,12.34,H,-,E,Y,4,0,2,4,A,-,01,23152,A,N,B,E,A,A,H,-,C,A,0,NA,NA,NA,NA,Y,Y,A,07,0,0,2,0,0,0,0,0,0,-,-,NA,NA,LOS ANGELES,LOS ANGELES,-118.31324768066406,34.09076690673828
9433140,2022,2022-08-18,1942,2022-07-20,2030,41210,1465,3,5,7,1942,0,0,0,N,0,27T31,JEFFERSON BL,RT 405,84,W,N,A,-,Y,LA,7,405,-,-,25.77,R,4,N,N,2,0,1,2,A,-,11,21956,A,F,G,B,E,A,H,-,C,A,0,Y,NA,NA,NA,Y,NA,N,60,1,0,0,0,1,0,0,0,0,-,NF,NA,NA,LOS ANGELES,LOS ANGELES,-118.39732360839844,33.98564147949219
9433143,2021,2022-09-29,1942,2021-09-29,1955,43310,1257,3,5,7,1942,0,0,0,L,0,12XL57,79TH ST,FIGUEROA ST,6,E,N,A,-,N,NA,NA,NA,NA,NA,NA,NA,NA,NA,N,3,0,1,2,A,-,-,NA,NA,F,H,G,A,-,-,-,C,-,0,NA,Y,NA,NA,Y,NA,-,99,0,1,0,0,0,0,1,0,0,-,-,NA,NA,LOS ANGELES,LOS ANGELES,-118.28269958496094,33.96784210205078
9433182,2022,2022-08-25,1900,2022-06-08,0945,455303,1512,3,5,5,1954,0,0,0,NA,0,151T1,ROSEMEAD BL,GALLATIN RD,0,NA,Y,A,-,N,NA,NA,NA,NA,NA,NA,NA,NA,NA,Y,2,0,4,4,A,-,12,21453,A,N,D,C,A,A,D,-,A,A,0,NA,NA,NA,NA,Y,NA,J,48,3,1,0,0,0,0,0,0,0,-,-,34.016929626464844,-118.07874298095705,LOS ANGELES,PICO RIVERA,-118.07879638671876,34.0169677734375
9433202,2022,2022-08-24,1942,2022-07-21,0236,38171,0139,4,5,7,1942,0,0,0,A,0,24T32,MERRICK ST,TRACTION AV,0,NA,Y,A,-,N,NA,NA,NA,NA,NA,NA,NA,NA,NA,Y,3,0,1,1,A,-,03,22350,NA,N,E,I,A,A,-,-,C,D,0,NA,NA,NA,NA,Y,NA,A,07,0,1,0,0,0,0,0,0,0,-,-,NA,NA,LOS ANGELES,LOS ANGELES,-118.23381042480467,34.04390335083008
9433208,2022,2022-08-29,1944,2022-07-09,1404,367,NA,6,5,4,1944,0,0,0,NA,0,NA,SEPULVEDA BL,LONGFELLOW DR,0,NA,Y,A,-,Y,LA,7,1,-,-,22.161,I,5,N,NA,4,0,1,2,-,-,-,NA,A,N,D,C,A,A,H,-,A,A,0,NA,NA,NA,NA,Y,NA,-,-,0,0,1,0,0,0,0,0,0,-,-,NA,NA,LOS ANGELES,MANHATTAN BEACH,-118.39592742919922,33.876739501953125
9433216,2022,2022-08-29,1941,2022-07-07,0016,11137,NA,4,5,7,1941,0,0,0,NA,0,NA,PCH,7TH ST,0,NA,Y,A,-,Y,LA,7,1,-,-,1.973,I,5,N,Y,3,0,1,2,D,-,00,NA,NA,N,D,C,A,A,H,-,C,A,0,NA,NA,NA,NA,Y,NA,-,-,0,1,0,0,0,0,0,0,0,-,-,NA,NA,LOS ANGELES,LONG BEACH,-118.12265014648438,33.775352478027344