CASE_ID,ACCIDENT_YEAR,PROC_DATE,JURIS,COLLISION_DATE,COLLISION_TIME,OFFICER_ID,REPORTING_DISTRICT,DAY_OF_WEEK,CHP_SHIFT,POPULATION,CNTY_CITY_LOC,SPECIAL_COND,BEAT_TYPE,CHP_BEAT_TYPE,CITY_DIVISION_LAPD,CHP_BEAT_CLASS,BEAT_NUMBER,PRIMARY_RD,SECONDARY_RD,DISTANCE,DIRECTION,INTERSECTION,WEATHER_1,WEATHER_2,STATE_HWY_IND,CALTRANS_COUNTY,CALTRANS_DISTRICT,STATE_ROUTE,ROUTE_SUFFIX,POSTMILE_PREFIX,POSTMILE,LOCATION_TYPE,RAMP_INTERSECTION,SIDE_OF_HWY,TOW_AWAY,COLLISION_SEVERITY,NUMBER_KILLED,NUMBER_INJURED,PARTY_COUNT,PRIMARY_COLL_FACTOR,PCF_CODE_OF_VIOL,PCF_VIOL_CATEGORY,PCF_VIOLATION,PCF_VIOL_SUBSECTION,HIT_AND_RUN,TYPE_OF_COLLISION,MVIW,PED_ACTION,ROAD_SURFACE,ROAD_COND_1,ROAD_COND_2,LIGHTING,CONTROL_DEVICE,CHP_ROAD_TYPE,PEDESTRIAN_ACCIDENT,BICYCLE_ACCIDENT,MOTORCYCLE_ACCIDENT,TRUCK_ACCIDENT,NOT_PRIVATE_PROPERTY,ALCOHOL_INVOLVED,STWD_VEHTYPE_AT_FAULT,CHP_VEHTYPE_AT_FAULT,COUNT_SEVERE_INJ,COUNT_VISIBLE_INJ,COUNT_COMPLAINT_PAIN,COUNT_PED_KILLED,COUNT_PED_INJURED,COUNT_BICYCLIST_KILLED,COUNT_BICYCLIST_INJURED,COUNT_MC_KILLED,COUNT_MC_INJURED,PRIMARY_RAMP,SECONDARY_RAMP,LATITUDE,LONGITUDE,COUNTY,CITY,POINT_X,POINT_Y
94362942,2024,2024-09-09,9565,2024-08-10,1512,021706,NA,6,2,7,1942,0,1,1,NA,2,064,I-405 S/B (SAN DIEGO FREEWAY),BEL AIR CREST RD,800,S,N,A,-,Y,LA,NA,405,NA,NA,35.669,H,NA,L,N,3,0,3,2,A,-,03,22350,NA,N,C,C,A,A,H,-,A,D,0,NA,NA,NA,NA,Y,NA,A,01,0,3,0,0,0,0,0,0,0,-,-,34.10858154296875,-118.48037719726564,LOS ANGELES,LOS ANGELES,-118.4804458618164,34.10854721069336
94363164,2024,2024-08-21,9590,2024-08-09,1658,022690,NA,5,2,7,1942,0,1,1,NA,2,050,I-110 N/B (HARBOR FREEWAY),39TH ST,300,S,N,A,-,Y,LA,NA,110,NA,NA,19.576,H,NA,R,N,4,0,1,3,A,-,08,22107,NA,N,B,C,A,A,H,-,A,D,0,NA,NA,NA,NA,Y,NA,D,22,0,0,1,0,0,0,0,0,0,-,-,34.01216125488281,-118.28073120117188,LOS ANGELES,LOS ANGELES,-118.28089904785156,34.01216125488281
94363182,2024,2024-08-21,9525,2024-08-14,1124,023622,NA,3,1,9,1900,0,3,5,NA,2,001,81ST ST,CROESUS AVE,0,NA,Y,A,-,N,NA,NA,NA,NA,NA,NA,NA,NA,NA,Y,3,0,2,2,A,-,09,21801,A,N,A,C,A,A,H,-,A,B,0,NA,NA,NA,NA,Y,NA,A,07,0,2,0,0,0,0,0,0,0,-,-,33.96527862548828,-118.23383331298828,LOS ANGELES,UNINCORPORATED,-118.23381805419922,33.9651985168457
94363187,2024,2024-08-21,9525,2024-08-12,2110,021542,NA,1,2,9,1900,0,3,5,NA,2,003,MAPLEGROVE AVENUE,ECHELON AVENUE,0,NA,Y,A,-,N,NA,NA,NA,NA,NA,NA,NA,NA,NA,N,4,0,1,2,A,-,09,21800,C,N,D,C,A,A,H,-,C,A,0,NA,NA,NA,NA,Y,NA,-,-,0,0,1,0,0,0,0,0,0,-,-,34.044700622558594,-117.93437957763672,LOS ANGELES,UNINCORPORATED,-117.93437957763672,34.04467010498047
94363226,2024,2024-08-21,9580,2024-08-14,1545,021966,NA,3,2,7,1942,0,1,2,NA,2,104,US-101 S/B (VENTURA FREEWAY),RESEDA BLVD,2820,S,N,A,-,Y,LA,NA,101,NA,NA,20.724,H,NA,L,Y,4,0,1,2,A,-,03,22350,NA,N,C,C,A,A,H,-,A,D,0,NA,NA,NA,NA,Y,NA,A,01,0,0,1,0,0,0,0,0,0,-,-,34.17108154296875,-118.52703094482422,LOS ANGELES,LOS ANGELES,-118.52703094482422,34.17109680175781
94363232,2024,2024-08-21,9580,2024-08-15,1905,023749,NA,4,2,7,1942,0,1,3,NA,2,170,SR-170 N/B (HOLLYWOOD FWY.),I-5 NORTHBOUND,500,S,N,A,-,Y,LA,NA,5,NA,NA,36.739,H,NA,R,N,3,0,1,2,A,-,03,22350,NA,N,C,C,A,A,H,-,A,D,0,NA,NA,NA,NA,Y,NA,D,22,0,1,0,0,0,0,0,0,0,-,-,34.23746871948242,-118.41426849365234,LOS ANGELES,LOS ANGELES,-118.41442108154295,34.23735427856445
94363270,2024,2024-08-21,9565,2024-08-09,1930,023841,NA,5,2,9,1900,0,2,4,NA,1,041,HAWTHORNE BOULEVARD,106TH STREET,0,NA,Y,A,-,N,NA,NA,NA,NA,NA,NA,NA,NA,NA,N,3,0,1,2,A,-,05,21650,NA,N,H,C,A,A,H,-,B,A,0,NA,Y,NA,NA,Y,NA,M,91,0,1,0,0,0,0,1,0,0,-,-,33.94002914428711,-118.35250854492188,LOS ANGELES,UNINCORPORATED,-118.35271453857422,33.939971923828125
94363272,2024,2024-08-21,9550,2024-07-24,435,023172,NA,3,3,3,1964,0,1,1,NA,2,500,I-5 NORTHBOUND,FLORENCE,1700,S,N,A,-,Y,LA,NA,5,NA,NA,6.061,H,NA,R,Y,3,0,1,2,C,-,18,NA,NA,N,H,0,A,A,H,-,D,D,0,NA,NA,NA,NA,Y,NA,-,-,0,1,0,0,0,0,0,0,0,-,-,33.93138122558594,-118.08966827392578,LOS ANGELES,SANTA FE SPRINGS,-118.08978271484376,33.93132400512695
94363280,2024,2024-08-21,9525,2024-08-20,112,020632,NA,2,3,9,1900,0,1,1,NA,2,105,I-10 W/B (SAN BERNARDINO FWY),HOLT AVE.,1056,E,N,A,-,Y,LA,NA,10,NA,NA,39.173,H,NA,L,Y,3,0,1,1,A,-,08,22107,NA,N,E,I,A,A,H,-,C,D,0,NA,NA,NA,NA,Y,NA,A,01,0,1,0,0,0,0,0,0,0,-,-,34.06888961791992,-117.86171722412108,LOS ANGELES,UNINCORPORATED,-117.8616943359375,34.06892776489258
94363315,2024,2024-08-21,9545,2024-08-19,515,019816,NA,1,3,9,1900,0,2,4,NA,1,013,ELIZABETH LAKE RD,SAN FRANCISQUITO CANYON RD,3168,E,N,A,-,N,NA,NA,NA,NA,NA,NA,NA,NA,NA,N,4,0,1,2,A,-,08,22107,NA,N,D,C,A,A,H,-,D,D,0,NA,NA,NA,NA,Y,NA,D,22,0,0,1,0,0,0,0,0,0,-,-,34.644920349121094,-118.36673736572266,LOS ANGELES,UNINCORPORATED,-118.36766052246094,34.644962310791016
94363326,2024,2024-08-22,9545,2024-08-13,1818,022949,NA,2,2,9,1900,0,3,5,NA,2,003,MT. EMMA RD,EDISON RD,490,S,N,A,-,N,NA,NA,NA,NA,NA,NA,NA,NA,NA,Y,4,0,1,3,A,-,08,22107,NA,N,B,C,A,A,H,-,A,D,0,NA,NA,NA,NA,Y,NA,A,01,0,0,1,0,0,0,0,0,0,-,-,34.38600158691406,-118.064697265625,LOS ANGELES,UNINCORPORATED,NA,NA
94363327,2024,2024-08-21,9565,2024-08-09,1250,023925,NA,5,1,9,1900,0,3,5,NA,2,004,111TH STREET,FREEMAN AVENUE,0,NA,Y,A,-,N,NA,NA,NA,NA,NA,NA,NA,NA,NA,N,4,0,2,2,A,-,12,22450,A,N,D,C,A,A,H,-,A,A,0,NA,NA,NA,NA,Y,NA,A,01,0,0,2,0,0,0,0,0,0,-,-,33.9345703125,-118.34828186035156,LOS ANGELES,UNINCORPORATED,-118.34828186035156,33.93456268310547
94363380,2024,2024-08-21,9525,2024-08-20,645,017506,NA,2,1,5,1926,0,1,1,NA,2,205,I-210 W/B (FOOTHILL FWY),LONE HILL AVE.,200,W,N,A,-,Y,LA,NA,210,NA,R,44.13,H,NA,L,N,4,0,1,2,A,-,03,22350,NA,N,C,C,A,A,H,-,A,D,0,NA,NA,NA,NA,Y,NA,A,01,0,0,1,0,0,0,0,0,0,-,-,34.12118911743164,-117.83049774169922,LOS ANGELES,GLENDORA,-117.83049774169922,34.121185302734375
94363421,2024,2024-08-21,9565,2024-08-12,1710,022728,NA,1,2,7,1942,0,1,1,NA,2,060,I-405 S/B (SAN DIEGO FREEWAY),I-105 (CENTURY FREEWAY),0,NA,Y,A,-,Y,LA,NA,405,NA,R,21.176,H,NA,L,Y,3,0,1,3,C,-,18,NA,NA,N,C,C,A,A,H,-,A,D,0,NA,NA,NA,NA,Y,NA,-,-,0,1,0,0,0,0,0,0,0,-,-,33.930049896240234,-118.36852264404295,LOS ANGELES,LOS ANGELES,-118.36854553222656,33.930049896240234
94363450,2024,2024-08-21,9530,2024-08-12,1740,022122,NA,1,2,9,1900,0,3,5,NA,2,006,VERMONT AVE (22800 BLOCK),SEPULVEDA BLVD,5,N,N,A,-,N,NA,NA,NA,NA,NA,NA,NA,NA,NA,N,4,0,1,2,D,-,00,NA,NA,N,G,B,B,A,H,-,A,A,0,Y,NA,NA,NA,Y,NA,-,-,0,0,1,0,1,0,0,0,0,-,-,33.81039810180664,-118.29051208496094,LOS ANGELES,UNINCORPORATED,-118.29041290283205,33.81010437011719
94363461,2024,2024-08-21,9550,2024-08-12,853,019808,NA,1,1,3,1964,0,1,1,NA,2,650,I-605 SOUTHBOUND,TELEGRAPH ROAD,1100,S,N,A,-,Y,LA,NA,605,NA,R,10.046,H,NA,L,N,3,0,1,2,A,-,03,22350,NA,N,C,C,A,A,H,-,A,D,0,NA,NA,NA,NA,Y,NA,D,22,0,1,0,0,0,0,0,0,0,-,-,33.94697952270508,-118.09378051757813,LOS ANGELES,SANTA FE SPRINGS,-118.0937042236328,33.94694900512695
94363480,2024,2024-08-21,9530,2024-08-13,520,023652,NA,2,3,9,1900,0,3,5,NA,2,001,FIRESTONE BLVD.,COMPTON BLVD.,0,NA,Y,A,-,Y,NA,NA,NA,NA,NA,NA,NA,NA,NA,N,4,0,1,2,A,-,12,21453,A,N,D,C,A,A,H,-,C,A,0,NA,NA,NA,NA,Y,NA,A,08,0,0,1,0,0,0,0,0,0,-,-,33.96009826660156,-118.24742126464844,LOS ANGELES,UNINCORPORATED,-118.24745178222656,33.96015167236328
94363537,2024,2024-08-21,9530,2024-08-13,823,021123,NA,2,1,9,1900,0,3,5,NA,2,001,CROCKETT BLVD. (8200 BLOCK),83RD ST.,242,N,N,A,-,N,NA,NA,NA,NA,NA,NA,NA,NA,NA,N,4,0,1,2,A,-,21,22106,NA,N,D,C,A,A,H,-,A,D,0,NA,NA,NA,NA,Y,NA,D,22,0,0,1,0,0,0,0,0,0,-,-,33.96372985839844,-118.23690795898438,LOS ANGELES,UNINCORPORATED,-118.23693084716795,33.96366500854492
94363575,2024,2024-08-21,9535,2024-08-13,845,023962,NA,2,1,9,1900,0,2,4,NA,2,018,BEVERLY BLVD,GERHART AVE,0,NA,Y,A,-,N,NA,NA,NA,NA,NA,NA,NA,NA,NA,N,4,0,2,2,A,-,09,21801,A,N,D,C,A,A,H,-,A,A,0,NA,NA,NA,NA,Y,NA,A,07,0,0,2,0,0,0,0,0,0,-,-,34.026390075683594,-118.14404296875,LOS ANGELES,UNINCORPORATED,-118.14414215087892,34.02651596069336
9436358,2022,2022-05-12,1900,2022-04-08,1240,641584,1348,5,5,3,1903,0,0,0,NA,0,134A,ALBURTIS AV,183RD ST,0,NA,Y,A,-,N,NA,NA,NA,NA,NA,NA,NA,NA,NA,Y,4,0,1,2,A,-,03,22350,NA,N,D,E,A,A,H,-,A,D,0,NA,NA,NA,Y,Y,NA,F,26,0,0,1,0,0,0,0,0,0,-,-,NA,NA,LOS ANGELES,ARTESIA,-118.08440399169922,33.8657112121582
9436359,2022,2022-05-11,1900,2022-02-24,1650,487219,1362,4,5,5,1952,0,0,0,NA,0,136A,SOMERSET RANCH RD,MERKEL AV,0,NA,Y,A,-,N,NA,NA,NA,NA,NA,NA,NA,NA,NA,Y,3,0,1,2,A,-,12,21453,A,N,A,C,A,A,H,-,A,A,0,NA,NA,NA,NA,Y,NA,A,01,0,1,0,0,0,0,0,0,0,-,-,NA,NA,LOS ANGELES,PARAMOUNT,-118.1552505493164,33.9117317199707
94363631,2024,2024-08-21,9530,2024-08-13,1006,023622,NA,2,1,5,1977,0,1,3,NA,2,310,SR-91 W/B (ARTESIA FREEWAY),CENTRAL AVE,516,W,N,A,-,Y,LA,NA,91,NA,R,8.33,H,NA,L,N,4,0,1,3,A,-,03,22350,NA,M,C,C,A,A,H,-,A,D,0,NA,NA,NA,NA,Y,NA,-,99,0,0,1,0,0,0,0,0,0,-,-,33.873619079589844,-118.2505111694336,LOS ANGELES,CARSON,-118.2505111694336,33.87363052368164
94363680,2024,2024-08-21,9530,2024-08-13,1600,023824,NA,2,2,7,1941,0,1,1,NA,2,072,I-710 N/B (LONG BEACH FREEWAY),WARDLOW RD.,300,S,N,A,-,Y,LA,NA,710,NA,NA,9.006,H,NA,R,N,4,0,2,2,A,-,03,22350,NA,N,C,C,A,A,H,-,A,D,0,NA,NA,NA,NA,Y,NA,A,01,0,0,2,0,0,0,0,0,0,-,-,33.820560455322266,-118.2069091796875,LOS ANGELES,LONG BEACH,-118.20687866210938,33.820560455322266
9436372,2022,2022-05-06,1900,2022-03-25,1810,648315,1335,5,5,5,1908,0,0,0,NA,0,133A,CLARK AV,CEDAR ST,0,NA,Y,A,-,N,NA,NA,NA,NA,NA,NA,NA,NA,NA,Y,4,0,1,2,A,-,09,21801,A,N,A,C,A,A,H,-,A,A,0,NA,NA,NA,NA,Y,NA,A,01,0,0,1,0,0,0,0,0,0,-,-,33.871150970458984,-118.13343048095705,LOS ANGELES,BELLFLOWER,-118.13388824462892,33.87113952636719
94363729,2024,2024-08-21,9550,2024-08-08,540,023920,NA,4,3,3,1964,0,1,1,NA,2,500,I-5 S/B,FLORENCE AVENUE,1056,N,N,A,-,Y,LA,NA,5,NA,NA,6.614,H,NA,L,Y,3,0,2,3,A,-,03,22350,NA,N,C,C,A,A,H,-,B,D,0,NA,NA,NA,NA,Y,NA,D,22,0,2,0,0,0,0,0,0,0,-,-,33.938209533691406,-118.09468841552734,LOS ANGELES,SANTA FE SPRINGS,-118.0947494506836,33.93818283081055
9436374,2022,2022-05-05,1900,2022-03-23,2231,625511,04551,3,5,6,1949,0,0,0,NA,0,45T1,STUDEBAKER RD,DUNE ST,351,N,N,A,-,N,NA,NA,NA,NA,NA,NA,NA,NA,NA,Y,4,0,2,4,A,-,09,21804,A,N,B,C,A,A,H,-,C,D,0,NA,NA,NA,NA,Y,NA,A,01,0,0,2,0,0,0,0,0,0,-,-,NA,NA,LOS ANGELES,NORWALK,-118.0993194580078,33.92470169067383
94363761,2023,2024-08-21,9565,2023-09-25,2045,022857,NA,1,2,9,1900,0,2,4,NA,2,021,S/B VERMONT AVE,111TH ST,100,S,N,A,-,N,NA,NA,NA,NA,NA,NA,NA,NA,NA,Y,2,0,1,4,A,-,08,22107,NA,N,C,E,A,A,H,-,C,D,0,NA,NA,NA,NA,Y,NA,A,01,1,0,0,0,0,0,0,0,0,-,-,33.933998107910156,-118.29196166992188,LOS ANGELES,UNINCORPORATED,-118.29193878173828,33.934295654296875
94363770,2024,2024-08-21,9590,2024-05-25,1314,021926,NA,6,1,7,1942,0,1,1,NA,2,050,I-110 NORTHBOUND (HARBOR FREEWAY),70TH STREET,180,N,N,A,-,Y,LA,NA,110,NA,NA,17.213,H,NA,R,N,4,0,1,7,A,-,08,22107,NA,N,B,C,A,A,H,-,A,D,0,NA,NA,NA,NA,Y,NA,D,22,0,0,1,0,0,0,0,0,0,-,-,33.977840423583984,-118.28074645996094,LOS ANGELES,LOS ANGELES,-118.2807159423828,33.977840423583984
9436378,2021,2022-05-09,1900,2021-12-06,1610,643702,1351,1,5,3,1903,0,0,0,NA,0,134,ARTESIA BL,ROSETON AV,5,W,N,A,-,N,NA,NA,NA,NA,NA,NA,NA,NA,NA,N,4,0,1,3,A,-,03,22350,NA,M,C,C,A,A,H,-,B,D,0,NA,NA,NA,NA,Y,NA,D,22,0,0,1,0,0,0,0,0,0,-,-,NA,NA,LOS ANGELES,ARTESIA,-118.08719635009766,33.87295150756836
94363788,2024,2024-08-21,9530,2024-08-14,2130,022380,NA,3,2,7,1942,0,3,5,NA,2,001,FLORENCE AVE.,ALAMEDA ST,0,NA,Y,A,-,N,NA,NA,NA,NA,NA,NA,NA,NA,NA,N,4,0,1,2,A,-,08,22107,NA,N,A,C,A,A,H,-,C,A,0,NA,NA,NA,NA,Y,NA,A,07,0,0,1,0,0,0,0,0,0,-,-,33.97462844848633,-118.23478698730467,LOS ANGELES,LOS ANGELES,-118.23471069335938,33.9747314453125
94363796,2024,2024-08-21,9530,2024-08-14,825,023643,NA,3,1,9,1900,0,3,5,NA,2,006,223RD ST.,I-110 S/B (HARBOR FREEWAY),150,W,N,A,-,N,NA,NA,NA,NA,NA,NA,NA,NA,NA,N,4,0,1,2,A,-,21,22106,NA,N,C,C,A,A,H,-,A,A,0,NA,NA,NA,NA,Y,NA,A,01,0,0,1,0,0,0,0,0,0,-,-,33.82440948486328,-118.28809356689452,LOS ANGELES,UNINCORPORATED,-118.28774261474608,33.8244514465332
94363814,2024,2024-08-21,9530,2024-08-13,1810,023797,NA,2,2,7,1941,0,1,1,NA,2,420,I-405 N/B (SAN DIEGO FREEWAY) FROM SANTA FE AVE.,SANTA FE AVE.,345,S,N,A,-,Y,NA,NA,NA,NA,NA,NA,NA,NA,NA,N,4,0,2,2,A,-,03,22350,NA,N,C,C,A,A,H,-,A,A,0,NA,NA,NA,NA,Y,NA,A,07,0,0,2,0,0,0,0,0,0,-,-,33.82603073120117,-118.21452331542967,LOS ANGELES,LONG BEACH,-118.21605682373048,33.825469970703125
94363817,2024,2024-08-21,9535,2024-08-14,930,022105,NA,3,1,5,1901,0,1,1,NA,2,421,I-10 W/B,ATLANTIC BLVD.,800,W,N,A,-,Y,LA,NA,10,NA,NA,23.17,H,NA,L,N,4,0,1,2,A,-,07,21658,A,N,C,C,A,A,H,-,A,D,0,NA,NA,NA,NA,Y,NA,A,01,0,0,1,0,0,0,0,0,0,-,-,34.07160949707031,-118.13729095458984,LOS ANGELES,ALHAMBRA,-118.13729095458984,34.07163619995117
9436382,2022,2022-05-10,1900,2022-04-04,1738,487219,1324,1,5,5,1935,0,0,0,NA,0,132T1,WOODRUFF AV,CARSON ST,20,N,N,A,-,N,NA,NA,NA,NA,NA,NA,NA,NA,NA,Y,4,0,2,3,A,-,01,23152,A,N,C,C,A,-,H,-,A,A,0,NA,NA,NA,NA,Y,Y,D,22,0,0,2,0,0,0,0,0,0,-,-,NA,NA,LOS ANGELES,LAKEWOOD,-118.11653900146484,33.8323860168457
9436383,2022,2022-05-17,1900,2022-03-28,1320,647537,1361,1,5,5,1952,0,0,0,NA,0,136A,GARFIELD AV,RT 105,0,NA,Y,A,-,Y,LA,7,10,-,-,23.952,R,4,E,Y,3,0,2,3,A,-,12,21453,A,N,D,C,A,B,H,-,A,A,0,NA,NA,NA,NA,Y,NA,D,22,0,2,0,0,0,0,0,0,0,-,FR,NA,NA,LOS ANGELES,PARAMOUNT,-118.12364196777344,34.07144546508789
94363831,2024,2024-08-21,9530,2024-08-14,1055,020080,NA,3,1,7,1941,0,1,1,NA,2,420,I-405 N/B (SAN DIEGO FREEWAY),PACIFIC PL.,10,S,N,A,-,Y,LA,NA,405,NA,NA,7.051,H,NA,R,N,4,0,1,2,A,-,03,22350,NA,N,C,C,A,A,H,-,A,D,0,NA,NA,NA,NA,Y,NA,D,22,0,0,1,0,0,0,0,0,0,-,-,33.82341003417969,-118.19886016845705,LOS ANGELES,LONG BEACH,-118.19887542724608,33.823387145996094
9436384,2022,2022-05-05,1900,2022-03-20,1750,613235,1331,7,5,5,1908,0,0,0,NA,0,133T1,ROSECRANS AV,MCNAB AV,10,W,N,A,-,N,NA,NA,NA,NA,NA,NA,NA,NA,NA,Y,3,0,2,2,A,-,03,22350,NA,N,C,C,A,A,H,-,A,A,0,NA,NA,NA,NA,Y,NA,D,22,0,1,1,0,0,0,0,0,0,-,-,NA,NA,LOS ANGELES,BELLFLOWER,-118.11312103271484,33.90203857421875
94363842,2024,2024-08-22,9530,2024-08-14,1640,022454,NA,3,2,9,1900,0,3,5,NA,2,001,HOOPER AVE.,58TH PL.,0,NA,Y,A,-,N,NA,NA,NA,NA,NA,NA,NA,NA,NA,Y,3,0,1,2,A,-,03,22350,NA,N,D,C,A,A,D,-,A,A,0,NA,NA,NA,NA,Y,NA,A,07,0,1,0,0,0,0,0,0,0,-,-,33.98862075805664,-118.25212097167967,LOS ANGELES,UNINCORPORATED,-118.25212097167967,33.98859786987305
94363849,2024,2024-08-21,9535,2024-08-14,745,023962,NA,3,1,9,1900,0,2,4,NA,2,024,WHITTIER BLVD.,CLELA AVE,10,E,N,A,-,N,NA,NA,NA,NA,NA,NA,NA,NA,NA,N,4,0,1,2,A,-,03,22350,NA,N,C,C,A,A,H,-,A,A,0,NA,NA,NA,NA,Y,NA,A,08,0,0,1,0,0,0,0,0,0,-,-,34.0211296081543,-118.16065216064452,LOS ANGELES,UNINCORPORATED,-118.16067504882813,34.02113342285156
94363869,2024,2024-08-21,9535,2024-08-14,930,021371,NA,3,1,6,1922,0,1,1,NA,2,401,I-10 W/B TO SANTA ANITA AVE,SANTA ANITA AVE,400,E,N,A,-,Y,LA,NA,10,NA,NA,28.769,H,NA,L,N,4,0,1,2,A,-,03,22350,NA,N,C,C,A,A,H,-,A,D,0,NA,NA,NA,NA,Y,NA,A,01,0,0,1,0,0,0,0,0,0,-,-,34.06884002685547,-118.04065704345705,LOS ANGELES,EL MONTE,-118.04068756103516,34.068660736083984
94363899,2024,2024-08-21,9575,2024-08-10,1413,023236,NA,6,2,6,1953,0,1,1,NA,2,063,I-210 E/B (FOOTHILL FREEWAY),HAMMOND STREET,491,W,N,A,-,Y,LA,NA,210,NA,R,23.711,H,NA,R,Y,4,0,1,3,A,-,03,22350,NA,N,C,2,A,A,H,-,A,D,0,NA,NA,NA,NA,Y,NA,A,01,0,0,1,0,0,0,0,0,0,-,-,34.167381286621094,-118.15817260742188,LOS ANGELES,PASADENA,-118.15812683105467,34.16737747192383
9436390,2022,2022-05-06,1900,2022-03-22,1300,521039,0466,2,5,4,1936,0,0,0,NA,0,46K3,VALLEY VIEW AV,FIRESTONE BL,0,NA,Y,A,-,N,NA,NA,NA,NA,NA,NA,NA,NA,NA,Y,4,0,1,3,A,-,09,21801,A,N,D,C,A,A,H,-,A,A,0,NA,NA,NA,NA,Y,NA,A,01,0,0,1,0,0,0,0,0,0,-,-,NA,NA,LOS ANGELES,LA MIRADA,-118.02899169921876,33.883235931396484
94363905,2024,2024-08-21,9535,2024-08-14,950,023941,NA,3,1,6,1922,0,1,3,NA,2,620,SR-60 (POMONA FREEWAY) E/B,PECK RD,400,W,N,A,-,Y,NA,NA,NA,NA,NA,NA,NA,NA,NA,N,3,0,1,1,A,-,08,22107,NA,N,E,J,A,A,H,-,A,D,0,NA,NA,NA,NA,Y,NA,A,07,0,1,0,0,0,0,0,0,0,-,-,34.037200927734375,-118.03988647460938,LOS ANGELES,EL MONTE,-118.03867340087892,34.03736114501953
94363947,2024,2024-08-21,9530,2024-08-14,1120,023824,NA,3,1,9,1900,0,3,5,NA,2,004,VICTORIA ST. (2500 BLOCK),LAUREL PARK RD.,250,W,N,A,-,N,NA,NA,NA,NA,NA,NA,NA,NA,NA,N,3,0,3,2,A,-,08,22107,NA,N,C,C,A,A,H,-,A,D,0,NA,NA,NA,NA,Y,NA,A,01,0,1,2,0,0,0,0,0,0,-,-,33.864479064941406,-118.22068786621094,LOS ANGELES,UNINCORPORATED,-118.22055816650392,33.86440658569336
9436396,2021,2022-05-09,1900,2021-12-10,1730,643794,1327,5,5,5,1935,0,0,0,NA,0,135A,PIONEER BL,CENTRALIA ST,0,NA,Y,A,-,N,NA,NA,NA,NA,NA,NA,NA,NA,NA,Y,4,0,2,2,A,-,09,21801,A,N,D,C,A,A,H,-,C,A,0,NA,NA,NA,NA,Y,NA,D,22,0,0,2,0,0,0,0,0,0,-,-,NA,NA,LOS ANGELES,LAKEWOOD,-118.08197021484376,33.838714599609375
94363975,2024,2024-08-21,9575,2024-08-09,1710,023031,NA,5,2,6,1912,0,1,1,NA,2,051,I-5 S/B (GOLDEN STATE FREEWAY),VERDUGO AVE.,230,S,N,A,-,Y,LA,NA,5,NA,NA,28.885,H,NA,L,N,4,0,1,2,A,-,03,22350,NA,M,C,C,A,A,H,-,A,D,0,NA,NA,NA,NA,Y,NA,-,99,0,0,1,0,0,0,0,0,0,-,-,34.176029205322266,-118.30748748779295,LOS ANGELES,BURBANK,-118.30754089355467,34.17601013183594
94363991,2024,2024-08-21,9545,2024-08-14,1530,023856,NA,3,2,9,1900,0,3,5,NA,2,003,SOLEDAD CANYON RD,ALISO CANYON RD,50,N,N,A,-,N,NA,NA,NA,NA,NA,NA,NA,NA,NA,N,4,0,1,3,A,-,03,22350,NA,N,C,C,A,A,H,-,A,D,0,NA,NA,NA,NA,Y,NA,A,07,0,0,1,0,0,0,0,0,0,-,-,34.475608825683594,-118.17125701904295,LOS ANGELES,UNINCORPORATED,-118.1711654663086,34.47566604614258
9436400,2021,2022-05-09,1900,2021-11-09,1945,643794,1352,2,5,3,1927,0,0,0,NA,0,135A,NORWALK BL,CIVIC CENTER DR,0,NA,Y,A,-,N,NA,NA,NA,NA,NA,NA,NA,NA,NA,N,3,0,2,2,A,-,03,22350,NA,N,D,C,A,A,H,-,C,A,0,NA,NA,Y,NA,Y,Y,C,03,0,1,1,0,0,0,0,0,1,-,-,NA,NA,LOS ANGELES,HAWAIIAN GARDENS,-118.07202911376952,33.829551696777344
94364006,2024,2024-08-21,9525,2024-08-15,724,018357,NA,4,1,6,1955,0,1,1,NA,2,107,I-10 W/B TO SR-57,FAIRPLEX DR.,2640,W,N,A,-,Y,LA,NA,10,NA,NA,42.991,H,NA,L,N,4,0,2,4,A,-,07,21658,A,N,C,C,A,B,H,-,A,D,0,NA,NA,NA,NA,Y,NA,A,01,0,0,2,0,0,0,0,0,0,-,-,34.06932830810547,-117.7983627319336,LOS ANGELES,POMONA,-117.7982177734375,34.06911087036133
94364036,2024,2024-08-21,9550,2024-08-14,220,023053,NA,3,3,3,1964,0,1,1,NA,2,500,INTERSTATE 5 NORTHBOUND,INTERSTATE 605,739,N,N,A,-,Y,LA,NA,5,NA,NA,7.019,H,NA,R,Y,3,0,1,1,A,-,08,22107,NA,N,F,A,A,A,H,-,C,D,0,NA,NA,Y,NA,Y,NA,C,02,0,1,0,0,0,0,0,0,1,-,-,33.94353103637695,-118.0979232788086,LOS ANGELES,SANTA FE SPRINGS,-118.09805297851564,33.94346618652344