CASE_ID,ACCIDENT_YEAR,PROC_DATE,JURIS,COLLISION_DATE,COLLISION_TIME,OFFICER_ID,REPORTING_DISTRICT,DAY_OF_WEEK,CHP_SHIFT,POPULATION,CNTY_CITY_LOC,SPECIAL_COND,BEAT_TYPE,CHP_BEAT_TYPE,CITY_DIVISION_LAPD,CHP_BEAT_CLASS,BEAT_NUMBER,PRIMARY_RD,SECONDARY_RD,DISTANCE,DIRECTION,INTERSECTION,WEATHER_1,WEATHER_2,STATE_HWY_IND,CALTRANS_COUNTY,CALTRANS_DISTRICT,STATE_ROUTE,ROUTE_SUFFIX,POSTMILE_PREFIX,POSTMILE,LOCATION_TYPE,RAMP_INTERSECTION,SIDE_OF_HWY,TOW_AWAY,COLLISION_SEVERITY,NUMBER_KILLED,NUMBER_INJURED,PARTY_COUNT,PRIMARY_COLL_FACTOR,PCF_CODE_OF_VIOL,PCF_VIOL_CATEGORY,PCF_VIOLATION,PCF_VIOL_SUBSECTION,HIT_AND_RUN,TYPE_OF_COLLISION,MVIW,PED_ACTION,ROAD_SURFACE,ROAD_COND_1,ROAD_COND_2,LIGHTING,CONTROL_DEVICE,CHP_ROAD_TYPE,PEDESTRIAN_ACCIDENT,BICYCLE_ACCIDENT,MOTORCYCLE_ACCIDENT,TRUCK_ACCIDENT,NOT_PRIVATE_PROPERTY,ALCOHOL_INVOLVED,STWD_VEHTYPE_AT_FAULT,CHP_VEHTYPE_AT_FAULT,COUNT_SEVERE_INJ,COUNT_VISIBLE_INJ,COUNT_COMPLAINT_PAIN,COUNT_PED_KILLED,COUNT_PED_INJURED,COUNT_BICYCLIST_KILLED,COUNT_BICYCLIST_INJURED,COUNT_MC_KILLED,COUNT_MC_INJURED,PRIMARY_RAMP,SECONDARY_RAMP,LATITUDE,LONGITUDE,COUNTY,CITY,POINT_X,POINT_Y
94376058,2024,2024-08-30,9565,2024-08-18,740,023626,NA,7,1,9,1900,0,1,1,NA,2,060,I-405 N/B,EL SEGUNDO BLVD,500,N,N,A,-,Y,LA,NA,405,NA,NA,20.427,H,NA,R,N,4,0,1,2,A,-,03,22350,NA,F,C,C,A,A,H,-,A,D,0,NA,NA,NA,NA,Y,NA,-,99,0,0,1,0,0,0,0,0,0,-,-,33.9193115234375,-118.36949157714844,LOS ANGELES,UNINCORPORATED,-118.36947631835938,33.919307708740234
9437606,2022,2022-05-10,1955,2022-03-19,1309,42686,0084,6,5,6,1955,0,0,0,NA,0,004,GAREY AV,COUNTY RD,120,S,N,A,-,N,NA,NA,NA,NA,NA,NA,NA,NA,NA,N,3,0,1,2,A,-,06,21750,NA,N,D,C,A,A,H,-,A,A,0,NA,NA,Y,NA,Y,NA,C,02,0,1,0,0,0,0,0,0,1,-,-,34.02595901489258,-117.7490234375,LOS ANGELES,POMONA,-117.7490463256836,34.02572250366211
94376409,2024,2024-08-30,9530,2024-08-10,1700,023188,NA,6,2,9,1900,0,3,5,NA,2,002,ROSECRANS AVE.,AVALON BLVD,0,NA,Y,A,-,N,NA,NA,NA,NA,NA,NA,NA,NA,NA,Y,3,0,1,3,A,-,12,21453,A,N,D,C,A,A,H,-,A,A,0,NA,NA,Y,NA,Y,NA,A,07,0,1,0,0,0,0,0,0,1,-,-,33.90216827392578,-118.26532745361328,LOS ANGELES,UNINCORPORATED,-118.26528167724608,33.902137756347656
94376416,2024,2024-08-30,9525,2024-08-21,1635,022097,NA,3,2,6,1955,0,1,1,NA,2,108,I-10 E/B (SAN BERNARDINO FWY),SR-57 FREEWAY,1090,E,N,A,-,Y,LA,NA,10,NA,NA,42.901,H,NA,R,Y,2,0,4,5,A,-,01,23152,A,F,C,C,A,A,H,-,A,D,0,NA,NA,NA,NA,Y,Y,A,01,1,2,1,0,0,0,0,0,0,-,-,34.06850814819336,-117.79939270019533,LOS ANGELES,POMONA,-117.79931640625,34.068397521972656
94376442,2024,2024-08-30,9545,2024-08-25,1127,023263,NA,7,1,9,1900,0,3,5,NA,2,003,ANGELES FOREST HWY,12.76,276,S,N,A,-,N,NA,NA,NA,NA,NA,NA,NA,NA,NA,N,3,0,1,1,A,-,03,22350,NA,N,F,A,A,A,H,-,A,D,0,NA,NA,Y,NA,Y,NA,-,-,0,1,0,0,0,0,0,0,1,-,-,34.373069763183594,-118.1017608642578,LOS ANGELES,UNINCORPORATED,-118.25886535644533,34.036312103271484
9437645,2021,2022-05-09,1900,2021-07-15,0100,641950,0977,4,5,4,1979,0,0,0,NA,0,93T1,LA CIENEGA BL,HOLLOWAY DR,20,S,N,A,-,N,NA,NA,NA,NA,NA,NA,NA,NA,NA,N,4,0,1,2,A,-,03,22350,NA,M,C,C,A,A,H,-,C,D,0,NA,NA,NA,NA,Y,NA,A,01,0,0,1,0,0,0,0,0,0,-,-,34.09062957763672,-118.37629699707033,LOS ANGELES,WEST HOLLYWOOD,-118.37629699707033,34.09059524536133
94376459,2024,2024-08-30,9540,2024-08-23,1410,023229,NA,5,2,7,1942,0,1,1,NA,2,550,I-5 N/B,ROXFORD ST,1425,N,N,A,-,Y,LA,NA,5,NA,NA,42.934,H,NA,R,Y,4,0,1,3,A,-,03,22350,NA,N,C,C,A,A,H,-,A,D,0,NA,NA,NA,NA,Y,NA,A,01,0,0,1,0,0,0,0,0,0,-,-,34.30643844604492,-118.48258972167967,LOS ANGELES,LOS ANGELES,-118.48252868652344,34.306480407714844
9437646,2022,2022-05-17,1941,2022-04-20,1730,11135,NA,3,5,7,1941,0,0,0,NA,0,NA,PALOS VERDES,CARSON ST,0,NA,Y,A,-,N,NA,NA,NA,NA,NA,NA,NA,NA,NA,Y,3,0,4,2,A,-,09,21453,B,N,D,C,A,A,H,-,A,A,0,NA,NA,NA,NA,Y,NA,A,NA,0,2,2,0,0,0,0,0,0,-,-,NA,NA,LOS ANGELES,LONG BEACH,-118.10779571533205,33.832313537597656
94376469,2024,2024-08-30,9540,2024-08-24,30,022923,NA,6,3,9,1900,0,1,1,NA,2,512,I-5 NORTHBOUND,SMOKEY BEAR ROAD,6811,N,N,A,-,Y,LA,NA,5,NA,R,79.284,H,NA,R,Y,3,0,1,1,A,-,08,22107,NA,N,E,8,A,A,H,-,D,D,0,NA,NA,NA,NA,Y,NA,A,01,0,1,0,0,0,0,0,0,0,-,-,34.726741790771484,-118.79885864257813,LOS ANGELES,UNINCORPORATED,-118.79896545410156,34.72674560546875
9437649,2022,2022-05-17,1942,2022-04-30,2255,43432,1842,6,5,7,1942,0,0,0,R,0,25T33W,IMPERIAL HWY,BROADWAY,25,W,N,A,-,N,NA,NA,NA,NA,NA,NA,NA,NA,NA,N,4,0,1,2,A,-,03,22350,NA,F,C,C,A,A,H,-,C,A,0,NA,NA,NA,NA,Y,NA,-,99,0,0,1,0,0,0,0,0,0,-,-,NA,NA,LOS ANGELES,LOS ANGELES,-118.2785415649414,33.93101119995117
94376492,2024,2024-08-30,9575,2024-08-23,1815,023413,NA,5,2,7,1942,0,1,1,NA,2,053,I-5 N/B (GOLDEN STATE FREEWAY),VAN NUYS BLVD,408,N,N,A,-,Y,LA,NA,5,NA,NA,38.604,H,NA,R,N,4,0,3,2,A,-,03,22350,NA,N,C,C,A,A,H,-,C,D,0,NA,NA,NA,NA,Y,NA,A,08,0,0,3,0,0,0,0,0,0,-,-,34.25774002075195,-118.43589019775392,LOS ANGELES,LOS ANGELES,-118.43597412109376,34.2576789855957
9437650,2022,2022-05-16,1942,2022-04-17,2000,43620,1259,7,5,7,1942,0,0,0,L,0,12A3W3,AVALON BL,76TH ST,50,N,-,A,-,N,NA,NA,NA,NA,NA,NA,NA,NA,NA,Y,4,0,2,2,A,-,03,22350,NA,M,C,C,A,A,H,-,C,A,0,NA,NA,NA,NA,Y,NA,A,01,0,0,2,0,0,0,0,0,0,-,-,NA,NA,LOS ANGELES,LOS ANGELES,-118.2651824951172,33.97129821777344
9437651,2022,2022-05-16,1942,2022-04-25,1350,42758,1249,1,5,7,1942,0,0,0,L,0,12A69W,FLORENCE AV,DENVER AV,0,NA,Y,A,-,N,NA,NA,NA,NA,NA,NA,NA,NA,NA,Y,4,0,1,2,A,-,12,22450,A,N,D,C,A,A,-,-,A,A,0,NA,NA,NA,NA,Y,NA,A,01,0,0,1,0,0,0,0,0,0,-,-,NA,NA,LOS ANGELES,LOS ANGELES,-118.28380584716795,33.97465896606445
9437652,2022,2022-05-16,1942,2022-04-30,1525,39028,1209,6,5,7,1942,0,0,0,L,0,MQ55,FLOWER ST,47TH ST,0,NA,Y,A,-,N,NA,NA,NA,NA,NA,NA,NA,NA,NA,Y,4,0,1,2,A,-,12,22450,A,F,D,C,A,-,H,-,A,A,0,NA,NA,NA,NA,Y,NA,A,07,0,0,1,0,0,0,0,0,0,-,-,NA,NA,LOS ANGELES,LOS ANGELES,-118.28150939941406,34.00102615356445
94376528,2024,2024-09-02,9530,2024-08-09,130,020726,NA,5,3,7,1941,0,1,1,NA,2,071,I-710 SOUTHBOUND,LONG BEACH BLVD.,500,N,N,A,-,Y,LA,NA,710,NA,NA,12.241,H,NA,L,Y,3,0,1,1,A,-,01,23152,A,N,E,I,A,A,H,-,C,D,0,NA,NA,NA,NA,Y,Y,A,01,0,1,0,0,0,0,0,0,0,-,-,33.86568069458008,-118.19764709472656,LOS ANGELES,LONG BEACH,-118.19754791259766,33.865638732910156
9437653,2022,2022-05-16,1942,2022-04-22,2200,43411,1208,5,5,7,1942,0,0,0,L,0,12A15W,50TH ST,FIGUEROA,220,W,N,A,-,N,NA,NA,NA,NA,NA,NA,NA,NA,NA,Y,4,0,2,6,A,-,03,22350,NA,F,A,C,A,A,-,-,D,D,0,NA,NA,NA,NA,Y,NA,A,01,0,0,2,0,0,0,0,0,0,-,-,NA,NA,LOS ANGELES,LOS ANGELES,-118.28343200683594,33.99739074707031
9437654,2022,2022-05-16,1942,2022-04-30,1530,39028,1209,6,5,7,1942,0,0,0,L,0,MQ55,FLOWER ST,49TH ST,0,NA,Y,A,-,N,NA,NA,NA,NA,NA,NA,NA,NA,NA,Y,4,0,1,2,A,-,12,22450,A,F,D,C,A,A,H,-,A,A,0,NA,NA,NA,NA,Y,NA,A,07,0,0,1,0,0,0,0,0,0,-,-,NA,NA,LOS ANGELES,LOS ANGELES,-118.28134918212892,33.9983024597168
94376564,2024,2024-08-30,9580,2024-08-21,1054,023918,NA,3,1,7,1942,0,1,2,NA,2,103,US-101 S/B (VENTURA FREEWAY),BALBOA BLVD,500,N,N,A,-,Y,LA,NA,101,NA,NA,19.569,H,NA,L,N,3,0,1,2,A,-,03,22350,NA,N,C,C,A,A,H,-,A,D,0,NA,NA,NA,Y,Y,NA,A,01,0,1,0,0,0,0,0,0,0,-,-,34.17115020751953,-118.50691986083984,LOS ANGELES,LOS ANGELES,-118.50691986083984,34.17108917236328
94376630,2024,2024-08-30,9550,2024-08-18,2005,022952,NA,7,2,9,1900,0,2,4,NA,1,031,HACIENDA BLVD,HALIBURTON RD,0,NA,Y,A,-,N,NA,NA,NA,NA,NA,NA,NA,NA,NA,N,4,0,1,2,A,-,09,21804,A,N,H,G,A,A,H,-,A,A,0,NA,Y,NA,NA,Y,NA,L,04,0,0,1,0,0,0,1,0,0,-,-,33.997459411621094,-117.967529296875,LOS ANGELES,UNINCORPORATED,-117.96778869628906,33.99739074707031
94376636,2024,2024-08-30,9575,2024-08-23,655,022918,NA,5,1,9,1900,0,2,4,NA,2,320,ANGELES FOREST HIGHWAY,CFM 18.7,25,N,N,A,-,N,NA,NA,NA,NA,NA,NA,NA,NA,NA,Y,4,0,1,1,A,-,08,22107,NA,N,E,8,A,A,H,-,A,D,0,NA,NA,NA,NA,Y,NA,A,01,0,0,1,0,0,0,0,0,0,-,-,34.30868911743164,-118.14276885986328,LOS ANGELES,UNINCORPORATED,-118.26260375976564,34.03167724609375
94376657,2024,2024-08-30,9580,2024-08-24,950,022008,NA,6,1,7,1942,0,1,3,NA,2,117,SR-118 W/B (RONALD REAGAN FWY.),ZELZAH AVE,68,E,N,A,-,Y,LA,NA,118,NA,R,6.601,H,NA,L,Y,4,0,2,3,A,-,07,21658,A,F,B,C,A,A,H,-,A,D,0,NA,NA,NA,Y,Y,NA,F,27,0,0,2,0,0,0,0,0,0,-,-,34.27838897705078,-118.5231704711914,LOS ANGELES,LOS ANGELES,-118.5231704711914,34.27836608886719
94376666,2024,2024-08-30,9580,2024-08-29,1430,022663,NA,4,2,7,1942,0,1,3,NA,2,116,SR-118 E/B (RONALD REAGAN FWY.),WILBUR AVE,792,W,N,A,-,Y,LA,NA,118,NA,R,5.04,H,NA,R,Y,4,0,3,4,A,-,03,22350,NA,N,C,C,A,A,H,-,A,D,0,NA,NA,NA,NA,Y,NA,A,01,0,0,3,0,0,0,0,0,0,-,-,34.27333068847656,-118.54937744140624,LOS ANGELES,LOS ANGELES,-118.54937744140624,34.27332305908203
94376674,2024,2024-08-30,9550,2024-08-10,740,023732,NA,6,1,6,1920,0,1,1,NA,2,500,INTERSTATE 5 SOUTHBOUND,LAKEWOOD BOULEVARD,1056,N,N,A,-,Y,LA,NA,5,NA,NA,8.52,H,NA,L,N,3,0,1,3,A,-,08,22107,NA,N,B,C,A,A,H,-,A,D,0,NA,NA,Y,NA,Y,NA,A,01,0,1,0,0,0,0,0,0,1,-,-,33.95988082885742,-118.11469268798828,LOS ANGELES,DOWNEY,-118.11467742919922,33.95988845825195
94376683,2024,2024-08-30,9550,2024-08-16,1251,023734,NA,5,1,6,1949,0,1,1,NA,2,651,I-605 SOUTHBOUND TO I-105 WESTBOUND,DOWNEY NORWALK ROAD,250,S,N,A,-,Y,LA,NA,605,NA,R,8.197,H,NA,L,Y,4,0,2,2,A,-,03,22350,NA,N,C,C,A,A,H,-,A,D,0,NA,NA,NA,NA,Y,NA,A,01,0,0,2,0,0,0,0,0,0,-,-,33.92192077636719,-118.10481262207033,LOS ANGELES,NORWALK,-118.10463714599608,33.92191696166992
94376706,2024,2024-08-30,9525,2024-08-24,1610,022627,NA,6,2,5,1990,0,1,3,NA,2,574,SR-57 N/B (ORANGE FWY),PATHFINDER RD,792,S,N,A,-,Y,LA,NA,57,NA,R,3.017,H,NA,R,N,4,0,1,3,A,-,03,22350,NA,N,C,C,A,A,H,-,A,D,0,NA,NA,NA,NA,Y,NA,A,07,0,0,1,0,0,0,0,0,0,-,-,33.98215866088867,-117.84195709228516,LOS ANGELES,DIAMOND BAR,-117.84191131591795,33.98217010498047
94376709,2024,2024-08-30,9530,2024-08-11,1500,023568,NA,7,2,7,1941,0,1,3,NA,2,320,SR-91 W/B (ARTESIA FREEWAY),ATLANTIC AVE.,450,W,N,A,-,Y,LA,NA,91,NA,R,12.009,H,NA,L,Y,4,0,1,1,A,-,08,22107,NA,N,E,I,A,A,H,-,A,D,0,NA,NA,NA,NA,Y,NA,A,07,0,0,1,0,0,0,0,0,0,-,-,33.87702178955078,-118.18775177001952,LOS ANGELES,LONG BEACH,-118.18775177001952,33.87689208984375
94376721,2024,2024-08-30,9590,2024-08-20,735,016856,NA,2,1,7,1942,0,1,1,NA,2,060,I-10 E/B (SANTA MONICA FREEWAY),NORMANDIE AVENUE,1240,W,N,A,-,Y,LA,NA,10,NA,R,13.076,H,NA,R,N,4,0,1,2,A,-,03,22350,NA,M,C,C,A,A,H,-,A,D,0,NA,NA,NA,NA,Y,NA,-,99,0,0,1,0,0,0,0,0,0,-,-,34.036991119384766,-118.30455017089844,LOS ANGELES,LOS ANGELES,-118.30455017089844,34.03697967529297
94376722,2024,2024-08-30,9530,2024-08-16,1335,023568,NA,5,1,7,1942,0,1,3,NA,2,310,SR-91 E/B (ARTESIA FREEWAY),VERMONT AVE.,400,E,N,A,-,Y,LA,NA,91,NA,NA,6.084,H,NA,R,N,4,0,1,3,A,-,03,22350,NA,N,C,D,A,A,H,-,A,A,0,NA,NA,NA,NA,Y,NA,A,01,0,0,1,0,0,0,0,0,0,-,-,33.87261962890625,-118.28968048095705,LOS ANGELES,LOS ANGELES,-118.2896728515625,33.87266159057617
9437674,2022,2022-05-18,1963,2022-03-23,1407,00363,106,3,5,3,1963,0,0,0,NA,0,ONE,GRANADA AV,HUNTINGTON DR,0,NA,Y,A,-,N,NA,NA,NA,NA,NA,NA,NA,NA,NA,Y,4,0,1,2,A,-,08,22107,NA,N,D,C,A,A,H,-,A,A,0,NA,NA,NA,NA,Y,NA,A,01,0,0,1,0,0,0,0,0,0,-,-,NA,NA,LOS ANGELES,SAN MARINO,-118.12811279296876,34.11122512817383
9437675,2022,2022-05-18,1963,2022-03-18,2210,00359,120,5,5,3,1963,0,0,0,NA,0,ONE,ROSALIND RD,SHENANDOAH RD,66,E,N,A,-,N,NA,NA,NA,NA,NA,NA,NA,NA,NA,Y,3,0,1,1,A,-,01,23152,A,N,F,I,A,B,H,-,C,D,0,NA,NA,NA,NA,Y,Y,-,-,0,1,0,0,0,0,0,0,0,-,-,NA,NA,LOS ANGELES,SAN MARINO,-118.1243133544922,34.12656021118164
9437676,2022,2022-05-18,1963,2022-03-17,1457,00373,122,4,5,3,1963,0,0,0,NA,0,001,MONTEREY RD,KENSINGTON RD,15,E,N,A,-,N,NA,NA,NA,NA,NA,NA,NA,NA,NA,Y,4,0,1,2,A,-,08,22107,NA,N,B,C,A,A,H,-,A,D,0,NA,NA,NA,NA,Y,NA,A,01,0,0,1,0,0,0,0,0,0,-,-,NA,NA,LOS ANGELES,SAN MARINO,-118.11618041992188,34.120445251464844
94376800,2024,2024-08-30,9530,2024-08-22,839,023688,NA,4,1,9,1900,0,1,1,NA,2,120,I-110 S/B (HARBOR FREEWAY),223RD STREET,100,N,N,A,-,Y,LA,NA,110,NA,NA,6.562,H,NA,L,Y,4,0,1,2,A,-,03,22350,NA,N,C,C,A,A,H,-,A,D,0,NA,NA,NA,NA,Y,NA,A,08,0,0,1,0,0,0,0,0,0,-,-,33.825008392333984,-118.28753662109376,LOS ANGELES,UNINCORPORATED,-118.28749847412108,33.825008392333984
94376801,2024,2024-08-30,9580,2024-08-25,2135,023129,NA,7,2,7,1942,0,1,3,NA,2,116,SR-118 E/B (RONALD REAGAN FWY.) TO I-405,I-405 S/B (SAN DIEGO FWY),1664,W,N,A,-,Y,LA,NA,118,NA,R,9.473,H,NA,R,N,4,0,3,3,A,-,08,22107,NA,M,B,C,A,A,H,-,C,D,0,NA,NA,NA,NA,Y,NA,-,99,0,0,3,0,0,0,0,0,0,-,-,34.265830993652344,-118.47795867919922,LOS ANGELES,LOS ANGELES,-118.47795867919922,34.26591873168945
94376817,2024,2024-08-30,9550,2024-08-23,1330,018187,NA,5,1,9,1900,0,3,5,NA,2,002,MEYER RD,LEFFINGWELL RD,0,NA,Y,A,-,N,NA,NA,NA,NA,NA,NA,NA,NA,NA,Y,4,0,2,2,A,-,09,21801,A,N,A,C,A,A,H,-,A,A,0,NA,NA,NA,NA,Y,NA,A,07,0,0,2,0,0,0,0,0,0,-,-,33.920841217041016,-118.03785705566406,LOS ANGELES,UNINCORPORATED,-118.03800964355467,33.920875549316406
94376826,2024,2024-08-30,9545,2024-08-26,1855,022435,NA,1,2,9,1900,0,2,4,NA,1,027,BOUQUET CANYON RD,ELIZABETH LAKE RD,44,S,N,A,-,N,NA,NA,NA,NA,NA,NA,NA,NA,NA,N,4,0,1,2,A,-,03,22350,NA,N,C,C,A,A,H,-,A,D,0,NA,NA,NA,NA,Y,NA,-,-,0,0,1,0,0,0,0,0,0,-,-,34.61159896850586,-118.2709503173828,LOS ANGELES,UNINCORPORATED,-118.27114868164064,34.611629486083984
94376827,2024,2024-08-30,9530,2024-08-22,1215,023580,NA,4,1,9,1900,0,3,5,NA,2,006,VERMONT AVENUE,223RD STREET.,355,S,N,A,-,N,NA,NA,NA,NA,NA,NA,NA,NA,NA,Y,2,0,2,2,A,-,09,21801,A,N,D,C,A,A,H,-,A,D,0,NA,NA,NA,NA,Y,NA,A,01,1,0,1,0,0,0,0,0,0,-,-,33.823341369628906,-118.29033660888672,LOS ANGELES,UNINCORPORATED,-118.29034423828124,33.823486328125
94376840,2024,2024-08-30,9590,2024-08-17,204,023892,NA,6,3,7,1942,0,1,1,NA,2,052,I-110 N/B (HARBOR FREEWAY),TEMPLE ST,800,S,N,A,-,Y,LA,NA,110,NA,NA,23.461,H,NA,R,Y,4,0,1,1,A,-,08,22107,NA,N,E,8,A,A,D,-,D,D,0,NA,NA,NA,NA,Y,NA,A,01,0,0,1,0,0,0,0,0,0,-,-,34.05984878540039,-118.25205230712892,LOS ANGELES,LOS ANGELES,-118.25200653076172,34.059810638427734
9437686,2022,2022-06-07,1976,2022-04-15,1141,564,NA,5,5,3,1964,0,0,0,NA,0,NA,IMPERIAL HWY,CARMENITA RD,607,E,N,A,-,N,NA,NA,NA,NA,NA,NA,NA,NA,NA,Y,3,0,1,2,A,-,08,22107,NA,N,D,C,A,A,H,-,A,D,0,NA,NA,NA,Y,Y,NA,G,25,0,1,0,0,0,0,0,0,0,-,-,NA,NA,LOS ANGELES,SANTA FE SPRINGS,-118.04481506347656,33.91695785522461
9437688,2022,2022-05-17,1942,2022-04-16,0900,44777,0362,6,5,7,1942,0,0,0,C,0,3A63,SANTA ROSALIA DR,COLISEUM ST,25,E,N,A,-,N,NA,NA,NA,NA,NA,NA,NA,NA,NA,Y,3,0,5,3,A,-,03,22350,NA,N,A,C,A,A,H,-,C,D,0,NA,NA,NA,NA,Y,NA,A,01,0,1,4,0,0,0,0,0,0,-,-,NA,NA,LOS ANGELES,LOS ANGELES,-118.34716796875,34.016929626464844
94376887,2023,2024-12-06,9530,2023-09-03,2111,022669,NA,7,2,9,1900,0,3,5,NA,2,002,IMPERIAL HIGHWAY (1600 BLOCK),COMPTON AVENUE,346,E,N,A,-,N,NA,NA,NA,NA,NA,NA,NA,NA,NA,Y,1,1,0,3,A,-,11,21954,A,N,G,B,D,A,H,-,C,D,0,Y,NA,NA,NA,Y,NA,N,60,0,0,0,1,0,0,0,0,0,-,-,33.92945098876953,-118.24479675292967,LOS ANGELES,UNINCORPORATED,-118.2451400756836,33.929500579833984
94376890,2024,2024-08-30,9540,2024-08-27,412,019061,NA,2,3,9,1900,0,1,3,NA,2,147,SR-14 S/B,AGUA DULCE CYN RD,5914,S,N,A,-,Y,LA,NA,14,NA,NA,38.645,H,NA,L,Y,3,0,1,2,A,-,03,22350,NA,N,C,C,A,A,H,-,D,D,0,NA,NA,NA,NA,Y,NA,A,08,0,1,0,0,0,0,0,0,0,-,-,34.45853042602539,-118.34691619873048,LOS ANGELES,UNINCORPORATED,-118.34685516357422,34.45844650268555
94376895,2024,2024-08-30,9545,2024-08-28,1950,021434,NA,3,2,9,1900,0,3,5,NA,2,002,20TH STREET WEST,COLUMBIA WAY,0,NA,Y,A,-,N,NA,NA,NA,NA,NA,NA,NA,NA,NA,Y,4,0,1,2,D,-,00,NA,NA,N,D,C,A,A,H,-,C,A,0,NA,NA,NA,NA,Y,NA,-,-,0,0,1,0,0,0,0,0,0,-,-,34.6457405090332,-118.16562652587892,LOS ANGELES,UNINCORPORATED,-118.1655731201172,34.64575958251953
9437690,2022,2022-05-18,1976,2022-04-19,2214,552,1946,2,5,3,1964,0,0,0,NA,0,002,FLORENCE AV,PIONEER BL,60,W,N,A,-,N,NA,NA,NA,NA,NA,NA,NA,NA,NA,N,3,0,1,2,A,-,11,21955,NA,N,G,B,D,A,H,-,C,A,0,Y,NA,NA,NA,Y,NA,N,60,0,1,0,0,1,0,0,0,0,-,-,NA,NA,LOS ANGELES,SANTA FE SPRINGS,-118.08203887939452,33.93532180786133
94376927,2024,2024-08-30,9565,2024-08-20,2240,022671,NA,2,3,7,1942,0,1,1,NA,2,083,I-10 W/B (SANTA MONICA FWY),BAGLEY AVENUE,220,W,N,A,-,Y,LA,NA,10,NA,R,7.549,H,NA,L,Y,4,0,1,3,A,-,08,22107,NA,N,B,C,A,A,H,-,E,D,0,NA,NA,NA,NA,Y,NA,A,01,0,0,1,0,0,0,0,0,0,-,-,34.02928924560547,-118.39747619628906,LOS ANGELES,LOS ANGELES,-118.3974838256836,34.02924728393555
9437694,2022,2022-06-08,1976,2022-04-20,2034,376,NA,3,5,3,1964,0,0,0,NA,0,001,GREENLEAF AV,LOS NIETOS RD,393,S,N,B,-,N,NA,NA,NA,NA,NA,NA,NA,NA,NA,Y,3,0,1,2,A,-,01,23152,A,N,C,E,A,A,H,-,C,D,0,NA,NA,NA,NA,Y,Y,A,01,0,1,0,0,0,0,0,0,0,-,-,NA,NA,LOS ANGELES,SANTA FE SPRINGS,-118.05671691894533,33.94598388671875
94376941,2024,2024-08-30,9580,2024-08-25,1620,023395,NA,7,2,7,1942,0,1,2,NA,2,103,US-101 S/B (VENTURA FREEWAY),SEPULVEDA BLVD,528,S,N,A,-,Y,LA,NA,101,NA,NA,16.835,H,NA,L,N,4,0,1,2,A,-,07,21658,A,N,B,C,A,A,H,-,A,D,0,NA,NA,NA,NA,Y,NA,D,22,0,0,1,0,0,0,0,0,0,-,-,34.15938186645508,-118.46427154541016,LOS ANGELES,LOS ANGELES,-118.46427154541016,34.1593132019043
94376987,2024,2024-08-30,9540,2024-08-20,5,022492,NA,2,3,7,1942,0,2,4,NA,1,204,BOUQUET CANYON RD,ESGUERRA RD,345,S,N,A,-,N,NA,NA,NA,NA,NA,NA,NA,NA,NA,Y,3,0,1,1,A,-,08,22107,NA,N,E,I,A,A,H,-,C,D,0,NA,NA,NA,NA,Y,NA,A,01,0,1,0,0,0,0,0,0,0,-,-,34.46706008911133,-118.47306823730467,LOS ANGELES,LOS ANGELES,-118.47511291503906,34.46623992919922
94376988,2024,2024-08-30,9565,2024-08-20,2020,022057,NA,2,2,5,1965,0,1,1,NA,2,081,I-10 E/B (SANTA MONICA FREEWAY),20TH STREET,450,W,N,A,-,Y,LA,NA,10,NA,R,2.917,H,NA,R,N,4,0,1,2,A,-,03,22350,NA,N,C,C,A,A,H,-,C,D,0,NA,NA,NA,NA,Y,NA,A,01,0,0,1,0,0,0,0,0,0,-,-,34.02214050292969,-118.47599029541016,LOS ANGELES,SANTA MONICA,-118.47601318359376,34.02216720581055
94377007,2024,2025-01-30,9540,2024-08-16,536,023706,NA,5,3,9,1900,0,1,1,NA,2,512,I-5 NB,SMOKEY BEAR RD,9504,S,N,A,-,Y,LA,NA,5,NA,R,76.144,H,NA,R,Y,3,0,2,2,A,-,03,22350,NA,N,C,2,A,A,H,-,C,D,0,NA,NA,NA,NA,Y,NA,A,01,0,1,1,0,0,0,0,0,0,-,-,34.68402862548828,-118.7828369140625,LOS ANGELES,UNINCORPORATED,-118.7828369140625,34.68403244018555
9437702,2022,2022-06-14,1976,2022-04-22,1651,746,NA,5,5,3,1964,0,0,0,NA,0,001,LOS NIETOS RD,SANTA FE SPRINGS RD,114,W,N,A,-,N,NA,NA,NA,NA,NA,NA,NA,NA,NA,Y,4,0,1,2,A,-,03,22350,NA,N,C,C,A,A,H,-,A,A,0,NA,NA,NA,Y,Y,NA,F,26,0,0,1,0,0,0,0,0,0,-,-,NA,NA,LOS ANGELES,SANTA FE SPRINGS,-118.0603485107422,33.949859619140625
94377083,2024,2024-08-30,9575,2024-08-22,1610,023134,NA,4,2,6,1953,0,1,1,NA,2,064,I-210 W/B (FOOTHILL FREEWAY) TO I-210 W/B,MARENGO AVE.,153,W,N,A,-,Y,LA,NA,210,NA,R,25.506,H,NA,L,Y,4,0,2,2,A,-,03,22350,NA,N,C,C,A,A,H,-,A,D,0,NA,NA,NA,NA,Y,NA,A,01,0,0,2,0,0,0,0,0,0,-,-,34.1522216796875,-118.14671325683594,LOS ANGELES,PASADENA,-118.1467056274414,34.15201187133789