CASE_ID,ACCIDENT_YEAR,PROC_DATE,JURIS,COLLISION_DATE,COLLISION_TIME,OFFICER_ID,REPORTING_DISTRICT,DAY_OF_WEEK,CHP_SHIFT,POPULATION,CNTY_CITY_LOC,SPECIAL_COND,BEAT_TYPE,CHP_BEAT_TYPE,CITY_DIVISION_LAPD,CHP_BEAT_CLASS,BEAT_NUMBER,PRIMARY_RD,SECONDARY_RD,DISTANCE,DIRECTION,INTERSECTION,WEATHER_1,WEATHER_2,STATE_HWY_IND,CALTRANS_COUNTY,CALTRANS_DISTRICT,STATE_ROUTE,ROUTE_SUFFIX,POSTMILE_PREFIX,POSTMILE,LOCATION_TYPE,RAMP_INTERSECTION,SIDE_OF_HWY,TOW_AWAY,COLLISION_SEVERITY,NUMBER_KILLED,NUMBER_INJURED,PARTY_COUNT,PRIMARY_COLL_FACTOR,PCF_CODE_OF_VIOL,PCF_VIOL_CATEGORY,PCF_VIOLATION,PCF_VIOL_SUBSECTION,HIT_AND_RUN,TYPE_OF_COLLISION,MVIW,PED_ACTION,ROAD_SURFACE,ROAD_COND_1,ROAD_COND_2,LIGHTING,CONTROL_DEVICE,CHP_ROAD_TYPE,PEDESTRIAN_ACCIDENT,BICYCLE_ACCIDENT,MOTORCYCLE_ACCIDENT,TRUCK_ACCIDENT,NOT_PRIVATE_PROPERTY,ALCOHOL_INVOLVED,STWD_VEHTYPE_AT_FAULT,CHP_VEHTYPE_AT_FAULT,COUNT_SEVERE_INJ,COUNT_VISIBLE_INJ,COUNT_COMPLAINT_PAIN,COUNT_PED_KILLED,COUNT_PED_INJURED,COUNT_BICYCLIST_KILLED,COUNT_BICYCLIST_INJURED,COUNT_MC_KILLED,COUNT_MC_INJURED,PRIMARY_RAMP,SECONDARY_RAMP,LATITUDE,LONGITUDE,COUNTY,CITY,POINT_X,POINT_Y
9439542,2022,2022-06-13,1920,2022-04-23,1131,13022,NA,6,5,6,1920,0,0,0,NA,0,004,TELEGRAPH RD,SONGFEST DR,103,W,N,A,-,N,NA,NA,NA,NA,NA,NA,NA,NA,NA,N,3,0,1,2,A,-,03,22350,NA,N,C,C,A,A,H,-,A,A,0,NA,NA,Y,NA,Y,NA,C,02,0,1,0,0,0,0,0,0,1,-,-,NA,NA,LOS ANGELES,DOWNEY,-118.09889221191406,33.952999114990234
9439543,2022,2022-05-26,1920,2022-04-28,2045,13742,NA,4,5,6,1920,0,0,0,NA,0,NA,LAKEWOOD BL,FIRESTONE BL,0,NA,Y,A,-,N,NA,NA,NA,NA,NA,NA,NA,NA,NA,Y,4,0,2,2,D,-,00,NA,NA,N,D,C,A,A,H,-,C,A,0,NA,NA,NA,NA,Y,NA,-,-,0,0,2,0,0,0,0,0,0,-,-,NA,NA,LOS ANGELES,DOWNEY,-118.12395477294922,33.93549728393555
94395438,2024,2024-09-16,9535,2024-08-16,1355,023450,NA,5,1,9,1900,0,2,4,NA,2,011,EASTERN AVE. (900 BLOCK),MARIANNA AVE,500,N,N,A,-,N,NA,NA,NA,NA,NA,NA,NA,NA,NA,Y,3,0,2,2,A,-,08,22107,NA,N,B,2,A,A,H,-,A,D,0,NA,NA,NA,NA,Y,NA,A,01,0,1,1,0,0,0,0,0,0,-,-,34.04846954345703,-118.17595672607422,LOS ANGELES,UNINCORPORATED,-118.1790771484375,34.06227111816406
9439544,2022,2022-05-27,1920,2022-04-29,1453,13118,1920,5,5,6,1920,0,0,0,NA,0,004,WOODRUFF AV,VIA AMORITA,69,N,N,A,-,N,NA,NA,NA,NA,NA,NA,NA,NA,NA,N,4,0,2,4,A,-,03,22350,NA,N,C,C,A,A,H,-,A,A,0,NA,NA,NA,Y,Y,NA,F,26,0,0,2,0,0,0,0,0,0,-,-,NA,NA,LOS ANGELES,DOWNEY,-118.11187744140624,33.94200897216797
94395476,2024,2024-09-16,9565,2024-06-03,1413,022850,NA,1,2,9,1900,0,2,4,NA,1,041,HAWTHORNE BLVD N/B,LENNOX BLVD,95,S,N,A,-,N,NA,NA,NA,NA,NA,NA,NA,NA,NA,N,4,0,1,2,A,-,03,22350,NA,N,C,C,A,A,H,-,A,D,0,NA,NA,NA,Y,Y,NA,F,26,0,0,1,0,0,0,0,0,0,-,-,33.93804168701172,-118.35253143310548,LOS ANGELES,UNINCORPORATED,-118.35272216796876,33.93791961669922
9439548,2022,2022-06-02,1941,2022-05-11,1518,10542,NA,3,5,7,1941,0,0,0,NA,0,NA,ATLANTIC AV,ARTESIA BL,0,NA,Y,A,-,N,NA,NA,NA,NA,NA,NA,NA,NA,NA,N,4,0,1,2,A,-,08,22107,NA,N,B,C,A,A,H,-,A,D,0,NA,NA,NA,NA,Y,NA,A,NA,0,0,1,0,0,0,0,0,0,-,-,NA,NA,LOS ANGELES,LONG BEACH,-118.18624877929688,33.8743782043457
94395587,2024,2024-09-16,9565,2024-07-21,1649,023757,NA,7,2,7,1942,0,1,1,NA,2,063,I-405 S/B (SAN DIEGO FWY),SANTA MONICA BLVD.,600,S,N,A,-,Y,LA,NA,405,NA,NA,30.749,H,NA,L,Y,3,0,1,4,A,-,03,22350,NA,N,C,C,A,A,H,-,A,D,0,NA,NA,NA,NA,Y,NA,A,07,0,1,0,0,0,0,0,0,0,-,-,34.04549026489258,-118.4456787109375,LOS ANGELES,LOS ANGELES,-118.44558715820313,34.0455436706543
9439561,2022,2022-05-27,1942,2022-02-06,0813,34959,1479,7,5,7,1942,0,0,0,N,0,27TL29,RAMSGATE AV,MANCHESTER AV,0,NA,Y,A,-,N,NA,NA,NA,NA,NA,NA,NA,NA,NA,Y,4,0,1,2,A,-,09,21802,A,N,D,C,A,A,H,-,A,A,0,NA,NA,NA,NA,Y,NA,A,07,0,0,1,0,0,0,0,0,0,-,-,NA,NA,LOS ANGELES,LOS ANGELES,-118.382568359375,33.959842681884766
9439564,2022,2022-05-31,1942,2022-03-14,1710,34882,0738,1,5,7,1942,0,0,0,G,0,27M116,WILSHIRE BL,CITRUS AV,0,NA,Y,A,-,N,NA,NA,NA,NA,NA,NA,NA,NA,NA,Y,4,0,3,2,A,-,09,21801,A,N,A,C,A,A,H,-,A,A,0,NA,NA,NA,NA,Y,NA,A,01,0,0,3,0,0,0,0,0,0,-,-,NA,NA,LOS ANGELES,LOS ANGELES,-118.33968353271484,34.0621452331543
94395694,2024,2024-09-16,9535,2024-09-01,1148,023264,NA,7,1,9,1900,0,1,1,NA,2,650,I-605 N/B (SAN GABRIEL RIVER FREEWAY),SAN JOSE BRIDGE N/B EDGE LINE,90,S,N,A,-,Y,LA,NA,605,NA,R,17.696,H,NA,R,Y,4,0,2,2,A,-,03,22350,NA,N,C,C,A,A,H,-,A,D,0,NA,NA,NA,NA,Y,NA,A,01,0,0,2,0,0,0,0,0,0,-,-,34.03702926635742,-118.02303314208984,LOS ANGELES,UNINCORPORATED,-118.02306365966795,34.03705978393555
94395705,2024,2024-09-16,9530,2024-09-04,1220,023824,NA,3,1,9,1900,0,3,5,NA,2,001,FIRESTONE BLVD. (1800 BLOCK),BELL AVE.,8,W,N,A,-,N,NA,NA,NA,NA,NA,NA,NA,NA,NA,Y,3,0,1,1,A,-,01,23152,A,N,E,I,A,A,H,-,A,A,0,NA,NA,NA,NA,Y,Y,A,01,0,1,0,0,0,0,0,0,0,-,-,33.96030044555664,-118.23908996582033,LOS ANGELES,UNINCORPORATED,-118.2390365600586,33.96015167236328
94395772,2024,2024-09-16,9565,2024-07-07,1815,023741,NA,7,2,9,1900,0,1,3,NA,2,051,LINCOLN BLVD S/B,CULVER BLVD,50,N,N,A,-,Y,LA,NA,1,NA,NA,30.486,H,NA,L,N,3,0,1,2,A,-,03,22350,NA,N,C,G,A,A,H,-,A,D,0,NA,Y,NA,NA,Y,NA,A,07,0,1,0,0,0,0,1,0,0,-,-,33.976070404052734,-118.43321990966795,LOS ANGELES,UNINCORPORATED,-118.43321228027344,33.976078033447266
94395839,2024,2024-09-16,9565,2024-07-08,2120,021808,NA,1,2,9,1900,0,3,5,NA,2,002,104TH STREET,WILTON PLACE,140,W,N,A,-,Y,NA,NA,NA,NA,NA,NA,NA,NA,NA,N,3,0,1,3,A,-,01,23152,A,N,B,C,A,A,H,-,C,D,0,NA,NA,NA,NA,Y,Y,A,07,0,1,0,0,0,0,0,0,0,-,-,33.94181823730469,-118.31484222412108,LOS ANGELES,UNINCORPORATED,-118.31478118896484,33.941837310791016
94395871,2024,2024-09-16,9550,2024-09-07,625,022391,NA,6,1,9,1900,0,2,4,NA,1,031,HACIENDA BOULEBARD SOUTHBOUND,THREE PALMS STREET,150,N,N,A,-,N,NA,NA,NA,NA,NA,NA,NA,NA,NA,Y,3,0,1,1,A,-,08,22107,NA,N,E,8,A,A,H,-,A,D,0,NA,NA,NA,NA,Y,NA,A,07,0,1,0,0,0,0,0,0,0,-,-,34.005821228027344,-117.96489715576172,LOS ANGELES,UNINCORPORATED,-117.96484375,34.00568771362305
94395981,2024,2024-09-16,9530,2024-08-22,1725,022669,NA,4,2,5,1977,0,1,3,NA,2,310,SR-91 E/B (ARTESIA FREEWAY),AVALON BLVD,40,E,N,A,-,Y,LA,NA,91,NA,R,7.463,H,NA,R,N,3,0,1,2,A,-,08,22107,NA,N,B,C,A,A,H,-,A,D,0,NA,NA,Y,NA,Y,NA,D,22,0,1,0,0,0,0,0,0,1,-,-,33.873321533203125,-118.26558685302734,LOS ANGELES,CARSON,-118.2655792236328,33.87324142456055
94396000,2024,2024-09-16,9530,2024-07-27,1900,022708,NA,6,2,7,1941,0,1,1,NA,2,420,I-405 N/B (SAN DIEGO FREEWAY),PACIFIC AVE.,100,N,N,A,-,Y,LA,NA,405,NA,NA,7.136,H,NA,R,N,4,0,2,4,A,-,03,22350,NA,N,C,C,A,A,H,-,A,D,0,NA,NA,NA,NA,Y,NA,D,22,0,0,2,0,0,0,0,0,0,-,-,33.82398986816406,-118.20015716552734,LOS ANGELES,LONG BEACH,-118.20013427734376,33.82402801513672
94396003,2024,2024-09-16,9590,2024-09-14,1725,023394,NA,6,2,7,1942,0,1,1,NA,2,051,I-110 S/B (HARBOR FREEWAY),39TH ST,330,N,N,A,-,Y,LA,NA,110,NA,NA,19.77,H,NA,L,N,4,0,1,2,A,-,07,21658,A,N,B,C,A,A,H,-,A,D,0,NA,NA,NA,NA,Y,NA,A,01,0,0,1,0,0,0,0,0,0,-,-,34.01499938964844,-118.2812271118164,LOS ANGELES,LOS ANGELES,-118.2810287475586,34.014984130859375
94396021,2024,2024-09-16,9530,2024-08-23,1558,023143,NA,5,2,9,1900,0,3,5,NA,2,001,MAKEE AVENUE (7100S BLOCK),FLORENCE AVE.,8,N,N,A,-,N,NA,NA,NA,NA,NA,NA,NA,NA,NA,N,4,0,1,2,A,-,10,21950,A,N,G,B,B,A,H,-,A,A,0,Y,NA,NA,NA,Y,NA,A,01,0,0,1,0,1,0,0,0,0,-,-,33.97488021850586,-118.2465591430664,LOS ANGELES,UNINCORPORATED,-118.24652099609376,33.97477340698242
94396068,2024,2024-09-16,9545,2024-08-06,2050,022910,NA,2,2,9,1900,0,3,5,NA,2,002,20TH ST WEST,AVENUE O-8,792,N,N,A,-,N,NA,NA,NA,NA,NA,NA,NA,NA,NA,N,3,0,1,2,D,-,00,NA,NA,N,C,G,A,A,H,-,D,D,0,NA,Y,NA,NA,Y,NA,-,-,0,1,0,0,0,0,1,0,0,-,-,34.611328125,-118.16549682617188,LOS ANGELES,UNINCORPORATED,-118.1654815673828,34.611209869384766
94396076,2024,2024-09-16,9530,2024-08-04,1420,023568,NA,7,2,9,1900,0,3,5,NA,2,002,"STANFORD AVE, 13600 BLOCK",136TH ST.,40,S,N,A,-,N,NA,NA,NA,NA,NA,NA,NA,NA,NA,Y,4,0,1,1,A,-,01,23152,A,N,E,I,A,A,H,-,A,D,0,NA,NA,NA,NA,Y,Y,A,08,0,0,1,0,0,0,0,0,0,-,-,33.90803909301758,-118.26300048828124,LOS ANGELES,UNINCORPORATED,-118.26335144042967,33.908103942871094
94396085,2024,2024-09-16,9530,2024-07-11,1130,023511,NA,4,1,7,1941,0,1,1,NA,2,072,I-710 S/B (LONG BEACH FREEWAY),I-405 S/B (SAN DIEGO FREEWAY),15,S,N,A,-,Y,LA,NA,710,NA,NA,9.379,H,NA,L,Y,3,0,2,4,A,-,08,22107,NA,F,C,C,A,A,H,-,A,D,0,NA,NA,NA,Y,Y,NA,A,01,0,2,0,0,0,0,0,0,0,-,-,33.826011657714844,-118.2073974609375,LOS ANGELES,LONG BEACH,-118.20744323730467,33.82600021362305
94396089,2024,2024-09-16,9575,2024-09-05,1424,022502,NA,4,2,6,1912,0,1,1,NA,2,051,I-5 N/B (GOLDEN STATE FREEWAY),ALLEN AVENUE,150,N,N,A,-,Y,LA,NA,5,NA,NA,28.18,H,NA,R,Y,3,0,2,4,A,-,03,22350,NA,N,C,C,A,A,H,-,A,D,0,NA,NA,NA,NA,Y,NA,A,07,0,1,1,0,0,0,0,0,0,-,-,34.167930603027344,-118.30071258544922,LOS ANGELES,BURBANK,-118.3008041381836,34.167842864990234
94396099,2024,2024-09-16,9550,2024-09-04,1640,023937,NA,3,2,9,1900,0,1,3,NA,2,601,SR-60 WESTBOUND,STIMSON AVE,100,E,N,A,-,Y,LA,NA,60,NA,NA,16.337,H,NA,L,N,4,0,1,2,A,-,03,22350,NA,N,C,C,A,A,H,-,A,D,0,NA,NA,Y,NA,Y,NA,C,02,0,0,1,0,0,0,0,0,1,-,-,34.00495910644531,-117.95790863037108,LOS ANGELES,UNINCORPORATED,-117.9578857421875,34.005008697509766
94396106,2024,2024-09-16,9575,2024-09-06,810,022469,NA,5,1,9,1900,0,2,4,NA,2,024,WOODBURY RD (200 W. BLOCK),GLENROSE AVE (2100 BLOCK),100,W,N,A,-,Y,NA,NA,NA,NA,NA,NA,NA,NA,NA,N,4,0,1,2,A,-,05,21650,NA,N,H,G,A,A,H,-,A,D,0,NA,Y,NA,NA,Y,NA,L,04,0,0,1,0,0,0,1,0,0,-,-,34.18272018432617,-118.15564727783205,LOS ANGELES,UNINCORPORATED,-118.15555572509766,34.18277359008789
94396109,2024,2024-09-16,9550,2024-09-04,1450,023879,NA,3,2,5,1969,0,1,1,NA,2,151,I-105 E/B (CENTURY FREEWAY),PARAMOUNT BOULEVARD,980,W,N,A,-,Y,LA,NA,105,NA,R,14.449,H,NA,R,Y,3,0,1,2,A,-,08,22107,NA,N,B,C,A,A,H,-,A,D,0,NA,NA,Y,NA,Y,NA,A,01,0,1,0,0,0,0,0,0,1,-,-,33.91147994995117,-118.16339874267578,LOS ANGELES,SOUTH GATE,-118.16339874267578,33.91147232055664
94396115,2024,2024-09-16,9530,2024-09-02,1450,023824,NA,1,2,5,1943,0,3,5,NA,2,003,COOKACRE ST. (14000 BLOCK),SAUNDERS ST.,320,S,N,A,-,N,NA,NA,NA,NA,NA,NA,NA,NA,NA,Y,4,0,1,2,A,-,01,23152,A,N,C,2,A,A,H,-,A,D,0,NA,NA,NA,NA,Y,Y,A,01,0,0,1,0,0,0,0,0,0,-,-,33.90169143676758,-118.19483947753906,LOS ANGELES,LYNWOOD,-118.19490814208984,33.90168380737305
94396130,2024,2024-09-16,9550,2024-09-06,2300,023825,NA,5,3,9,1900,0,3,5,NA,2,002,MILLS AVENUE,DICKY ST,180,E,N,A,-,N,NA,NA,NA,NA,NA,NA,NA,NA,NA,N,4,0,1,2,A,-,09,21804,A,N,B,C,A,A,H,-,B,A,0,NA,NA,NA,NA,Y,NA,A,07,0,0,1,0,0,0,0,0,0,-,-,33.942501068115234,-118.0285186767578,LOS ANGELES,UNINCORPORATED,-118.02862548828124,33.94242477416992
94396156,2024,2024-09-16,9590,2024-09-04,745,016856,NA,3,1,7,1942,0,1,1,NA,2,065,I-10 W/B (SANTA MONICA FREEWAY),SAN PEDRO STREET,1066,W,N,A,-,Y,LA,NA,10,NA,NA,15.815,H,NA,L,N,4,0,1,3,A,-,03,22350,NA,N,C,C,A,D,H,-,A,D,0,NA,NA,NA,NA,Y,NA,A,07,0,0,1,0,0,0,0,0,0,-,-,34.03116989135742,-118.2593002319336,LOS ANGELES,LOS ANGELES,-118.2593231201172,34.03111267089844
94396180,2024,2024-09-16,9550,2024-09-03,650,023712,NA,2,1,9,1900,0,1,3,NA,2,092,SR-91 E/B,CARMENITA RD.,1656,E,N,A,-,Y,LA,NA,91,NA,R,20.665,H,NA,R,N,4,0,1,1,A,-,08,22107,NA,N,E,I,A,A,H,-,A,D,0,NA,NA,NA,NA,Y,NA,A,07,0,0,1,0,0,0,0,0,0,-,-,33.86235046386719,-118.04315948486328,LOS ANGELES,UNINCORPORATED,-118.04309844970705,33.862449645996094
94396210,2024,2024-09-17,9565,2024-09-03,1645,023925,NA,2,2,5,1928,0,1,1,NA,2,060,I-405 S/B (SAN DIEGO FREEWAY),120TH ST,350,S,N,A,-,Y,LA,NA,405,NA,NA,20.673,H,NA,L,N,4,0,1,2,A,-,07,21658,A,N,B,C,A,A,H,-,A,D,0,NA,NA,NA,NA,Y,NA,A,07,0,0,1,0,0,0,0,0,0,-,-,33.92277908325195,-118.3689193725586,LOS ANGELES,HAWTHORNE,-118.3689193725586,33.92277908325195
94396221,2024,2024-09-17,9550,2024-09-07,1030,022391,NA,6,1,9,1900,0,3,5,NA,2,004,GALE AVENUE,FALSTONE AVENUE,0,NA,Y,A,-,N,NA,NA,NA,NA,NA,NA,NA,NA,NA,N,4,0,1,2,A,-,07,21658,A,N,C,C,A,A,H,-,A,D,0,NA,NA,NA,NA,Y,NA,A,07,0,0,1,0,0,0,0,0,0,-,-,34.00983810424805,-117.95982360839844,LOS ANGELES,UNINCORPORATED,-117.95992279052734,34.00971221923828
94396241,2024,2024-09-17,9590,2024-09-04,1140,023892,NA,3,1,7,1942,0,1,1,NA,2,061,I-10 W/B (SMF) TO CRENSHAW BLVD,CRENSHAW BLVD,125,E,N,A,-,Y,NA,NA,NA,NA,NA,NA,NA,NA,NA,Y,3,0,2,3,A,-,03,22350,NA,N,C,C,A,A,H,-,D,A,0,NA,NA,NA,NA,Y,NA,A,01,0,2,0,0,0,0,0,0,0,-,-,34.035499572753906,-118.33290863037108,LOS ANGELES,LOS ANGELES,-118.33329010009766,34.035152435302734
94396244,2024,2024-09-17,9565,2024-09-04,2139,023925,NA,3,2,7,1942,0,1,1,NA,2,064,I-405 N/B (SAN DIEGO FREEWAY),SKIRBALL CENTER DR.,820,S,N,A,-,Y,LA,NA,405,NA,NA,36.553,H,NA,R,Y,4,0,1,3,A,-,03,22350,NA,N,C,C,A,A,H,-,C,D,0,NA,NA,NA,NA,Y,NA,A,07,0,0,1,0,0,0,0,0,0,-,-,34.12068176269531,-118.4800262451172,LOS ANGELES,LOS ANGELES,-118.4800033569336,34.12066650390625
94396246,2024,2024-09-17,9590,2024-08-24,845,023252,NA,6,1,7,1942,0,1,1,NA,2,050,I-110 N/B (HARBOR FREEWAY),54TH STREET,140,S,N,A,-,Y,LA,NA,110,NA,NA,18.258,H,NA,R,N,4,0,1,2,A,-,07,21658,A,N,B,C,A,A,H,-,A,D,0,NA,NA,Y,NA,Y,NA,D,22,0,0,1,0,0,0,0,0,1,-,-,33.992820739746094,-118.28035736083984,LOS ANGELES,LOS ANGELES,-118.28043365478516,33.992820739746094
94396248,2024,2024-09-17,9565,2024-09-05,2315,023925,NA,4,3,5,1965,0,1,1,NA,2,081,I-10 E/B (SANTA MONICA FREEWAY),LINCOLN BLVD,120,E,N,A,-,Y,LA,NA,10,NA,R,2.183,H,NA,R,Y,3,0,1,1,A,-,03,22350,NA,N,F,I,A,A,H,-,C,D,0,NA,NA,Y,NA,Y,NA,C,02,0,1,0,0,0,0,0,0,1,-,-,34.01504135131836,-118.48545074462892,LOS ANGELES,SANTA MONICA,-118.48541259765624,34.0150032043457
94396254,2024,2024-09-17,9590,2024-08-25,525,022698,NA,7,3,7,1942,0,1,1,NA,2,053,I-110 SOUTHBOUND (HARBOR FREEWAY) COLLECTOR ROAD,PICO BOULEVARD,120,N,N,A,-,Y,LA,NA,110,NA,NA,21.8,H,NA,L,N,3,0,1,1,A,-,08,22107,NA,N,E,A,A,A,H,-,C,D,0,NA,NA,Y,NA,Y,NA,C,02,0,1,0,0,0,0,0,0,1,-,-,34.043331146240234,-118.27294158935548,LOS ANGELES,LOS ANGELES,-118.27272033691406,34.04323959350586
94396264,2024,2024-09-17,9590,2024-08-10,2027,023266,NA,6,2,7,1942,0,1,1,NA,2,050,I-110 NB (HARBOR FREEWAY),W. 92ND STREET,50,N,N,A,-,Y,LA,NA,110,NA,NA,15.5,H,NA,R,N,4,0,2,3,A,-,03,22350,NA,M,C,C,A,A,H,-,A,D,0,NA,NA,NA,NA,Y,NA,-,99,0,0,2,0,0,0,0,0,0,-,-,33.9529914855957,-118.28034210205078,LOS ANGELES,LOS ANGELES,-118.28032684326172,33.9529914855957
94396266,2024,2024-09-17,9590,2024-09-05,2227,023083,NA,4,3,7,1942,0,1,2,NA,2,072,US-101 (HOLLYWOOD FREEWAY),LANKERSHIM BLVD,881,S,N,A,-,Y,LA,NA,101,NA,NA,10.179,H,NA,R,N,3,0,1,2,A,-,03,22350,NA,N,C,C,A,A,H,-,C,D,0,NA,NA,Y,NA,Y,NA,C,02,0,1,0,0,0,0,0,0,1,-,-,34.136199951171875,-118.3606414794922,LOS ANGELES,LOS ANGELES,-118.36058807373048,34.13624572753906
94396284,2024,2024-09-17,9590,2024-09-05,1000,021926,NA,4,1,7,1942,0,1,1,NA,2,050,I-110 (HAF),39TH STREET,100,S,N,A,-,Y,LA,NA,110,NA,NA,19.671,H,NA,R,N,3,0,1,3,A,-,03,22350,NA,M,C,D,A,A,H,-,A,D,0,NA,NA,NA,NA,Y,NA,A,07,0,1,0,0,0,0,0,0,0,-,-,34.013519287109375,-118.28077697753906,LOS ANGELES,LOS ANGELES,-118.2808837890625,34.013519287109375
94396286,2024,2024-09-17,9590,2024-09-05,1625,023269,NA,4,2,7,1942,0,1,2,NA,2,073,US-101 SOUTHBOUND  (HOLLYWOOD FREEWAY),NORMANDIE AVE,1520,N,N,A,-,Y,LA,NA,101,NA,NA,5.307,H,NA,L,N,4,0,1,2,A,-,03,22350,NA,N,B,C,A,A,H,-,A,D,0,NA,NA,NA,NA,Y,NA,A,07,0,0,1,0,0,0,0,0,0,-,-,34.08763122558594,-118.30445861816406,LOS ANGELES,LOS ANGELES,-118.304443359375,34.087642669677734
94396313,2024,2024-09-17,9590,2024-09-06,930,023894,NA,5,1,7,1942,0,1,2,NA,2,042,US-101 N/B (SANTA ANA FREEWAY),WHITTIER BOULEVARD,50,S,N,A,-,Y,LA,NA,101,NA,S,0.184,H,NA,R,Y,3,0,2,3,A,-,03,22350,NA,N,C,C,A,A,H,-,A,D,0,NA,NA,NA,NA,Y,NA,D,22,0,1,1,0,0,0,0,0,0,-,-,34.03664016723633,-118.22164916992188,LOS ANGELES,LOS ANGELES,-118.22161102294922,34.03663635253906
94396335,2024,2024-09-17,9590,2024-09-06,1646,023638,NA,5,2,7,1942,0,1,1,NA,2,041,I-5 S/B (SANTA ANA FREEWAY),SOTO ST.,390,N,N,A,-,Y,NA,NA,NA,NA,NA,NA,NA,NA,NA,N,3,0,1,3,A,-,03,22350,NA,N,C,C,A,A,H,-,A,D,0,NA,NA,NA,NA,Y,NA,A,08,0,1,0,0,0,0,0,0,0,-,-,34.03091812133789,-118.21936798095705,LOS ANGELES,LOS ANGELES,-118.21926879882813,34.03077697753906
94396340,2024,2024-09-17,9590,2024-09-06,2110,023397,NA,5,2,7,1942,0,1,1,NA,2,062,I-10 E/B (SANTA MONICA FREEWAY),BUDLONG AVENUE,400,E,N,A,-,Y,LA,NA,10,NA,R,13.627,H,NA,R,Y,3,0,1,1,A,-,08,22107,NA,N,E,J,A,A,H,-,C,A,0,NA,NA,Y,NA,Y,NA,C,02,0,1,0,0,0,0,0,0,1,-,-,34.03694152832031,-118.2949676513672,LOS ANGELES,LOS ANGELES,-118.2949676513672,34.03688049316406
94396344,2024,2024-09-17,9590,2024-09-06,2052,023266,NA,5,2,7,1942,0,1,1,NA,2,062,I-10 EB (SANTA MONICA FREEWAY),VERMONT AVENUE,300,W,N,A,-,Y,LA,NA,10,NA,R,13.76,H,NA,R,N,4,0,1,3,A,-,03,22350,NA,M,C,C,A,A,H,-,D,D,0,NA,NA,NA,NA,Y,NA,-,99,0,0,1,0,0,0,0,0,0,-,-,34.03691864013672,-118.29264068603516,LOS ANGELES,LOS ANGELES,-118.29264068603516,34.0368537902832
9439635,2022,2022-05-27,1942,2022-02-02,1520,41671,0764,3,5,7,1942,0,0,0,G,0,27TL44,VENICE BL,HAUSER BL,70,E,N,A,-,N,NA,NA,NA,NA,NA,NA,NA,NA,NA,N,4,0,1,2,A,-,03,22350,NA,F,C,C,A,A,H,-,A,D,0,NA,NA,NA,NA,Y,NA,-,99,0,0,1,0,0,0,0,0,0,-,-,NA,NA,LOS ANGELES,LOS ANGELES,-118.35838317871094,34.04401397705078
94396352,2024,2024-09-17,9590,2024-09-06,2300,023863,NA,5,3,7,1942,0,1,2,NA,2,072,US-101 N/B (HOLLYWOOD FREEWAY),WESTERN AVENUE,105,N,N,A,-,Y,LA,NA,101,NA,NA,5.955,H,NA,R,Y,3,0,1,3,A,-,03,22350,NA,F,C,C,A,A,H,-,C,D,0,NA,NA,NA,NA,Y,NA,A,01,0,1,0,0,0,0,0,0,0,-,-,34.09498977661133,-118.31107330322266,LOS ANGELES,LOS ANGELES,-118.31107330322266,34.09498977661133
94396355,2024,2024-09-17,9590,2024-09-10,1915,023397,NA,2,2,7,1942,0,1,1,NA,2,085,I-5 S/B (GOLDEN STATE FREEWAY),COLORADO STREET,120,S,N,A,-,Y,LA,NA,5,NA,NA,25.752,H,NA,L,N,4,0,1,2,A,-,03,22350,NA,N,C,C,A,A,H,-,C,D,0,NA,NA,NA,NA,Y,NA,-,-,0,0,1,0,0,0,0,0,0,-,-,34.14043045043945,-118.27755737304688,LOS ANGELES,LOS ANGELES,-118.27761840820313,34.14041519165039
9439636,2022,2022-05-27,1942,2022-02-02,0820,38282,1446,3,5,7,1942,0,0,0,N,0,27TL27,WASHINGTON PL,INGLEWOOD BL,0,NA,Y,A,-,N,NA,NA,NA,NA,NA,NA,NA,NA,NA,Y,4,0,3,2,A,-,09,21801,A,N,D,C,A,A,H,-,A,A,0,NA,NA,NA,NA,Y,NA,A,01,0,0,3,0,0,0,0,0,0,-,-,NA,NA,LOS ANGELES,LOS ANGELES,-118.42552947998048,34.00189971923828
9439637,2022,2022-05-27,1942,2022-02-04,2300,44689,1415,5,5,7,1942,0,0,0,N,0,14A27W,PALMS BL,GLYNDON AV,20,E,N,A,-,N,NA,NA,NA,NA,NA,NA,NA,NA,NA,Y,3,0,1,1,A,-,01,23152,A,N,E,I,A,A,H,-,C,D,0,NA,NA,NA,NA,Y,Y,A,07,0,1,0,0,0,0,0,0,0,-,-,NA,NA,LOS ANGELES,LOS ANGELES,-118.4538345336914,34.001949310302734
94396375,2024,2024-09-17,9590,2024-08-17,2241,023621,NA,6,3,7,1942,0,1,1,NA,2,051,I-110 S/B (HARBOR FREEWAY),47TH STREET,150,S,N,A,-,Y,LA,NA,110,NA,NA,18.792,H,NA,L,N,4,0,1,3,A,-,01,23152,A,N,C,C,A,A,H,-,C,D,0,NA,NA,NA,NA,Y,Y,A,01,0,0,1,0,0,0,0,0,0,-,-,34.00056838989258,-118.28112030029295,LOS ANGELES,LOS ANGELES,-118.281005859375,34.00057601928711