CASE_ID,ACCIDENT_YEAR,PROC_DATE,JURIS,COLLISION_DATE,COLLISION_TIME,OFFICER_ID,REPORTING_DISTRICT,DAY_OF_WEEK,CHP_SHIFT,POPULATION,CNTY_CITY_LOC,SPECIAL_COND,BEAT_TYPE,CHP_BEAT_TYPE,CITY_DIVISION_LAPD,CHP_BEAT_CLASS,BEAT_NUMBER,PRIMARY_RD,SECONDARY_RD,DISTANCE,DIRECTION,INTERSECTION,WEATHER_1,WEATHER_2,STATE_HWY_IND,CALTRANS_COUNTY,CALTRANS_DISTRICT,STATE_ROUTE,ROUTE_SUFFIX,POSTMILE_PREFIX,POSTMILE,LOCATION_TYPE,RAMP_INTERSECTION,SIDE_OF_HWY,TOW_AWAY,COLLISION_SEVERITY,NUMBER_KILLED,NUMBER_INJURED,PARTY_COUNT,PRIMARY_COLL_FACTOR,PCF_CODE_OF_VIOL,PCF_VIOL_CATEGORY,PCF_VIOLATION,PCF_VIOL_SUBSECTION,HIT_AND_RUN,TYPE_OF_COLLISION,MVIW,PED_ACTION,ROAD_SURFACE,ROAD_COND_1,ROAD_COND_2,LIGHTING,CONTROL_DEVICE,CHP_ROAD_TYPE,PEDESTRIAN_ACCIDENT,BICYCLE_ACCIDENT,MOTORCYCLE_ACCIDENT,TRUCK_ACCIDENT,NOT_PRIVATE_PROPERTY,ALCOHOL_INVOLVED,STWD_VEHTYPE_AT_FAULT,CHP_VEHTYPE_AT_FAULT,COUNT_SEVERE_INJ,COUNT_VISIBLE_INJ,COUNT_COMPLAINT_PAIN,COUNT_PED_KILLED,COUNT_PED_INJURED,COUNT_BICYCLIST_KILLED,COUNT_BICYCLIST_INJURED,COUNT_MC_KILLED,COUNT_MC_INJURED,PRIMARY_RAMP,SECONDARY_RAMP,LATITUDE,LONGITUDE,COUNTY,CITY,POINT_X,POINT_Y
94408661,2024,2024-09-26,9575,2024-09-14,2330,023243,NA,6,3,7,1942,0,1,1,NA,2,052,I-5 S/B (GOLDEN STATE FREEWAY),COHASSET STREET,476,N,N,A,-,Y,LA,NA,5,NA,NA,31.969,H,NA,L,Y,3,0,1,2,A,-,03,22350,NA,N,C,2,A,A,H,-,C,D,0,NA,NA,NA,Y,Y,NA,G,25,0,1,0,0,0,0,0,0,0,-,-,34.207759857177734,-118.34427642822266,LOS ANGELES,LOS ANGELES,-118.34416961669922,34.20781707763672
94408662,2024,2024-09-26,9530,2024-09-17,530,022427,NA,2,3,7,1941,0,1,3,NA,2,320,SR-91 W/B (ARTESIA FREEWAY),ATLANTIC AVE,500,W,N,A,-,Y,LA,NA,91,NA,R,11.999,H,NA,L,Y,3,0,1,2,A,-,03,22350,NA,N,C,C,A,A,H,-,C,D,0,NA,NA,NA,Y,Y,NA,-,-,0,1,0,0,0,0,0,0,0,-,-,33.876949310302734,-118.18791961669922,LOS ANGELES,LONG BEACH,-118.18791961669922,33.87689208984375
94408664,2024,2024-09-26,9575,2024-09-14,1840,022513,NA,6,2,7,1942,0,1,3,NA,2,043,SR-134 W/B (VENTURA FREEWAY),LOS ANGELES RIVER,1584,W,N,A,-,Y,LA,NA,134,NA,R,5.351,H,NA,L,N,4,0,4,3,A,-,03,22350,NA,N,C,C,A,A,H,-,C,D,0,NA,NA,NA,NA,Y,NA,D,22,0,0,4,0,0,0,0,0,0,-,-,34.15401077270508,-118.28508758544922,LOS ANGELES,LOS ANGELES,-118.28509521484376,34.15399932861328
94408679,2024,2024-09-26,9530,2024-09-17,710,018745,NA,2,1,6,1972,0,1,1,NA,2,400,I-405 S/B (SAN DIEGO FREEWAY),ARTESIA BLVD.,1267,S,N,A,-,Y,LA,NA,405,NA,NA,16.326,H,NA,L,Y,4,0,3,3,A,-,08,22107,NA,N,B,C,A,A,H,-,A,D,0,NA,NA,NA,NA,Y,NA,A,01,0,0,3,0,0,0,0,0,0,-,-,33.86977005004883,-118.33998107910156,LOS ANGELES,TORRANCE,-118.34000396728516,33.869754791259766
94408680,2024,2024-09-26,9575,2024-09-15,1640,023134,NA,7,2,9,1900,0,2,4,NA,2,013,PENNSYLVANIA AVE. (4400 BLOCK),FOOTHILL BLVD. (3100 BLOCK),58,S,N,B,-,N,NA,NA,NA,NA,NA,NA,NA,NA,NA,N,4,0,1,2,A,-,21,22106,NA,N,C,C,A,A,H,-,A,A,0,NA,NA,NA,NA,Y,NA,A,01,0,0,1,0,0,0,0,0,0,-,-,34.229278564453125,-118.24864196777344,LOS ANGELES,UNINCORPORATED,-118.24867248535156,34.22941970825195
94408689,2024,2024-09-26,9575,2024-09-16,1238,022469,NA,1,1,6,1912,0,1,1,NA,2,051,I-5 S/B (GOLDEN STATE FREEWAY),BUENA VISTA ST,41,N,N,A,-,Y,LA,NA,5,NA,NA,31.265,H,NA,L,Y,3,0,3,3,A,-,07,21658,A,N,B,C,A,A,H,-,A,D,0,NA,NA,NA,NA,Y,NA,A,01,0,1,2,0,0,0,0,0,0,-,-,34.19878005981445,-118.33805847167967,LOS ANGELES,BURBANK,-118.33794403076172,34.19886016845703
94408699,2024,2024-09-26,9590,2024-09-14,1700,023719,NA,6,2,7,1942,0,1,1,NA,2,013,SR-110 S/B (ASP) FROM AVE 52,AVENUE 52,250,S,N,A,-,Y,LA,NA,110,NA,NA,27.987,H,NA,L,N,3,0,2,2,A,-,03,22350,NA,N,C,C,A,A,H,-,A,D,0,NA,NA,NA,NA,Y,NA,A,07,0,1,1,0,0,0,0,0,0,-,-,34.10292053222656,-118.19751739501952,LOS ANGELES,LOS ANGELES,-118.1974868774414,34.10285568237305
94408702,2024,2024-09-26,9530,2024-09-17,845,023652,NA,2,1,9,1900,0,1,1,NA,2,210,I-105 W/B (GLENN ANDERSON FWY),WILMINGTON AVE.,65,W,N,A,-,Y,LA,NA,105,NA,R,9.777,H,NA,L,Y,3,0,1,3,A,-,07,21658,A,N,B,C,A,A,H,-,A,D,0,NA,NA,Y,NA,Y,NA,A,07,0,1,0,0,0,0,0,0,1,-,-,33.92850112915039,-118.23947143554688,LOS ANGELES,UNINCORPORATED,-118.23947143554688,33.92852020263672
94408704,2024,2024-09-26,9590,2024-09-15,2240,023232,NA,7,3,7,1942,0,1,1,NA,2,050,I-110 N/B (HARBOR FREEWAY),GAGE AVE,575,N,N,A,-,Y,LA,NA,110,NA,NA,17.632,H,NA,R,N,4,0,1,1,C,-,18,NA,NA,N,E,I,A,A,H,-,C,D,0,NA,NA,NA,NA,Y,NA,-,-,0,0,1,0,0,0,0,0,0,-,-,33.98408126831055,-118.280517578125,LOS ANGELES,LOS ANGELES,-118.28041839599608,33.98408126831055
94408716,2024,2024-09-26,9590,2024-09-14,1241,023892,NA,6,1,7,1942,0,1,2,NA,2,073,US-101 S/B (HOLLYWOOD FREEWAY),CAHUENGA BLVD,10,N,N,A,-,Y,LA,NA,101,NA,NA,7.503,H,NA,L,N,3,0,1,2,A,-,08,22107,NA,N,C,C,A,A,H,-,A,D,0,NA,NA,Y,NA,Y,NA,C,02,0,1,0,0,0,0,0,0,1,-,-,34.108089447021484,-118.33109283447266,LOS ANGELES,LOS ANGELES,-118.33112335205078,34.10804748535156
94408739,2024,2024-09-26,9540,2024-09-23,755,019122,NA,1,1,9,1900,0,2,4,NA,1,204,BOUQUET CANYON RD,BLUE CLOUD RD,300,E,N,A,-,N,NA,NA,NA,NA,NA,NA,NA,NA,NA,Y,3,0,1,2,A,-,03,22350,NA,N,C,C,A,A,H,-,A,D,0,NA,NA,NA,NA,Y,NA,A,01,0,1,0,0,0,0,0,0,0,-,-,34.46426010131836,-118.48079681396484,LOS ANGELES,UNINCORPORATED,-118.4818115234375,34.46379470825195
94408765,2024,2024-09-26,9550,2024-09-03,1155,023732,NA,2,1,1,1932,0,1,1,NA,2,650,I-605 S/B,PECK ROAD,30,S,N,A,-,Y,LA,NA,605,NA,R,16.635,H,NA,L,Y,4,0,2,4,A,-,08,22107,NA,N,B,C,A,A,H,-,A,D,0,NA,NA,NA,NA,Y,NA,A,07,0,0,2,0,0,0,0,0,0,-,-,34.0272216796875,-118.03775024414064,LOS ANGELES,INDUSTRY,-118.03780364990234,34.02729034423828
94408811,2024,2024-09-26,9590,2024-09-14,1512,023638,NA,6,2,7,1942,0,1,1,NA,2,081,I-5 S/B (SANTA ANA FREEWAY),4TH STREET,360,N,N,A,-,Y,LA,NA,5,NA,NA,17.645,H,NA,L,Y,3,0,1,3,A,-,03,22350,NA,N,C,C,A,A,H,-,A,D,0,NA,NA,NA,NA,Y,NA,A,07,0,1,0,0,0,0,0,0,0,-,-,34.04397964477539,-118.2165985107422,LOS ANGELES,LOS ANGELES,-118.21661376953124,34.04398727416992
94408826,2024,2024-09-26,9530,2024-09-17,915,023652,NA,2,1,5,1943,0,1,1,NA,2,210,I-105 W/B (GLENN ANDERSON FWY),LONG BEACH BLVD.,1500,E,N,A,-,Y,LA,NA,105,NA,R,11.841,H,NA,L,Y,3,0,1,3,A,-,07,21658,A,N,B,C,A,A,H,-,A,D,0,NA,NA,Y,NA,Y,NA,A,07,0,1,0,0,0,0,0,0,1,-,-,33.92308044433594,-118.20556640625,LOS ANGELES,LYNWOOD,-118.20552825927734,33.92314529418945
94408835,2024,2024-09-26,9565,2024-09-16,1315,023745,NA,1,1,5,1928,0,1,1,NA,2,012,I-105 E/B (CENTURY FWY),CRENSHAW BLVD,400,W,N,A,-,Y,LA,NA,105,NA,R,4.11,H,NA,R,Y,3,0,1,2,A,-,03,22350,NA,N,C,C,A,A,H,-,A,D,0,NA,NA,NA,NA,Y,NA,A,01,0,1,0,0,0,0,0,0,0,-,-,33.92539978027344,-118.33724975585938,LOS ANGELES,HAWTHORNE,-118.33721923828124,33.925453186035156
9440885,2022,2022-05-17,1941,2022-04-10,1348,11568,NA,7,5,7,1941,0,0,0,NA,0,NA,SAN ANTONIO DR,BANNER DR,0,NA,Y,A,-,N,NA,NA,NA,NA,NA,NA,NA,NA,NA,Y,3,0,2,2,A,-,12,22450,A,N,D,C,A,A,-,-,A,A,0,NA,NA,NA,NA,Y,NA,A,NA,0,1,1,0,0,0,0,0,0,-,-,NA,NA,LOS ANGELES,LONG BEACH,-118.1747589111328,33.842411041259766
9440886,2022,2022-05-20,1941,2022-04-10,1435,11525,NA,7,5,7,1941,0,0,0,NA,0,NA,2ND ST,E TIVOLI,350,E,N,A,-,N,NA,NA,NA,NA,NA,NA,NA,NA,NA,N,3,0,1,2,A,-,07,21658,A,N,B,G,A,A,H,-,A,D,0,NA,Y,NA,NA,Y,NA,-,-,0,1,0,0,0,0,1,0,0,-,-,NA,NA,LOS ANGELES,LONG BEACH,-118.12516021728516,33.75726318359375
9440887,2022,2022-05-17,1941,2022-04-14,1523,10845,NA,4,5,7,1941,0,0,0,NA,0,NA,ANAHEIM ST,PETERSON AV,0,NA,Y,A,-,N,NA,NA,NA,NA,NA,NA,NA,NA,NA,N,4,0,1,2,A,-,06,21760,C,N,B,G,A,A,H,-,A,D,0,NA,Y,NA,NA,Y,NA,A,NA,0,0,1,0,0,0,1,0,0,-,-,NA,NA,LOS ANGELES,LONG BEACH,-118.17308807373048,33.78260803222656
9440888,2022,2022-05-16,1941,2022-04-10,2301,11570,NA,7,5,7,1941,0,0,0,NA,0,NA,ANAHEIM,LONG BEACH BL,0,NA,Y,A,-,N,NA,NA,NA,NA,NA,NA,NA,NA,NA,N,3,0,1,2,A,-,11,21456,B,N,G,B,B,A,H,-,C,A,0,Y,NA,NA,NA,Y,NA,N,NA,0,1,0,0,1,0,0,0,0,-,-,NA,NA,LOS ANGELES,LONG BEACH,-118.18949127197266,33.78260803222656
9440889,2022,2022-05-16,1941,2022-04-13,2134,10022,NA,3,5,7,1941,0,0,0,NA,0,NA,1ST ST,ALAMITOS AV,0,NA,Y,A,-,N,NA,NA,NA,NA,NA,NA,NA,NA,NA,N,3,0,1,2,A,-,11,21955,NA,N,D,B,D,A,H,-,C,A,0,Y,NA,NA,NA,Y,NA,N,NA,0,1,0,0,1,0,0,0,0,-,-,NA,NA,LOS ANGELES,LONG BEACH,-118.1825942993164,33.76752471923828
9440890,2022,2022-05-17,1941,2022-04-14,0744,10549,NA,4,5,7,1941,0,0,0,NA,0,NA,LONG BEACH BL,ARTESIA BL,0,NA,Y,A,-,N,NA,NA,NA,NA,NA,NA,NA,NA,NA,Y,3,0,2,2,A,-,08,22107,NA,N,D,C,A,A,H,-,A,A,0,NA,NA,NA,NA,Y,NA,A,NA,0,1,1,0,0,0,0,0,0,-,-,NA,NA,LOS ANGELES,LONG BEACH,-118.20278930664064,33.87436294555664
94408900,2024,2024-09-26,9565,2024-09-16,1000,023741,NA,1,1,9,1900,0,3,5,NA,2,003,ANGELES VISTA BLVD,MARBURN AVENUE,50,S,N,A,-,N,NA,NA,NA,NA,NA,NA,NA,NA,NA,Y,3,0,1,2,A,-,03,22350,NA,N,C,C,A,A,H,-,A,D,0,NA,NA,NA,NA,Y,NA,A,07,0,1,0,0,0,0,0,0,0,-,-,33.991790771484375,-118.34941864013672,LOS ANGELES,UNINCORPORATED,-118.34918975830078,33.991878509521484
9440891,2022,2022-05-16,1941,2022-04-09,2008,11082,NA,6,5,7,1941,0,0,0,NA,0,NA,ATLANTIC AV,19TH ST,16,N,N,A,-,N,NA,NA,NA,NA,NA,NA,NA,NA,NA,Y,3,0,1,1,D,-,00,NA,NA,N,E,I,A,A,H,-,C,D,0,NA,NA,NA,NA,Y,Y,-,-,0,1,0,0,0,0,0,0,0,-,-,NA,NA,LOS ANGELES,LONG BEACH,-118.18504333496094,33.79173278808594
9440892,2022,2022-05-17,1941,2022-04-15,0838,11093,NA,5,5,7,1941,0,0,0,NA,0,NA,ARTESIA BL,ORIZABA AV,0,NA,Y,A,-,N,NA,NA,NA,NA,NA,NA,NA,NA,NA,Y,4,0,2,2,A,-,12,21453,A,N,D,D,A,A,H,-,A,D,0,NA,NA,NA,NA,Y,NA,A,NA,0,0,2,0,0,0,0,0,0,-,-,NA,NA,LOS ANGELES,LONG BEACH,-118.15784454345705,33.87474822998047
9440893,2022,2022-05-20,1941,2022-04-15,1902,11223,NA,5,5,7,1941,0,0,0,NA,0,NA,ARTESIA BL,SUSANA RD,0,NA,Y,A,-,N,NA,NA,NA,NA,NA,NA,NA,NA,NA,N,4,0,1,2,D,-,00,NA,NA,N,D,C,A,A,H,-,B,A,0,NA,NA,NA,NA,Y,NA,-,-,0,0,1,0,0,0,0,0,0,-,-,NA,NA,LOS ANGELES,LONG BEACH,-118.20716857910156,33.87419128417969
9440894,2022,2022-06-15,1941,2022-04-17,0621,11562,NA,7,5,7,1941,0,0,0,NA,0,NA,ATLANTIC AV,45TH ST,0,NA,Y,A,-,N,NA,NA,NA,NA,NA,NA,NA,NA,NA,Y,4,0,1,1,A,-,03,22350,NA,N,A,-,A,A,H,-,A,D,0,NA,NA,NA,NA,Y,NA,A,NA,0,0,1,0,0,0,0,0,0,-,-,NA,NA,LOS ANGELES,LONG BEACH,-118.18524169921876,33.839874267578125
9440895,2022,2022-05-17,1941,2022-04-10,0120,11359,NA,7,5,7,1941,0,0,0,NA,0,NA,OCEAN BL,CHERRY AV,0,NA,Y,A,-,N,NA,NA,NA,NA,NA,NA,NA,NA,NA,Y,4,0,1,2,A,-,12,21453,A,F,B,C,A,A,H,-,C,A,0,NA,NA,NA,NA,Y,Y,A,NA,0,0,1,0,0,0,0,0,0,-,-,NA,NA,LOS ANGELES,LONG BEACH,-118.16842651367188,33.76450729370117
94408951,2024,2024-09-26,9575,2024-09-18,2131,022939,NA,3,2,6,1953,0,1,1,NA,2,065,I-210 W/B (FOOTHILL FREEWAY),SIERRA MADRE VILLA AVENUE,1000,W,N,A,-,Y,LA,NA,210,NA,R,29.087,H,NA,L,Y,3,0,4,1,A,-,08,22107,NA,N,E,I,A,A,H,-,C,D,0,NA,NA,NA,NA,Y,NA,A,01,0,1,3,0,0,0,0,0,0,-,-,34.14841842651367,-118.08566284179688,LOS ANGELES,PASADENA,-118.08560943603516,34.14850997924805
94408957,2024,2024-09-26,9580,2024-09-20,835,023836,NA,5,1,7,1942,0,1,1,NA,2,407,I-405 S/B (SAN DIEGO FWY),NORDHOFF ST,2640,N,N,A,-,Y,LA,NA,405,NA,NA,45.301,H,NA,L,Y,4,0,2,3,A,-,07,21658,A,N,C,2,A,A,H,-,A,D,0,NA,NA,NA,NA,Y,NA,A,01,0,0,2,0,0,0,0,0,0,-,-,34.243560791015625,-118.47303771972656,LOS ANGELES,LOS ANGELES,-118.4730987548828,34.243560791015625
9440896,2022,2022-05-16,1941,2022-04-01,1631,11082,NA,5,5,7,1941,0,0,0,NA,0,NA,ANAHEIM ST,ANAHEIM ST 1199,0,NA,-,A,-,N,NA,NA,NA,NA,NA,NA,NA,NA,NA,N,3,0,1,2,A,-,03,22350,NA,N,H,B,E,A,H,-,A,D,0,Y,NA,NA,NA,Y,NA,D,NA,0,1,0,0,1,0,0,0,0,-,-,NA,NA,LOS ANGELES,LONG BEACH,-118.19239044189452,33.782596588134766
94408970,2024,2024-09-26,9580,2024-09-24,1527,023395,NA,2,2,7,1942,0,1,2,NA,2,102,US-101 N/B (VENTURA FREEWAY),SEPULVEDA BLVD,2112,S,N,A,-,Y,LA,NA,101,NA,NA,16.465,H,NA,R,N,4,0,2,2,A,-,03,22350,NA,N,C,C,A,A,H,-,A,D,0,NA,NA,NA,NA,Y,NA,D,22,0,0,2,0,0,0,0,0,0,-,-,34.15879821777344,-118.45784759521484,LOS ANGELES,LOS ANGELES,-118.45787048339844,34.15875244140625
9440901,2022,2022-05-18,1941,2022-04-02,2323,11358,NA,6,5,7,1941,0,0,0,NA,0,NA,SHORELINE DR,RT 710,0,NA,-,A,-,N,NA,NA,NA,NA,NA,NA,NA,NA,NA,Y,3,0,3,2,A,-,03,22350,NA,N,A,C,A,A,H,-,C,D,0,NA,NA,NA,NA,Y,NA,A,NA,0,1,2,0,0,0,0,0,0,-,-,NA,NA,LOS ANGELES,LONG BEACH,NA,NA
9440902,2022,2022-05-12,1941,2022-04-05,0554,11202,NA,2,5,7,1941,0,0,0,NA,0,NA,10TH ST,GAVIOTA,0,NA,Y,B,-,N,NA,NA,NA,NA,NA,NA,NA,NA,NA,N,3,0,3,2,A,-,09,21801,A,N,D,C,A,A,H,-,C,D,0,NA,NA,NA,NA,Y,NA,-,NA,0,1,2,0,0,0,0,0,0,-,-,NA,NA,LOS ANGELES,LONG BEACH,-118.1709442138672,33.778953552246094
94409030,2024,2024-09-26,9590,2024-09-17,2143,021122,NA,2,2,7,1942,0,1,2,NA,2,071,US-101 S/B (HOLLYWOOD FREEWAY) (HOF),EDGEWARE ROAD,100,N,N,A,-,Y,LA,NA,101,NA,NA,2.095,H,NA,L,N,4,0,3,2,A,-,07,21658,A,F,B,C,A,A,H,-,C,D,0,NA,NA,NA,NA,Y,NA,-,99,0,0,3,0,0,0,0,0,0,-,-,34.06721878051758,-118.25478363037108,LOS ANGELES,LOS ANGELES,-118.25480651855467,34.06718063354492
9440904,2022,2022-05-12,1941,2022-04-19,1013,5968,NA,2,5,7,1941,0,0,0,NA,0,NA,ATLANTIC AV,7TH ST,0,NA,Y,A,-,N,NA,NA,NA,NA,NA,NA,NA,NA,NA,Y,4,0,1,2,A,-,12,21453,NA,N,D,C,A,A,H,-,A,A,0,NA,NA,NA,NA,Y,NA,-,NA,0,0,1,0,0,0,0,0,0,-,-,NA,NA,LOS ANGELES,LONG BEACH,-118.18505096435548,33.77534484863281
94409067,2024,2024-09-26,9540,2024-09-24,1400,018037,NA,2,2,7,1942,0,1,1,NA,2,213,I-210 E/B TO ROXFORD ST,ROXFORD ST.,49,W,N,A,-,Y,NA,NA,NA,NA,NA,NA,NA,NA,NA,N,3,0,1,2,A,-,21,22106,NA,N,C,C,A,A,H,-,A,A,0,NA,NA,NA,NA,Y,NA,A,07,0,1,0,0,0,0,0,0,0,-,-,34.32331848144531,-118.46057891845705,LOS ANGELES,LOS ANGELES,-118.46044158935548,34.32358169555664
9440909,2022,2022-05-12,1900,2022-04-06,1743,476466,0631,3,5,6,1985,0,0,0,NA,0,61T1,SIERRA HWY,SKYLINE RANCH RD,0,NA,Y,A,-,N,NA,NA,NA,NA,NA,NA,NA,NA,NA,Y,3,0,2,2,A,-,12,21453,A,N,D,C,A,A,H,-,A,A,0,NA,NA,NA,NA,Y,NA,A,01,0,1,1,0,0,0,0,0,0,-,-,34.4268684387207,-118.4473114013672,LOS ANGELES,SANTA CLARITA,-118.44741058349608,34.42677307128906
9440910,2022,2022-05-12,1900,2022-04-10,1420,623588,0626,7,5,6,1985,0,0,0,NA,0,64T1,RAILROAD AV,OAK RIDGE DR,0,NA,Y,A,-,N,NA,NA,NA,NA,NA,NA,NA,NA,NA,N,4,0,1,2,A,-,12,21453,A,N,D,G,A,A,H,-,A,A,0,NA,Y,NA,NA,Y,NA,L,04,0,0,1,0,0,0,1,0,0,-,-,34.400550842285156,-118.53855895996094,LOS ANGELES,SANTA CLARITA,-118.53854370117188,34.40052795410156
94409133,2024,2024-09-26,9530,2024-09-06,2040,023862,NA,5,2,7,1942,0,1,1,NA,2,120,I-110 S/B (HARBOR FREEWAY),HARRY BRIDGES BLVD,650,S,N,A,-,Y,LA,NA,110,NA,NA,2.619,H,NA,L,Y,3,0,1,2,A,-,03,22350,NA,N,C,C,A,A,H,-,D,D,0,NA,NA,NA,Y,Y,NA,A,01,0,1,0,0,0,0,0,0,0,-,-,33.76972961425781,-118.28090667724608,LOS ANGELES,LOS ANGELES,-118.28085327148438,33.769710540771484
94409168,2024,2024-09-26,9530,2024-09-06,850,023672,NA,5,1,7,1942,0,1,1,NA,2,200,I-105 E/B TO I-110 S/B,VERMONT AVE.,100,E,N,A,-,Y,LA,NA,105,NA,R,6.827,H,NA,L,Y,3,0,1,2,A,-,07,21658,A,N,C,C,A,A,H,-,A,D,0,NA,NA,Y,NA,Y,NA,A,01,0,1,0,0,0,0,0,0,1,-,-,33.92885971069336,-118.29054260253906,LOS ANGELES,LOS ANGELES,-118.29054260253906,33.928890228271484
94409172,2024,2024-09-26,9530,2024-09-06,745,023562,NA,5,1,9,1900,0,3,5,NA,2,002,EL SEGUNDO BLVD.,ALAMEDA ST.,0,NA,Y,A,-,N,NA,NA,NA,NA,NA,NA,NA,NA,NA,N,4,0,2,2,A,-,09,21801,A,N,D,C,A,A,H,-,A,D,0,NA,NA,NA,NA,Y,NA,A,01,0,0,2,0,0,0,0,0,0,-,-,33.91624069213867,-118.22360229492188,LOS ANGELES,UNINCORPORATED,-118.22357940673828,33.916175842285156
94409184,2024,2024-09-26,9530,2024-09-06,745,023720,NA,5,1,7,1941,0,1,1,NA,2,072,I-710 N/B TO I-405 N/B,I-405,100,N,N,A,-,Y,LA,NA,710,NA,NA,9.444,H,NA,R,N,4,0,1,2,A,-,03,22350,NA,N,C,C,A,A,H,-,A,D,0,NA,NA,NA,NA,Y,NA,A,07,0,0,1,0,0,0,0,0,0,-,-,33.82701873779297,-118.20733642578124,LOS ANGELES,LONG BEACH,-118.20752716064452,33.82698059082031
94409186,2024,2024-09-26,9565,2024-09-15,2350,023626,NA,7,3,9,1900,0,2,4,NA,2,022,NORMANDIE AVE,IMPERIAL HWY,40,N,N,A,-,N,NA,NA,NA,NA,NA,NA,NA,NA,NA,N,3,0,1,2,A,-,03,22350,NA,N,D,C,A,A,H,-,C,D,0,NA,NA,NA,NA,Y,NA,A,01,0,1,0,0,0,0,0,0,0,-,-,33.931278228759766,-118.30026245117188,LOS ANGELES,UNINCORPORATED,-118.30032348632813,33.9310302734375
94409188,2024,2024-09-26,9580,2024-06-19,350,021475,NA,3,3,7,1942,0,1,2,NA,2,104,US-101 N/B (VENTURA FREEWAY),CANOGA AVENUE,324,S,N,A,-,Y,LA,NA,101,NA,NA,24.809,H,NA,R,Y,1,1,3,12,C,-,18,NA,NA,M,C,2,A,A,H,-,D,D,0,NA,NA,Y,Y,Y,NA,-,-,0,0,3,0,0,0,0,1,0,-,-,34.16946029663086,-118.5965576171875,LOS ANGELES,LOS ANGELES,-118.59657287597656,34.16941452026367
94409190,2024,2024-09-26,9540,2024-09-23,1605,023613,NA,1,2,9,1900,0,2,4,NA,1,201,S/B SIERRA HIGHWAY,ROZICH RD,75,S,N,A,-,N,NA,NA,NA,NA,NA,NA,NA,NA,NA,Y,4,0,1,3,A,-,05,21651,A,N,C,C,A,A,H,-,A,D,0,NA,NA,NA,NA,Y,NA,D,22,0,0,1,0,0,0,0,0,0,-,-,34.512229919433594,-118.34223175048828,LOS ANGELES,UNINCORPORATED,-118.3421630859375,34.51222229003906
94409207,2024,2025-01-23,9530,2024-09-05,712,023562,NA,4,1,9,1900,0,3,5,NA,2,006,209TH ST.,ROYAL ST,25,W,N,A,-,N,NA,NA,NA,NA,NA,NA,NA,NA,NA,N,3,0,1,2,A,-,10,21954,B,N,G,B,D,A,H,-,A,D,0,Y,NA,NA,NA,Y,NA,A,08,0,1,0,0,1,0,0,0,0,-,-,33.84059143066406,-118.29495239257813,LOS ANGELES,UNINCORPORATED,-118.29491424560548,33.840579986572266
94409210,2024,2024-09-26,9590,2024-09-18,2056,023162,NA,3,2,7,1942,0,1,1,NA,2,050,I-110 N/B (HARBOR FREEWAY),CENTURY BOULEVARD,200,N,N,A,-,Y,LA,NA,110,NA,NA,15.01,H,NA,R,N,4,0,4,2,A,-,03,22350,NA,N,C,C,A,A,H,-,D,D,0,NA,NA,NA,NA,Y,NA,A,01,0,0,4,0,0,0,0,0,0,-,-,33.94601821899414,-118.27953338623048,LOS ANGELES,LOS ANGELES,-118.27951049804688,33.94601821899414
94409228,2024,2024-09-26,9540,2024-09-20,1230,023847,NA,5,1,7,1942,0,1,1,NA,1,502,I-5 N/B (GOLDEN STATE FREEWAY),BALBOA BLVD,90,N,N,A,-,Y,LA,NA,5,NA,R,44.452,H,NA,R,N,4,0,1,2,D,-,00,NA,NA,N,B,C,A,A,H,-,A,D,0,NA,NA,NA,NA,Y,NA,-,-,0,0,1,0,0,0,0,0,0,-,-,34.3212890625,-118.49643707275392,LOS ANGELES,LOS ANGELES,-118.49646759033205,34.321258544921875
94409234,2024,2024-09-26,9590,2024-09-18,1950,023970,NA,3,2,7,1942,0,1,2,NA,2,071,US-101 S/B (SANTA ANA FREEWAY),CENTER ST,300,N,N,A,-,Y,LA,NA,101,NA,NA,0.39,H,NA,L,N,3,0,1,2,A,-,03,22350,NA,F,C,C,A,A,H,-,C,D,0,NA,NA,NA,NA,Y,NA,A,01,0,1,0,0,0,0,0,0,0,-,-,34.05352020263672,-118.23248291015624,LOS ANGELES,LOS ANGELES,-118.23248291015624,34.053524017333984
94409248,2024,2024-09-26,9540,2024-09-16,1745,022492,NA,1,2,9,1900,0,3,5,NA,2,200,8133 ESCONDIDO CANYON RD,KINGBIRD WAY,180,N,N,A,-,N,NA,NA,NA,NA,NA,NA,NA,NA,NA,N,4,0,2,2,A,-,06,21750,NA,N,D,2,A,A,H,-,A,D,0,NA,NA,NA,NA,Y,NA,A,07,0,0,2,0,0,0,0,0,0,-,-,34.493499755859375,-118.27522277832033,LOS ANGELES,UNINCORPORATED,-118.2783660888672,34.49235153198242
94409256,2024,2024-09-26,9540,2024-09-15,1200,021374,NA,7,1,9,1900,0,2,4,NA,1,104,SAN FRANCISQUITO CANYON RD,STATOR LN,2640,S,N,A,-,N,NA,NA,NA,NA,NA,NA,NA,NA,NA,N,3,0,1,2,A,-,03,22350,NA,N,B,C,A,A,H,-,A,D,0,NA,NA,Y,NA,Y,NA,C,02,0,1,0,0,0,0,0,0,1,-,-,34.5325813293457,-118.52893829345705,LOS ANGELES,UNINCORPORATED,-118.52847290039064,34.53190612792969