CASE_ID,ACCIDENT_YEAR,PROC_DATE,JURIS,COLLISION_DATE,COLLISION_TIME,OFFICER_ID,REPORTING_DISTRICT,DAY_OF_WEEK,CHP_SHIFT,POPULATION,CNTY_CITY_LOC,SPECIAL_COND,BEAT_TYPE,CHP_BEAT_TYPE,CITY_DIVISION_LAPD,CHP_BEAT_CLASS,BEAT_NUMBER,PRIMARY_RD,SECONDARY_RD,DISTANCE,DIRECTION,INTERSECTION,WEATHER_1,WEATHER_2,STATE_HWY_IND,CALTRANS_COUNTY,CALTRANS_DISTRICT,STATE_ROUTE,ROUTE_SUFFIX,POSTMILE_PREFIX,POSTMILE,LOCATION_TYPE,RAMP_INTERSECTION,SIDE_OF_HWY,TOW_AWAY,COLLISION_SEVERITY,NUMBER_KILLED,NUMBER_INJURED,PARTY_COUNT,PRIMARY_COLL_FACTOR,PCF_CODE_OF_VIOL,PCF_VIOL_CATEGORY,PCF_VIOLATION,PCF_VIOL_SUBSECTION,HIT_AND_RUN,TYPE_OF_COLLISION,MVIW,PED_ACTION,ROAD_SURFACE,ROAD_COND_1,ROAD_COND_2,LIGHTING,CONTROL_DEVICE,CHP_ROAD_TYPE,PEDESTRIAN_ACCIDENT,BICYCLE_ACCIDENT,MOTORCYCLE_ACCIDENT,TRUCK_ACCIDENT,NOT_PRIVATE_PROPERTY,ALCOHOL_INVOLVED,STWD_VEHTYPE_AT_FAULT,CHP_VEHTYPE_AT_FAULT,COUNT_SEVERE_INJ,COUNT_VISIBLE_INJ,COUNT_COMPLAINT_PAIN,COUNT_PED_KILLED,COUNT_PED_INJURED,COUNT_BICYCLIST_KILLED,COUNT_BICYCLIST_INJURED,COUNT_MC_KILLED,COUNT_MC_INJURED,PRIMARY_RAMP,SECONDARY_RAMP,LATITUDE,LONGITUDE,COUNTY,CITY,POINT_X,POINT_Y
9441003,2022,2022-05-10,1900,2022-03-31,1646,6LIR295,0644,4,5,6,1985,0,0,0,NA,0,64T1,MCBEAN PKWY,BRIDGEPORT LN,280,S,N,A,-,N,NA,NA,NA,NA,NA,NA,NA,NA,NA,N,4,0,1,2,A,-,07,21658,A,N,B,C,A,A,H,-,A,D,0,NA,NA,NA,NA,Y,Y,A,01,0,0,1,0,0,0,0,0,0,-,-,NA,NA,LOS ANGELES,SANTA CLARITA,-118.56157684326172,34.426795959472656
94410039,2024,2024-09-26,9550,2024-09-14,1440,023782,NA,6,2,9,1900,0,2,4,NA,1,022,LEFFINGWELL ROAD WB,LA MIRADA BOULEVARD,20,E,N,A,-,N,NA,NA,NA,NA,NA,NA,NA,NA,NA,N,4,0,1,2,A,-,03,22350,NA,N,C,C,A,A,H,-,A,A,0,NA,NA,NA,NA,Y,NA,D,22,0,0,1,0,0,0,0,0,0,-,-,33.92695999145508,-118.01161956787108,LOS ANGELES,UNINCORPORATED,-118.0119171142578,33.926753997802734
9441004,2022,2022-05-10,1900,2022-03-31,1300,652853,0617,4,5,6,1985,0,0,0,NA,0,61T1,VIA PRINCESSA,SIERRA HWY,0,NA,Y,A,-,N,NA,NA,NA,NA,NA,NA,NA,NA,NA,N,4,0,1,2,A,-,10,21950,A,N,D,G,A,A,H,-,A,A,0,NA,Y,NA,NA,Y,NA,A,01,0,0,1,0,0,0,1,0,0,-,-,34.405391693115234,-118.4647979736328,LOS ANGELES,SANTA CLARITA,-118.46492767333984,34.40562438964844
9441005,2022,2022-05-10,1900,2022-03-22,1530,508705,0623,2,5,6,1985,0,0,0,NA,0,62T1,TOURNAMENT RD,GOLF VIEW DR,680,N,N,A,-,N,NA,NA,NA,NA,NA,NA,NA,NA,NA,Y,4,0,1,1,A,-,03,22350,NA,N,E,I,A,A,H,-,A,D,0,NA,NA,NA,NA,Y,NA,A,07,0,0,1,0,0,0,0,0,0,-,-,34.39263916015625,-118.5634765625,LOS ANGELES,SANTA CLARITA,-118.56357574462892,34.39255142211914
9441006,2022,2022-05-12,1900,2022-03-24,1610,480768,0616,4,5,6,1985,0,0,0,NA,0,63T1,MCKEON WY,GOLDEN VALLEY RD,352,W,N,A,-,N,NA,NA,NA,NA,NA,NA,NA,NA,NA,N,4,0,1,2,A,-,09,21804,A,N,D,C,A,A,H,-,A,A,0,NA,NA,NA,NA,Y,NA,A,07,0,0,1,0,0,0,0,0,0,-,-,34.41667938232422,-118.50382232666016,LOS ANGELES,SANTA CLARITA,-118.50376129150392,34.416778564453125
9441007,2022,2022-05-09,1900,2022-03-30,1320,652853,0622,3,5,6,1985,0,0,0,NA,0,062,RAILROAD AV,OAK RIDGE DR,880,S,N,A,-,N,NA,NA,NA,NA,NA,NA,NA,NA,NA,Y,2,0,1,1,A,-,08,22107,NA,N,E,I,A,A,H,-,A,D,0,NA,NA,NA,NA,Y,NA,A,07,1,0,0,0,0,0,0,0,0,-,-,34.39799880981445,-118.53871917724608,LOS ANGELES,SANTA CLARITA,-118.53824615478516,34.398136138916016
9441008,2022,2022-05-10,1906,2022-03-28,1622,4422,NA,1,5,5,1906,0,0,0,NA,0,003,FRANCISQUITO,PUENTE AV,32,W,N,C,-,N,NA,NA,NA,NA,NA,NA,NA,NA,NA,N,4,0,1,2,A,-,03,22350,NA,N,C,C,A,B,H,-,A,A,0,NA,NA,NA,NA,Y,NA,A,01,0,0,1,0,0,0,0,0,0,-,-,NA,NA,LOS ANGELES,BALDWIN PARK,-117.96843719482422,34.064395904541016
94410086,2024,2024-09-26,9535,2024-09-17,715,021371,NA,2,1,5,1952,0,1,1,NA,2,101,I-105 W/B (CENTURY FREEWAY),GARFIELD AVE,200,W,N,A,-,Y,LA,NA,105,NA,R,14.078,H,NA,L,Y,4,0,3,2,A,-,03,22350,NA,N,C,C,A,A,H,-,A,D,0,NA,NA,NA,Y,Y,NA,F,26,0,0,3,0,0,0,0,0,0,-,-,33.911190032958984,-118.16976165771484,LOS ANGELES,PARAMOUNT,-118.16976165771484,33.9112663269043
9441009,2022,2022-05-10,1906,2022-03-21,1123,2872,NA,1,5,5,1906,0,0,0,NA,0,003,PUENTE AV,MERCED AV,15,S,N,A,-,N,NA,NA,NA,NA,NA,NA,NA,NA,NA,N,4,0,2,2,A,-,03,22350,NA,N,C,C,A,A,H,-,A,A,0,NA,NA,NA,NA,Y,NA,A,07,0,0,2,0,0,0,0,0,0,-,-,NA,NA,LOS ANGELES,BALDWIN PARK,-117.96036529541016,34.07175064086914
94410091,2024,2024-09-26,9535,2024-09-17,2231,022214,NA,2,3,3,1914,0,1,1,NA,2,500,I-5 (SANTA ANA FREEWAY) N/B,SLAUSON AVE.,50,S,N,A,-,Y,LA,NA,5,NA,NA,9.736,H,NA,R,N,4,0,1,2,A,-,03,22350,NA,N,C,C,A,A,H,-,D,D,0,NA,NA,NA,NA,Y,NA,A,01,0,0,1,0,0,0,0,0,0,-,-,33.97481918334961,-118.1245574951172,LOS ANGELES,COMMERCE,-118.12449645996094,33.974853515625
94410100,2024,2024-09-26,9535,2024-09-17,1730,022342,NA,2,2,4,1907,0,1,1,NA,2,073,I-710 (LONG BEACH FREEWAY) S/B,SLAUSON AVE,500,N,N,A,-,Y,LA,NA,710,NA,NA,21.378,H,NA,L,N,3,0,1,2,A,-,03,22350,NA,N,C,C,A,A,H,-,B,D,0,NA,NA,NA,NA,Y,NA,A,01,0,1,0,0,0,0,0,0,0,-,-,33.990840911865234,-118.1734619140625,LOS ANGELES,BELL,-118.17345428466795,33.9908447265625
94410114,2024,2024-09-27,9535,2024-09-15,1918,023704,NA,7,2,9,1900,0,2,4,NA,2,016,1ST ST (3600 BLOCK),TOWNSEND AVE,40,W,N,A,-,N,NA,NA,NA,NA,NA,NA,NA,NA,NA,Y,3,0,2,2,A,-,01,23152,A,N,C,E,A,A,H,-,C,D,0,NA,NA,NA,NA,Y,Y,A,01,0,2,0,0,0,0,0,0,0,-,-,34.03607940673828,-118.18833923339844,LOS ANGELES,UNINCORPORATED,-118.18826293945313,34.03600311279297
94410125,2024,2024-09-27,9550,2024-09-20,1555,019321,NA,5,2,9,1900,0,1,3,NA,2,600,SR-60 W/B,CROSSROADS PARKWAY,300,E,N,A,-,Y,LA,NA,60,NA,NA,12.696,H,NA,L,N,4,0,2,2,A,-,03,22350,NA,N,C,C,A,A,H,-,A,D,0,NA,NA,NA,NA,Y,NA,A,01,0,0,2,0,0,0,0,0,0,-,-,34.029258728027344,-118.01136779785156,LOS ANGELES,UNINCORPORATED,-118.01136779785156,34.029205322265625
94410129,2024,2024-09-27,9550,2024-09-20,1845,022909,NA,5,2,5,1935,0,1,1,NA,2,652,I-605 NB,CARSON ST,1700,N,N,A,-,Y,LA,NA,605,NA,R,2.093,H,NA,R,Y,3,0,1,2,A,-,07,21658,A,N,B,C,A,A,H,-,B,D,0,NA,NA,Y,NA,Y,NA,C,02,0,1,0,0,0,0,0,0,1,-,-,33.835819244384766,-118.0864486694336,LOS ANGELES,LAKEWOOD,-118.08644104003906,33.83582305908203
9441013,2022,2022-05-11,1942,2022-03-17,1505,33122,1363,4,5,7,1942,0,0,0,M,0,24MQ48,52ND ST,WADSWORTH AV,0,NA,Y,A,-,N,NA,NA,NA,NA,NA,NA,NA,NA,NA,Y,3,0,1,6,A,-,09,21802,A,F,D,C,A,A,H,-,A,A,0,NA,NA,NA,NA,Y,NA,-,99,0,1,0,0,0,0,0,0,0,-,-,NA,NA,LOS ANGELES,LOS ANGELES,-118.25865936279295,33.99580764770508
94410132,2024,2024-09-27,9535,2024-09-14,1650,023635,NA,6,2,9,1900,0,1,1,NA,2,651,I-605 S/B (SAN GABRIEL FREEWAY),SR-60  (POMONA FREEWAY),3045,N,N,A,-,Y,LA,NA,605,NA,R,17.985,H,NA,L,Y,4,0,1,3,A,-,03,22350,NA,N,C,C,A,A,H,-,A,D,0,NA,NA,Y,NA,Y,NA,C,02,0,0,1,0,0,0,0,0,0,-,-,34.039459228515625,-118.01930236816406,LOS ANGELES,UNINCORPORATED,-118.01925659179688,34.03937911987305
94410136,2024,2024-09-27,9535,2024-09-18,918,016869,NA,3,1,9,1900,0,3,5,NA,2,002,UNION PACIFIC AVE (4300 BLOCK),DOWNEY RD,10,E,N,A,-,N,NA,NA,NA,NA,NA,NA,NA,NA,NA,Y,4,0,1,2,A,-,09,21453,B,N,D,C,A,A,H,-,A,A,0,NA,NA,NA,NA,Y,NA,A,08,0,0,1,0,0,0,0,0,0,-,-,34.01655960083008,-118.17991638183594,LOS ANGELES,UNINCORPORATED,-118.18003845214844,34.016571044921875
94410137,2024,2024-09-27,9535,2024-09-18,745,020340,NA,3,1,5,1948,0,1,3,NA,2,621,STATE ROUTE 60,SAN GABRIEL BOULEVARD,200,W,N,A,-,Y,LA,NA,60,NA,R,8.396,H,NA,R,N,4,0,3,3,A,-,03,22350,NA,N,C,C,A,A,H,-,A,D,0,NA,NA,NA,NA,Y,NA,A,01,0,0,3,0,0,0,0,0,0,-,-,34.038631439208984,-118.0831298828125,LOS ANGELES,MONTEREY PARK,-118.08307647705078,34.038516998291016
94410142,2024,2024-09-27,9550,2024-09-18,2000,022909,NA,3,2,6,1920,0,1,1,NA,2,150,I-105 WB,CLARK AVE,375,E,N,A,-,Y,LA,NA,105,NA,R,16.214,H,NA,L,Y,4,0,2,2,A,-,08,22107,NA,N,C,C,A,A,H,-,C,D,0,NA,NA,NA,NA,Y,NA,A,07,0,0,2,0,0,0,0,0,0,-,-,33.9133415222168,-118.13278198242188,LOS ANGELES,DOWNEY,-118.13278198242188,33.91324996948242
94410144,2024,2024-09-27,9565,2024-09-14,1325,023823,NA,6,1,9,1900,0,1,1,NA,2,060,I-405 NORTHBOUND,IMPERIAL HIGHWAY,100,N,N,A,-,Y,LA,NA,405,NA,R,21.262,H,NA,R,N,4,0,1,3,A,-,03,22350,NA,N,C,2,A,A,H,-,A,D,0,NA,NA,NA,NA,Y,NA,A,01,0,0,1,0,0,0,0,0,0,-,-,33.93132019042969,-118.36824798583984,LOS ANGELES,UNINCORPORATED,-118.36826324462892,33.93132019042969
9441045,2022,2022-05-17,1942,2022-04-12,1030,40024,1352,2,5,7,1942,0,0,0,M,0,24MQ53,MAIN ST,47TH ST,0,NA,Y,A,-,N,NA,NA,NA,NA,NA,NA,NA,NA,NA,Y,3,0,4,2,A,-,09,21800,D,N,D,C,A,A,H,-,A,B,0,NA,NA,NA,NA,Y,NA,A,01,0,1,3,0,0,0,0,0,0,-,-,NA,NA,LOS ANGELES,LOS ANGELES,-118.27397918701172,34.00103759765625
9441046,2022,2022-05-17,1942,2022-04-18,1910,41068,1313,1,5,7,1942,0,0,0,M,0,24T31,16TH ST,SAN PEDRO AV,0,NA,Y,A,-,N,NA,NA,NA,NA,NA,NA,NA,NA,NA,N,4,0,1,2,A,-,12,21453,A,F,D,G,A,A,H,-,A,D,0,NA,Y,NA,NA,Y,NA,-,-,0,0,1,0,0,0,1,0,0,-,-,NA,NA,LOS ANGELES,LOS ANGELES,-118.25595092773438,34.02987289428711
94410465,2024,2024-09-27,9590,2024-09-14,1341,023162,NA,6,1,7,1942,0,1,2,NA,2,070,US-101 N/B (HOLLYWOOD FREEWAY),GLENDALE BOULEVARD,400,S,N,A,-,Y,LA,NA,101,NA,NA,2.482,H,NA,R,N,4,0,2,2,A,-,03,22350,NA,N,C,C,A,A,H,-,A,D,0,NA,NA,NA,NA,Y,NA,A,01,0,0,2,0,0,0,0,0,0,-,-,34.06972122192383,-118.26084136962892,LOS ANGELES,LOS ANGELES,-118.2608642578125,34.069664001464844
94410467,2024,2024-09-27,9530,2024-09-18,1743,023824,NA,3,2,5,1943,0,1,1,NA,2,210,I-105 W/B (GLENN ANDERSON FWY),ATLANTIC AVE.,1000,W,N,A,-,Y,LA,NA,105,NA,R,12.685,H,NA,L,Y,4,0,1,2,A,-,03,22350,NA,N,C,C,A,A,H,-,A,D,0,NA,NA,NA,NA,Y,NA,A,07,0,0,1,0,0,0,0,0,0,-,-,33.9173583984375,-118.19257354736328,LOS ANGELES,LYNWOOD,-118.19252777099608,33.91743087768555
9441047,2022,2022-05-17,1942,2022-04-12,0125,44649,1395,2,5,7,1942,0,0,0,M,0,13A13,SOUTH CENTRAL,68TH ST,10,N,N,A,-,N,NA,NA,NA,NA,NA,NA,NA,NA,NA,N,2,0,1,2,D,-,00,NA,NA,F,G,D,D,A,H,-,C,-,0,Y,NA,NA,NA,Y,Y,-,-,1,0,0,0,1,0,0,0,0,-,-,NA,NA,LOS ANGELES,LOS ANGELES,-118.2564697265625,33.97842788696289
9441048,2022,2022-05-17,1942,2022-04-11,1530,402785,1381,1,5,7,1942,0,0,0,M,0,24TL52,BROADWAY,59TH PL,0,NA,Y,A,-,N,NA,NA,NA,NA,NA,NA,NA,NA,NA,Y,4,0,5,3,A,-,09,21801,A,N,D,C,A,A,H,-,A,D,0,NA,NA,NA,NA,Y,NA,A,01,0,0,5,0,0,0,0,0,0,-,-,NA,NA,LOS ANGELES,LOS ANGELES,-118.27828979492188,33.98599624633789
9441049,2022,2022-05-17,1942,2022-04-09,2335,37540,1134,6,5,7,1942,0,0,0,K,0,24T33,EAGLE ROCK BL,AVENUE 36,16,W,N,A,-,N,NA,NA,NA,NA,NA,NA,NA,NA,NA,Y,3,0,1,1,A,-,03,22350,NA,N,E,I,A,A,H,-,C,D,0,NA,NA,NA,NA,Y,NA,A,01,0,1,0,0,0,0,0,0,0,-,-,NA,NA,LOS ANGELES,LOS ANGELES,-118.23456573486328,34.117332458496094
9441050,2022,2022-05-17,1942,2022-04-18,0908,32973,1139,1,5,7,1942,0,0,0,K,0,24TL21,FIGUEROA ST,AVENUE 59,5,E,N,A,-,N,NA,NA,NA,NA,NA,NA,NA,NA,NA,N,4,0,1,2,A,-,10,21950,A,F,G,B,B,A,H,-,A,A,0,Y,NA,NA,NA,Y,NA,-,99,0,0,1,0,1,0,0,0,0,-,-,NA,NA,LOS ANGELES,LOS ANGELES,-118.19080352783205,34.11057662963867
94410509,2024,2024-09-27,9525,2024-09-18,1605,022117,NA,3,2,9,1900,0,3,5,NA,2,003,HACIENDA BLVD.,FRANCISQUITO AVE.,40,S,N,A,-,N,NA,NA,NA,NA,NA,NA,NA,NA,NA,N,4,0,1,2,A,-,21,22106,NA,N,C,C,A,A,H,-,A,A,0,NA,NA,NA,NA,Y,NA,D,22,0,0,1,0,0,0,0,0,0,-,-,34.04798126220703,-117.94663238525392,LOS ANGELES,UNINCORPORATED,-117.94654846191406,34.048187255859375
9441051,2022,2022-05-20,1942,2022-04-25,0835,32973,0238,1,5,7,1942,0,0,0,B,0,24TL21,1ST ST,BIXEL ST,0,NA,Y,A,-,N,NA,NA,NA,NA,NA,NA,NA,NA,NA,N,3,0,1,2,A,-,08,22107,NA,N,B,C,A,A,H,-,A,A,0,NA,Y,NA,NA,Y,NA,L,04,0,1,0,0,0,0,1,0,0,-,-,NA,NA,LOS ANGELES,LOS ANGELES,-118.2568130493164,34.06060791015625
9441052,2022,2022-05-17,1942,2022-04-13,0650,32973,NA,3,5,7,1942,0,0,0,NA,0,NA,OBSERVATORY RD,WESTERN CANYON RD,300,S,N,A,-,N,NA,NA,NA,NA,NA,NA,NA,NA,NA,Y,4,0,1,1,A,-,03,22350,NA,N,E,I,A,A,H,-,A,D,0,NA,NA,NA,NA,Y,NA,A,07,0,0,1,0,0,0,0,0,0,-,-,NA,NA,LOS ANGELES,LOS ANGELES,-118.30290222167967,34.12281799316406
94410546,2024,2024-09-27,9525,2024-09-18,1937,023966,NA,3,2,6,1975,0,1,1,NA,2,105,I-10 W/B (SAN BERNARDINO FWY),BARRANCA AVE,528,W,N,A,-,Y,LA,NA,10,NA,NA,37.898,H,NA,L,N,4,0,1,3,A,-,03,22350,NA,F,C,C,A,A,H,-,A,D,0,NA,NA,NA,NA,Y,Y,-,99,0,0,1,0,0,0,0,0,0,-,-,34.07204818725586,-117.88318634033205,LOS ANGELES,WEST COVINA,-117.88319396972656,34.07201385498047
94410562,2024,2024-09-27,9530,2024-09-15,210,023862,NA,7,3,9,1900,0,1,1,NA,2,200,I-105 E/B (GLENN ANDERSON FWY),HOOVER ST.,260,W,N,A,-,Y,LA,NA,105,NA,R,6.979,H,NA,R,N,2,0,2,1,A,-,08,22107,NA,N,E,I,A,A,H,-,D,D,0,NA,NA,NA,NA,Y,NA,A,01,1,1,0,0,0,0,0,0,0,-,-,33.92839813232422,-118.28791046142578,LOS ANGELES,UNINCORPORATED,-118.28791046142578,33.928524017333984
94410565,2024,2025-01-23,9530,2024-09-16,1125,023862,NA,1,1,9,1900,0,3,5,NA,2,002,ALAMEDA ST. (8000 BLOCK),83RD ST,220,N,N,A,-,N,NA,NA,NA,NA,NA,NA,NA,NA,NA,N,3,0,1,2,A,-,01,23152,A,N,C,E,A,A,H,-,D,A,0,NA,NA,NA,NA,Y,Y,A,01,0,1,0,0,0,0,0,0,0,-,-,33.96630096435547,-118.23304748535156,LOS ANGELES,UNINCORPORATED,-118.23235321044922,33.96356201171875
94410580,2024,2024-09-27,9590,2024-09-05,2237,023892,NA,4,3,7,1942,0,1,1,NA,2,051,I-110 S/B (HARBOR FREEWAY),76TH ST,528,N,N,A,-,Y,LA,NA,110,NA,NA,16.582,H,NA,L,N,4,0,1,3,A,-,03,22350,NA,F,C,C,A,A,H,-,D,D,0,NA,NA,NA,NA,Y,NA,-,99,0,0,1,0,0,0,0,0,0,-,-,33.96868133544922,-118.28108978271484,LOS ANGELES,LOS ANGELES,-118.28093719482422,33.96868133544922
94410618,2024,2024-09-27,9550,2024-07-06,830,023710,NA,6,1,9,1900,0,2,4,NA,1,012,WASHINGTON BOULEVARD,SORENSEN AVENUE,0,NA,Y,A,-,N,NA,NA,NA,NA,NA,NA,NA,NA,NA,Y,4,0,2,3,A,-,12,21453,A,F,D,2,A,A,H,-,A,A,0,NA,NA,NA,NA,Y,NA,A,01,0,0,2,0,0,0,0,0,0,-,-,33.9694709777832,-118.06011199951172,LOS ANGELES,UNINCORPORATED,-118.06006622314452,33.969329833984375
94410644,2024,2024-09-27,9580,2024-09-17,2345,023142,NA,2,3,7,1942,0,1,2,NA,2,105,US-101 S/B (VENTURA FREEWAY),TAMPA AVE.,2640,N,N,A,-,Y,NA,NA,NA,NA,NA,NA,NA,NA,NA,N,3,0,1,2,A,-,08,22107,NA,N,B,C,A,A,H,-,D,D,0,NA,NA,Y,NA,Y,Y,A,01,0,1,0,0,0,0,0,0,1,-,-,34.173091888427734,-118.55892944335938,LOS ANGELES,LOS ANGELES,-118.55328369140624,34.17348098754883
9441070,2022,2022-05-13,1942,2022-04-20,1800,38577,1252,3,5,7,1942,0,0,0,L,0,25MX84,VAN NESS AV,74TH ST,0,NA,Y,A,-,N,NA,NA,NA,NA,NA,NA,NA,NA,NA,Y,3,0,3,2,A,-,12,22450,A,F,D,C,A,A,H,-,A,A,0,NA,NA,NA,NA,Y,NA,-,99,0,3,0,0,0,0,0,0,0,-,-,NA,NA,LOS ANGELES,LOS ANGELES,-118.31774139404295,33.97275924682617
9441071,2022,2022-05-13,1942,2022-04-19,0440,44648,0393,2,5,7,1942,0,0,0,C,0,3A99,CRENSHAW BL,W 43RD PL,10,N,N,B,-,N,NA,NA,NA,NA,NA,NA,NA,NA,NA,N,3,0,1,2,A,-,11,21453,D,F,G,B,B,A,H,-,C,A,0,Y,NA,NA,NA,Y,NA,N,60,0,1,0,0,1,0,0,0,0,-,-,NA,NA,LOS ANGELES,LOS ANGELES,-118.33250427246094,34.00411605834961
94410711,2024,2024-09-27,9590,2024-09-26,1625,022313,NA,4,2,7,1942,0,1,1,NA,2,061,I-10 W/B (SANTA MONICA FREEWAY),WEST BOULEVARD,200,E,N,A,-,Y,LA,NA,10,NA,R,11.087,H,NA,L,N,4,0,1,2,A,-,07,21658,A,N,B,C,A,A,H,-,A,D,0,NA,NA,NA,NA,Y,NA,A,01,0,0,1,0,0,0,0,0,0,-,-,34.034950256347656,-118.33899688720705,LOS ANGELES,LOS ANGELES,-118.33899688720705,34.034912109375
9441072,2022,2022-05-13,1942,2022-04-11,0450,43391,0318,1,5,7,1942,0,0,0,C,0,3A19,S HOOVER ST,22ND ST,30,S,N,A,-,N,NA,NA,NA,NA,NA,NA,NA,NA,NA,N,3,0,1,2,A,-,03,22350,NA,F,C,G,A,A,H,-,C,D,0,NA,Y,NA,NA,Y,NA,-,99,0,1,0,0,0,0,1,0,0,-,-,NA,NA,LOS ANGELES,LOS ANGELES,-118.28401184082033,34.035919189453125
94410722,2024,2024-09-27,9540,2024-09-26,1600,021131,NA,4,2,9,1900,0,2,4,NA,1,204,BOUQUET CANYON ROAD (34000 BLOCK),QUARRY ROAD,680,N,N,A,-,N,NA,NA,NA,NA,NA,NA,NA,NA,NA,Y,4,0,1,2,A,-,03,22350,NA,N,A,C,A,A,H,-,A,D,0,NA,NA,NA,NA,Y,NA,A,01,0,0,1,0,0,0,0,0,0,-,-,34.55345916748047,-118.41152191162108,LOS ANGELES,UNINCORPORATED,-118.41367340087892,34.55371856689453
9441073,2022,2022-05-13,1942,2022-04-14,2215,42069,1249,4,5,7,1942,0,0,0,L,0,25T37,FIGUEROA ST,71ST ST,40,N,N,A,-,N,NA,NA,NA,NA,NA,NA,NA,NA,NA,Y,3,0,2,2,A,-,01,23152,A,N,B,C,A,A,H,-,A,D,0,NA,NA,NA,NA,Y,Y,A,01,0,2,0,0,0,0,0,0,0,-,-,NA,NA,LOS ANGELES,LOS ANGELES,-118.28270721435548,33.97568130493164
94410735,2024,2024-09-27,9580,2024-09-20,825,022603,NA,5,1,7,1942,0,1,2,NA,2,105,US-101 S/B (VENTURA FREEWAY),COLDWATER CANYON AVE,300,S,N,A,-,Y,LA,NA,101,NA,NA,13.577,H,NA,L,N,3,0,3,4,A,-,03,22350,NA,N,C,C,A,A,H,-,A,D,0,NA,NA,NA,NA,Y,NA,A,01,0,1,2,0,0,0,0,0,0,-,-,34.15665817260742,-118.4084930419922,LOS ANGELES,LOS ANGELES,-118.4084930419922,34.1566162109375
9441074,2022,2022-05-13,1942,2022-04-18,1830,40099,1258,1,5,7,1942,0,0,0,L,0,25MX82,MAIN ST,76TH ST,2,S,N,A,-,N,NA,NA,NA,NA,NA,NA,NA,NA,NA,N,3,0,1,2,A,-,12,21453,A,F,G,B,B,A,H,-,A,A,0,Y,NA,NA,NA,Y,NA,-,99,0,1,0,0,1,0,0,0,0,-,-,NA,NA,LOS ANGELES,LOS ANGELES,-118.27391815185548,33.9708251953125
9441075,2022,2022-05-13,1942,2022-04-20,1920,35936,1243,3,5,7,1942,0,0,0,L,0,25T35,FLORENCE AV,VAN NESS,15,E,N,A,-,N,NA,NA,NA,NA,NA,NA,NA,NA,NA,Y,3,0,1,2,A,-,09,21801,A,F,A,C,A,A,H,-,B,A,0,NA,NA,NA,NA,Y,NA,A,01,0,1,0,0,0,0,0,0,0,-,-,NA,NA,LOS ANGELES,LOS ANGELES,-118.31768035888672,33.97460174560547
9441076,2022,2022-05-17,1942,2022-04-10,0425,42932,1149,7,5,7,1942,0,0,0,K,0,24TL24,FIGUEROA ST,AVENUE 52,0,NA,Y,A,-,N,NA,NA,NA,NA,NA,NA,NA,NA,NA,N,3,0,1,2,A,-,11,21954,A,F,G,B,-,A,H,-,C,D,0,Y,NA,NA,NA,Y,NA,N,60,0,1,0,0,1,0,0,0,0,-,-,NA,NA,LOS ANGELES,LOS ANGELES,-118.1995086669922,34.10628128051758
9441077,2022,2022-05-13,1942,2022-04-17,0130,44852,0195,7,5,7,1942,0,0,0,A,0,1A28,MAIN ST,VENICE BL,20,N,N,A,-,N,NA,NA,NA,NA,NA,NA,NA,NA,NA,Y,4,0,1,2,A,-,01,23152,A,N,C,C,A,A,H,-,C,D,0,NA,NA,NA,NA,Y,Y,A,01,0,0,1,0,0,0,0,0,0,-,-,NA,NA,LOS ANGELES,LOS ANGELES,-118.26251983642578,34.03364562988281
9441078,2022,2022-05-13,1942,2022-04-01,2000,37952,0111,5,5,7,1942,0,0,0,A,0,24T31,BROADWAY,ALPINE ST,0,NA,Y,A,-,N,NA,NA,NA,NA,NA,NA,NA,NA,NA,Y,3,0,1,1,A,-,01,23152,A,N,E,I,A,A,H,-,C,D,0,NA,NA,NA,NA,Y,Y,A,07,0,1,0,0,0,0,0,0,0,-,-,NA,NA,LOS ANGELES,LOS ANGELES,-118.23834228515624,34.06236267089844
94410783,2024,2024-09-27,9580,2024-09-22,1216,023918,NA,7,1,7,1942,0,1,2,NA,2,101,US-101 S/B (VENTURA FREEWAY),LAUREL CANYON BLVD,2640,N,N,A,-,Y,LA,NA,101,NA,NA,13.375,H,NA,L,N,4,0,1,1,A,-,01,23152,A,N,B,I,A,A,H,-,B,D,0,NA,NA,NA,NA,Y,Y,A,01,0,0,1,0,0,0,0,0,0,-,-,34.15668869018555,-118.4048309326172,LOS ANGELES,LOS ANGELES,-118.4048309326172,34.15660095214844
9441079,2022,2022-05-13,1928,2022-04-12,1121,50384,520,2,5,5,1928,0,0,0,NA,0,503,ROSECRANS AV,DOTY AV,0,NA,Y,A,-,N,NA,NA,NA,NA,NA,NA,NA,NA,NA,N,3,0,1,2,A,-,12,21453,A,N,D,G,A,A,H,-,A,A,0,NA,Y,NA,NA,Y,NA,L,04,0,1,0,0,0,0,1,0,0,-,-,33.90187072753906,-118.33965301513672,LOS ANGELES,HAWTHORNE,-118.3395538330078,33.90192794799805
94410791,2023,2024-09-27,9580,2023-09-21,440,021461,NA,4,3,7,1942,0,1,1,NA,2,405,INTERSTATE 405 SOUTHBOUND (SAN DIEGO FREEWAY),MULHOLLAND DRIVE,2085,N,N,A,-,Y,LA,NA,405,NA,NA,37.312,H,NA,L,Y,1,1,0,2,A,-,03,22350,NA,N,C,C,A,A,H,-,D,D,0,NA,NA,NA,Y,Y,NA,A,01,0,0,0,0,0,0,0,0,0,-,-,34.13016891479492,-118.47390747070313,LOS ANGELES,LOS ANGELES,-118.47378540039064,34.13014221191406