CASE_ID,ACCIDENT_YEAR,PROC_DATE,JURIS,COLLISION_DATE,COLLISION_TIME,OFFICER_ID,REPORTING_DISTRICT,DAY_OF_WEEK,CHP_SHIFT,POPULATION,CNTY_CITY_LOC,SPECIAL_COND,BEAT_TYPE,CHP_BEAT_TYPE,CITY_DIVISION_LAPD,CHP_BEAT_CLASS,BEAT_NUMBER,PRIMARY_RD,SECONDARY_RD,DISTANCE,DIRECTION,INTERSECTION,WEATHER_1,WEATHER_2,STATE_HWY_IND,CALTRANS_COUNTY,CALTRANS_DISTRICT,STATE_ROUTE,ROUTE_SUFFIX,POSTMILE_PREFIX,POSTMILE,LOCATION_TYPE,RAMP_INTERSECTION,SIDE_OF_HWY,TOW_AWAY,COLLISION_SEVERITY,NUMBER_KILLED,NUMBER_INJURED,PARTY_COUNT,PRIMARY_COLL_FACTOR,PCF_CODE_OF_VIOL,PCF_VIOL_CATEGORY,PCF_VIOLATION,PCF_VIOL_SUBSECTION,HIT_AND_RUN,TYPE_OF_COLLISION,MVIW,PED_ACTION,ROAD_SURFACE,ROAD_COND_1,ROAD_COND_2,LIGHTING,CONTROL_DEVICE,CHP_ROAD_TYPE,PEDESTRIAN_ACCIDENT,BICYCLE_ACCIDENT,MOTORCYCLE_ACCIDENT,TRUCK_ACCIDENT,NOT_PRIVATE_PROPERTY,ALCOHOL_INVOLVED,STWD_VEHTYPE_AT_FAULT,CHP_VEHTYPE_AT_FAULT,COUNT_SEVERE_INJ,COUNT_VISIBLE_INJ,COUNT_COMPLAINT_PAIN,COUNT_PED_KILLED,COUNT_PED_INJURED,COUNT_BICYCLIST_KILLED,COUNT_BICYCLIST_INJURED,COUNT_MC_KILLED,COUNT_MC_INJURED,PRIMARY_RAMP,SECONDARY_RAMP,LATITUDE,LONGITUDE,COUNTY,CITY,POINT_X,POINT_Y
94415957,2024,2024-10-02,9525,2024-10-01,1800,020632,NA,2,2,4,1960,0,1,1,NA,2,208,SR-210 E/B (FOOTHILL FWY),SAN DIMAS AVE,1584,W,N,A,-,Y,LA,NA,210,NA,R,45.18,H,NA,R,N,4,0,1,2,A,-,03,22350,NA,N,C,C,A,A,H,-,A,D,0,NA,NA,NA,NA,Y,NA,A,07,0,0,1,0,0,0,0,0,0,-,-,34.11970901489258,-117.81224060058594,LOS ANGELES,SAN DIMAS,-117.81224060058594,34.11970901489258
94415994,2024,2024-10-02,9530,2024-09-24,145,021842,NA,2,3,6,1972,0,1,1,NA,2,400,S/B I-405 TO CRENSHAW BLVD.,CRENSHAW BLVD.,25,W,N,A,-,Y,NA,NA,NA,NA,NA,NA,NA,NA,NA,N,4,0,1,2,A,-,03,22350,NA,M,C,C,A,A,H,-,C,A,0,NA,NA,NA,NA,Y,NA,-,99,0,0,1,0,0,0,0,0,0,-,-,33.86383056640625,-118.32672119140624,LOS ANGELES,TORRANCE,-118.32656097412108,33.864681243896484
94416028,2024,2024-10-02,9530,2024-09-23,920,021490,NA,1,1,9,1900,0,3,5,NA,2,002,BROADWAY (13000 BLOCK),131ST STREET,140,N,N,A,-,N,NA,NA,NA,NA,NA,NA,NA,NA,NA,Y,4,0,1,2,A,-,09,21801,A,N,D,C,A,A,H,-,A,D,0,NA,NA,NA,NA,Y,NA,A,01,0,0,1,0,0,0,0,0,0,-,-,33.91389083862305,-118.27828216552734,LOS ANGELES,UNINCORPORATED,-118.27838134765624,33.91370391845703
94416039,2024,2024-10-02,9590,2024-09-21,2122,023642,NA,6,2,7,1942,0,1,1,NA,2,064,I-10 EASTBOUND (SANTA MONICA FREEWAY),15TH STREET,65,W,N,A,-,Y,LA,NA,10,NA,NA,16.994,H,NA,R,N,4,0,2,4,A,-,03,22350,NA,N,C,C,A,A,H,-,C,D,0,NA,NA,NA,NA,Y,NA,A,01,0,0,2,0,0,0,0,0,0,-,-,34.023860931396484,-118.2412109375,LOS ANGELES,LOS ANGELES,-118.2412109375,34.02385330200195
94416040,2024,2024-10-02,9530,2024-08-23,55,021709,NA,5,3,7,1941,0,1,1,NA,2,072,I-710 S/B (LONG BEACH FREEWAY),I-405,350,N,N,A,-,Y,LA,NA,710,NA,NA,10.286,H,NA,L,Y,2,0,1,2,A,-,07,21658,A,N,B,C,A,A,H,-,C,D,0,NA,NA,NA,Y,Y,NA,A,01,1,0,0,0,0,0,0,0,0,-,-,33.839111328125,-118.20755004882813,LOS ANGELES,LONG BEACH,-118.2075424194336,33.839107513427734
94416051,2024,2024-10-02,9580,2024-09-29,155,022762,NA,7,3,9,1900,0,1,3,NA,1,271,SR-27 N/B (TOPANGA CYN. BLVD.),CIRCLE TRAIL,190,N,N,A,-,Y,LA,NA,27,NA,NA,4.95,H,NA,R,Y,4,0,1,1,A,-,01,23152,A,N,E,I,A,A,H,-,D,D,0,NA,NA,NA,NA,Y,Y,A,01,0,0,1,0,0,0,0,0,0,-,-,34.096710205078125,-118.60089111328124,LOS ANGELES,UNINCORPORATED,-118.60092926025392,34.09672164916992
94416053,2024,2024-10-14,9580,2024-09-22,1450,023705,NA,7,2,7,1942,0,1,3,NA,2,170,SR-170 TO VICTORY BLVD EAST OFFRAMP,VICTORY BLVD,500,S,N,A,-,Y,NA,NA,NA,NA,NA,NA,NA,NA,NA,Y,3,0,1,1,A,-,03,22350,NA,N,E,I,A,A,H,-,A,D,0,NA,NA,NA,NA,Y,NA,A,07,0,1,0,0,0,0,0,0,0,-,-,34.184871673583984,-118.39967346191406,LOS ANGELES,LOS ANGELES,-118.40068817138672,34.18540954589844
94416061,2024,2024-10-02,9580,2024-09-25,1730,023395,NA,3,2,7,1942,0,1,2,NA,2,100,US-101 N/B (VENTURA FREEWAY),WOODMAN AVE,1584,S,N,A,-,Y,LA,NA,101,NA,NA,14.547,H,NA,R,N,4,0,2,2,A,-,03,22350,NA,N,C,C,A,A,H,-,A,D,0,NA,NA,NA,NA,Y,NA,A,07,0,0,2,0,0,0,0,0,0,-,-,34.156150817871094,-118.42514801025392,LOS ANGELES,LOS ANGELES,-118.42515563964844,34.15617752075195
94416062,2024,2024-10-02,9580,2024-10-01,650,018185,NA,2,1,3,1994,0,1,2,NA,2,108,US-101 N/B (VENTURA FREEWAY),KANAN RD,3696,S,N,A,-,Y,LA,NA,101,NA,NA,34.304,H,NA,R,Y,4,0,1,2,A,-,03,22350,NA,N,C,C,A,A,C,-,A,D,0,NA,NA,NA,NA,Y,NA,D,22,0,0,1,0,0,0,0,0,0,-,-,34.14411926269531,-118.7486572265625,LOS ANGELES,AGOURA HILLS,-118.7486572265625,34.14411926269531
94416072,2024,2024-10-02,9580,2024-09-26,745,018431,NA,4,1,7,1942,0,1,3,NA,2,116,SR-118 E/B (RONALD REAGAN FWY),PORTER RANCH DR.,1500,E,N,A,-,Y,LA,NA,118,NA,R,4.165,H,NA,R,N,4,0,1,3,A,-,03,22350,NA,M,C,C,A,A,H,-,A,D,0,NA,NA,NA,NA,Y,NA,A,07,0,0,1,0,0,0,0,0,0,-,-,34.273040771484375,-118.56443786621094,LOS ANGELES,LOS ANGELES,-118.56443786621094,34.2730712890625
94416073,2024,2024-10-02,9580,2024-09-30,1010,023918,NA,1,1,7,1942,0,1,3,NA,2,118,SR-118 E/B TO WOODLEY AVE,WOODLEY AVE,30,W,N,A,-,Y,NA,NA,NA,NA,NA,NA,NA,NA,NA,Y,4,0,4,2,A,-,03,22350,NA,N,C,C,A,A,H,-,C,D,0,NA,NA,NA,NA,Y,NA,A,01,0,0,4,0,0,0,0,0,0,-,-,34.26741027832031,-118.48503112792967,LOS ANGELES,LOS ANGELES,-118.48480224609376,34.267696380615234
94416074,2024,2024-10-02,9565,2024-06-05,1905,023173,NA,3,2,5,1965,0,1,1,NA,2,081,I-10 E/B,PICO BLVD,750,W,N,B,-,Y,LA,NA,10,NA,R,4.116,H,NA,R,Y,4,0,1,2,A,-,03,22350,NA,F,C,C,A,A,H,-,A,D,0,NA,NA,NA,NA,Y,NA,A,07,0,0,1,0,0,0,0,0,0,-,-,34.0275993347168,-118.4564208984375,LOS ANGELES,SANTA MONICA,-118.45640563964844,34.02755355834961
94416091,2024,2024-10-02,9590,2024-09-20,2040,023888,NA,5,2,7,1942,0,1,1,NA,2,053,I-110 S/B (HARBOR FREEWAY),TEMPLE ST,500,N,N,A,-,Y,LA,NA,110,NA,NA,23.515,H,NA,L,Y,3,0,3,3,A,-,03,22350,NA,N,C,C,A,A,H,-,A,D,0,NA,NA,NA,NA,Y,NA,A,01,0,1,2,0,0,0,0,0,0,-,-,34.06047058105469,-118.25144958496094,LOS ANGELES,LOS ANGELES,-118.25143432617188,34.060455322265625
94416110,2024,2024-10-02,9580,2024-09-26,1355,023749,NA,4,1,9,1900,0,1,3,NA,1,271,SR-27 N/B (TOPANGA CYN. BLVD.),SR-1 N/B (PACIFIC COAST HWY.),300,N,N,A,-,Y,LA,NA,27,NA,NA,0.081,H,NA,R,Y,3,0,1,2,A,-,08,22107,NA,N,B,C,A,A,H,-,A,D,0,NA,NA,Y,NA,Y,NA,C,02,0,1,0,0,0,0,0,0,1,-,-,34.04113006591797,-118.57872772216795,LOS ANGELES,UNINCORPORATED,-118.57881927490234,34.04117202758789
94416140,2024,2024-10-02,9580,2024-09-27,1200,023725,NA,5,1,7,1942,0,1,2,NA,2,101,US-101 S/B (VENTURA FREEWAY),LAUREL CANYON BLVD,500,S,N,A,-,Y,LA,NA,101,NA,NA,12.756,H,NA,L,N,3,0,1,2,A,-,07,21658,A,N,B,C,A,A,H,-,A,D,0,NA,NA,NA,NA,Y,NA,A,01,0,1,0,0,0,0,0,0,0,-,-,34.15436935424805,-118.39472198486328,LOS ANGELES,LOS ANGELES,-118.39472198486328,34.15434646606445
94416155,2024,2024-10-02,9580,2024-09-28,20,022755,NA,6,3,7,1942,0,1,2,NA,2,106,US-101 N/B (VENTURA FREEWAY),LOST HILLS RD,700,N,N,A,-,Y,LA,NA,101,NA,NA,32.266,H,NA,R,Y,4,0,2,3,A,-,03,22350,NA,N,C,C,A,A,E,-,D,D,0,NA,NA,NA,NA,Y,NA,A,01,0,0,2,0,0,0,0,0,0,-,-,34.139190673828125,-118.71531677246094,LOS ANGELES,LOS ANGELES,-118.71531677246094,34.13917922973633
94416174,2024,2024-10-02,9525,2024-09-26,1350,018992,NA,4,1,5,1990,0,1,3,NA,2,603,SR-60 W/B (POMONA FWY),GRAND AVE,4000,E,N,A,-,Y,LA,NA,60,NA,R,25.242,H,NA,L,N,4,0,1,2,A,-,03,22350,NA,N,C,C,A,A,H,-,A,D,0,NA,NA,NA,NA,Y,NA,D,22,0,0,1,0,0,0,0,0,0,-,-,34.019718170166016,-117.81556701660156,LOS ANGELES,DIAMOND BAR,-117.81546783447266,34.01966857910156
94416235,2024,2024-10-02,9575,2024-09-22,1620,023031,NA,7,2,7,1942,0,1,1,NA,2,050,COLORADO STREET FREEWAY EXTENSION,EDENHURST AVE.,640,W,N,A,-,Y,LA,NA,5,S,NA,25.659,H,NA,R,N,4,0,5,3,A,-,03,22350,NA,N,C,2,A,A,H,-,A,D,0,NA,NA,NA,NA,Y,NA,A,01,0,0,5,0,0,0,0,0,0,-,-,34.141380310058594,-118.27532196044922,LOS ANGELES,LOS ANGELES,-118.27530670166016,34.14134216308594
94416302,2024,2024-10-02,9565,2024-08-05,400,021951,NA,1,3,7,1942,0,1,1,NA,2,064,I-405 S/B TO CHURCH LANE,SUNSET BLVD.,365,N,N,A,-,Y,LA,NA,405,NA,NA,33.076,H,NA,L,Y,4,0,1,1,A,-,01,23152,A,N,E,I,A,A,H,-,C,D,0,NA,NA,NA,NA,Y,Y,A,01,0,0,1,0,0,0,0,0,0,-,-,34.0736083984375,-118.46768188476564,LOS ANGELES,LOS ANGELES,-118.46747589111328,34.0737190246582
94416409,2024,2024-10-02,9575,2024-09-24,740,021970,NA,2,1,6,1912,0,1,1,NA,2,051,I-5 S/B (GOLDEN STATE FREEWAY),BUENA VISTA ST.,500,S,N,B,-,Y,LA,NA,5,NA,NA,31.565,H,NA,L,N,4,0,1,2,A,-,03,22350,NA,N,C,C,A,A,H,-,A,D,0,NA,NA,NA,NA,Y,NA,D,22,0,0,1,0,0,0,0,0,0,-,-,34.202701568603516,-118.34063720703124,LOS ANGELES,BURBANK,-118.34065246582033,34.202693939208984
94416428,2024,2024-10-02,9590,2024-09-27,1050,023252,NA,5,1,7,1942,0,1,1,NA,2,082,I-5 N/B (GOLDEN STATE FREEWAY),RIVERSIDE DRIVE,220,N,N,A,-,Y,LA,NA,5,NA,NA,22.003,H,NA,R,N,4,0,1,3,A,-,03,22350,NA,N,C,C,A,A,H,-,A,D,0,NA,NA,NA,NA,Y,NA,A,01,0,0,1,0,0,0,0,0,0,-,-,34.09619140625,-118.24436950683594,LOS ANGELES,LOS ANGELES,-118.24439239501952,34.09617614746094
94416456,2024,2024-10-02,9575,2024-09-24,815,021795,NA,2,1,6,1912,0,1,1,NA,2,051,I-5 N/B (GOLDEN STATE FREEWAY),BUENA VISTA ST.,275,S,N,B,-,Y,LA,NA,5,NA,NA,31.195,H,NA,R,N,4,0,1,2,A,-,03,22350,NA,N,C,C,A,A,H,-,A,D,0,NA,NA,NA,NA,Y,NA,A,01,0,0,1,0,0,0,0,0,0,-,-,34.19837188720703,-118.337158203125,LOS ANGELES,BURBANK,-118.33715057373048,34.19837951660156
94416461,2024,2024-10-02,9530,2024-09-10,805,020080,NA,2,1,7,1941,0,1,1,NA,2,072,I-710 S/B (LONG BEACH FREEWAY),WARDLOW RD.,120,S,N,A,-,Y,LA,NA,710,NA,NA,9.037,H,NA,L,Y,4,0,2,3,A,-,03,22350,NA,N,C,C,A,A,H,-,A,D,0,NA,NA,NA,NA,Y,NA,A,01,0,0,2,0,0,0,0,0,0,-,-,33.82114028930664,-118.20700073242188,LOS ANGELES,LONG BEACH,-118.20706176757813,33.82114028930664
94416516,2024,2024-10-02,9565,2024-05-20,1823,023620,NA,1,2,9,1900,0,3,5,NA,2,003,LA BREA AVENUE,STOCKER STREET,0,NA,Y,A,-,N,NA,NA,NA,NA,NA,NA,NA,NA,NA,Y,3,0,2,2,A,-,01,23152,A,N,D,C,A,A,H,-,A,A,0,NA,NA,NA,NA,Y,Y,A,01,0,2,0,0,0,0,0,0,0,-,-,33.997100830078125,-118.35797119140624,LOS ANGELES,UNINCORPORATED,-118.35792541503906,33.997032165527344
94416517,2024,2024-10-02,9590,2024-09-29,2022,023888,NA,7,2,7,1942,0,1,1,NA,2,013,SR-110 SB (ARROYO SECO PARKWAY),CARLOTA BLVD,10,E,N,A,-,Y,LA,NA,110,NA,NA,28.291,H,NA,L,N,4,0,1,2,A,-,03,22350,NA,N,C,C,A,A,H,-,C,A,0,NA,NA,NA,NA,Y,NA,A,07,0,0,1,0,0,0,0,0,0,-,-,34.10332107543945,-118.19239807128906,LOS ANGELES,LOS ANGELES,-118.19234466552734,34.103240966796875
94416518,2024,2024-11-18,9430,2024-09-30,730,018631,NA,1,1,9,1900,0,3,5,NA,2,001,FRAZIER MOUNTAIN PARK ROAD,RALPHS RANCH ROAD,638,W,N,A,-,N,NA,NA,NA,NA,NA,NA,NA,NA,NA,Y,3,0,1,2,A,-,09,21804,A,N,C,C,A,A,H,-,B,D,0,NA,NA,NA,NA,Y,NA,A,01,0,1,0,0,0,0,0,0,0,-,-,34.817630767822266,-118.8870086669922,LOS ANGELES,UNINCORPORATED,NA,NA
94416585,2024,2024-10-02,9540,2024-10-01,1030,019545,NA,2,1,9,1900,0,1,1,NA,2,507,I-5 S/B FROM MCBEAN PARKWAY,MCBEAN PARKWAY,520,S,N,A,-,Y,LA,NA,5,NA,R,51.333,H,NA,L,Y,4,0,1,2,A,-,03,22350,NA,N,C,C,A,A,H,-,A,A,0,NA,NA,NA,NA,Y,NA,A,01,0,0,1,0,0,0,0,0,0,-,-,34.39257049560547,-118.57135009765624,LOS ANGELES,UNINCORPORATED,-118.5710678100586,34.392616271972656
94416598,2024,2024-10-02,9540,2024-09-25,1640,023613,NA,3,2,9,1900,0,1,3,NA,1,139,E/B SR-138 (LANCASTER ROAD),WEST FOLK ROAD,150,W,N,A,-,N,NA,NA,NA,NA,NA,NA,NA,NA,NA,Y,3,0,2,3,A,-,03,22350,NA,N,C,C,A,A,H,-,A,D,0,NA,NA,NA,NA,Y,NA,A,01,0,1,1,0,0,0,0,0,0,-,-,34.77210998535156,-118.7601318359375,LOS ANGELES,UNINCORPORATED,NA,NA
94416679,2024,2024-10-21,9590,2024-09-28,309,023445,NA,6,3,7,1942,0,1,1,NA,2,062,I-10 E/B (SANTA MONICA FREEWAY),VERMONT AVE.,1250,W,N,A,-,Y,LA,NA,10,NA,R,13.576,H,NA,R,N,4,0,3,3,A,-,08,22107,NA,N,B,C,A,A,H,-,C,D,0,NA,NA,NA,NA,Y,NA,A,01,0,0,3,0,0,0,0,0,0,-,-,34.03683090209961,-118.29586029052734,LOS ANGELES,LOS ANGELES,-118.29586029052734,34.036895751953125
94416710,2024,2024-10-02,9580,2024-09-15,45,023607,NA,7,3,7,1942,0,1,1,NA,2,405,I-405 S/B (SAN DIEGO FWY),SHERMAN WAY,800,S,N,A,-,Y,LA,NA,405,NA,NA,42.208,H,NA,L,Y,4,0,1,2,A,-,03,22350,NA,N,C,C,A,A,H,-,D,D,0,NA,NA,NA,Y,Y,Y,D,22,0,0,1,0,0,0,0,0,0,-,-,34.1987190246582,-118.47408294677734,LOS ANGELES,LOS ANGELES,-118.4740982055664,34.19872283935547
94416751,2024,2024-10-02,9580,2024-09-22,1340,023749,NA,7,1,7,1942,0,1,2,NA,2,102,US-101 N/B (VENTURA FREEWAY),WOODMAN AVE,850,N,N,A,-,Y,LA,NA,101,NA,NA,15.066,H,NA,R,Y,3,0,1,2,A,-,03,22350,NA,N,C,C,A,A,H,-,A,D,0,NA,NA,NA,NA,Y,NA,A,01,0,1,0,0,0,0,0,0,0,-,-,34.15576171875,-118.43424224853516,LOS ANGELES,LOS ANGELES,-118.43424224853516,34.155738830566406
94416863,2024,2024-10-02,9590,2024-08-12,212,023894,NA,1,3,7,1942,0,1,1,NA,2,012,SR-110 N/B (ARROYO SECO PARKWAY),VIA MARISOL,150,S,N,A,-,Y,LA,NA,110,NA,NA,28.339,H,NA,R,Y,2,0,1,2,C,-,18,NA,NA,N,A,C,A,A,H,-,C,D,0,NA,NA,NA,NA,Y,NA,-,-,1,0,0,0,0,0,0,0,0,-,-,34.10363006591797,-118.19148254394533,LOS ANGELES,LOS ANGELES,-118.19149017333984,34.10364532470703
94416931,2024,2024-10-02,9525,2024-09-29,1730,022925,NA,7,2,4,1946,0,1,1,NA,2,202,I-210 E/B (FOOTHILL FWY),MOUNTAIN AVE,1584,W,N,A,-,Y,LA,NA,210,NA,R,34.382,H,NA,R,Y,4,0,2,2,A,-,07,21658,A,N,B,2,A,A,H,-,A,D,0,NA,NA,NA,NA,Y,NA,A,07,0,0,2,0,0,0,0,0,0,-,-,34.13536071777344,-117.99276733398438,LOS ANGELES,MONROVIA,-117.99276733398438,34.135372161865234
94416934,2024,2024-10-02,9525,2024-09-25,1700,019491,NA,3,2,6,1955,0,1,3,NA,2,071,SR-71 S/B (CHINO VALLEY FWY),MISSION BOULEVARD,500,S,N,A,-,Y,LA,NA,71,NA,NA,1.894,H,NA,L,Y,4,0,1,3,A,-,07,21658,A,N,C,C,A,A,H,-,A,D,0,NA,NA,Y,NA,Y,NA,A,01,0,0,1,0,0,0,0,0,1,-,-,34.05044174194336,-117.77818298339844,LOS ANGELES,POMONA,-117.77808380126952,34.05051040649414
94416975,2024,2024-10-02,9565,2024-09-01,1645,023620,NA,7,2,9,1900,0,1,1,NA,2,012,I-105 W/B (CENTURY FWY),NORMANDIE AVENUE,15,W,N,A,-,Y,LA,NA,105,NA,R,6.244,H,NA,L,Y,3,0,3,3,A,-,01,23152,A,N,C,C,A,A,H,-,A,D,0,NA,NA,NA,NA,Y,Y,A,07,0,3,0,0,0,0,0,0,0,-,-,33.927650451660156,-118.30050659179688,LOS ANGELES,UNINCORPORATED,-118.30050659179688,33.92762756347656
94417013,2024,2024-10-02,9590,2024-09-23,1603,023162,NA,1,2,7,1942,0,1,1,NA,2,064,I-10 E/B (SANTA MONICA FREEWAY),SANTA FE AVENUE,400,E,N,A,-,Y,LA,NA,10,NA,NA,17.849,H,NA,R,N,4,0,2,2,A,-,03,22350,NA,N,C,C,A,A,H,-,A,D,0,NA,NA,NA,NA,Y,NA,A,07,0,0,2,0,0,0,0,0,0,-,-,34.02875900268555,-118.22760772705078,LOS ANGELES,LOS ANGELES,-118.22762298583984,34.028804779052734
9441702,2022,2022-06-08,1956,2022-04-26,1247,1292,39,2,5,5,1956,0,0,0,NA,0,003,RIPLEY AV,FLAGLER LN,410,E,N,A,-,N,NA,NA,NA,NA,NA,NA,NA,NA,NA,N,4,0,1,2,C,-,18,NA,NA,M,B,E,A,A,H,-,A,D,0,NA,NA,NA,NA,Y,NA,-,-,0,0,1,0,0,0,0,0,0,-,-,NA,NA,LOS ANGELES,REDONDO BEACH,-118.37785339355467,33.859230041503906
94417050,2024,2024-10-02,9525,2024-10-01,855,019291,NA,2,1,1,1934,0,1,1,NA,2,651,I-605 S/B (SAN GABRIEL RIVER FWY),I-210 E/B (FOOTHILL FWY),3696,S,N,A,-,Y,LA,NA,605,NA,NA,25.012,H,NA,L,Y,4,0,4,3,A,-,03,22350,NA,N,C,C,A,A,H,-,A,D,0,NA,NA,NA,NA,Y,NA,D,22,0,0,4,0,0,0,0,0,0,-,-,34.1257209777832,-117.96495819091795,LOS ANGELES,IRWINDALE,-117.96498870849608,34.12574005126953
9441706,2022,2022-05-27,1956,2022-04-26,1249,1292,39,2,5,5,1956,0,0,0,NA,0,002,ANITA ST,FLAGLER LN,27,W,N,A,-,N,NA,NA,NA,NA,NA,NA,NA,NA,NA,Y,4,0,1,2,C,-,18,NA,NA,N,D,C,A,B,H,-,A,D,0,NA,NA,NA,NA,Y,NA,-,-,0,0,1,0,0,0,0,0,0,-,-,NA,NA,LOS ANGELES,REDONDO BEACH,-118.37899017333984,33.8580436706543
94417079,2024,2024-10-02,9545,2024-09-29,1145,021360,NA,7,1,9,1900,0,1,3,NA,2,011,SR-14 N/B,AVENUE B,2735,S,N,A,-,Y,LA,NA,14,NA,R,75.394,H,NA,R,Y,2,0,1,1,A,-,08,22107,NA,N,E,8,A,A,D,-,A,D,0,NA,NA,NA,NA,Y,NA,A,01,1,0,0,0,0,0,0,0,0,-,-,34.797080993652344,-118.17060089111328,LOS ANGELES,UNINCORPORATED,-118.17064666748048,34.797080993652344
94417084,2024,2024-10-02,9590,2024-09-29,1600,022690,NA,7,2,7,1942,0,1,3,NA,2,031,SR-60 W/B (POF),LORENA ST,50,W,N,A,-,Y,LA,NA,60,NA,R,1.45,H,NA,L,N,4,0,1,2,A,-,03,22350,NA,N,C,C,A,A,H,-,A,D,0,NA,NA,NA,NA,Y,NA,A,07,0,0,1,0,0,0,0,0,0,-,-,34.02949142456055,-118.2003173828125,LOS ANGELES,LOS ANGELES,-118.20030212402344,34.02943801879883
94417087,2024,2024-10-02,9590,2024-09-29,1615,022690,NA,7,2,7,1942,0,1,3,NA,2,031,SR-60 W/B (POF),LORENA ST,100,E,N,A,-,Y,LA,NA,60,NA,R,1.535,H,NA,L,N,4,0,3,2,A,-,03,22350,NA,N,C,C,A,A,H,-,A,D,0,NA,NA,NA,NA,Y,NA,A,01,0,0,3,0,0,0,0,0,0,-,-,34.02973937988281,-118.19889831542967,LOS ANGELES,LOS ANGELES,-118.19889831542967,34.02974319458008
9441710,2022,2022-05-13,1956,2022-04-25,1510,1292,66,1,5,5,1956,0,0,0,NA,0,004,MANHATTAN BEACH BL,INGLEWOOD AV,92,W,N,A,-,N,NA,NA,NA,NA,NA,NA,NA,NA,NA,N,4,0,1,2,A,-,03,22350,NA,N,C,C,A,A,H,-,A,A,0,NA,NA,NA,NA,Y,NA,D,22,0,0,1,0,0,0,0,0,0,-,-,NA,NA,LOS ANGELES,REDONDO BEACH,-118.36164093017578,33.887298583984375
94417110,2024,2024-10-02,9590,2024-10-02,825,021762,NA,3,1,7,1942,0,1,2,NA,2,072,US-101 N/B (HOLLYWOOD FREEWAY),MELROSE AVENUE,125,S,N,A,-,Y,LA,NA,101,NA,NA,4.843,H,NA,R,N,4,0,1,2,A,-,03,22350,NA,N,C,C,A,A,H,-,A,D,0,NA,NA,NA,NA,Y,NA,A,01,0,0,1,0,0,0,0,0,0,-,-,34.08330154418945,-118.2980728149414,LOS ANGELES,LOS ANGELES,-118.29805755615234,34.08331298828125
94417130,2024,2024-10-02,9590,2024-09-27,1600,023397,NA,5,2,7,1942,0,1,1,NA,2,052,I-110 N/B (HARBOR FREEWAY),TEMPLE STREET,70,N,N,A,-,Y,LA,NA,110,NA,NA,23.636,H,NA,R,Y,4,0,1,2,A,-,03,22350,NA,F,C,C,A,A,H,-,A,D,0,NA,NA,NA,NA,Y,NA,-,99,0,0,1,0,0,0,0,0,0,-,-,34.061500549316406,-118.24964141845705,LOS ANGELES,LOS ANGELES,-118.24982452392578,34.061641693115234
94417182,2024,2024-10-02,9525,2024-10-02,1415,018505,NA,3,2,5,1926,0,1,1,NA,2,206,I-210 E/B (FOOTHILL FWY),BONNIE COVE AVE,100,E,N,A,-,Y,LA,NA,210,NA,R,42.697,H,NA,R,Y,4,0,1,2,A,-,03,22350,NA,N,C,C,A,A,H,-,A,D,0,NA,NA,NA,Y,Y,NA,A,01,0,0,1,0,0,0,0,0,0,-,-,34.11751937866211,-117.85466003417967,LOS ANGELES,GLENDORA,-117.85466003417967,34.117549896240234
94417201,2024,2024-10-02,9590,2024-09-30,2000,024031,NA,1,2,7,1942,0,1,1,NA,2,052,I-110 N/B (HARBOR FREEWAY),WASHINGTON BLVD.,138,S,N,A,-,Y,LA,NA,110,NA,NA,21.213,H,NA,R,Y,3,0,1,1,A,-,08,22107,NA,N,E,I,A,A,H,-,C,D,0,NA,NA,NA,NA,Y,NA,A,01,0,1,0,0,0,0,0,0,0,-,-,34.03485107421875,-118.27420043945313,LOS ANGELES,LOS ANGELES,-118.2743682861328,34.03486633300781
94417207,2024,2024-10-02,9535,2024-09-21,2250,023941,NA,6,3,9,1900,0,3,5,NA,2,007,BANDINI BLVD,DOWNEY RD,0,NA,Y,A,-,N,NA,NA,NA,NA,NA,NA,NA,NA,NA,Y,4,0,1,2,A,-,12,21453,A,N,D,C,A,A,H,-,C,A,0,NA,NA,NA,NA,Y,NA,A,01,0,0,1,0,0,0,0,0,0,-,-,34.00870895385742,-118.20504760742188,LOS ANGELES,UNINCORPORATED,-118.20499420166016,34.00863265991211
94417216,2024,2024-10-03,9565,2024-08-10,824,023925,NA,6,1,7,1942,0,1,1,NA,2,062,I-405 N/B (SAN DIEGO FREEWAY),I-10 (SANTA MONICA FREEWAY,500,N,N,A,-,Y,LA,NA,405,NA,NA,29.803,H,NA,R,N,4,0,1,2,A,-,07,21658,A,N,B,C,A,A,H,-,A,D,0,NA,NA,NA,NA,Y,NA,A,07,0,0,1,0,0,0,0,0,0,-,-,34.034088134765625,-118.43685913085938,LOS ANGELES,LOS ANGELES,-118.43682861328124,34.03411102294922