CASE_ID,ACCIDENT_YEAR,PROC_DATE,JURIS,COLLISION_DATE,COLLISION_TIME,OFFICER_ID,REPORTING_DISTRICT,DAY_OF_WEEK,CHP_SHIFT,POPULATION,CNTY_CITY_LOC,SPECIAL_COND,BEAT_TYPE,CHP_BEAT_TYPE,CITY_DIVISION_LAPD,CHP_BEAT_CLASS,BEAT_NUMBER,PRIMARY_RD,SECONDARY_RD,DISTANCE,DIRECTION,INTERSECTION,WEATHER_1,WEATHER_2,STATE_HWY_IND,CALTRANS_COUNTY,CALTRANS_DISTRICT,STATE_ROUTE,ROUTE_SUFFIX,POSTMILE_PREFIX,POSTMILE,LOCATION_TYPE,RAMP_INTERSECTION,SIDE_OF_HWY,TOW_AWAY,COLLISION_SEVERITY,NUMBER_KILLED,NUMBER_INJURED,PARTY_COUNT,PRIMARY_COLL_FACTOR,PCF_CODE_OF_VIOL,PCF_VIOL_CATEGORY,PCF_VIOLATION,PCF_VIOL_SUBSECTION,HIT_AND_RUN,TYPE_OF_COLLISION,MVIW,PED_ACTION,ROAD_SURFACE,ROAD_COND_1,ROAD_COND_2,LIGHTING,CONTROL_DEVICE,CHP_ROAD_TYPE,PEDESTRIAN_ACCIDENT,BICYCLE_ACCIDENT,MOTORCYCLE_ACCIDENT,TRUCK_ACCIDENT,NOT_PRIVATE_PROPERTY,ALCOHOL_INVOLVED,STWD_VEHTYPE_AT_FAULT,CHP_VEHTYPE_AT_FAULT,COUNT_SEVERE_INJ,COUNT_VISIBLE_INJ,COUNT_COMPLAINT_PAIN,COUNT_PED_KILLED,COUNT_PED_INJURED,COUNT_BICYCLIST_KILLED,COUNT_BICYCLIST_INJURED,COUNT_MC_KILLED,COUNT_MC_INJURED,PRIMARY_RAMP,SECONDARY_RAMP,LATITUDE,LONGITUDE,COUNTY,CITY,POINT_X,POINT_Y
94417365,2024,2024-10-03,9590,2024-09-18,1936,023162,NA,3,2,7,1942,0,1,1,NA,2,050,I-110 N/B (HARBOR FREEWAY),MANCHESTER AVENUE,500,S,N,A,-,Y,LA,NA,110,NA,NA,15.418,H,NA,R,N,4,0,1,4,A,-,03,22350,NA,M,C,C,A,A,H,-,D,D,0,NA,NA,NA,NA,Y,NA,-,99,0,0,1,0,0,0,0,0,0,-,-,33.95180892944336,-118.28012847900392,LOS ANGELES,LOS ANGELES,-118.2800521850586,33.951820373535156
94417393,2024,2024-10-03,9540,2024-09-30,1615,023613,NA,1,2,9,1900,0,1,1,NA,2,508,N/B I-5 (GOLDEN STATE FREEWAY),LAKE HUGHES RD,18480,N,N,A,-,Y,LA,NA,5,NA,R,63.117,H,NA,R,Y,3,0,4,4,A,-,03,22350,NA,N,C,C,A,A,D,E,A,D,0,NA,NA,NA,NA,Y,NA,A,01,0,2,2,0,0,0,0,0,0,-,-,34.53921127319336,-118.65737152099608,LOS ANGELES,UNINCORPORATED,-118.65734100341795,34.53923797607422
94417395,2024,2024-10-03,9540,2024-09-30,830,018037,NA,1,1,7,1942,0,1,3,NA,2,149,SR-14 S/B TO I-5 S/B,SIERRA HIGHWAY,355,S,N,A,-,Y,LA,NA,5,NA,R,45.379,H,NA,L,Y,3,0,1,1,A,-,03,22350,NA,N,E,8,A,A,H,-,A,D,0,NA,NA,Y,NA,Y,NA,C,02,0,1,0,0,0,0,0,0,1,-,-,34.331050872802734,-118.50665283203124,LOS ANGELES,LOS ANGELES,-118.50672912597656,34.331024169921875
94417397,2024,2024-10-03,9540,2024-09-28,1020,023847,NA,6,1,7,1942,0,1,1,NA,1,503,I-5 S/B (GOLDEN STATE FREEWAY),BALBOA BLVD,175,N,N,A,-,Y,LA,NA,5,NA,R,44.471,H,NA,L,N,4,0,1,2,A,-,07,21658,A,N,B,C,A,A,H,-,A,D,0,NA,NA,NA,NA,Y,NA,A,01,0,0,1,0,0,0,0,0,0,-,-,34.32120895385742,-118.49681091308594,LOS ANGELES,LOS ANGELES,-118.496826171875,34.321189880371094
9441742,2022,2022-05-20,1900,2022-03-16,1233,523416,1264,3,5,3,1991,0,0,0,NA,0,121T1,FOOTHILL BL,GOULD AV,132,W,N,A,-,N,NA,NA,NA,NA,NA,NA,NA,NA,NA,Y,3,0,2,4,A,-,03,22350,NA,N,A,C,A,A,H,-,A,A,0,NA,NA,NA,NA,Y,NA,A,07,0,1,1,0,0,0,0,0,0,-,-,34.19969177246094,-118.18977355957033,LOS ANGELES,LA CANADA-FLINTRIDGE,-118.18959808349608,34.199554443359375
94417452,2024,2024-10-03,9550,2024-09-24,530,023609,NA,2,3,6,1920,0,1,1,NA,2,150,I-105 WESTBOUND,BELLFLOWER BOULEVARD,500,W,N,A,-,Y,LA,NA,105,NA,R,16.589,H,NA,L,N,4,0,1,2,A,-,07,21658,A,N,B,C,A,A,H,-,C,D,0,NA,NA,Y,NA,Y,NA,A,01,0,0,1,0,0,0,0,0,1,-,-,33.91328811645508,-118.12628173828124,LOS ANGELES,DOWNEY,-118.12628173828124,33.913307189941406
94417455,2024,2024-10-16,9530,2024-09-23,1542,023797,NA,1,2,7,1941,0,1,1,NA,2,072,I-710 S/B (LONG BEACH FREEWAY),DEL AMO BLVD.,2300,N,N,A,-,Y,LA,NA,710,NA,NA,11.28,H,NA,L,N,4,0,1,2,A,-,08,22107,NA,N,B,C,A,A,H,-,A,D,0,NA,NA,NA,Y,Y,NA,G,26,0,0,1,0,0,0,0,0,0,-,-,33.85313034057617,-118.20482635498048,LOS ANGELES,LONG BEACH,-118.20480346679688,33.853126525878906
94417462,2024,2024-10-03,9530,2024-09-23,1402,023622,NA,1,2,9,1900,0,3,5,NA,2,001,NADEAU ST,MAIE AVE.,0,NA,Y,A,-,N,NA,NA,NA,NA,NA,NA,NA,NA,NA,Y,3,0,1,3,A,-,12,21453,A,N,D,2,A,A,H,-,A,A,0,NA,NA,NA,NA,Y,NA,A,01,0,1,0,0,0,0,0,0,0,-,-,33.96744918823242,-118.24443817138672,LOS ANGELES,UNINCORPORATED,-118.24446105957033,33.96742248535156
94417495,2024,2024-10-03,9540,2024-10-01,2040,021132,NA,2,2,9,1900,0,2,4,NA,1,204,BOUQUET CANYON ROAD (33600 BLOCK),FOREST ROUTE 6N07,100,S,N,A,-,N,NA,NA,NA,NA,NA,NA,NA,NA,NA,Y,4,0,1,1,A,-,08,22107,NA,N,E,J,A,A,H,-,D,D,0,NA,NA,NA,NA,Y,NA,D,22,0,0,1,0,0,0,0,0,0,-,-,34.527130126953125,-118.4428482055664,LOS ANGELES,UNINCORPORATED,NA,NA
94417516,2024,2024-10-03,9535,2024-09-23,1250,019857,NA,1,1,5,1959,0,1,1,NA,2,400,I-10 E/B (SAN BERNARDINO FREEWAY),ROSEMEAD BLVD.,1056,W,N,A,-,Y,LA,NA,10,NA,NA,26.674,H,NA,R,N,3,0,2,2,A,-,04,21703,NA,N,C,C,A,A,H,-,A,D,0,NA,NA,NA,NA,Y,NA,A,01,0,1,1,0,0,0,0,0,0,-,-,34.072078704833984,-118.07624816894533,LOS ANGELES,ROSEMEAD,-118.07624816894533,34.07204055786133
94417585,2024,2024-10-03,9535,2024-09-23,900,019857,NA,1,1,5,1901,0,1,1,NA,2,420,I-10 E/B FROM ATLANTIC BLVD.,ATLANTIC BLVD.,185,E,N,A,-,Y,LA,NA,10,NA,NA,23.375,H,NA,R,N,4,0,1,2,A,-,21,22106,NA,N,C,C,A,A,H,-,A,A,0,NA,NA,NA,NA,Y,NA,A,01,0,0,1,0,0,0,0,0,0,-,-,34.071170806884766,-118.13372039794922,LOS ANGELES,ALHAMBRA,-118.13372039794922,34.07131576538086
94417607,2024,2024-10-03,9535,2024-09-23,1800,023022,NA,1,2,5,1901,0,1,1,NA,2,421,I-10 (SAN BERNARDINO FREEWAY) W/B,NEW AVE,528,W,N,A,-,Y,LA,NA,10,NA,NA,24.659,H,NA,L,Y,4,0,6,3,A,-,03,22350,NA,N,C,C,A,A,H,-,A,D,0,NA,NA,NA,NA,Y,NA,A,01,0,0,6,0,0,0,0,0,0,-,-,34.071998596191406,-118.1113510131836,LOS ANGELES,ALHAMBRA,-118.1113510131836,34.07194519042969
94417631,2024,2024-10-03,9545,2024-09-23,800,015826,NA,1,1,6,1950,0,1,3,NA,2,021,SR-14 N/B,AVENUE N,3600,N,N,A,-,Y,LA,NA,14,NA,R,64.254,H,NA,R,Y,2,0,1,2,A,-,03,22350,NA,N,C,C,A,A,D,-,A,D,0,NA,NA,Y,NA,Y,NA,C,02,1,0,0,0,0,0,0,0,1,-,-,34.63956832885742,-118.1530990600586,LOS ANGELES,PALMDALE,-118.15306854248048,34.63957214355469
94417653,2024,2024-10-03,9535,2024-09-22,0,022335,NA,7,3,9,1900,0,2,4,NA,2,022,OLYMPIC BOULEVARD,DITMAN AVENUE,0,NA,Y,A,-,N,NA,NA,NA,NA,NA,NA,NA,NA,NA,Y,3,0,3,3,A,-,01,23152,A,N,D,C,A,A,H,-,C,A,0,NA,NA,NA,NA,Y,Y,A,01,0,1,2,0,0,0,0,0,0,-,-,34.018959045410156,-118.18927764892578,LOS ANGELES,UNINCORPORATED,-118.18923950195313,34.018882751464844
9441775,2022,2022-05-12,1942,2022-04-09,1610,38942,1303,6,5,7,1942,0,0,0,M,0,24MQ37,PICO,SAN PEDRO ST,30,W,N,A,-,N,NA,NA,NA,NA,NA,NA,NA,NA,NA,N,3,0,1,2,A,-,09,21804,A,F,B,G,A,A,H,-,A,D,0,NA,Y,NA,NA,Y,NA,L,04,0,1,0,0,0,0,1,0,0,-,-,NA,NA,LOS ANGELES,LOS ANGELES,-118.25408172607422,34.032814025878906
94417778,2024,2024-10-03,9530,2024-09-17,2,022805,NA,2,3,7,1941,0,1,1,NA,2,420,I-405 N/B TO ATLANTIC AVE.,ATLANTIC AVE,75,S,N,A,-,Y,NA,NA,NA,NA,NA,NA,NA,NA,NA,Y,3,0,1,1,A,-,01,23152,A,N,E,I,A,A,H,-,C,A,0,NA,NA,NA,NA,Y,Y,A,01,0,1,0,0,0,0,0,0,0,-,-,33.81528854370117,-118.18325805664064,LOS ANGELES,LONG BEACH,-118.18495941162108,33.815391540527344
94417789,2024,2024-10-03,9545,2024-10-01,1920,021640,NA,2,2,9,1900,0,3,5,NA,1,006,60TH ST  W,AVENUE M,0,NA,Y,A,-,N,NA,NA,NA,NA,NA,NA,NA,NA,NA,N,3,0,1,2,A,-,10,21950,A,M,G,B,D,A,H,-,C,A,0,Y,NA,NA,NA,Y,NA,-,99,0,1,0,0,1,0,0,0,0,-,-,34.64567947387695,-118.2360382080078,LOS ANGELES,UNINCORPORATED,-118.2360610961914,34.645599365234375
94417841,2024,2024-10-03,9545,2024-09-24,1439,015826,NA,2,2,6,1950,0,3,5,NA,2,002,AVENUE S,5TH STREET EAST,800,E,N,A,-,N,NA,NA,NA,NA,NA,NA,NA,NA,NA,Y,4,0,5,3,A,-,03,22350,NA,N,C,C,A,A,H,-,A,D,0,NA,NA,NA,NA,Y,NA,A,01,0,0,5,0,0,0,0,0,0,-,-,34.55796813964844,-118.11781311035156,LOS ANGELES,PALMDALE,-118.11775970458984,34.55801773071289
94417907,2024,2024-10-03,9535,2024-09-19,1220,022842,NA,4,1,9,1900,0,1,1,NA,2,071,I-710 S/B (LONG BEACH FREEWAY),3RD STREET,528,S,N,B,-,Y,LA,NA,710,NA,NA,24.345,H,NA,L,Y,4,0,1,2,A,-,08,22107,NA,M,E,I,A,A,H,-,A,D,0,NA,NA,NA,NA,Y,NA,-,99,0,0,1,0,0,0,0,0,0,-,-,34.03173828125,-118.17093658447266,LOS ANGELES,UNINCORPORATED,-118.17082977294922,34.031707763671875
94417920,2024,2024-10-03,9580,2024-09-24,730,019483,NA,2,1,7,1942,0,1,2,NA,2,104,US-101 N/B (VENTURA FREEWAY),WINNETKA AVE,1025,S,N,A,-,Y,LA,NA,101,NA,NA,22.948,H,NA,R,N,3,0,1,2,A,-,07,21658,A,N,B,C,A,A,H,-,C,D,0,NA,NA,Y,NA,Y,NA,A,07,0,1,0,0,0,0,0,0,1,-,-,34.17319869995117,-118.56533813476564,LOS ANGELES,LOS ANGELES,-118.56534576416016,34.17325210571289
94417933,2024,2024-10-03,9580,2024-09-28,1650,023440,NA,6,2,7,1942,0,3,5,NA,1,010,MULHOLLAND HWY,APRIL RD,2112,E,N,A,-,N,NA,NA,NA,NA,NA,NA,NA,NA,NA,Y,4,0,1,1,A,-,08,22107,NA,N,E,I,A,A,H,-,A,D,0,NA,NA,Y,NA,Y,NA,C,02,0,0,1,0,0,0,0,0,1,-,-,34.10717010498047,-118.73441314697266,LOS ANGELES,LOS ANGELES,-118.73468017578124,34.10706329345703
94417945,2024,2024-10-03,9580,2024-09-29,1630,023395,NA,7,2,7,1942,0,1,2,NA,2,101,US-101 S/B (VENTURA FREEWAY),TUJUNGA AVE,1584,N,N,A,-,Y,LA,NA,101,NA,NA,12.216,H,NA,L,N,4,0,1,2,A,-,07,21658,A,N,B,C,A,A,H,-,A,D,0,NA,NA,Y,NA,Y,NA,C,02,0,0,1,0,0,0,0,0,1,-,-,34.154380798339844,-118.3852081298828,LOS ANGELES,LOS ANGELES,-118.3852081298828,34.154354095458984
94417946,2024,2024-10-03,9535,2024-09-22,555,023264,NA,7,3,5,1906,0,1,1,NA,2,650,I-605 N/B (SAN GABRIEL RIVER FREEWAY),GOLF COURSE PUC N EDGE,1530,N,N,B,-,Y,LA,NA,605,NA,R,18.035,H,NA,R,N,4,0,1,1,A,-,08,22107,NA,N,E,J,A,A,H,-,B,D,0,NA,NA,NA,NA,Y,NA,-,-,0,0,1,0,0,0,0,0,0,-,-,34.03947067260742,-118.01824951171876,LOS ANGELES,BALDWIN PARK,-118.018310546875,34.039581298828125
9441798,2022,2022-05-12,1931,2022-04-05,1920,5321,1931,2,5,5,1931,0,0,0,NA,0,002,MILES AV,CLARENDON AV,0,NA,Y,A,-,N,NA,NA,NA,NA,NA,NA,NA,NA,NA,Y,3,0,3,2,A,-,09,21804,B,N,D,C,A,A,H,-,B,A,0,NA,NA,NA,NA,Y,NA,A,01,0,1,2,0,0,0,0,0,0,-,-,NA,NA,LOS ANGELES,HUNTINGTON PARK,-118.2192153930664,33.983524322509766
94418058,2024,2024-10-03,9535,2024-09-22,1825,023704,NA,7,2,9,1900,0,2,4,NA,2,011,EASTERN AVE,CITY TERRACE DR,0,NA,Y,A,-,N,NA,NA,NA,NA,NA,NA,NA,NA,NA,Y,4,0,1,2,A,-,09,21801,A,N,A,C,A,A,H,-,A,A,0,NA,NA,NA,NA,Y,NA,A,01,0,0,1,0,0,0,0,0,0,-,-,34.05765914916992,-118.17221069335938,LOS ANGELES,UNINCORPORATED,-118.17215728759766,34.0576286315918
94418090,2024,2024-10-03,9590,2024-09-05,2336,023863,NA,4,3,7,1942,0,1,S,NA,2,904,I-110 S/B TO I-105 W/B TRANSITION,FIGUEROA STREET,300,N,N,A,-,Y,NA,NA,NA,NA,NA,NA,NA,NA,NA,Y,3,0,3,2,A,-,03,22350,NA,F,C,C,A,A,H,-,C,D,0,NA,NA,NA,NA,Y,NA,A,01,0,3,0,0,0,0,0,0,0,-,-,33.93029022216797,-118.28172302246094,LOS ANGELES,LOS ANGELES,-118.2746124267578,34.03129196166992
94418124,2024,2024-10-03,9565,2024-09-23,1507,016074,NA,1,2,7,1942,0,1,1,NA,2,083,I-10 W/B (SANTA MONICA FWY),NATIONAL BOULEVARD,1000,E,N,B,-,Y,LA,NA,10,NA,R,8.107,H,NA,L,N,4,0,2,3,A,-,03,22350,NA,N,C,C,A,A,H,-,A,D,0,NA,NA,NA,NA,Y,NA,A,01,0,0,2,0,0,0,0,0,0,-,-,34.03227996826172,-118.38878631591795,LOS ANGELES,LOS ANGELES,-118.38877105712892,34.032257080078125
94418151,2024,2024-10-03,9575,2024-09-25,854,023009,NA,3,1,6,1912,0,1,1,NA,2,051,I-5 N/B TO ALAMEDA AVE W/B,ALAMEDA AVE,35,N,N,A,-,Y,NA,NA,NA,NA,NA,NA,NA,NA,NA,N,4,0,1,2,A,-,03,22350,NA,N,C,C,A,A,H,-,A,A,0,NA,NA,NA,NA,Y,NA,D,22,0,0,1,0,0,0,0,0,0,-,-,34.17103958129883,-118.30380249023438,LOS ANGELES,BURBANK,-118.30428314208984,34.17040252685547
94418168,2024,2024-10-03,9550,2024-09-26,843,022298,NA,4,1,6,1949,0,1,1,NA,2,651,I-605 SOUTHBOUND (SAN GABRIEL RIVER FREEWAY),ALONDRA BOULEVARD,210,N,N,B,-,Y,LA,NA,605,NA,R,5.874,H,NA,L,N,4,0,1,2,A,-,03,22350,NA,N,C,C,A,A,H,-,A,D,0,NA,NA,NA,NA,Y,NA,D,22,0,0,1,0,0,0,0,0,0,-,-,33.888240814208984,-118.10453033447266,LOS ANGELES,NORWALK,-118.10459136962892,33.88823699951172
9441817,2022,2022-05-11,1972,2022-04-10,1133,21737,NA,7,5,6,1972,0,0,0,NA,0,NA,TORRANCE BL,PALOS VERDES BL,170,W,N,A,-,N,NA,NA,NA,NA,NA,NA,NA,NA,NA,Y,4,0,6,5,A,-,-,NA,NA,N,A,C,A,A,H,-,A,D,0,NA,NA,NA,NA,Y,NA,A,NA,0,0,6,0,0,0,0,0,0,-,-,NA,NA,LOS ANGELES,TORRANCE,-118.36988067626952,33.83757781982422
94418194,2024,2024-10-03,9550,2024-09-25,1244,018187,NA,3,1,9,1900,0,2,4,NA,1,022,IMPERIAL HWY (WESTBOUND),LEFFINGWELL RD,0,NA,Y,A,-,N,NA,NA,NA,NA,NA,NA,NA,NA,NA,N,4,0,1,2,A,-,05,21650,NA,N,H,G,A,A,H,-,A,A,0,NA,Y,NA,NA,Y,NA,L,04,0,0,1,0,0,0,1,0,0,-,-,33.91709899902344,-118.05027770996094,LOS ANGELES,UNINCORPORATED,-118.05014038085938,33.91704177856445
9441820,2022,2022-05-10,1972,2022-04-12,2327,22176,NA,2,5,6,1972,0,0,0,NA,0,NA,CARSON ST,DEL AMO CIR EAST,0,NA,Y,A,-,N,NA,NA,NA,NA,NA,NA,NA,NA,NA,Y,4,0,1,2,A,-,12,21452,A,N,D,C,A,A,H,-,C,A,0,NA,NA,NA,NA,Y,NA,-,-,0,0,1,0,0,0,0,0,0,-,-,NA,NA,LOS ANGELES,TORRANCE,-118.34695434570313,33.83114242553711
9441823,2022,2022-05-11,1942,2022-03-31,0830,42932,8231,4,5,7,1942,0,0,0,NA,0,24TL24,RENO ST,BEVERLY BL,0,NA,Y,A,-,N,NA,NA,NA,NA,NA,NA,NA,NA,NA,N,3,0,1,2,A,-,08,22107,NA,F,B,G,A,A,H,-,A,D,0,NA,Y,NA,NA,Y,NA,-,99,0,1,0,0,0,0,1,0,0,-,-,NA,NA,LOS ANGELES,LOS ANGELES,-118.28128814697266,34.07141876220703
9441824,2022,2022-05-11,1942,2022-03-26,2005,38590,0247,6,5,7,1942,0,0,0,B,0,24T32,3RD ST,BURLINGTON AV,200,W,N,B,-,N,NA,NA,NA,NA,NA,NA,NA,NA,NA,N,3,0,1,2,A,-,08,22107,NA,F,B,C,A,A,H,-,C,A,0,NA,NA,NA,NA,Y,NA,-,99,0,1,0,0,0,0,0,0,0,-,-,NA,NA,LOS ANGELES,LOS ANGELES,-118.26952362060548,34.061561584472656
9441825,2022,2022-05-17,1942,2022-03-26,0240,44010,1344,6,5,7,1942,0,0,0,M,0,13A43,SAN PEDRO ST,E 42ND PL,0,NA,Y,A,-,N,NA,NA,NA,NA,NA,NA,NA,NA,NA,Y,3,0,3,2,A,-,12,22450,A,F,D,C,A,A,H,-,A,A,0,NA,NA,NA,NA,Y,NA,A,01,0,2,1,0,0,0,0,0,0,-,-,NA,NA,LOS ANGELES,LOS ANGELES,-118.26966094970705,34.00657272338867
9441826,2022,2022-05-11,1942,2022-03-28,0440,43177,1344,1,5,7,1942,0,0,0,M,0,13A43,AVALON AV,42ND PL,0,NA,Y,A,-,N,NA,NA,NA,NA,NA,NA,NA,NA,NA,Y,4,0,1,2,A,-,03,22350,NA,F,C,C,A,A,H,-,C,A,0,NA,NA,NA,NA,Y,Y,A,01,0,0,1,0,0,0,0,0,0,-,-,NA,NA,LOS ANGELES,LOS ANGELES,-118.26528167724608,34.00659942626953
94418266,2024,2024-10-03,9590,2024-09-20,1520,023863,NA,5,2,7,1942,0,1,1,NA,2,085,I-5 S/B (GOLDEN STATE FREEWAY),COLORADO BOULEVARD,790,S,N,A,-,Y,LA,NA,5,NA,NA,25.638,H,NA,L,Y,3,0,1,4,A,-,03,22350,NA,N,C,C,A,A,H,-,A,D,0,NA,NA,NA,Y,Y,NA,F,25,0,1,0,0,0,0,0,0,0,-,-,34.13882827758789,-118.27709197998048,LOS ANGELES,LOS ANGELES,-118.27698516845705,34.138858795166016
94418362,2024,2024-10-03,9575,2024-09-25,1515,023236,NA,3,2,6,1953,0,1,1,NA,2,065,I-210 E/B (FOOTHILL FREEWAY),ROSEMEAD BOULEVARD,235,W,N,A,-,Y,LA,NA,210,NA,L,29.751,H,NA,R,N,4,0,1,2,A,-,03,22350,NA,N,C,C,A,A,H,-,A,D,0,NA,NA,NA,NA,Y,NA,A,07,0,0,1,0,0,0,0,0,0,-,-,34.1480712890625,-118.07433319091795,LOS ANGELES,PASADENA,-118.07433319091795,34.148067474365234
94418371,2024,2024-10-08,9590,2024-09-27,732,018345,NA,5,1,7,1942,0,1,1,NA,2,062,I-10 EASTBOUND (SANTA MONICA FREEWAY),BUDLONG AVE.,330,W,N,A,-,Y,LA,NA,10,NA,R,13.478,H,NA,R,N,3,0,1,2,A,-,03,22350,NA,N,B,C,A,A,H,-,A,D,0,NA,NA,Y,NA,Y,NA,C,02,0,1,0,0,0,0,0,0,1,-,-,34.03696823120117,-118.29756927490234,LOS ANGELES,LOS ANGELES,-118.29756927490234,34.036930084228516
94418380,2024,2024-10-03,9535,2024-09-23,610,021643,NA,1,1,5,1952,0,1,1,NA,2,075,I-710 S/B (LONG BEACH FREEWAY),ROSECRANS AVENUE,195,S,N,B,-,Y,LA,NA,710,NA,NA,14.92,H,NA,L,N,4,0,1,2,A,-,08,22107,NA,N,B,C,A,A,H,-,C,D,0,NA,NA,NA,Y,Y,NA,A,01,0,0,1,0,0,0,0,0,0,-,-,33.903011322021484,-118.1860580444336,LOS ANGELES,PARAMOUNT,-118.18599700927734,33.902984619140625
94418382,2024,2024-10-03,9535,2024-09-23,1750,023022,NA,1,2,5,1901,0,1,1,NA,2,420,I-10 (SAN BERNARDINO FREEWAY) E/B,MARGUERITA AVE PEDESTRIAN OVER CROSS,360,E,N,A,-,Y,LA,NA,10,NA,NA,23.185,H,NA,R,N,4,0,1,3,A,-,03,22350,NA,N,C,C,A,A,H,-,A,D,0,NA,NA,NA,NA,Y,NA,A,01,0,0,1,0,0,0,0,0,0,-,-,34.07135009765625,-118.13703155517578,LOS ANGELES,ALHAMBRA,-118.13703155517578,34.07127380371094
9441843,2022,2022-05-12,1901,2022-03-04,2025,151,18,5,5,5,1901,0,0,0,NA,0,004,VALLEY BL,MARENGO AV,174,E,N,B,-,N,NA,NA,NA,NA,NA,NA,NA,NA,NA,N,4,0,1,2,A,-,10,21952,NA,F,G,B,F,A,H,-,C,D,0,Y,NA,NA,NA,Y,NA,A,07,0,0,1,0,1,0,0,0,0,-,-,34.077491760253906,-118.1418914794922,LOS ANGELES,ALHAMBRA,-118.14131927490234,34.07756805419922
94418521,2024,2024-10-03,9530,2024-09-24,830,023652,NA,2,1,9,1900,0,1,1,NA,2,120,I-110 S/B (HARBOR FREEWAY),CARSON ST.,1280,S,N,A,-,Y,LA,NA,110,NA,NA,6.766,H,NA,L,Y,4,0,2,2,A,-,03,22350,NA,N,C,C,A,A,H,-,A,D,0,NA,NA,NA,NA,Y,NA,A,07,0,0,2,0,0,0,0,0,0,-,-,33.8279914855957,-118.28759002685548,LOS ANGELES,UNINCORPORATED,-118.28750610351564,33.82798767089844
94418525,2024,2024-10-03,9530,2024-09-24,835,022427,NA,2,1,7,1941,0,1,1,NA,2,430,I-405 S/B (SAN DIEGO FREEWAY),BELLFLOWER BLVD.,200,N,N,A,-,Y,LA,NA,405,NA,NA,2.317,H,NA,L,Y,3,0,2,4,A,-,03,22350,NA,N,C,C,A,A,H,-,A,D,0,NA,NA,NA,NA,Y,NA,A,01,0,1,1,0,0,0,0,0,0,-,-,33.80270004272461,-118.12612915039064,LOS ANGELES,LONG BEACH,-118.12612915039064,33.80265808105469
94418537,2024,2025-06-02,9575,2024-09-26,1420,023134,NA,4,2,6,1953,0,1,1,NA,2,064,I-210 E/B (FOOTHILL FREEWAY),CRAIG AVE.,37,E,N,A,-,Y,LA,NA,210,NA,R,27.839,H,NA,R,N,4,0,3,5,A,-,03,22350,NA,N,C,C,A,A,H,-,A,D,0,NA,NA,NA,Y,Y,NA,F,27,0,0,3,0,0,0,0,0,0,-,-,34.152278900146484,-118.10601806640624,LOS ANGELES,PASADENA,-118.10601806640624,34.15236282348633
94418550,2024,2024-10-03,9545,2024-06-02,1745,022910,NA,7,2,9,1900,0,3,5,NA,2,004,AVENUE T,87TH STREET EAST,0,NA,Y,A,-,N,NA,NA,NA,NA,NA,NA,NA,NA,NA,Y,1,1,0,2,A,-,12,21453,A,N,D,C,A,A,H,-,A,A,0,NA,NA,Y,NA,Y,NA,A,01,0,0,0,0,0,0,0,1,0,-,-,34.54296875,-117.97505950927734,LOS ANGELES,UNINCORPORATED,-117.9748306274414,34.54290771484375
94418557,2024,2024-10-03,9535,2024-09-22,1856,023349,NA,7,2,5,1959,0,1,3,NA,2,620,SR-60 E/B (POMONA FREEWAY),SAN GABRIEL BLVD,1426,E,N,A,-,Y,LA,NA,60,NA,NA,8.808,H,NA,R,N,4,0,1,2,A,-,03,22350,NA,F,C,C,A,A,H,-,C,D,0,NA,NA,NA,NA,Y,NA,D,22,0,0,1,0,0,0,0,0,0,-,-,34.04050064086914,-118.0763931274414,LOS ANGELES,ROSEMEAD,-118.07640075683594,34.04053497314453
94418571,2024,2024-10-03,9530,2024-09-24,1444,020956,NA,2,2,9,1900,0,1,1,NA,2,120,I-110 S/B (HARBOR FREEWAY),DEL AMO BLVD.,200,S,N,A,-,Y,LA,NA,110,NA,NA,7.991,H,NA,L,Y,4,0,1,4,A,-,03,22350,NA,N,C,C,A,A,H,-,A,D,0,NA,NA,NA,NA,Y,NA,E,22,0,0,1,0,0,0,0,0,0,-,-,33.8455696105957,-118.2854232788086,LOS ANGELES,UNINCORPORATED,-118.2853546142578,33.845558166503906
94418580,2024,2024-10-03,9550,2024-09-26,1440,023937,NA,4,2,9,1900,0,1,1,NA,2,150,105 EASTBOUND,DUNROBIN AVENUE,500,W,N,A,-,Y,LA,NA,105,NA,R,16.804,H,NA,R,Y,4,0,1,3,A,-,07,21658,A,N,B,C,A,A,H,-,A,D,0,NA,NA,Y,NA,Y,NA,A,07,0,0,1,0,0,0,0,0,1,-,-,33.913238525390625,-118.12254333496094,LOS ANGELES,UNINCORPORATED,-118.1225357055664,33.91320037841797