CASE_ID,ACCIDENT_YEAR,PROC_DATE,JURIS,COLLISION_DATE,COLLISION_TIME,OFFICER_ID,REPORTING_DISTRICT,DAY_OF_WEEK,CHP_SHIFT,POPULATION,CNTY_CITY_LOC,SPECIAL_COND,BEAT_TYPE,CHP_BEAT_TYPE,CITY_DIVISION_LAPD,CHP_BEAT_CLASS,BEAT_NUMBER,PRIMARY_RD,SECONDARY_RD,DISTANCE,DIRECTION,INTERSECTION,WEATHER_1,WEATHER_2,STATE_HWY_IND,CALTRANS_COUNTY,CALTRANS_DISTRICT,STATE_ROUTE,ROUTE_SUFFIX,POSTMILE_PREFIX,POSTMILE,LOCATION_TYPE,RAMP_INTERSECTION,SIDE_OF_HWY,TOW_AWAY,COLLISION_SEVERITY,NUMBER_KILLED,NUMBER_INJURED,PARTY_COUNT,PRIMARY_COLL_FACTOR,PCF_CODE_OF_VIOL,PCF_VIOL_CATEGORY,PCF_VIOLATION,PCF_VIOL_SUBSECTION,HIT_AND_RUN,TYPE_OF_COLLISION,MVIW,PED_ACTION,ROAD_SURFACE,ROAD_COND_1,ROAD_COND_2,LIGHTING,CONTROL_DEVICE,CHP_ROAD_TYPE,PEDESTRIAN_ACCIDENT,BICYCLE_ACCIDENT,MOTORCYCLE_ACCIDENT,TRUCK_ACCIDENT,NOT_PRIVATE_PROPERTY,ALCOHOL_INVOLVED,STWD_VEHTYPE_AT_FAULT,CHP_VEHTYPE_AT_FAULT,COUNT_SEVERE_INJ,COUNT_VISIBLE_INJ,COUNT_COMPLAINT_PAIN,COUNT_PED_KILLED,COUNT_PED_INJURED,COUNT_BICYCLIST_KILLED,COUNT_BICYCLIST_INJURED,COUNT_MC_KILLED,COUNT_MC_INJURED,PRIMARY_RAMP,SECONDARY_RAMP,LATITUDE,LONGITUDE,COUNTY,CITY,POINT_X,POINT_Y
94423320,2024,2024-10-08,9530,2024-09-10,1910,023824,NA,2,2,5,1915,0,3,5,NA,2,002,BROADWAY (13000 BLOCK),130TH ST.,115,S,N,A,-,N,NA,NA,NA,NA,NA,NA,NA,NA,NA,N,2,0,1,2,A,-,11,21954,A,F,G,B,D,A,H,-,A,D,0,Y,NA,NA,NA,Y,Y,N,60,1,0,0,0,1,0,0,0,0,-,-,33.913978576660156,-118.27828216552734,LOS ANGELES,COMPTON,-118.27838134765624,33.91404342651367
94423324,2024,2024-10-08,9540,2024-10-01,738,019254,NA,2,1,9,1900,0,1,3,NA,2,149,SR-14 S/B (ANTELOPE VALLEY FREEWAY),SIERRA HIGHWAY (U/C),30,S,N,A,-,Y,LA,NA,14,NA,R,25.143,H,NA,L,Y,4,0,1,1,A,-,08,22107,NA,N,F,A,A,A,H,-,A,D,0,NA,NA,Y,NA,Y,NA,C,02,0,0,1,0,0,0,0,0,1,-,-,34.33866882324219,-118.50717163085938,LOS ANGELES,UNINCORPORATED,-118.50729370117188,34.33870315551758
94423335,2024,2024-10-08,9535,2024-09-27,1745,022342,NA,5,2,1,1973,0,1,1,NA,2,073,I-710 (LONG BEACH FREEWAY) S/B,BANDINI BLVD,620,S,N,A,-,Y,LA,NA,710,NA,NA,21.788,H,NA,L,N,3,0,1,2,A,-,03,22350,NA,N,B,C,A,A,H,-,A,D,0,NA,NA,Y,NA,Y,NA,C,02,0,1,0,0,0,0,0,0,1,-,-,33.995811462402344,-118.17707824707033,LOS ANGELES,VERNON,-118.17706298828124,33.995811462402344
94423340,2024,2024-10-08,9565,2024-05-06,230,022775,NA,1,3,7,1942,0,1,1,NA,2,064,I-405 S/B,SKIRBALL CENTER DR,3200,S,N,A,-,Y,LA,NA,405,NA,NA,36.092,H,NA,L,N,3,0,1,1,A,-,08,22107,NA,N,E,I,A,A,H,-,C,D,0,NA,NA,NA,NA,Y,NA,A,01,0,1,0,0,0,0,0,0,0,-,-,34.114341735839844,-118.48204803466795,LOS ANGELES,LOS ANGELES,-118.48213958740234,34.11434555053711
9442335,2021,2022-04-28,1972,2021-10-26,1430,18263,NA,2,5,6,1972,0,0,0,NA,0,NA,SEPULVEDA,OCEAN,300,W,N,A,-,N,NA,NA,NA,NA,NA,NA,NA,NA,NA,Y,4,0,1,2,A,-,09,21801,A,N,A,C,A,A,H,-,A,D,0,NA,NA,NA,NA,Y,NA,A,NA,0,0,1,0,0,0,0,0,0,-,-,NA,NA,LOS ANGELES,TORRANCE,-118.35556030273438,33.82596206665039
94423351,2024,2024-10-08,9535,2024-09-27,835,019857,NA,5,1,9,1900,0,1,1,NA,2,500,I-5 N/B (SANTA ANA FREEWAY),OLYMPIC BLVD.,335,S,N,A,-,Y,LA,NA,5,NA,NA,14.08,H,NA,R,N,4,0,1,2,A,-,07,21658,A,N,B,C,A,A,H,-,A,D,0,NA,NA,NA,Y,Y,NA,G,27,0,0,1,0,0,0,0,0,0,-,-,34.01837158203125,-118.177001953125,LOS ANGELES,UNINCORPORATED,-118.1769790649414,34.01839828491211
94423353,2024,2024-10-08,9550,2024-09-28,1705,023866,NA,6,2,3,1903,0,1,3,NA,2,091,STATE ROUTE 91 WESTBOUND,GRIDLEY ROAD,325,W,N,A,-,Y,LA,NA,91,NA,R,17.505,H,NA,L,Y,3,0,7,4,A,-,03,22350,NA,N,C,C,A,A,H,-,A,D,0,NA,NA,NA,NA,Y,NA,D,22,0,1,6,0,0,0,0,0,0,-,-,33.87644958496094,-118.09268188476564,LOS ANGELES,ARTESIA,-118.09268188476564,33.876461029052734
9442336,2021,2022-04-28,1972,2021-10-22,1904,21239,NA,5,5,6,1972,0,0,0,NA,0,NA,ANZA AV,NARROT ST,0,NA,Y,A,-,N,NA,NA,NA,NA,NA,NA,NA,NA,NA,Y,3,0,2,2,A,-,09,21801,A,N,D,C,A,A,H,-,C,A,0,NA,NA,NA,NA,Y,NA,A,NA,0,1,1,0,0,0,0,0,0,-,-,NA,NA,LOS ANGELES,TORRANCE,-118.36363983154295,33.85353469848633
94423373,2024,2024-10-08,9535,2024-09-27,1500,022342,NA,5,2,4,1907,0,1,1,NA,2,073,I-710 (LONG BEACH FREEWAY) S/B,SLAUSON AVE,170,S,N,A,-,Y,LA,NA,710,NA,NA,20.987,H,NA,L,N,3,0,1,3,A,-,03,22350,NA,N,C,C,A,A,H,-,A,D,0,NA,NA,NA,NA,Y,NA,A,01,0,1,0,0,0,0,0,0,0,-,-,33.98609161376953,-118.16964721679688,LOS ANGELES,BELL,-118.16954803466795,33.98613357543945
94423404,2024,2024-10-08,9535,2024-09-27,2145,023436,NA,5,2,9,1900,0,2,4,NA,2,025,ATLANTIC BLVD. (900 BLOCK),LOUIS PL,45,S,N,A,-,N,NA,NA,NA,NA,NA,NA,NA,NA,NA,N,4,0,2,2,A,-,09,21804,A,N,D,C,A,A,H,-,C,D,0,NA,NA,NA,NA,Y,NA,A,08,0,0,2,0,0,0,0,0,0,-,-,34.01968002319336,-118.15762329101564,LOS ANGELES,UNINCORPORATED,-118.15767669677734,34.019161224365234
94423505,2024,2024-10-08,9550,2024-10-01,630,015449,NA,2,1,3,1964,0,1,1,NA,2,500,I-5 NORTHBOUND (SANTA ANA FREEWAY),FLORENCE AVE.,1320,S,N,B,-,Y,LA,NA,5,NA,NA,6.114,H,NA,R,Y,3,0,1,3,A,-,07,21658,A,N,B,C,A,A,H,-,A,D,0,NA,NA,NA,NA,Y,NA,A,01,0,1,0,0,0,0,0,0,0,-,-,33.93191909790039,-118.09037017822266,LOS ANGELES,SANTA FE SPRINGS,-118.09024047851564,33.93198013305664
94423519,2024,2024-10-08,9530,2024-09-26,1536,022079,NA,4,2,9,1900,0,3,5,NA,2,002,COMPTON AVE.,118TH ST.,0,NA,Y,A,-,N,NA,NA,NA,NA,NA,NA,NA,NA,NA,N,3,0,1,2,A,-,09,21801,A,N,D,G,A,A,H,-,A,A,0,NA,NA,Y,NA,Y,NA,A,07,0,1,0,0,0,0,0,0,1,-,-,33.925941467285156,-118.24626159667967,LOS ANGELES,UNINCORPORATED,-118.24627685546876,33.925941467285156
94423529,2024,2024-10-08,9545,2024-10-07,1310,023840,NA,1,1,9,1900,0,1,3,NA,1,042,RT 138,LONGVIEW RD,150,W,N,A,-,Y,LA,NA,138,NA,NA,60.133,H,NA,R,N,4,0,1,2,D,-,00,NA,NA,N,C,C,A,A,H,-,A,D,0,NA,NA,NA,NA,Y,NA,-,-,0,0,1,0,0,0,0,0,0,-,-,34.50642013549805,-117.8972625732422,LOS ANGELES,UNINCORPORATED,-117.8972625732422,34.50642395019531
94423551,2024,2024-10-08,9550,2024-09-29,1630,023753,NA,7,2,9,1900,0,1,3,NA,2,601,SR-60 E/B,HACIENDA BLVD.,1320,E,N,A,-,Y,LA,NA,60,NA,NA,16.422,H,NA,R,N,4,0,1,3,A,-,07,21658,A,N,B,C,A,A,H,-,A,D,0,NA,NA,NA,NA,Y,NA,A,08,0,0,1,0,0,0,0,0,0,-,-,34.00442123413086,-117.95662689208984,LOS ANGELES,UNINCORPORATED,-117.95662689208984,34.004432678222656
94423552,2024,2024-10-08,9550,2024-09-28,2150,023539,NA,6,2,9,1900,0,1,1,NA,2,650,I-605 NORTHBOUND,PECK ROAD,106,N,N,A,-,Y,LA,NA,605,NA,R,16.914,H,NA,R,N,4,0,1,2,A,-,03,22350,NA,F,C,C,A,A,H,-,C,D,0,NA,NA,NA,NA,Y,NA,-,99,0,0,1,0,0,0,0,0,0,-,-,34.02933883666992,-118.03375244140624,LOS ANGELES,UNINCORPORATED,-118.03368377685548,34.02924728393555
94423557,2024,2024-10-08,9550,2024-09-28,2000,023879,NA,6,2,9,1900,0,2,4,NA,1,021,CARMENITA ROAD,SUNSHINE AVENUE,0,NA,Y,A,-,N,NA,NA,NA,NA,NA,NA,NA,NA,NA,Y,4,0,2,2,A,-,09,21802,A,N,D,C,A,A,H,-,C,A,0,NA,NA,NA,NA,Y,NA,A,08,0,0,2,0,0,0,0,0,0,-,-,33.92190933227539,-118.04641723632813,LOS ANGELES,UNINCORPORATED,-118.04659271240234,33.92190933227539
94423560,2024,2024-10-08,9550,2024-09-28,1703,023879,NA,6,2,9,1900,0,2,4,NA,1,015,PIONEER BOULEVARD,SARAGOSA STREET,0,NA,Y,A,-,N,NA,NA,NA,NA,NA,NA,NA,NA,NA,Y,4,0,2,2,A,-,12,22450,A,N,D,C,A,A,H,-,A,A,0,NA,NA,NA,NA,Y,NA,A,07,0,0,2,0,0,0,0,0,0,-,-,33.978519439697266,-118.07729339599608,LOS ANGELES,UNINCORPORATED,-118.07730102539064,33.97850036621094
94423561,2024,2024-10-08,9550,2024-09-24,620,023161,NA,2,1,5,1919,0,1,3,NA,2,091,I-605 N/B TO SR-91 W/B,SR-91,300,N,N,A,-,Y,NA,NA,NA,NA,NA,NA,NA,NA,NA,Y,4,0,1,1,A,-,03,22350,NA,N,E,J,A,A,H,-,A,D,0,NA,NA,NA,NA,Y,NA,A,07,0,0,1,0,0,0,0,0,0,-,-,33.87739181518555,-118.1023178100586,LOS ANGELES,CERRITOS,-118.10262298583984,33.87703323364258
94423563,2024,2024-10-08,9525,2024-09-25,1845,023933,NA,3,2,9,1900,0,2,4,NA,2,045,VALLEY BLVD (15000 BLOCK),9TH AVE,200,E,N,A,-,N,NA,NA,NA,NA,NA,NA,NA,NA,NA,Y,2,0,1,3,A,-,08,22107,NA,N,B,C,A,A,H,-,A,D,0,NA,NA,NA,NA,Y,NA,D,22,1,0,0,0,0,0,0,0,0,-,-,34.029510498046875,-117.96705627441406,LOS ANGELES,UNINCORPORATED,-117.96728515625,34.02965545654297
94423582,2024,2024-10-08,9545,2024-09-30,750,016124,NA,1,1,9,1900,0,1,3,NA,1,042,STATE ROUTE 138,96TH STREET EAST,0,NA,Y,A,-,Y,LA,NA,138,NA,NA,56.169,H,NA,R,Y,2,0,1,2,A,-,09,21802,A,N,D,C,A,A,H,-,A,A,0,NA,NA,NA,NA,Y,NA,A,01,1,0,0,0,0,0,0,0,0,-,-,34.521209716796875,-117.95813751220705,LOS ANGELES,UNINCORPORATED,-117.95813751220705,34.52113342285156
94423584,2024,2024-10-08,9550,2024-10-01,610,023127,NA,2,1,6,1920,0,1,1,NA,2,150,INTERSTATE 105 WESTBOUND,DUNROBIN AVENUE,400,E,N,B,-,Y,LA,NA,105,NA,R,16.972,H,NA,L,N,4,0,4,2,A,-,03,22350,NA,N,C,C,A,A,H,-,B,D,0,NA,NA,NA,NA,Y,NA,A,01,0,0,4,0,0,0,0,0,0,-,-,33.91379928588867,-118.1196517944336,LOS ANGELES,DOWNEY,-118.11963653564452,33.913734436035156
94423599,2024,2024-10-08,9530,2024-09-26,1710,023862,NA,4,2,5,1977,0,1,1,NA,2,410,I-405 S/B (SAN DIEGO FREEWAY),AVALON BLVD,460,S,N,A,-,Y,LA,NA,405,NA,NA,11.154,H,NA,L,N,4,0,1,2,D,-,00,NA,NA,N,C,C,A,A,H,-,A,D,0,NA,NA,NA,Y,Y,NA,-,-,0,0,1,0,0,0,0,0,0,-,-,33.838340759277344,-118.26264190673828,LOS ANGELES,CARSON,-118.26259613037108,33.83837127685547
94423606,2024,2024-10-08,9550,2024-07-23,1600,023753,NA,2,2,9,1900,0,1,1,NA,2,650,INTERSTATE 605 SOUTHBOUND,ROSE HILLS ROAD,1320,N,N,A,-,Y,LA,NA,605,NA,R,15.736,H,NA,L,Y,3,0,1,4,A,-,03,22350,NA,F,C,C,A,A,H,-,A,D,0,NA,NA,NA,NA,Y,NA,A,07,0,1,0,0,0,0,0,0,0,-,-,34.01953887939453,-118.05049896240234,LOS ANGELES,UNINCORPORATED,-118.05046081542967,34.01949691772461
94423607,2024,2024-10-08,9535,2024-10-02,236,021838,NA,3,3,5,1959,0,1,S,NA,2,904,I-10 W/B TO WALNUT GROVE AVE.,WALNUT GROVE AVE,100,W,N,A,-,Y,LA,NA,10,NA,NA,26.32,H,NA,L,Y,3,0,1,1,A,-,03,22350,NA,N,F,A,A,A,H,-,D,D,0,NA,NA,Y,NA,Y,NA,C,02,0,1,0,0,0,0,0,0,1,-,-,34.072471618652344,-118.08241271972656,LOS ANGELES,ROSEMEAD,-118.08240509033205,34.072296142578125
94423608,2024,2024-10-08,9525,2024-10-03,1715,023939,NA,4,2,5,1990,0,1,3,NA,2,574,SR-57 N/B (ORANGE FWY),SR-60 E/B (POMONA FWY),2112,S,N,A,-,Y,LA,NA,57,NA,R,4.304,H,NA,R,N,3,0,1,2,A,-,07,21658,A,N,B,C,A,A,H,-,A,D,0,NA,NA,Y,NA,Y,NA,D,22,0,1,0,0,0,0,0,0,1,-,-,33.99945068359375,-117.83698272705078,LOS ANGELES,DIAMOND BAR,-117.83695220947266,33.99943161010742
94423630,2024,2024-10-10,9550,2024-09-26,1105,018187,NA,4,1,9,1900,0,3,5,NA,2,002,IMPERIAL HWY (WESTBOUND),BREEZEWOOD DR,0,NA,Y,A,-,N,NA,NA,NA,NA,NA,NA,NA,NA,NA,Y,4,0,1,2,A,-,09,21801,A,N,D,C,A,A,H,-,A,D,0,NA,NA,NA,NA,Y,NA,A,01,0,0,1,0,0,0,0,0,0,-,-,33.9173698425293,-117.99053955078124,LOS ANGELES,UNINCORPORATED,-117.99054718017578,33.91745376586914
94423650,2024,2024-10-08,9590,2024-09-30,1505,023394,NA,1,2,7,1942,0,1,2,NA,2,073,US-101 S/B (HOF),SANTA MONICA BLVD,260,N,N,A,-,Y,LA,NA,101,NA,NA,5.617,H,NA,L,N,4,0,4,3,A,-,03,22350,NA,N,C,C,A,A,H,-,A,D,0,NA,NA,NA,NA,Y,NA,A,07,0,0,4,0,0,0,0,0,0,-,-,34.091548919677734,-118.3071517944336,LOS ANGELES,LOS ANGELES,-118.30707550048828,34.091583251953125
94423662,2024,2024-10-08,9590,2024-09-28,1945,023394,NA,6,2,7,1942,0,1,2,NA,2,073,US-101 S/B (HOLLYWOOD FREEWAY),MULHOLLAND DR.,300,S,N,A,-,Y,LA,NA,101,NA,NA,8.687,H,NA,L,N,4,0,1,2,A,-,03,22350,NA,N,C,C,A,A,H,-,D,D,0,NA,NA,NA,NA,Y,NA,A,01,0,0,1,0,0,0,0,0,0,-,-,34.12263107299805,-118.34127044677734,LOS ANGELES,LOS ANGELES,-118.3412628173828,34.12263488769531
94423668,2024,2024-10-08,9575,2024-09-26,1640,022629,NA,4,2,7,1942,0,1,3,NA,2,070,SR-118 E/B (RONALD REAGAN FREEWAY),SAN FERNANDO ROAD,4224,W,N,A,-,Y,LA,NA,118,NA,R,11.543,H,NA,R,N,3,0,1,1,C,-,18,NA,NA,N,E,I,A,A,H,-,A,D,0,NA,NA,NA,NA,Y,NA,-,-,0,1,0,0,0,0,0,0,0,-,-,34.266971588134766,-118.44190216064452,LOS ANGELES,LOS ANGELES,-118.44187927246094,34.26688003540039
94423705,2024,2024-10-08,9525,2024-10-02,2330,021838,NA,3,3,6,1955,0,1,1,NA,2,108,I-10 E/B (SAN BERNARDINO FWY),SR-57 S/B (ORANGE FWY),300,W,N,A,-,Y,LA,NA,10,NA,NA,42.154,H,NA,R,Y,4,0,1,2,A,-,07,21658,A,N,B,C,A,A,H,-,D,D,0,NA,NA,NA,Y,Y,NA,G,25,0,0,1,0,0,0,0,0,0,-,-,34.06378936767578,-117.81149291992188,LOS ANGELES,POMONA,-117.8115005493164,34.0638542175293
94423729,2024,2024-10-08,9575,2024-09-28,1920,023126,NA,6,2,7,1942,0,1,1,NA,2,050,I-5 S/B (GOLDEN STATE FREEWAY),SONORA AVE.,2323,S,N,A,-,Y,LA,NA,5,NA,NA,27.084,H,NA,L,N,3,0,2,2,A,-,03,22350,NA,N,C,C,A,A,H,-,B,D,0,NA,NA,NA,NA,Y,NA,A,07,0,2,0,0,0,0,0,0,0,-,-,34.15544128417969,-118.2895278930664,LOS ANGELES,LOS ANGELES,-118.28948974609376,34.15546798706055
94423745,2024,2024-10-09,9575,2024-09-29,700,023072,NA,7,1,9,1900,0,1,3,NA,2,300,BIG TUJUNGA CANYON ROAD,COUNTY FIRE MARKER 5.69,1174,W,N,A,-,N,NA,NA,NA,NA,NA,NA,NA,NA,NA,Y,4,0,1,1,A,-,03,22350,NA,N,E,I,A,A,H,-,A,D,0,NA,NA,NA,NA,Y,NA,A,01,0,0,1,0,0,0,0,0,0,-,-,34.279781341552734,-118.2139892578125,LOS ANGELES,UNINCORPORATED,NA,NA
94423774,2024,2024-10-09,9525,2024-10-03,2225,022927,NA,4,3,6,1975,0,1,1,NA,2,105,I-10 W/B TO PACIFIC AVE,PACIFIC AVE.,100,W,N,A,-,Y,NA,NA,NA,NA,NA,NA,NA,NA,NA,Y,3,0,1,1,A,-,03,22350,NA,N,E,I,A,A,H,-,C,D,0,NA,NA,NA,NA,Y,NA,A,01,0,1,0,0,0,0,0,0,0,-,-,34.07265090942383,-117.9443588256836,LOS ANGELES,WEST COVINA,-117.94159698486328,34.072418212890625
94423777,2024,2024-10-09,9550,2024-03-30,455,022909,NA,6,3,6,1920,0,1,1,NA,2,500,I-5 N/B,LAKEWOOD BLVD,4500,S,N,B,C,Y,LA,NA,5,NA,NA,7.448,H,NA,R,N,4,0,1,2,A,-,08,22107,NA,F,B,C,A,B,H,-,C,D,0,NA,NA,NA,NA,Y,NA,-,99,0,0,1,0,0,0,0,0,0,-,-,33.94889831542969,-118.10164642333984,LOS ANGELES,DOWNEY,-118.10166168212892,33.94889450073242
94423778,2024,2024-10-09,9525,2024-10-01,1745,022546,NA,2,2,5,1990,0,1,3,NA,2,574,SR-57 N/B (ORANGE FWY),PATHFINDER RD,2112,N,N,A,-,Y,LA,NA,57,NA,R,3.58,H,NA,R,N,4,0,1,2,A,-,03,22350,NA,N,C,C,A,A,H,-,A,D,0,NA,NA,NA,NA,Y,NA,A,01,0,0,1,0,0,0,0,0,0,-,-,33.99040985107422,-117.84265899658205,LOS ANGELES,DIAMOND BAR,-117.84261322021484,33.99040222167969
94423789,2024,2024-10-09,9550,2024-10-01,555,020531,NA,2,3,9,1900,0,2,4,NA,1,052,COLIMA ROAD,NOGALES STREET,0,NA,Y,A,-,N,NA,NA,NA,NA,NA,NA,NA,NA,NA,Y,4,0,1,2,A,-,09,21453,C,N,A,C,A,A,H,-,C,A,0,NA,NA,NA,NA,Y,NA,A,01,0,0,1,0,0,0,0,0,0,-,-,33.98754119873047,-117.88932800292967,LOS ANGELES,UNINCORPORATED,-117.88930511474608,33.98752975463867
9442402,2022,2022-04-29,1900,2022-03-29,1630,633580,2619,2,5,6,1950,0,0,0,NA,0,262T1,10TH ST WEST,TECHNOLOGY DR,0,NA,Y,A,-,N,NA,NA,NA,NA,NA,NA,NA,NA,NA,Y,3,0,1,2,A,-,09,21801,A,N,A,C,A,A,H,-,A,A,0,NA,NA,NA,NA,Y,NA,A,01,0,1,0,0,0,0,0,0,0,-,-,34.594520568847656,-118.14761352539064,LOS ANGELES,PALMDALE,-118.14762115478516,34.5944709777832
9442413,2022,2022-04-29,1942,2022-03-15,0740,33998,1441,2,5,7,1942,0,0,0,N,0,27M24,VENICE BL,REDWOOD AV,12,W,N,A,-,N,NA,NA,NA,NA,NA,NA,NA,NA,NA,Y,3,0,1,3,A,-,03,22350,NA,N,C,E,A,A,H,-,A,D,0,NA,NA,NA,NA,Y,NA,A,07,0,1,0,0,0,0,0,0,0,-,-,NA,NA,LOS ANGELES,LOS ANGELES,-118.44569396972656,33.99766540527344
94424138,2024,2024-10-09,9535,2024-09-27,1620,023704,NA,5,2,9,1900,0,3,5,NA,2,002,HUBBARD RD,DITMAN AVE,0,NA,Y,A,-,N,NA,NA,NA,NA,NA,NA,NA,NA,NA,Y,3,0,1,3,A,-,09,21802,A,N,D,C,A,A,H,-,A,A,0,NA,NA,NA,NA,Y,NA,A,01,0,1,0,0,0,0,0,0,0,-,-,34.02627944946289,-118.18930053710938,LOS ANGELES,UNINCORPORATED,-118.18930053710938,34.02629852294922
9442414,2022,2022-04-29,1942,2022-03-25,1230,37511,0738,5,5,7,1942,0,0,0,G,0,27TL27,MCCADDEN PL,WILSHIRE BL,400,N,N,A,-,N,NA,NA,NA,NA,NA,NA,NA,NA,NA,N,3,0,1,2,A,-,11,21954,A,N,G,B,D,A,H,-,A,A,0,Y,NA,NA,NA,Y,NA,N,60,0,1,0,0,1,0,0,0,0,-,-,NA,NA,LOS ANGELES,LOS ANGELES,-118.33715057373048,34.06319808959961
94424150,2024,2024-10-09,9545,2024-10-08,1425,018058,NA,2,2,9,1900,0,3,5,NA,2,001,10TH STREET EAST,AVENUE E,1901,S,N,A,-,N,NA,NA,NA,NA,NA,NA,NA,NA,NA,Y,3,0,1,1,A,-,08,22107,NA,N,F,A,A,A,H,-,A,D,0,NA,NA,NA,NA,Y,NA,A,01,0,1,0,0,0,0,0,0,0,-,-,34.75720977783203,-118.11318969726564,LOS ANGELES,UNINCORPORATED,-118.11314392089844,34.7574577331543
9442416,2022,2022-04-29,1942,2022-03-10,0425,44250,0764,4,5,7,1942,0,0,0,G,0,7A53,HAUSER BL,PICKFORD ST,40,S,N,A,-,N,NA,NA,NA,NA,NA,NA,NA,NA,NA,Y,4,0,1,2,A,-,01,23152,A,N,A,E,A,A,H,-,C,D,0,NA,NA,NA,NA,Y,Y,A,01,0,0,1,0,0,0,0,0,0,-,-,NA,NA,LOS ANGELES,LOS ANGELES,-118.3581771850586,34.045166015625
9442417,2022,2022-04-29,1942,2022-03-17,0635,42282,1823,4,5,7,1942,0,0,0,R,0,25T27W,SAN PEDRO ST,COLDEN AV,0,NA,Y,A,-,N,NA,NA,NA,NA,NA,NA,NA,NA,NA,Y,2,0,3,2,A,-,12,21453,A,N,D,C,A,A,H,-,B,A,0,NA,NA,NA,NA,Y,NA,A,01,3,0,0,0,0,0,0,0,0,-,-,NA,NA,LOS ANGELES,LOS ANGELES,-118.2695083618164,33.9492073059082
9442418,2022,2022-04-29,1942,2022-03-16,1835,33397,1826,3,5,7,1942,0,0,0,R,0,25MQ51,92ND ST,COMPTON AV,0,NA,Y,A,-,N,NA,NA,NA,NA,NA,NA,NA,NA,NA,N,2,0,2,2,A,-,11,21954,A,N,G,B,D,A,H,-,A,A,0,Y,NA,NA,NA,Y,NA,-,NA,1,0,1,0,1,0,0,0,0,-,-,NA,NA,LOS ANGELES,LOS ANGELES,-118.24601745605467,33.9532470703125
9442419,2022,2022-04-29,1942,2022-03-19,2130,43171,1821,6,5,7,1942,0,0,0,R,0,1821,HOOVER ST,COLDEN AV,100,N,N,A,-,N,NA,NA,NA,NA,NA,NA,NA,NA,NA,N,2,0,1,2,A,-,11,21955,NA,N,A,B,E,A,H,-,D,A,0,Y,NA,NA,NA,Y,NA,N,60,1,0,0,0,1,0,0,0,0,-,-,NA,NA,LOS ANGELES,LOS ANGELES,-118.28697967529295,33.949424743652344
9442420,2022,2022-04-29,1942,2022-03-17,2115,39397,1831,4,5,7,1942,0,0,0,R,0,25TL33,EL SEGUNDO ST,FIGUEROA,0,NA,Y,A,-,N,NA,NA,NA,NA,NA,NA,NA,NA,NA,N,2,0,1,2,A,-,12,21453,NA,N,D,G,A,A,H,-,C,A,0,NA,Y,NA,NA,Y,NA,L,04,1,0,0,0,0,0,1,0,0,-,-,NA,NA,LOS ANGELES,LOS ANGELES,-118.28275299072266,33.916419982910156
94424210,2024,2024-10-09,9565,2024-09-27,2010,022780,NA,5,2,7,1942,0,1,1,NA,2,083,I-10 E/B (SANTA MONICA FREEWAY),ROBERTSON BOULEVARD,1000,W,N,A,-,Y,LA,NA,10,NA,R,7.613,H,NA,R,Y,4,0,1,3,A,-,03,22350,NA,N,C,2,A,A,H,-,C,D,0,NA,NA,NA,NA,Y,NA,A,01,0,0,1,0,0,0,0,0,0,-,-,34.029090881347656,-118.39642333984376,LOS ANGELES,LOS ANGELES,-118.39641571044922,34.029022216796875
94424216,2024,2024-10-09,9530,2024-09-27,1950,023048,NA,5,2,9,1900,0,3,5,NA,2,001,GAGE AVENUE,COMPTON AVENUE,0,NA,Y,A,-,N,NA,NA,NA,NA,NA,NA,NA,NA,NA,N,3,0,1,1,A,-,03,22350,NA,N,F,A,A,A,H,-,C,A,0,NA,NA,Y,NA,Y,NA,C,02,0,1,0,0,0,0,0,0,1,-,-,33.982120513916016,-118.24765014648438,LOS ANGELES,UNINCORPORATED,-118.24774169921876,33.9820556640625
9442422,2022,2022-05-09,1900,2022-03-31,1201,626048,1617,4,5,5,1977,0,0,0,NA,0,168T,MAIN ST,220TH ST,289,S,N,A,-,N,NA,NA,NA,NA,NA,NA,NA,NA,NA,N,4,0,3,2,-,-,-,NA,NA,N,C,C,A,A,H,-,A,D,0,NA,NA,NA,NA,Y,NA,A,01,0,0,3,0,0,0,0,0,0,-,-,33.82704162597656,-118.2769012451172,LOS ANGELES,CARSON,-118.27674102783205,33.82710647583008
9442423,2022,2022-05-09,1900,2022-03-24,1100,621411,1624,4,5,5,1977,0,0,0,NA,0,164T,LOMITA BL,ISLAND AV,0,NA,Y,A,-,N,NA,NA,NA,NA,NA,NA,NA,NA,NA,N,4,0,1,2,A,-,10,21950,A,N,G,B,B,A,H,-,A,A,0,Y,NA,NA,NA,Y,NA,A,01,0,0,1,0,1,0,0,0,0,-,-,33.79909896850586,-118.2673568725586,LOS ANGELES,CARSON,-118.26728057861328,33.79896926879883
9442429,2022,2022-05-09,1928,2022-03-22,2354,50433,508,2,5,5,1928,0,0,0,NA,0,502,CRENSHAW BL,120TH ST,327,N,N,A,-,N,NA,NA,NA,NA,NA,NA,NA,NA,NA,NA,4,0,1,2,A,-,03,22350,NA,N,C,C,A,A,H,-,C,A,0,NA,NA,NA,NA,Y,Y,A,01,0,0,1,0,0,0,0,0,0,-,-,33.923709869384766,-118.32646942138672,LOS ANGELES,HAWTHORNE,-118.32657623291016,33.924617767333984