CASE_ID,ACCIDENT_YEAR,PROC_DATE,JURIS,COLLISION_DATE,COLLISION_TIME,OFFICER_ID,REPORTING_DISTRICT,DAY_OF_WEEK,CHP_SHIFT,POPULATION,CNTY_CITY_LOC,SPECIAL_COND,BEAT_TYPE,CHP_BEAT_TYPE,CITY_DIVISION_LAPD,CHP_BEAT_CLASS,BEAT_NUMBER,PRIMARY_RD,SECONDARY_RD,DISTANCE,DIRECTION,INTERSECTION,WEATHER_1,WEATHER_2,STATE_HWY_IND,CALTRANS_COUNTY,CALTRANS_DISTRICT,STATE_ROUTE,ROUTE_SUFFIX,POSTMILE_PREFIX,POSTMILE,LOCATION_TYPE,RAMP_INTERSECTION,SIDE_OF_HWY,TOW_AWAY,COLLISION_SEVERITY,NUMBER_KILLED,NUMBER_INJURED,PARTY_COUNT,PRIMARY_COLL_FACTOR,PCF_CODE_OF_VIOL,PCF_VIOL_CATEGORY,PCF_VIOLATION,PCF_VIOL_SUBSECTION,HIT_AND_RUN,TYPE_OF_COLLISION,MVIW,PED_ACTION,ROAD_SURFACE,ROAD_COND_1,ROAD_COND_2,LIGHTING,CONTROL_DEVICE,CHP_ROAD_TYPE,PEDESTRIAN_ACCIDENT,BICYCLE_ACCIDENT,MOTORCYCLE_ACCIDENT,TRUCK_ACCIDENT,NOT_PRIVATE_PROPERTY,ALCOHOL_INVOLVED,STWD_VEHTYPE_AT_FAULT,CHP_VEHTYPE_AT_FAULT,COUNT_SEVERE_INJ,COUNT_VISIBLE_INJ,COUNT_COMPLAINT_PAIN,COUNT_PED_KILLED,COUNT_PED_INJURED,COUNT_BICYCLIST_KILLED,COUNT_BICYCLIST_INJURED,COUNT_MC_KILLED,COUNT_MC_INJURED,PRIMARY_RAMP,SECONDARY_RAMP,LATITUDE,LONGITUDE,COUNTY,CITY,POINT_X,POINT_Y
94429139,2024,2024-10-14,9580,2024-10-03,2015,020800,NA,4,2,9,1900,0,1,3,NA,1,271,SR-27 S/B (TOPANGA CYN. BLVD.),ALMAR RD,4224,S,N,B,-,N,NA,NA,NA,NA,NA,NA,NA,NA,NA,Y,4,0,1,1,A,-,03,22350,NA,N,E,I,A,D,H,-,D,D,0,NA,NA,NA,NA,Y,NA,A,01,0,0,1,0,0,0,0,0,0,-,-,34.07373046875,-118.58837127685548,LOS ANGELES,UNINCORPORATED,NA,NA
94429184,2024,2024-10-14,9545,2024-09-23,715,023742,NA,1,1,9,1900,0,3,5,NA,2,002,W AVE N,30TH ST  W,140,W,N,A,-,N,NA,NA,NA,NA,NA,NA,NA,NA,NA,Y,4,0,2,3,A,-,03,22350,NA,N,C,C,A,A,H,-,A,A,0,NA,NA,NA,NA,Y,NA,A,07,0,0,2,0,0,0,0,0,0,-,-,34.63111877441406,-118.18396759033205,LOS ANGELES,UNINCORPORATED,-118.18384552001952,34.631126403808594
94429215,2024,2024-10-14,9545,2024-10-04,2110,023153,NA,5,2,9,1900,0,1,3,NA,2,031,SR-14 N/B,MOUNTAIN SPRINGS RD,15840,S,N,A,-,Y,LA,NA,14,NA,R,53.495,H,NA,R,N,4,0,2,2,A,-,03,22350,NA,M,C,C,A,A,H,-,C,D,0,NA,NA,NA,NA,Y,NA,A,01,0,0,2,0,0,0,0,0,0,-,-,34.49863052368164,-118.1218719482422,LOS ANGELES,UNINCORPORATED,-118.12187957763672,34.49863815307617
94429237,2024,2024-10-14,9545,2024-10-05,309,023663,NA,6,3,9,1900,0,1,3,NA,2,021,SR14 NB,AVENUE N,1595,S,N,A,-,Y,LA,NA,14,NA,R,63.366,H,NA,R,N,4,0,1,1,A,-,08,22107,NA,N,E,I,A,A,H,-,D,D,0,NA,NA,NA,NA,Y,NA,A,01,0,0,1,0,0,0,0,0,0,-,-,34.626708984375,-118.1530303955078,LOS ANGELES,UNINCORPORATED,-118.1530532836914,34.626708984375
94429245,2024,2024-10-14,9545,2024-10-05,1925,023742,NA,6,2,9,1900,0,1,3,NA,2,021,SR-14 N/B,PALMDALE BLVD,2534,S,N,A,-,Y,LA,NA,14,NA,R,59.314,H,NA,R,Y,4,0,1,1,A,-,08,22107,NA,N,E,I,A,A,H,-,D,D,0,NA,NA,NA,NA,Y,NA,A,01,0,0,1,0,0,0,0,0,0,-,-,34.5742301940918,-118.13358306884766,LOS ANGELES,UNINCORPORATED,-118.1334991455078,34.5742301940918
94429371,2024,2024-10-14,9580,2024-10-02,654,018431,NA,3,1,7,1942,0,1,3,NA,2,118,SR-118 E/B (RONALD REAGAN FWY),IVERSON RD.,850,W,N,A,-,Y,LA,NA,118,NA,R,0.945,H,NA,R,Y,2,0,3,4,C,-,18,NA,NA,N,C,I,A,A,H,-,A,D,0,NA,NA,NA,NA,Y,NA,-,-,2,0,1,0,0,0,0,0,0,-,-,34.276180267333984,-118.61956787109376,LOS ANGELES,LOS ANGELES,-118.61955261230467,34.27610397338867
94429373,2024,2024-10-14,9535,2024-09-22,1422,023354,NA,7,2,9,1900,0,3,5,NA,2,006,DEL MAR AVE (7700 BLOCK),LA MERCED RD,42,S,N,A,-,N,NA,NA,NA,NA,NA,NA,NA,NA,NA,Y,3,0,1,1,A,-,01,23152,A,N,A,C,A,A,H,-,A,D,0,NA,NA,NA,NA,Y,Y,A,01,0,1,0,0,0,0,0,0,0,-,-,34.05466842651367,-118.09954833984376,LOS ANGELES,UNINCORPORATED,-118.09964752197266,34.054771423339844
94429391,2024,2024-10-14,9535,2024-09-23,1925,023244,NA,1,2,9,1900,0,1,3,NA,2,601,SR-60 E/B (POMONA FREEWAY),DOWNEY RD,50,W,N,A,-,Y,LA,NA,60,NA,R,2.658,H,NA,R,N,4,0,1,2,A,-,03,22350,NA,N,C,C,A,A,H,-,E,D,0,NA,NA,NA,NA,Y,NA,A,01,0,0,1,0,0,0,0,0,0,-,-,34.033729553222656,-118.18016815185548,LOS ANGELES,UNINCORPORATED,-118.18008422851564,34.03361129760742
94429415,2024,2024-10-14,9590,2024-09-29,1322,023892,NA,7,1,7,1942,0,1,1,NA,2,085,I-5 S/B (GSF) TRANS ROAD TO SR-2 (GLF),GILROY ST.,120,N,N,A,-,Y,LA,NA,5,NA,NA,22.804,H,NA,L,N,3,0,1,3,A,-,07,21658,A,N,C,2,A,A,H,-,A,A,0,NA,NA,NA,Y,Y,NA,-,-,0,1,0,0,0,0,0,0,0,-,-,34.10483932495117,-118.25350952148438,LOS ANGELES,LOS ANGELES,-118.25341796875,34.10493087768555
94429416,2024,2024-10-14,9535,2024-09-23,2100,023354,NA,1,2,5,1915,0,1,1,NA,2,075,I-710 S/B (LONG BEACH FREEWAY),SOMERSET BLVD,168,N,N,A,-,Y,LA,NA,710,NA,NA,14.482,H,NA,L,Y,3,0,1,1,C,-,18,NA,NA,N,F,J,A,A,H,-,D,D,0,NA,NA,NA,NA,Y,NA,-,-,0,1,0,0,0,0,0,0,0,-,-,33.89677047729492,-118.18782043457033,LOS ANGELES,COMPTON,-118.18765258789064,33.89675521850586
94429435,2024,2024-10-14,9545,2024-10-07,1528,023770,NA,1,2,9,1900,0,1,3,NA,2,031,SR-14 N/B,MOUNTAIN SPRINGS RD,1450,N,N,A,-,Y,LA,NA,14,NA,R,54.077,H,NA,R,N,4,0,1,2,A,-,03,22350,NA,N,C,C,A,A,H,-,A,D,0,NA,NA,NA,NA,Y,NA,A,07,0,0,1,0,0,0,0,0,0,-,-,34.50498962402344,-118.11517333984376,LOS ANGELES,UNINCORPORATED,-118.11515045166016,34.50497817993164
94429441,2024,2024-10-14,9580,2024-10-03,1853,022663,NA,4,2,7,1942,0,1,3,NA,2,119,SR-118 W/B (RONALD REAGAN FWY.),SR-27 (TOPANGA CYN. BLVD.),1214,E,N,A,-,Y,LA,NA,118,NA,R,2.038,H,NA,L,Y,3,0,1,1,A,-,08,22107,NA,N,E,I,A,A,H,-,D,D,0,NA,NA,Y,NA,Y,NA,C,02,0,1,0,0,0,0,0,0,1,-,-,34.27653884887695,-118.60089111328124,LOS ANGELES,LOS ANGELES,-118.60091400146484,34.2765007019043
94429542,2024,2024-10-14,9565,2024-10-11,2110,023741,NA,5,2,9,1900,0,3,5,NA,2,002,VERMONT AVENUE,119TH PLACE,50,N,N,A,-,N,NA,NA,NA,NA,NA,NA,NA,NA,NA,N,4,0,2,2,A,-,01,23152,A,N,C,C,A,A,H,-,C,D,0,NA,NA,NA,NA,Y,Y,D,22,0,0,2,0,0,0,0,0,0,-,-,33.9244384765625,-118.291748046875,LOS ANGELES,UNINCORPORATED,-118.29184722900392,33.92438888549805
94429659,2023,2024-10-14,9550,2023-12-04,2312,018412,NA,1,3,5,1919,0,1,1,NA,2,652,INTERSTATE I-605 NORTHBOUND TO STATE ROUTE 91 WEST,STATE ROUTE 91 (ARTESIA FREEWAY),259.3,N,N,A,-,Y,NA,NA,NA,NA,NA,NA,NA,NA,NA,Y,1,1,0,2,A,-,03,22350,NA,N,E,I,A,A,H,-,C,D,0,NA,NA,NA,NA,Y,NA,D,22,0,0,0,0,0,0,0,0,0,-,-,33.87730026245117,-118.10233306884766,LOS ANGELES,CERRITOS,-118.1025848388672,33.876930236816406
94429690,2024,2024-10-14,9580,2024-10-05,1600,023836,NA,6,2,7,1942,0,1,2,NA,2,103,US-101 S/B (VENTURA FREEWAY),I-405 N/B (SAN DIEGO FWY),0,NA,Y,A,-,Y,LA,NA,101,NA,NA,17.147,H,NA,L,Y,4,0,1,2,A,-,08,22107,NA,M,B,C,A,A,H,-,A,D,0,NA,NA,NA,NA,Y,NA,-,99,0,0,1,0,0,0,0,0,0,-,-,34.15983963012695,-118.46959686279295,LOS ANGELES,LOS ANGELES,-118.46946716308594,34.16000747680664
94429729,2024,2024-10-14,9540,2024-09-22,215,023124,NA,7,3,9,1900,0,3,5,NA,2,200,SAND CANYON RD,ROAD RUNNER RD.,250,N,N,A,-,N,NA,NA,NA,NA,NA,NA,NA,NA,NA,Y,4,0,1,1,A,-,08,22107,NA,F,E,I,A,A,H,-,D,D,0,NA,NA,NA,NA,Y,NA,A,01,0,0,1,0,0,0,0,0,0,-,-,34.41719055175781,-118.42243957519533,LOS ANGELES,UNINCORPORATED,-118.42227172851564,34.417049407958984
94429734,2024,2024-10-14,9540,2024-07-27,1740,023400,NA,6,2,9,1900,0,2,4,NA,1,202,SOLEDAD CANYON RD,AGUA DULCE CYN RD,7920,N,N,A,-,N,NA,NA,NA,NA,NA,NA,NA,NA,NA,Y,1,1,0,1,A,-,08,22107,NA,N,E,I,A,A,H,-,A,D,0,NA,NA,NA,NA,Y,NA,D,22,0,0,0,0,0,0,0,0,0,-,-,34.43935012817383,-118.31233978271484,LOS ANGELES,UNINCORPORATED,-118.35853576660156,34.433013916015625
94429771,2024,2024-10-14,9565,2024-10-02,2315,022857,NA,3,3,7,1942,0,1,1,NA,2,083,I-10 E/B (SANTA MONICA FWY),LA CIENEGA BLVD,100,W,N,B,-,Y,LA,NA,10,NA,R,8.617,H,NA,R,Y,3,0,2,2,A,-,01,23152,A,N,C,C,A,A,H,-,D,D,0,NA,NA,NA,NA,Y,Y,A,01,0,2,0,0,0,0,0,0,0,-,-,34.036251068115234,-118.38141632080078,LOS ANGELES,LOS ANGELES,-118.38144683837892,34.036293029785156
94429774,2024,2024-10-14,9580,2024-10-06,2208,023655,NA,7,3,7,1942,0,1,2,NA,2,105,US-101 S/B (VENTURA FREEWAY),RESEDA BLVD,2482,S,N,A,-,Y,LA,NA,101,NA,NA,20.784,H,NA,L,N,4,0,3,3,A,-,07,21658,A,N,B,C,A,A,H,-,C,D,0,NA,NA,NA,NA,Y,NA,A,08,0,0,3,0,0,0,0,0,0,-,-,34.171138763427734,-118.52810668945313,LOS ANGELES,LOS ANGELES,-118.52810668945313,34.17110061645508
9442979,2022,2022-05-04,1976,2022-04-04,2325,533,NA,1,5,5,1976,0,0,0,NA,0,004,SANTA GERTRUDES AV,LAMBERT RD,0,NA,Y,A,-,N,NA,NA,NA,NA,NA,NA,NA,NA,NA,Y,4,0,1,2,A,-,12,21453,A,N,D,C,A,A,D,E,C,A,0,NA,NA,NA,NA,Y,NA,A,01,0,0,1,0,0,0,0,0,0,-,-,NA,NA,LOS ANGELES,WHITTIER,-117.99311065673828,33.933292388916016
94429790,2024,2024-10-14,9530,2024-08-28,1700,022805,NA,3,2,9,1900,0,3,5,NA,2,004,DEL AMO BOULEVARD (3000 BLOCK),SUSANA ROAD,40,W,N,A,-,N,NA,NA,NA,NA,NA,NA,NA,NA,NA,N,1,1,0,2,A,-,11,21954,A,N,G,B,D,A,H,-,A,A,0,Y,NA,NA,NA,Y,NA,N,60,0,0,0,1,0,0,0,0,0,-,-,33.84666061401367,-118.20719146728516,LOS ANGELES,UNINCORPORATED,-118.20680236816406,33.8465690612793
94429853,2024,2024-10-14,9580,2024-10-07,1435,023395,NA,1,2,7,1942,0,1,2,NA,2,101,US-101 S/B (VENTURA FREEWAY) TO SR-134 E/B,TUJUNGA AVE,100,S,N,A,-,Y,LA,NA,101,NA,NA,11.828,H,NA,L,N,4,0,1,2,A,-,07,21658,A,N,B,C,A,A,H,-,A,D,0,NA,NA,NA,NA,Y,NA,-,-,0,0,1,0,0,0,0,0,0,-,-,34.153961181640625,-118.3786163330078,LOS ANGELES,LOS ANGELES,-118.3787078857422,34.153839111328125
94429875,2024,2024-10-14,9580,2024-10-07,1705,020800,NA,1,2,7,1942,0,1,3,NA,2,116,SR-118 E/B (RONALD REAGAN FWY.),CORBIN AVENUE,500,W,N,A,-,Y,LA,NA,118,NA,R,4.189,H,NA,R,N,4,0,2,3,A,-,03,22350,NA,N,C,C,A,A,H,-,A,D,0,NA,NA,NA,NA,Y,NA,D,22,0,0,2,0,0,0,0,0,0,-,-,34.272979736328125,-118.5640106201172,LOS ANGELES,LOS ANGELES,-118.56400299072266,34.27303695678711
94429884,2024,2025-06-26,9545,2024-09-22,830,023733,NA,7,1,9,1900,0,3,5,NA,2,004,80TH ST E,AVENUE U,0,NA,Y,A,-,N,NA,NA,NA,NA,NA,NA,NA,NA,NA,Y,4,0,3,2,A,-,09,21800,A,N,D,C,A,A,H,-,A,A,0,NA,NA,NA,NA,Y,NA,A,01,0,0,3,0,0,0,0,0,0,-,-,34.52830123901367,-117.98809814453124,LOS ANGELES,UNINCORPORATED,-117.98811340332033,34.52829360961914
94429959,2024,2024-10-14,9545,2024-10-13,1625,021360,NA,7,2,6,1992,0,3,5,NA,2,001,AVENUE M,SR-14 S/B,320,W,N,A,-,Y,NA,NA,NA,NA,NA,NA,NA,NA,NA,Y,4,0,1,2,A,-,09,21801,A,N,D,C,A,A,H,-,A,A,0,NA,NA,NA,NA,Y,NA,D,22,0,0,1,0,0,0,0,0,0,-,-,34.64577865600586,-118.15467071533205,LOS ANGELES,LANCASTER,-118.15365600585938,34.646575927734375
94429970,2024,2024-10-14,9545,2024-10-12,115,023770,NA,6,3,9,1900,0,3,5,NA,2,004,PEARBLOSSOM HWY,SIERRA HWY,2160,E,N,A,-,N,NA,NA,NA,NA,NA,NA,NA,NA,NA,Y,4,0,1,2,A,-,03,22350,NA,N,C,C,A,A,H,-,D,D,0,NA,NA,NA,NA,Y,NA,A,07,0,0,1,0,0,0,0,0,0,-,-,34.52688980102539,-118.09324645996094,LOS ANGELES,UNINCORPORATED,-118.09331512451172,34.52682113647461
94430026,2024,2024-10-14,9550,2024-08-07,2125,023064,NA,3,2,9,1900,0,1,1,NA,2,650,I-605 SOUTHBOUND,ROSE HILLS ROAD,500,N,N,A,-,Y,LA,NA,605,NA,R,16.237,H,NA,L,Y,2,0,2,3,A,-,03,22350,NA,N,C,C,A,A,H,-,C,D,0,NA,NA,NA,NA,Y,NA,A,01,1,1,0,0,0,0,0,0,0,-,-,34.02389144897461,-118.04345703125,LOS ANGELES,UNINCORPORATED,-118.04344940185548,34.02388000488281
94430033,2024,2024-10-14,9580,2024-10-08,1940,023848,NA,2,2,7,1942,0,1,2,NA,2,102,US-101 N/B (VENTURA FREEWAY),BALBOA BLVD,500,S,N,A,-,Y,LA,NA,101,NA,NA,18.983,H,NA,R,N,3,0,1,2,A,-,03,22350,NA,N,C,C,A,A,H,-,C,D,0,NA,NA,NA,NA,Y,NA,A,01,0,1,0,0,0,0,0,0,0,-,-,34.16849899291992,-118.49764251708984,LOS ANGELES,LOS ANGELES,-118.49763488769533,34.16850662231445
94430048,2024,2024-10-14,9590,2024-10-05,1901,023259,NA,6,2,7,1942,0,1,2,NA,2,073,US-101 S/B (HOLLYWOOD FREEWAY),MULHOLLAND DR.,1373,S,N,A,-,Y,LA,NA,101,NA,NA,8.471,H,NA,L,N,4,0,1,2,A,-,03,22350,NA,N,C,C,A,A,H,-,C,D,0,NA,NA,NA,NA,Y,NA,A,01,0,0,1,0,0,0,0,0,0,-,-,34.12015151977539,-118.33905792236328,LOS ANGELES,LOS ANGELES,-118.33890533447266,34.1202278137207
94430070,2024,2024-10-14,9580,2024-10-10,1535,021461,NA,4,2,7,1942,0,1,2,NA,2,107,US-101 S/B (VENTURA FREEWAY),LIBERTY CANYON RD,100,E,N,A,-,Y,LA,NA,101,NA,NA,32.768,H,NA,L,N,4,0,2,2,A,-,03,22350,NA,N,C,C,A,A,H,-,A,D,0,NA,NA,NA,NA,Y,NA,A,01,0,0,2,0,0,0,0,0,0,-,-,34.138221740722656,-118.72386169433594,LOS ANGELES,LOS ANGELES,-118.72384643554688,34.138145446777344
94430100,2024,2024-10-14,9530,2024-10-13,1838,023038,NA,7,2,7,1942,0,1,S,NA,2,904,INTERSTATE 110 (HARBOR FREEWAY) NORTHBOUND TO ADAM,ADAMS BLVD.,687,S,N,A,-,Y,LA,NA,110,NA,NA,20.568,H,NA,R,Y,3,0,2,1,A,-,01,23152,F,N,E,I,A,A,H,-,A,D,0,NA,NA,NA,NA,Y,Y,A,01,0,2,0,0,0,0,0,0,0,-,-,34.02558135986328,-118.27532958984376,LOS ANGELES,LOS ANGELES,-118.27545166015624,34.025634765625
94430101,2024,2024-10-14,9580,2024-10-10,1600,022572,NA,4,2,9,1900,0,2,4,NA,1,127,MALIBU CANYON RD,TUNNEL,50,S,N,A,-,N,NA,NA,NA,NA,NA,NA,NA,NA,NA,N,4,0,1,2,A,-,03,22350,NA,N,C,C,A,A,H,-,A,D,0,NA,NA,NA,NA,Y,NA,A,01,0,0,1,0,0,0,0,0,0,-,-,34.069271087646484,-118.7079620361328,LOS ANGELES,UNINCORPORATED,NA,NA
94430106,2024,2024-10-22,9545,2024-07-29,333,023663,NA,1,3,9,1900,0,1,3,NA,1,042,STATE ROUTE 138 WESTBOUND,HAMPEL AVENUE,214,E,N,A,-,Y,LA,NA,138,NA,R,57.448,H,NA,L,Y,1,1,0,1,A,-,03,22350,NA,N,F,A,A,A,H,-,D,D,0,NA,NA,NA,NA,Y,NA,A,01,0,0,0,0,0,0,0,0,0,-,-,34.51982116699219,-117.93605041503906,LOS ANGELES,UNINCORPORATED,-117.93610382080078,34.51976776123047
94430155,2024,2024-10-14,9525,2024-10-11,755,019146,NA,5,1,5,1906,0,1,1,NA,2,104,I-10 E/B (SAN BERNARDINO FWY),BALDWIN PARK BLVD,700,W,N,A,-,Y,LA,NA,10,NA,NA,32.042,H,NA,R,N,4,0,1,2,A,-,03,22350,NA,N,C,C,A,A,H,-,A,D,0,NA,NA,NA,NA,Y,NA,D,22,0,0,1,0,0,0,0,0,0,-,-,34.06707000732422,-117.9847412109375,LOS ANGELES,BALDWIN PARK,-117.9847412109375,34.06707763671875
94430201,2024,2024-10-14,9525,2024-10-08,1300,015445,NA,2,1,9,1900,0,2,4,NA,2,045,VALLEY BLVD,ORANGE BLOSSOM AVE.,60,E,N,A,-,N,NA,NA,NA,NA,NA,NA,NA,NA,NA,N,4,0,1,2,A,-,05,21650,NA,N,D,G,A,A,H,-,A,D,0,NA,Y,NA,NA,Y,NA,L,04,0,0,1,0,0,0,1,0,0,-,-,34.04806137084961,-117.99436950683594,LOS ANGELES,UNINCORPORATED,-117.9943389892578,34.048194885253906
94430280,2024,2024-10-14,9590,2024-10-06,1941,023259,NA,7,2,7,1942,0,1,1,NA,2,020,I-10 E/B (SAN BERNARDINO FREEWAY),SOTO ST,75,W,N,A,-,Y,LA,NA,10,NA,NA,19.001,H,NA,R,N,4,0,1,2,A,-,07,21658,A,N,B,C,A,A,H,-,C,D,0,NA,NA,NA,NA,Y,NA,-,-,0,0,1,0,0,0,0,0,0,-,-,34.05413055419922,-118.20371246337892,LOS ANGELES,LOS ANGELES,-118.20367431640624,34.05405044555664
94430300,2024,2024-10-14,9525,2024-10-11,1820,023814,NA,5,2,9,1900,0,3,5,NA,2,004,MILLBURY AVE,AMAR RD,0,NA,Y,A,-,N,NA,NA,NA,NA,NA,NA,NA,NA,NA,N,4,0,1,2,A,-,09,21802,A,N,D,C,A,A,H,-,C,A,0,NA,NA,NA,NA,Y,NA,A,01,0,0,1,0,0,0,0,0,0,-,-,34.05583953857422,-117.98023223876952,LOS ANGELES,UNINCORPORATED,-117.98014831542967,34.05589294433594
94430306,2024,2024-10-14,9590,2024-09-21,1712,023642,NA,6,2,7,1942,0,1,1,NA,2,063,I-10 WESTBOUND (SANTA MONICA FREEWAY),I-110 SOUTHBOUND (HARBOR FREEWAY),167,W,N,A,-,Y,LA,NA,10,NA,NA,14.783,H,NA,L,N,4,0,1,2,A,-,11,21954,A,N,G,B,E,A,H,-,A,D,0,Y,NA,NA,NA,Y,NA,N,60,0,0,1,0,1,0,0,0,0,-,-,34.038448333740234,-118.27490997314452,LOS ANGELES,LOS ANGELES,-118.27490997314452,34.03846740722656
94430320,2024,2024-10-14,9550,2024-10-02,710,023843,NA,3,1,9,1900,0,3,5,NA,2,002,SHOEMAKER AVE,SUNSHINE AVE,150,N,N,A,-,N,NA,NA,NA,NA,NA,NA,NA,NA,NA,Y,2,0,1,2,A,-,09,21804,A,N,D,C,A,A,A,-,A,D,0,NA,NA,NA,NA,Y,NA,A,01,1,0,0,0,0,0,0,0,0,-,-,33.92124938964844,-118.05518341064452,LOS ANGELES,UNINCORPORATED,-118.05523681640624,33.921199798583984
94430321,2024,2024-10-14,9530,2024-10-10,928,023622,NA,4,1,9,1900,0,1,1,NA,2,110,I-110 S/B (HARBOR FREEWAY),ROSECRANS AVE.,568,S,N,A,-,Y,LA,NA,110,NA,NA,11.771,H,NA,L,Y,2,0,1,1,A,-,01,23152,A,N,E,I,A,A,H,-,C,D,0,NA,NA,NA,NA,Y,Y,A,01,1,0,0,0,0,0,0,0,0,-,-,33.900230407714844,-118.28701782226564,LOS ANGELES,UNINCORPORATED,-118.2867431640625,33.900230407714844
94430361,2024,2024-10-14,9525,2024-10-12,1850,023176,NA,6,2,5,1990,0,1,3,NA,2,574,SR-57 N/B (ORANGE FWY),PATHFINDER RD,3168,N,N,A,-,Y,LA,NA,57,NA,R,3.794,H,NA,R,N,4,0,1,2,A,-,03,22350,NA,N,C,C,A,A,H,-,B,D,0,NA,NA,NA,NA,Y,NA,A,01,0,0,1,0,0,0,0,0,0,-,-,33.99346923828125,-117.84188842773438,LOS ANGELES,DIAMOND BAR,-117.841796875,33.99344253540039
94430413,2024,2024-10-14,9575,2024-08-15,1420,021925,NA,4,2,7,1942,0,1,3,NA,2,043,SR-134 E/B (VENTURA FREEWAY),RIVERSIDE DRIVE,2518,W,N,A,-,Y,LA,NA,134,NA,NA,4.33,H,NA,R,N,4,0,1,2,A,-,03,22350,NA,M,B,C,A,A,H,-,A,D,0,NA,NA,NA,NA,Y,NA,D,22,0,0,1,0,0,0,0,0,0,-,-,34.15644073486328,-118.30223083496094,LOS ANGELES,LOS ANGELES,-118.30223083496094,34.15639114379883
94430424,2024,2024-10-14,9530,2024-09-10,740,022079,NA,2,1,9,1900,0,3,5,NA,2,001,PLEVKA AVE.,FILESTONE BLVD,120,S,N,A,-,N,NA,NA,NA,NA,NA,NA,NA,NA,NA,N,4,0,3,2,A,-,09,21804,A,N,D,C,A,A,H,-,A,D,0,NA,NA,NA,NA,Y,Y,A,07,0,0,3,0,0,0,0,0,0,-,-,33.9597282409668,-118.25055694580078,LOS ANGELES,UNINCORPORATED,-118.25054168701172,33.959781646728516
9443043,2022,2022-04-29,1931,2022-04-03,0325,5342,1931,7,5,5,1931,0,0,0,NA,0,001,RANDOLPH ST,MIDDLETON ST,119,W,N,A,-,N,NA,NA,NA,NA,NA,NA,NA,NA,NA,Y,4,0,1,1,A,-,07,21658,A,N,E,I,A,A,H,-,C,D,0,NA,NA,NA,NA,Y,NA,A,01,0,0,1,0,0,0,0,0,0,-,-,NA,NA,LOS ANGELES,HUNTINGTON PARK,-118.22943115234376,33.985774993896484
94430443,2024,2024-10-14,9575,2024-09-29,2340,022940,NA,7,3,6,1953,0,1,1,NA,2,064,I-210 E/B (FOOTHILL FREEWAY),HILL AVE.,590,W,N,A,-,Y,LA,NA,210,NA,R,26.833,H,NA,R,N,4,0,1,2,A,-,07,21658,A,N,B,2,A,A,H,-,C,D,0,NA,NA,NA,Y,Y,NA,G,25,0,0,1,0,0,0,0,0,0,-,-,34.151981353759766,-118.12355041503906,LOS ANGELES,PASADENA,-118.1235580444336,34.15204620361328
94430444,2024,2024-10-14,9530,2024-09-28,603,023688,NA,6,1,7,1942,0,1,1,NA,2,110,I-110 S/B (HARBOR FREEWAY),I-105 W/B (GLENN ANDERSON FWY),3168,N,N,A,-,Y,LA,NA,110,NA,NA,14.415,H,NA,L,Y,4,0,1,1,A,-,08,22107,NA,N,E,I,A,A,H,-,A,D,0,NA,NA,NA,NA,Y,NA,A,01,0,0,1,0,0,0,0,0,0,-,-,33.937320709228516,-118.28006744384766,LOS ANGELES,LOS ANGELES,-118.28018951416016,33.937320709228516
94430445,2024,2024-10-14,9575,2024-09-30,400,023410,NA,1,3,7,1942,0,1,1,NA,2,061,I-210 W/B (FOOTHILL FREEWAY),LA TUNA CANYON ROAD,2328,E,N,A,-,Y,LA,NA,210,NA,R,14.662,H,NA,L,Y,4,0,1,1,A,-,01,23152,A,N,E,8,A,A,H,-,D,D,0,NA,NA,NA,NA,Y,Y,A,01,0,0,1,0,0,0,0,0,0,-,-,34.23456954956055,-118.2825927734375,LOS ANGELES,LOS ANGELES,-118.28258514404295,34.23448944091797
94430451,2024,2024-10-14,9575,2024-10-04,1425,023126,NA,5,2,7,1942,0,1,1,NA,2,053,I-5 N/B (GOLDEN STATE FREEWAY),VAN NUYS BLVD,32,N,N,A,-,Y,LA,NA,5,NA,NA,38.534,H,NA,R,N,4,0,2,4,A,-,03,22350,NA,N,C,C,A,A,H,-,A,D,0,NA,NA,NA,NA,Y,NA,A,07,0,0,2,0,0,0,0,0,0,-,-,34.25699996948242,-118.43505096435548,LOS ANGELES,LOS ANGELES,-118.43516540527344,34.25691604614258
94430453,2024,2024-10-14,9575,2024-10-04,1455,023126,NA,5,2,7,1942,0,1,1,NA,2,052,I-5 N/B (GOLDEN STATE FREEWAY),LANKERSHIM BLVD,154,S,N,A,-,Y,LA,NA,5,NA,NA,34.949,H,NA,R,N,4,0,1,2,A,-,03,22350,NA,N,C,C,A,A,H,-,A,D,0,NA,NA,NA,NA,Y,NA,A,07,0,0,1,0,0,0,0,0,0,-,-,34.22658157348633,-118.38710784912108,LOS ANGELES,LOS ANGELES,-118.38710021972656,34.226627349853516