CASE_ID,ACCIDENT_YEAR,PROC_DATE,JURIS,COLLISION_DATE,COLLISION_TIME,OFFICER_ID,REPORTING_DISTRICT,DAY_OF_WEEK,CHP_SHIFT,POPULATION,CNTY_CITY_LOC,SPECIAL_COND,BEAT_TYPE,CHP_BEAT_TYPE,CITY_DIVISION_LAPD,CHP_BEAT_CLASS,BEAT_NUMBER,PRIMARY_RD,SECONDARY_RD,DISTANCE,DIRECTION,INTERSECTION,WEATHER_1,WEATHER_2,STATE_HWY_IND,CALTRANS_COUNTY,CALTRANS_DISTRICT,STATE_ROUTE,ROUTE_SUFFIX,POSTMILE_PREFIX,POSTMILE,LOCATION_TYPE,RAMP_INTERSECTION,SIDE_OF_HWY,TOW_AWAY,COLLISION_SEVERITY,NUMBER_KILLED,NUMBER_INJURED,PARTY_COUNT,PRIMARY_COLL_FACTOR,PCF_CODE_OF_VIOL,PCF_VIOL_CATEGORY,PCF_VIOLATION,PCF_VIOL_SUBSECTION,HIT_AND_RUN,TYPE_OF_COLLISION,MVIW,PED_ACTION,ROAD_SURFACE,ROAD_COND_1,ROAD_COND_2,LIGHTING,CONTROL_DEVICE,CHP_ROAD_TYPE,PEDESTRIAN_ACCIDENT,BICYCLE_ACCIDENT,MOTORCYCLE_ACCIDENT,TRUCK_ACCIDENT,NOT_PRIVATE_PROPERTY,ALCOHOL_INVOLVED,STWD_VEHTYPE_AT_FAULT,CHP_VEHTYPE_AT_FAULT,COUNT_SEVERE_INJ,COUNT_VISIBLE_INJ,COUNT_COMPLAINT_PAIN,COUNT_PED_KILLED,COUNT_PED_INJURED,COUNT_BICYCLIST_KILLED,COUNT_BICYCLIST_INJURED,COUNT_MC_KILLED,COUNT_MC_INJURED,PRIMARY_RAMP,SECONDARY_RAMP,LATITUDE,LONGITUDE,COUNTY,CITY,POINT_X,POINT_Y
94432289,2024,2024-10-15,9530,2024-09-10,335,023824,NA,2,3,9,1900,0,1,1,NA,2,120,I-110 S/B (HARBOR FREEWAY),SEPULVEDA BLVD.,600,S,N,A,-,Y,LA,NA,110,NA,NA,5.336,H,NA,L,Y,3,0,1,1,A,-,08,22107,NA,N,E,I,A,A,H,-,C,D,0,NA,NA,NA,NA,Y,NA,A,01,0,1,0,0,0,0,0,0,0,-,-,33.807281494140625,-118.28801727294922,LOS ANGELES,UNINCORPORATED,-118.28812408447266,33.80729675292969
94432316,2024,2024-10-15,9590,2024-10-10,1300,015575,NA,4,1,7,1942,0,1,1,NA,2,085,I-5 S/B (GOLDEN STATE FREEWAY),SR-2 (GLENDALE FREEWAY),250,N,N,A,-,Y,LA,NA,5,NA,NA,22.612,H,NA,L,Y,4,0,1,3,A,-,03,22350,NA,N,C,C,A,A,H,-,A,D,0,NA,NA,NA,NA,Y,NA,A,01,0,0,1,0,0,0,0,0,0,-,-,34.103111267089844,-118.25074768066406,LOS ANGELES,LOS ANGELES,-118.25080108642578,34.10306167602539
94432339,2024,2024-10-15,9530,2024-10-04,1130,023562,NA,5,1,9,1900,0,3,5,NA,2,002,AVALON BL.,COMPTON BLVD.,0,NA,Y,A,-,N,NA,NA,NA,NA,NA,NA,NA,NA,NA,Y,4,0,1,2,A,-,12,21453,A,N,D,C,A,A,H,-,C,A,0,NA,NA,NA,NA,Y,NA,A,01,0,0,1,0,0,0,0,0,0,-,-,33.895240783691406,-118.26531982421876,LOS ANGELES,UNINCORPORATED,-118.265380859375,33.895198822021484
94432340,2024,2024-10-15,9525,2024-10-08,1400,015445,NA,2,2,9,1900,0,3,5,NA,2,003,TEMPLE AVE.,UNIVERSITY DRIVE,2100,W,N,A,-,N,NA,NA,NA,NA,NA,NA,NA,NA,NA,N,4,0,1,3,A,-,03,22350,NA,N,C,C,A,A,H,-,A,D,0,NA,NA,NA,NA,Y,NA,A,01,0,0,1,0,0,0,0,0,0,-,-,34.049888610839844,-117.82769012451172,LOS ANGELES,UNINCORPORATED,-117.82750701904295,34.050132751464844
94432375,2024,2024-10-15,9550,2024-10-04,830,024082,NA,5,1,6,1949,0,1,1,NA,2,651,I-605 S/B,I-105,2640,N,N,A,-,Y,LA,NA,605,NA,R,9.202,H,NA,L,Y,4,0,1,2,A,-,07,21658,A,N,B,C,A,A,H,-,A,D,0,NA,NA,NA,NA,Y,NA,A,01,0,0,1,0,0,0,0,0,0,-,-,33.93579864501953,-118.09953308105467,LOS ANGELES,NORWALK,-118.09955596923828,33.93581008911133
94432377,2024,2024-10-15,9575,2024-10-07,1750,023126,NA,1,2,9,1900,0,3,5,NA,2,008,DEL MAR BLVD (3000 BLOCK),ROSEMEAD BLVD,324,W,N,A,-,N,NA,NA,NA,NA,NA,NA,NA,NA,NA,N,4,0,1,3,A,-,03,22350,NA,N,C,C,A,A,H,-,A,D,0,NA,NA,NA,NA,Y,NA,A,07,0,0,1,0,0,0,0,0,0,-,-,34.14223098754883,-118.07460784912108,LOS ANGELES,UNINCORPORATED,-118.0743408203125,34.142269134521484
94432383,2024,2024-10-16,9525,2024-10-10,20,020632,NA,4,3,5,1906,0,1,1,NA,2,103,I-10 W/B (SAN BERNARDINO FWY),PUENTE AVE.,380,W,N,A,-,Y,LA,NA,10,NA,NA,33.285,H,NA,L,Y,3,0,1,1,A,-,08,22107,NA,N,E,8,A,A,H,-,C,D,0,NA,NA,NA,NA,Y,NA,A,01,0,1,0,0,0,0,0,0,0,-,-,34.07020950317383,-117.96334075927734,LOS ANGELES,BALDWIN PARK,-117.96331024169922,34.070045471191406
94432387,2024,2024-10-16,9525,2024-10-10,1020,018651,NA,4,1,9,1900,0,3,5,NA,2,003,TEMPLE AVE.,VALINDA AVE.,750,E,N,A,-,N,NA,NA,NA,NA,NA,NA,NA,NA,NA,N,4,0,1,2,A,-,03,22350,NA,N,C,C,A,A,H,-,A,D,0,NA,NA,NA,NA,Y,NA,D,22,0,0,1,0,0,0,0,0,0,-,-,34.02717971801758,-117.92987060546876,LOS ANGELES,UNINCORPORATED,-117.92504119873048,34.02581024169922
94432602,2024,2024-10-16,9550,2024-10-05,455,023714,NA,6,3,9,1900,0,3,5,NA,2,004,COLIMA RD,SIERRA PARK WAY,600,E,N,A,-,N,NA,NA,NA,NA,NA,NA,NA,NA,NA,Y,4,0,2,2,A,-,03,22350,NA,N,C,E,A,A,H,-,D,D,0,NA,NA,NA,NA,Y,NA,A,01,0,0,2,0,0,0,0,0,0,-,-,33.981788635253906,-117.96170806884766,LOS ANGELES,UNINCORPORATED,NA,NA
94432604,2024,2024-10-16,9530,2024-10-04,2350,023418,NA,5,3,9,1900,0,3,5,NA,2,001,NADEAU ST.,ALAMEDA ST.,0,NA,Y,A,-,N,NA,NA,NA,NA,NA,NA,NA,NA,NA,N,4,0,1,2,A,-,12,21453,A,M,D,C,A,A,H,-,A,A,0,NA,NA,NA,NA,Y,NA,-,99,0,0,1,0,0,0,0,0,0,-,-,33.96747970581055,-118.23329162597656,LOS ANGELES,UNINCORPORATED,-118.23322296142578,33.96744918823242
94432610,2024,2024-10-16,9530,2024-10-08,850,024119,NA,2,1,9,1900,0,3,5,NA,2,001,61ST STREET,HOOPER AVE.,0,NA,Y,A,-,N,NA,NA,NA,NA,NA,NA,NA,NA,NA,Y,3,0,3,2,A,-,12,21453,A,N,D,C,A,A,H,-,A,A,0,NA,NA,NA,NA,Y,NA,-,-,0,2,1,0,0,0,0,0,0,-,-,33.98432922363281,-118.25209045410156,LOS ANGELES,UNINCORPORATED,-118.25212097167967,33.98432540893555
94432621,2024,2024-10-16,9525,2024-10-14,2010,020632,NA,1,2,4,1938,0,1,1,NA,2,208,SR-210 E/B (FOOTHILL FWY),FRUIT ST.,400,W,N,A,-,Y,LA,NA,210,NA,R,47.996,H,NA,R,Y,3,0,1,2,A,-,03,22350,NA,N,C,C,A,A,H,-,D,D,0,NA,NA,NA,NA,Y,NA,D,22,0,1,0,0,0,0,0,0,0,-,-,34.119529724121094,-117.7631378173828,LOS ANGELES,LA VERNE,-117.7631378173828,34.11960220336914
94432655,2024,2024-10-16,9530,2024-10-07,630,024119,NA,1,1,9,1900,0,3,5,NA,2,001,ELM ST (9100 BLOCK),E 92ND ST,35,N,N,B,-,N,NA,NA,NA,NA,NA,NA,NA,NA,NA,N,3,0,1,1,A,-,03,22350,NA,N,E,I,A,A,H,-,A,D,0,NA,Y,NA,NA,Y,NA,M,91,0,1,0,0,0,0,1,0,0,-,-,33.953460693359375,-118.23854064941406,LOS ANGELES,UNINCORPORATED,-118.2385482788086,33.953365325927734
94432704,2024,2024-10-16,9565,2024-10-07,1710,014952,NA,1,2,9,1900,0,3,5,NA,2,004,SHOUP AVE.,131ST ST.,0,NA,Y,B,-,N,NA,NA,NA,NA,NA,NA,NA,NA,NA,Y,3,0,1,2,A,-,09,21802,A,N,D,C,A,A,H,-,A,A,0,NA,NA,NA,NA,Y,NA,A,01,0,1,0,0,0,0,0,0,0,-,-,33.913970947265625,-118.36412811279295,LOS ANGELES,UNINCORPORATED,-118.36421966552734,33.91379165649414
94432705,2024,2024-10-16,9525,2024-10-07,1915,024091,NA,1,2,4,1905,0,1,1,NA,2,204,I-210 E/B (FOOTHILL FWY),AZUSA AVE,927,E,N,A,-,Y,LA,NA,210,NA,R,39.788,H,NA,R,N,4,0,1,2,A,-,03,22350,NA,N,C,C,A,A,H,-,D,D,0,NA,NA,NA,NA,Y,NA,D,22,0,0,1,0,0,0,0,0,0,-,-,34.1207389831543,-117.90438842773438,LOS ANGELES,AZUSA,-117.90439605712892,34.12080764770508
94432722,2024,2024-10-16,9530,2024-10-04,1150,023568,NA,5,1,7,1942,0,1,1,NA,2,110,I-110 N/B TO PACIFIC COAST HWY.,PACIFIC COAST HWY.,250,S,N,A,-,Y,NA,NA,NA,NA,NA,NA,NA,NA,NA,N,4,0,1,1,A,-,03,22350,NA,N,E,I,A,A,H,-,A,D,0,NA,NA,NA,NA,Y,NA,A,07,0,0,1,0,0,0,0,0,0,-,-,33.78953170776367,-118.28114318847656,LOS ANGELES,LOS ANGELES,-118.28203582763672,33.790775299072266
94432723,2024,2025-01-17,9525,2024-10-07,2300,024045,NA,1,3,9,1900,0,3,5,NA,2,002,HOLLENBECK ST.,COVINA BLVD.,0,NA,Y,A,-,N,NA,NA,NA,NA,NA,NA,NA,NA,NA,Y,3,0,2,2,D,-,00,NA,NA,N,D,C,A,A,H,-,C,A,0,NA,NA,NA,NA,Y,NA,-,-,0,1,1,0,0,0,0,0,0,-,-,34.099449157714844,-117.89895629882813,LOS ANGELES,UNINCORPORATED,-117.89897918701172,34.09939956665039
9443274,2021,2022-04-28,1942,2021-12-31,1916,42157,2022,5,5,7,1942,0,0,0,NA,0,L7Q15,WESTERN AV,5TH ST,303,S,N,A,-,N,NA,NA,NA,NA,NA,NA,NA,NA,NA,N,3,0,1,2,A,-,11,21954,A,N,G,B,D,A,H,-,C,A,0,Y,NA,NA,NA,Y,NA,N,60,0,1,0,0,1,0,0,0,0,-,-,NA,NA,LOS ANGELES,LOS ANGELES,-118.30911254882813,34.06447982788086
94432748,2024,2024-10-16,9530,2024-10-04,1345,023938,NA,5,1,9,1900,0,3,5,NA,2,002,STOCKWELL ST,WILLOWBROOK AVE.,0,NA,Y,A,-,N,NA,NA,NA,NA,NA,NA,NA,NA,NA,Y,4,0,3,3,A,-,12,21453,A,N,D,C,A,A,H,-,A,A,0,NA,NA,NA,NA,Y,NA,A,01,0,0,3,0,0,0,0,0,0,-,-,33.9109001159668,-118.22837066650392,LOS ANGELES,UNINCORPORATED,-118.22884368896484,33.910831451416016
9443276,2021,2022-04-28,1942,2021-12-19,1535,42183,0636,7,5,7,1942,0,0,0,F,0,6A36,CHEROKEE AV,HOLLYWOOD BL,5,N,N,A,-,N,NA,NA,NA,NA,NA,NA,NA,NA,NA,N,3,0,1,2,A,-,10,21950,A,F,G,B,B,A,H,-,A,A,0,Y,NA,NA,NA,Y,NA,-,99,0,1,0,0,1,0,0,0,0,-,-,NA,NA,LOS ANGELES,LOS ANGELES,-118.33502197265624,34.10157012939453
94432799,2024,2024-10-16,9525,2024-10-08,1813,024045,NA,2,2,9,1900,0,3,5,NA,2,004,TEMPLE AVE.,PUENTE AVE.,0,NA,Y,A,-,N,NA,NA,NA,NA,NA,NA,NA,NA,NA,N,4,0,1,3,A,-,08,22107,NA,N,E,I,A,A,H,-,B,A,0,NA,NA,NA,NA,Y,NA,A,01,0,0,1,0,0,0,0,0,0,-,-,34.050498962402344,-117.98194122314452,LOS ANGELES,UNINCORPORATED,-117.98188018798828,34.050628662109375
94432809,2024,2024-10-16,9580,2024-10-14,825,022755,NA,1,1,7,1942,0,1,1,NA,2,407,I-405 S/B (SAN DIEGO FWY),SR-118 E/B (RONALD REAGAN FWY.),500,S,N,A,-,Y,LA,NA,405,NA,NA,46.653,H,NA,L,Y,2,0,3,3,A,-,03,22350,NA,N,C,C,A,A,H,-,A,D,0,NA,NA,NA,NA,Y,NA,A,07,1,0,2,0,0,0,0,0,0,-,-,34.263221740722656,-118.47226715087892,LOS ANGELES,LOS ANGELES,-118.47231292724608,34.263221740722656
94432832,2024,2024-10-16,9530,2024-10-04,1120,023720,NA,5,1,7,1941,0,1,1,NA,2,420,I-405 N/B (SAN DIEGO FREEWAY),ATLANTIC AVE.,315,N,N,A,-,Y,LA,NA,405,NA,NA,6.152,H,NA,R,Y,4,0,1,2,A,-,07,21658,A,N,B,C,A,A,H,-,A,D,0,NA,NA,NA,Y,Y,NA,G,25,0,0,1,0,0,0,0,0,0,-,-,33.81591033935547,-118.18621826171876,LOS ANGELES,LONG BEACH,-118.18624114990234,33.815860748291016
94432844,2024,2024-10-16,9530,2024-09-10,1000,022427,NA,2,1,5,1977,0,1,3,NA,2,310,SR-91 W/B (ARTESIA FREEWAY),CENTRAL AVE,1320,W,N,A,-,Y,LA,NA,91,NA,R,8.053,H,NA,L,N,4,0,1,2,A,-,07,21658,A,F,B,C,A,A,H,-,A,D,0,NA,NA,NA,NA,Y,NA,-,99,0,0,1,0,0,0,0,0,0,-,-,33.87385177612305,-118.25530242919922,LOS ANGELES,CARSON,-118.25529479980467,33.873783111572266
94432879,2024,2024-10-16,9535,2024-10-04,2010,023384,NA,5,2,5,1901,0,1,1,NA,2,420,ATLANTIC BLVD TO E/B 10,ATLANTIC BLVD,205,E,N,A,-,Y,LA,NA,10,NA,NA,23.379,H,NA,R,Y,4,0,1,2,A,-,09,21803,A,N,B,C,A,A,H,-,D,A,0,NA,NA,NA,Y,Y,NA,A,07,0,0,1,0,0,0,0,0,0,-,-,34.07120895385742,-118.13363647460938,LOS ANGELES,ALHAMBRA,-118.13364410400392,34.07131576538086
94432894,2024,2024-10-16,9535,2024-10-04,1420,022336,NA,5,2,9,1900,0,1,1,NA,2,501,I-5 (SANTA ANA FREEWAY) S/B,DITMAN AVE,171,N,N,A,-,Y,LA,NA,5,NA,NA,14.823,H,NA,L,N,4,0,1,2,A,-,03,22350,NA,N,C,C,A,A,H,-,A,D,0,NA,NA,NA,NA,Y,NA,D,22,0,0,1,0,0,0,0,0,0,-,-,34.02006912231445,-118.18993377685548,LOS ANGELES,UNINCORPORATED,-118.18993377685548,34.02006149291992
9443295,2021,2022-04-29,1942,2021-12-03,1235,42618,1465,5,5,7,1942,0,0,0,N,0,27TK21,CENTINELA AV,JEFFERSON BL,115,N,N,A,-,N,NA,NA,NA,NA,NA,NA,NA,NA,NA,N,3,0,1,2,A,-,09,21804,A,F,H,G,A,A,H,-,A,D,0,NA,Y,NA,NA,Y,NA,L,04,0,1,0,0,0,0,1,0,0,-,-,NA,NA,LOS ANGELES,LOS ANGELES,-118.40660858154295,33.98267364501953
94432962,2024,2024-10-16,9530,2024-09-30,1810,020548,NA,1,2,9,1900,0,3,5,NA,2,006,VERMONT AVE.,TORRANCE BLVD.,45,S,N,A,-,N,NA,NA,NA,NA,NA,NA,NA,NA,NA,N,4,0,1,2,A,-,03,22350,NA,M,C,C,A,A,H,-,A,A,0,NA,NA,NA,NA,Y,NA,-,99,0,0,1,0,0,0,0,0,0,-,-,33.84185028076172,-118.2899932861328,LOS ANGELES,UNINCORPORATED,-118.2900619506836,33.8419075012207
94432997,2024,2024-10-16,9540,2024-10-08,725,021078,NA,2,1,6,1985,0,1,3,NA,1,143,SR-14 S/B (ANTELOPE VALLEY FWY.),NEWHALL AVE.,1400,S,N,A,-,Y,LA,NA,14,NA,R,26.763,H,NA,L,Y,4,0,2,3,A,-,07,21658,A,N,B,C,A,A,H,-,A,D,0,NA,NA,NA,Y,Y,NA,A,01,0,0,2,0,0,0,0,0,0,-,-,34.36138153076172,-118.50576019287108,LOS ANGELES,SANTA CLARITA,-118.50582122802734,34.36140060424805
94432999,2024,2024-10-16,9535,2024-10-04,1700,022336,NA,5,2,9,1900,0,3,5,NA,2,002,HILLVIEW AVE.,VIA CORONA ST.,0,NA,Y,A,-,N,NA,NA,NA,NA,NA,NA,NA,NA,NA,N,4,0,1,2,A,-,09,21802,A,N,D,C,A,A,H,-,A,A,0,NA,NA,NA,NA,Y,NA,A,07,0,0,1,0,0,0,0,0,0,-,-,34.02997970581055,-118.15187072753906,LOS ANGELES,UNINCORPORATED,-118.15184783935548,34.02997970581055
9443300,2022,2022-05-27,1900,2022-02-01,1720,616065,1320,2,5,5,1935,0,0,0,NA,0,132T2,SOUTH ST,CASTANA AV,0,NA,Y,A,-,N,NA,NA,NA,NA,NA,NA,NA,NA,NA,N,2,0,2,3,D,-,00,NA,NA,N,D,B,D,A,H,-,C,D,0,Y,NA,NA,NA,Y,NA,-,-,2,0,0,0,2,0,0,0,0,-,-,NA,NA,LOS ANGELES,LAKEWOOD,-118.14533233642578,33.86042022705078
94433005,2024,2024-10-16,9545,2024-10-07,626,023770,NA,1,1,9,1900,0,3,5,NA,2,003,SOLEDAD CANYON RD,CROWN VALLEY ROAD,2600,S,N,A,-,N,NA,NA,NA,NA,NA,NA,NA,NA,NA,Y,4,0,1,1,C,-,18,NA,NA,N,E,H,A,A,H,-,B,D,0,NA,NA,NA,NA,Y,NA,-,-,0,0,1,0,0,0,0,0,0,-,-,34.45875930786133,-118.1981964111328,LOS ANGELES,UNINCORPORATED,-118.22140502929688,34.438514709472656
94433072,2024,2024-10-16,9580,2024-10-12,1810,023272,NA,6,2,7,1942,0,1,1,NA,2,404,I-405 N/B (SAN DIEGO FWY),BURBANK BLVD,2640,S,N,A,-,Y,LA,NA,405,NA,NA,39.965,H,NA,R,N,4,0,1,2,A,-,08,22107,NA,M,B,C,A,A,H,-,B,D,0,NA,NA,NA,NA,Y,Y,-,99,0,0,1,0,0,0,0,0,0,-,-,34.16764831542969,-118.46880340576172,LOS ANGELES,LOS ANGELES,-118.46882629394533,34.167659759521484
94433090,2024,2025-12-16,9530,2024-10-07,1305,024119,NA,1,1,9,1900,0,3,5,NA,2,001,ALAMEDA ST. (8200 BLOCK),83RD ST.,355,N,N,A,-,N,NA,NA,NA,NA,NA,NA,NA,NA,NA,N,2,0,1,2,A,-,11,21954,A,F,G,B,D,A,H,-,A,D,0,Y,NA,NA,NA,Y,NA,N,60,1,0,0,0,1,0,0,0,0,-,-,33.96331024169922,-118.23239135742188,LOS ANGELES,UNINCORPORATED,-118.23242950439452,33.96392822265625
94433094,2024,2024-10-16,9580,2024-10-13,1600,023272,NA,7,2,7,1942,0,1,2,NA,2,102,US-101 N/B (VENTURA FREEWAY),WOODMAN AVENUE,2112,N,N,A,-,Y,LA,NA,101,NA,NA,15.192,H,NA,R,N,4,0,3,2,A,-,03,22350,NA,N,C,C,A,A,H,-,A,D,0,NA,NA,NA,NA,Y,NA,A,01,0,0,3,0,0,0,0,0,0,-,-,34.15578079223633,-118.43640899658205,LOS ANGELES,LOS ANGELES,-118.43640899658205,34.15574645996094
94433103,2024,2024-10-16,9565,2024-10-07,815,018193,NA,1,1,4,1918,0,1,1,NA,2,061,I-405 S/B (SAN DIEGO FWY),WASHINGTON BLVD,10,S,N,B,-,Y,LA,NA,405,NA,NA,27.458,H,NA,L,Y,4,0,1,3,A,-,03,22350,NA,N,C,C,A,A,H,-,A,D,0,NA,NA,NA,NA,Y,NA,A,01,0,0,1,0,0,0,0,0,0,-,-,34.00600051879883,-118.41368103027344,LOS ANGELES,CULVER CITY,-118.41368103027344,34.00600051879883
94433106,2024,2024-10-16,9530,2024-09-24,810,022585,NA,2,1,9,1900,0,3,5,NA,2,002,COMPTON AVE.,118TH ST.,0,NA,Y,A,-,N,NA,NA,NA,NA,NA,NA,NA,NA,NA,N,4,0,1,3,D,-,00,NA,NA,N,A,C,A,A,H,-,A,D,0,NA,NA,NA,NA,Y,NA,-,-,0,0,1,0,0,0,0,0,0,-,-,33.92512130737305,-118.2462921142578,LOS ANGELES,UNINCORPORATED,-118.24627685546876,33.925941467285156
94433144,2024,2024-10-16,9530,2024-09-26,1457,023938,NA,4,2,7,1942,0,1,1,NA,2,110,I-110 S/B (HARBOR FREEWAY),I-105 (GLENN ANDERSON FWY),1478,N,N,A,-,Y,LA,NA,110,NA,NA,14.351,H,NA,L,Y,3,0,4,2,A,-,07,21658,A,F,B,C,A,A,H,-,A,D,0,NA,NA,NA,NA,Y,NA,-,99,0,1,3,0,0,0,0,0,0,-,-,33.93640899658203,-118.28034210205078,LOS ANGELES,LOS ANGELES,-118.28022003173828,33.9364013671875
94433153,2024,2024-10-16,9590,2024-10-04,1255,023892,NA,5,1,7,1942,0,1,1,NA,2,050,I-110 N/B (HARBOR FREEWAY),59TH PLACE,200,S,N,A,-,Y,LA,NA,110,NA,NA,17.735,H,NA,R,N,3,0,2,5,A,-,03,22350,NA,N,C,2,A,A,H,-,E,D,0,NA,NA,NA,NA,Y,NA,-,-,0,2,0,0,0,0,0,0,0,-,-,33.98548889160156,-118.28034973144533,LOS ANGELES,LOS ANGELES,-118.28041076660156,33.98548889160156
94433277,2024,2024-10-16,9550,2024-10-02,1120,023843,NA,3,1,5,1976,0,1,1,NA,2,650,I-605 S/B TO SLAUSON AVE,SLAUSON AVE,10,N,N,A,-,N,NA,NA,NA,NA,NA,NA,NA,NA,NA,N,4,0,1,2,A,-,09,21804,B,N,D,G,A,A,H,-,A,A,0,NA,Y,NA,NA,Y,NA,D,22,0,0,1,0,0,0,1,0,0,-,-,33.96739959716797,-118.08394622802734,LOS ANGELES,WHITTIER,-118.08346557617188,33.96723556518555
94433294,2024,2024-10-16,9540,2024-10-08,1205,023691,NA,2,1,7,1942,0,1,1,NA,2,406,I-405 N/B,RINALDI ST,1584,S,N,A,-,Y,LA,NA,405,NA,NA,47.448,H,NA,R,Y,3,0,1,2,A,-,07,21658,A,N,D,C,A,A,H,-,A,D,0,NA,NA,NA,NA,Y,NA,A,01,0,1,0,0,0,0,0,0,0,-,-,34.27460861206055,-118.47125244140624,LOS ANGELES,LOS ANGELES,-118.4712142944336,34.274600982666016
94433323,2024,2024-10-16,9565,2024-07-09,910,019355,NA,2,1,7,1942,0,1,1,NA,2,082,I-10 W/B,GATEWAY BLVD,535,E,N,A,-,Y,LA,NA,10,NA,R,4.979,H,NA,L,N,3,0,1,3,A,-,08,22107,NA,N,B,C,A,A,H,-,A,D,0,NA,NA,NA,NA,Y,NA,A,07,0,1,0,0,0,0,0,0,0,-,-,34.03025817871094,-118.44171142578124,LOS ANGELES,LOS ANGELES,-118.44170379638672,34.03022384643555
9443341,2022,2022-05-06,1913,2022-03-31,1514,4286,12,4,5,4,1913,0,0,0,NA,0,NA,INDIAN HILL BL,11TH ST,0,NA,Y,A,-,N,NA,NA,NA,NA,NA,NA,NA,NA,NA,N,4,0,1,2,A,-,03,22350,NA,N,C,C,A,A,H,-,A,A,0,NA,NA,NA,Y,Y,NA,F,26,0,0,1,0,0,0,0,0,0,-,-,NA,NA,LOS ANGELES,CLAREMONT,-117.72027587890624,34.104339599609375
94433433,2024,2024-10-16,9550,2024-10-14,656,020025,NA,1,1,3,1964,0,1,1,NA,2,650,INTERSTATE 605 NORTHBOUND,TELEGRAPH ROAD,1220,N,N,A,-,Y,LA,NA,605,NA,R,10.495,H,NA,R,N,2,0,1,1,C,-,18,NA,NA,N,E,J,A,A,H,-,A,D,0,NA,NA,NA,NA,Y,NA,-,-,1,0,0,0,0,0,0,0,0,-,-,33.95293045043945,-118.09005737304688,LOS ANGELES,SANTA FE SPRINGS,-118.08995056152344,33.95288848876953
94433443,2024,2024-10-16,9565,2024-10-06,2230,022780,NA,7,3,4,1918,0,1,1,NA,2,061,I-405 N/B (SAN DIEGO FREEWAY),VENICE BOULEVARD,200,S,N,A,-,Y,LA,NA,405,NA,NA,27.914,H,NA,R,Y,4,0,5,2,A,-,01,23152,A,N,C,C,A,A,H,-,C,D,0,NA,NA,NA,NA,Y,NA,A,07,0,0,5,0,0,0,0,0,0,-,-,34.011680603027344,-118.41787719726564,LOS ANGELES,CULVER CITY,-118.41789245605467,34.01167297363281
94433448,2024,2024-10-16,9530,2024-09-10,900,023652,NA,2,1,7,1942,0,1,3,NA,1,470,SR-47 N/B (VINCENT THOMAS BRIDGE),HARBOR BLVD.,2100,S,N,A,-,Y,LA,NA,47,NA,R,0.16,H,NA,R,Y,3,0,2,4,A,-,07,21658,A,N,B,C,A,A,H,-,A,D,0,NA,NA,NA,NA,Y,NA,A,07,0,1,1,0,0,0,0,0,0,-,-,33.74850845336914,-118.28839111328124,LOS ANGELES,LOS ANGELES,-118.28839111328124,33.74848175048828
94433468,2024,2024-10-16,9530,2024-09-10,1015,021490,NA,2,1,9,1900,0,3,5,NA,2,002,EL SEGUNDO BLVD.,WADSWORTH AVE.,0,NA,Y,A,-,N,NA,NA,NA,NA,NA,NA,NA,NA,NA,N,4,0,1,2,A,-,09,21804,A,N,D,G,A,A,H,-,A,A,0,NA,Y,NA,NA,Y,NA,L,04,0,0,1,0,0,0,1,0,0,-,-,33.916481018066406,-118.25958251953124,LOS ANGELES,UNINCORPORATED,-118.2595443725586,33.91635513305664
94433478,2024,2024-10-16,9535,2024-10-04,1456,023349,NA,5,2,4,1962,0,1,1,NA,2,110,I-10 E/B (SAN BERNARDINO FREEWAY) HOT,JACKSON AVE POC,60,W,N,A,-,Y,LA,NA,10,NA,NA,25.076,H,NA,R,Y,4,0,1,2,A,-,07,21658,A,N,C,C,A,A,H,-,A,D,0,NA,NA,Y,NA,Y,NA,D,22,0,0,1,0,0,0,0,0,1,-,-,34.07181167602539,-118.10408020019533,LOS ANGELES,SAN GABRIEL,-118.10408020019533,34.07167434692383
9443349,2022,2022-05-20,1942,2022-04-19,1615,40165,1918,2,5,7,1942,0,0,0,NA,0,26TL75,MACLAY ST,ADELPHIA AV,0,NA,Y,A,-,N,NA,NA,NA,NA,NA,NA,NA,NA,NA,Y,3,0,1,4,A,-,03,22350,NA,F,D,C,A,A,H,-,A,A,0,NA,NA,NA,NA,Y,NA,A,07,0,1,0,0,0,0,0,0,0,-,-,NA,NA,LOS ANGELES,LOS ANGELES,-118.42138671875,34.29786682128906
94433507,2024,2024-10-16,9590,2024-10-06,1635,023701,NA,7,2,7,1942,0,1,1,NA,2,064,I-10 W/B (SANTA MONICA FREEWAY),ALAMEDA ST.,288,W,N,A,-,Y,LA,NA,10,NA,NA,17.055,H,NA,L,N,4,0,2,4,A,-,03,22350,NA,F,C,C,A,A,H,-,A,D,0,NA,NA,NA,NA,Y,NA,-,99,0,0,2,0,0,0,0,0,0,-,-,34.02436828613281,-118.2402572631836,LOS ANGELES,LOS ANGELES,-118.2402572631836,34.02436447143555