CASE_ID,ACCIDENT_YEAR,PROC_DATE,JURIS,COLLISION_DATE,COLLISION_TIME,OFFICER_ID,REPORTING_DISTRICT,DAY_OF_WEEK,CHP_SHIFT,POPULATION,CNTY_CITY_LOC,SPECIAL_COND,BEAT_TYPE,CHP_BEAT_TYPE,CITY_DIVISION_LAPD,CHP_BEAT_CLASS,BEAT_NUMBER,PRIMARY_RD,SECONDARY_RD,DISTANCE,DIRECTION,INTERSECTION,WEATHER_1,WEATHER_2,STATE_HWY_IND,CALTRANS_COUNTY,CALTRANS_DISTRICT,STATE_ROUTE,ROUTE_SUFFIX,POSTMILE_PREFIX,POSTMILE,LOCATION_TYPE,RAMP_INTERSECTION,SIDE_OF_HWY,TOW_AWAY,COLLISION_SEVERITY,NUMBER_KILLED,NUMBER_INJURED,PARTY_COUNT,PRIMARY_COLL_FACTOR,PCF_CODE_OF_VIOL,PCF_VIOL_CATEGORY,PCF_VIOLATION,PCF_VIOL_SUBSECTION,HIT_AND_RUN,TYPE_OF_COLLISION,MVIW,PED_ACTION,ROAD_SURFACE,ROAD_COND_1,ROAD_COND_2,LIGHTING,CONTROL_DEVICE,CHP_ROAD_TYPE,PEDESTRIAN_ACCIDENT,BICYCLE_ACCIDENT,MOTORCYCLE_ACCIDENT,TRUCK_ACCIDENT,NOT_PRIVATE_PROPERTY,ALCOHOL_INVOLVED,STWD_VEHTYPE_AT_FAULT,CHP_VEHTYPE_AT_FAULT,COUNT_SEVERE_INJ,COUNT_VISIBLE_INJ,COUNT_COMPLAINT_PAIN,COUNT_PED_KILLED,COUNT_PED_INJURED,COUNT_BICYCLIST_KILLED,COUNT_BICYCLIST_INJURED,COUNT_MC_KILLED,COUNT_MC_INJURED,PRIMARY_RAMP,SECONDARY_RAMP,LATITUDE,LONGITUDE,COUNTY,CITY,POINT_X,POINT_Y
94438919,2024,2024-10-21,9565,2024-09-13,2035,023518,NA,5,2,7,1942,0,1,1,NA,2,063,I-405 N/B,OLYMPIC BLVD,855,N,N,A,-,Y,LA,NA,405,NA,NA,30.37,H,NA,R,N,4,0,1,4,A,-,03,22350,NA,N,C,C,A,A,H,-,C,D,0,NA,NA,NA,NA,Y,NA,A,07,0,0,1,0,0,0,0,0,0,-,-,34.0411491394043,-118.44154357910156,LOS ANGELES,LOS ANGELES,-118.4415283203125,34.04115676879883
94438965,2024,2024-10-21,9545,2024-10-19,2115,023742,NA,6,2,9,1900,0,3,5,NA,2,001,LANCASTER RD,160TH ST  W,0,NA,Y,A,-,N,NA,NA,NA,NA,NA,NA,NA,NA,NA,Y,4,0,1,1,A,-,03,22350,NA,N,E,I,A,A,H,-,D,A,0,NA,NA,NA,NA,Y,NA,A,07,0,0,1,0,0,0,0,0,0,-,-,34.72441864013672,-118.4132080078125,LOS ANGELES,UNINCORPORATED,-118.41336822509766,34.729183197021484
9443901,2022,2022-05-16,1976,2022-04-12,0840,854,NA,2,5,5,1976,0,0,0,NA,0,NA,NORWALK BL,SHIRE PL,120,N,N,A,-,N,NA,NA,NA,NA,NA,NA,NA,NA,NA,Y,4,0,1,3,A,-,07,21658,A,F,C,A,A,A,H,-,A,D,0,NA,NA,NA,NA,Y,NA,A,01,0,0,1,0,0,0,0,0,0,-,-,NA,NA,LOS ANGELES,WHITTIER,-118.05690002441406,33.99715805053711
9443902,2022,2022-05-16,1976,2022-04-15,1100,565,NA,5,5,5,1976,0,0,0,NA,0,002,MULBERRY DR,GREENLEAF AV,186,E,N,A,-,N,NA,NA,NA,NA,NA,NA,NA,NA,NA,Y,3,0,1,2,A,-,03,22350,NA,N,C,C,A,A,H,-,A,A,0,NA,NA,NA,NA,Y,NA,A,07,0,1,0,0,0,0,0,0,0,-,-,NA,NA,LOS ANGELES,WHITTIER,-118.0463409423828,33.9557991027832
94439024,2024,2024-10-21,9575,2024-10-20,1125,016940,NA,7,1,9,1900,0,1,3,NA,2,302,SR-2 (ANGELES CREST HIGHWAY),MPM 45.44,1000,E,N,A,-,Y,LA,NA,2,NA,NA,49.247,H,NA,R,N,3,0,1,1,A,-,03,22350,NA,N,F,A,A,A,H,-,A,D,0,NA,NA,Y,NA,Y,NA,C,02,0,1,0,0,0,0,0,0,1,-,-,34.31365966796875,-118.00768280029295,LOS ANGELES,UNINCORPORATED,-118.00768280029295,34.31365966796875
9443903,2022,2022-05-16,1976,2022-04-13,2206,538,NA,3,5,5,1976,0,0,0,NA,0,NA,YORK ST,EAST RIDGE DR,0,NA,Y,A,-,N,NA,NA,NA,NA,NA,NA,NA,NA,NA,Y,4,0,1,2,A,-,05,21650,NA,N,D,C,A,A,H,-,C,D,0,NA,NA,NA,NA,Y,NA,A,01,0,0,1,0,0,0,0,0,0,-,-,NA,NA,LOS ANGELES,WHITTIER,-118.02424621582033,33.97336959838867
94439031,2024,2024-10-21,9580,2024-10-17,1748,023918,NA,4,2,7,1942,0,1,3,NA,2,170,SR-170 N/B (HOLLYWOOD FWY.),ROSCOE BLVD,150,S,N,B,-,Y,LA,NA,170,NA,R,19.706,H,NA,R,N,4,0,1,2,A,-,03,22350,NA,N,C,C,A,A,H,-,B,D,0,NA,NA,NA,NA,Y,NA,A,01,0,0,1,0,0,0,0,0,0,-,-,34.22121810913086,-118.41001892089844,LOS ANGELES,LOS ANGELES,-118.40991973876952,34.22123718261719
94439050,2024,2024-10-21,9565,2024-10-09,2025,022857,NA,3,2,9,1900,0,1,1,NA,2,060,I-405 S/B,IMPERIAL HIGHWAY,300,N,N,A,-,Y,NA,NA,NA,NA,NA,NA,NA,NA,NA,N,4,0,1,3,A,-,03,22350,NA,N,C,C,A,A,H,-,C,D,0,NA,NA,NA,NA,Y,NA,A,01,0,0,1,0,0,0,0,0,0,-,-,33.93309020996094,-118.3690185546875,LOS ANGELES,UNINCORPORATED,-118.36852264404295,33.9316520690918
94439061,2024,2024-10-21,9540,2024-10-11,310,023097,NA,5,3,9,1900,0,1,1,NA,2,510,I-5 N/B,TEMPLIN HWY,19008,N,N,A,-,Y,LA,NA,5,NA,R,69.789,H,NA,R,Y,4,0,1,2,A,-,01,23152,A,N,C,C,A,A,H,-,D,D,0,NA,NA,NA,NA,Y,Y,A,01,0,0,1,0,0,0,0,0,0,-,-,34.61771011352539,-118.71534729003906,LOS ANGELES,UNINCORPORATED,-118.7153091430664,34.61772537231445
94439063,2024,2024-10-21,9540,2024-09-07,200,023145,NA,6,3,6,1985,0,1,3,NA,1,145,SR-14 S/B,GOLDEN VALLEY RD,2218,N,N,A,-,Y,LA,NA,14,NA,R,30.113,H,NA,L,Y,3,0,1,2,A,-,01,23152,A,N,C,C,A,A,H,-,D,D,0,NA,NA,NA,NA,Y,Y,A,07,0,1,0,0,0,0,0,0,0,-,-,34.39609146118164,-118.46646118164064,LOS ANGELES,SANTA CLARITA,-118.4664306640625,34.39604949951172
94439065,2024,2024-10-21,9580,2024-10-17,2030,023918,NA,4,2,7,1942,0,1,3,NA,2,171,SR-170 S/B FROM ARLETA AVE,SHELDON AVE,350,N,N,A,-,Y,NA,NA,NA,NA,NA,NA,NA,NA,NA,N,4,0,1,2,A,-,08,22107,NA,N,B,2,A,A,H,-,D,D,0,NA,NA,NA,NA,Y,NA,A,01,0,0,1,0,0,0,0,0,0,-,-,34.22930908203125,-118.41123199462892,LOS ANGELES,LOS ANGELES,-118.41046142578124,34.22865295410156
94439083,2024,2024-10-21,9580,2024-10-17,2055,023758,NA,4,2,7,1942,0,1,1,NA,2,404,I-405 N/B (SAN DIEGO FWY),VENTURA BLVD,500,S,N,A,-,Y,LA,NA,405,NA,NA,38.678,H,NA,R,N,4,0,3,2,A,-,03,22350,NA,N,C,C,A,A,H,-,C,D,0,NA,NA,NA,NA,Y,NA,A,07,0,0,3,0,0,0,0,0,0,-,-,34.14939880371094,-118.46871185302734,LOS ANGELES,LOS ANGELES,-118.4687271118164,34.14940643310547
94439094,2024,2024-10-21,9530,2024-10-09,920,024094,NA,3,1,5,1915,0,1,3,NA,2,310,SR-91 W/B WILMINGTON AVENUE OFF RAMP,WILMINGTON AVE.,340,E,N,A,-,Y,NA,NA,NA,NA,NA,NA,NA,NA,NA,Y,3,0,2,3,A,-,03,22350,NA,N,C,C,A,A,H,-,A,D,0,NA,NA,NA,NA,Y,NA,-,28,0,1,1,0,0,0,0,0,0,-,-,33.874168395996094,-118.23496246337892,LOS ANGELES,COMPTON,-118.23915100097656,33.91619110107422
94439104,2024,2024-10-21,9580,2024-10-17,2110,023918,NA,4,2,7,1942,0,1,2,NA,2,101,US-101 S/B (HOLLYWOOD FREEWAY),LANKERSHIM BLVD,600,N,N,A,-,Y,LA,NA,101,NA,NA,10.762,H,NA,L,N,4,0,1,1,A,-,08,22107,NA,N,B,I,A,A,H,-,D,D,0,NA,NA,NA,NA,Y,NA,A,01,0,0,1,0,0,0,0,0,0,-,-,34.14257049560547,-118.36711120605467,LOS ANGELES,LOS ANGELES,-118.36719512939452,34.14254379272461
94439106,2024,2024-10-21,9550,2024-10-09,1750,023866,NA,3,2,5,1908,0,1,3,NA,2,091,STATE ROUTE 91 WESTBOUND,INTERSTATE 605,2500,W,N,A,-,Y,LA,NA,91,NA,R,16.465,H,NA,L,N,3,0,2,3,A,-,03,22350,NA,N,C,C,A,A,H,-,B,D,0,NA,NA,NA,NA,Y,NA,A,07,0,1,1,0,0,0,0,0,0,-,-,33.87705993652344,-118.11084747314452,LOS ANGELES,BELLFLOWER,-118.11084747314452,33.877037048339844
94439118,2024,2024-10-21,9530,2024-10-12,1915,023688,NA,6,2,9,1900,0,3,5,NA,2,007,1ST STREET (100 BLOCK.),BANDINI ST.,0,NA,Y,A,-,N,NA,NA,NA,NA,NA,NA,NA,NA,NA,N,3,0,1,2,A,-,10,21950,A,N,G,B,B,A,H,-,D,A,0,Y,NA,NA,NA,Y,NA,D,22,0,1,0,0,1,0,0,0,0,-,-,33.74333953857422,-118.2989501953125,LOS ANGELES,UNINCORPORATED,-118.2989501953125,33.74333953857422
9443912,2022,2022-05-16,1900,2022-04-19,0745,629528,1262,2,5,3,1991,0,0,0,NA,0,121T1,FOOTHILL BL,CHEVY CHASE DR,0,NA,Y,-,-,N,NA,NA,NA,NA,NA,NA,NA,NA,NA,Y,3,0,2,2,A,-,09,21801,A,N,D,C,A,A,H,-,A,A,0,NA,NA,NA,NA,Y,NA,A,01,0,1,1,0,0,0,0,0,0,-,-,34.20473098754883,-118.20095825195313,LOS ANGELES,LA CANADA-FLINTRIDGE,-118.20110321044922,34.20486068725586
9443913,2022,2022-05-17,1900,2022-04-04,1857,541625,1262,1,5,3,1991,0,0,0,NA,0,121P,ANGELES CREST HWY,FOOTHILL BL,0,NA,Y,A,-,N,NA,NA,NA,NA,NA,NA,NA,NA,NA,N,3,0,1,2,A,-,04,21703,NA,N,C,C,A,A,H,-,A,A,0,NA,NA,NA,NA,Y,NA,-,-,0,1,0,0,0,0,0,0,0,-,-,34.204708099365234,-118.20014190673828,LOS ANGELES,LA CANADA-FLINTRIDGE,-118.20018768310548,34.204429626464844
9443914,2022,2022-05-17,1900,2022-04-13,1530,532044,1264,3,5,3,1991,0,0,0,NA,0,121T1,WOODLEIGH LN,FOOTHILL BL,327,S,N,A,-,N,NA,NA,NA,NA,NA,NA,NA,NA,NA,Y,4,0,1,3,A,-,03,22350,NA,N,C,E,A,A,H,-,A,D,0,NA,NA,NA,NA,Y,NA,A,01,0,0,1,0,0,0,0,0,0,-,-,34.19960021972656,-118.1914520263672,LOS ANGELES,LA CANADA-FLINTRIDGE,-118.19146728515624,34.199493408203125
94439148,2024,2024-10-21,9580,2024-10-15,1430,023836,NA,2,2,7,1942,0,1,1,NA,2,404,I-405 N/B (SAN DIEGO FWY),BURBANK BLVD,0,NA,Y,A,-,Y,LA,NA,405,NA,NA,40.274,H,NA,R,N,4,0,4,3,A,-,03,22350,NA,N,C,C,A,A,H,-,A,D,0,NA,NA,NA,NA,Y,NA,A,07,0,0,4,0,0,0,0,0,0,-,-,34.17197036743164,-118.46761322021484,LOS ANGELES,LOS ANGELES,-118.46754455566406,34.17197036743164
94439183,2024,2024-10-21,9580,2024-10-15,1955,021966,NA,2,2,7,1942,0,1,2,NA,2,102,US-101 N/B (VENTURA FREEWAY),WOODMAN AVE,1582,N,N,A,-,Y,LA,NA,101,NA,NA,15.208,H,NA,R,Y,4,0,1,2,A,-,03,22350,NA,N,C,C,A,A,H,-,C,D,0,NA,NA,NA,NA,Y,NA,A,07,0,0,1,0,0,0,0,0,0,-,-,34.155799865722656,-118.43668365478516,LOS ANGELES,LOS ANGELES,-118.43668365478516,34.15574645996094
94439192,2024,2024-10-21,9550,2024-10-02,1415,023824,NA,3,2,6,1949,0,1,S,NA,2,904,I-605 N/B TO I-5 S/B,I-5 FWY.,100,W,N,A,-,Y,NA,NA,NA,NA,NA,NA,NA,NA,NA,Y,3,0,1,1,A,-,01,23152,A,N,F,A,A,A,H,-,A,D,0,NA,NA,Y,NA,Y,Y,C,02,0,1,0,0,0,0,0,0,1,-,-,33.93886184692383,-118.09580993652344,LOS ANGELES,NORWALK,-118.09675598144533,33.940773010253906
94439200,2024,2024-10-21,9580,2024-10-08,44,018718,NA,2,3,7,1942,0,1,2,NA,2,104,US 101 NB N OF FALLBROOK,FALLBROOK AVE,147,N,N,A,-,Y,LA,NA,101,NA,NA,26.49,H,NA,R,Y,2,0,2,3,C,-,18,NA,NA,N,G,3,E,A,H,-,D,D,0,Y,NA,NA,NA,Y,NA,-,-,1,1,0,0,1,0,0,0,0,-,-,34.1644287109375,-118.62381744384766,LOS ANGELES,LOS ANGELES,-118.62383270263672,34.164466857910156
94439212,2024,2024-10-21,9550,2024-10-10,1428,023879,NA,4,2,1,1932,0,1,3,NA,2,600,SR-60 W/B (POMONA FREEWAY),CROSSROADS PARKWAY,170,W,N,A,-,Y,LA,NA,60,NA,NA,12.595,H,NA,L,Y,4,0,1,2,D,-,00,NA,NA,N,C,C,A,A,H,-,A,A,0,NA,NA,NA,NA,Y,NA,-,-,0,0,1,0,0,0,0,0,0,-,-,34.02928924560547,-118.01310729980467,LOS ANGELES,INDUSTRY,-118.01310729980467,34.029197692871094
94439215,2024,2024-10-21,9530,2024-09-29,340,023862,NA,7,3,5,1977,0,1,1,NA,2,410,I-405 S/B TO CARSON STREET,CARSON ST.,350,S,N,A,-,Y,NA,NA,NA,NA,NA,NA,NA,NA,NA,Y,4,0,1,1,A,-,01,23152,A,N,E,J,A,A,H,-,C,D,0,NA,NA,NA,NA,Y,Y,A,01,0,0,1,0,0,0,0,0,0,-,-,33.83060836791992,-118.25560760498048,LOS ANGELES,CARSON,-118.25550079345705,33.831138610839844
94439217,2024,2024-10-21,9525,2024-10-18,1300,023586,NA,5,1,6,1955,0,1,1,NA,2,108,I-10 E/B (SAN BERNARDINO FWY),FAIRPLEX DR.,2112,W,N,A,-,Y,LA,NA,10,NA,NA,43.161,H,NA,R,Y,4,0,1,2,A,-,03,22350,NA,N,C,C,A,A,H,-,A,D,0,NA,NA,NA,NA,Y,NA,A,01,0,0,1,0,0,0,0,0,0,-,-,34.07025909423828,-117.79547882080078,LOS ANGELES,POMONA,-117.79541015625,34.07015609741211
94439238,2024,2024-10-21,9550,2024-10-11,1530,023879,NA,5,2,5,1919,0,1,1,NA,2,652,I-605 N/B (SAN GABRIEL RIVER FREEWAY),ARTESIA BOULEVARD,60,S,N,A,-,Y,LA,NA,605,NA,R,4.776,H,NA,R,Y,3,0,1,2,A,-,03,22350,NA,N,C,C,A,A,H,-,A,D,0,NA,NA,Y,NA,Y,NA,A,01,0,1,0,0,0,0,0,0,1,-,-,33.87263107299805,-118.10098266601564,LOS ANGELES,CERRITOS,-118.10099792480467,33.87262725830078
94439250,2024,2024-10-21,9550,2024-10-11,1350,024105,NA,5,1,9,1900,0,1,3,NA,2,601,CALLE BARCELONA E/B,SALEROSO DRIVE,0,NA,Y,A,-,N,NA,NA,NA,NA,NA,NA,NA,NA,NA,Y,3,0,2,2,A,-,09,21802,A,N,D,C,A,A,H,-,A,A,0,NA,NA,NA,NA,Y,NA,A,08,0,2,0,0,0,0,0,0,0,-,-,33.98862838745117,-117.92188262939452,LOS ANGELES,UNINCORPORATED,-117.92188262939452,33.988624572753906
94439253,2024,2024-10-21,9550,2024-08-31,1,023825,NA,6,3,9,1900,0,3,5,NA,2,002,MEYER RD E/B,LAUREL AVE,180,W,N,A,-,N,NA,NA,NA,NA,NA,NA,NA,NA,NA,Y,3,0,1,2,A,-,01,23152,A,M,C,E,A,A,H,-,B,A,0,NA,NA,NA,NA,Y,Y,A,01,0,1,0,0,0,0,0,0,0,-,-,33.92803955078125,-118.04984283447266,LOS ANGELES,UNINCORPORATED,-118.04972076416016,33.92806625366211
94439257,2024,2024-10-21,9550,2024-10-06,1925,023289,NA,7,2,9,1900,0,3,5,NA,2,003,SOUTH 9TH AVENUE,CLARK AVENUE,175,S,N,A,-,N,NA,NA,NA,NA,NA,NA,NA,NA,NA,N,3,0,2,3,A,-,08,22107,NA,F,G,B,D,A,H,-,C,D,0,Y,NA,NA,NA,Y,NA,-,99,0,2,0,0,2,0,0,0,0,-,-,34.01955032348633,-117.97814178466795,LOS ANGELES,UNINCORPORATED,-117.9781494140625,34.01961135864258
94439303,2024,2024-10-21,9575,2024-10-11,1025,023284,NA,5,1,7,1942,0,1,1,NA,2,052,I-5 N/B (GOLDEN STATE FREEWAY),TUXFORD ST,615,S,N,A,-,Y,LA,NA,5,NA,NA,34.529,H,NA,R,Y,4,0,1,2,A,-,08,22107,NA,M,B,2,A,A,H,-,A,D,0,NA,NA,NA,NA,Y,NA,-,99,0,0,1,0,0,0,0,0,0,-,-,34.22679138183594,-118.37982177734376,LOS ANGELES,LOS ANGELES,-118.37982177734376,34.226806640625
94439310,2024,2024-10-21,9550,2024-10-02,1050,022842,NA,3,1,9,1900,0,1,3,NA,2,600,SR-60 E/B (POMONA FREEWAY),HACIENDA BLVD,3696,W,N,A,-,Y,LA,NA,60,NA,NA,15.256,H,NA,R,Y,4,0,1,2,A,-,08,22107,NA,N,B,C,A,A,H,-,A,D,0,NA,NA,NA,Y,Y,NA,D,22,0,0,1,0,0,0,0,0,0,-,-,34.01026153564453,-117.97576141357422,LOS ANGELES,UNINCORPORATED,-117.97574615478516,34.010292053222656
9443932,2022,2022-05-13,1972,2022-03-25,1132,18059,NA,5,5,6,1972,0,0,0,NA,0,NA,MAPLE,PLAZA DEL AMO,0,NA,Y,A,-,N,NA,NA,NA,NA,NA,NA,NA,NA,NA,Y,4,0,1,3,D,-,00,NA,NA,N,D,C,A,A,H,-,A,A,0,NA,NA,NA,NA,Y,NA,-,-,0,0,1,0,0,0,0,0,0,-,-,NA,NA,LOS ANGELES,TORRANCE,-118.3399658203125,33.82712936401367
94439338,2024,2024-10-21,9530,2024-10-20,1820,022995,NA,7,2,7,1941,0,1,1,NA,2,430,I-405 N/B FROM BELLFLOWER BLVD. N/B,WILLOW STREET,12,S,N,A,-,Y,LA,NA,405,NA,NA,2.27,H,NA,R,N,3,0,1,1,A,-,01,23152,A,N,E,I,A,A,H,-,B,D,0,NA,NA,NA,NA,Y,Y,A,07,0,1,0,0,0,0,0,0,0,-,-,33.803070068359375,-118.12516021728516,LOS ANGELES,LONG BEACH,-118.12514495849608,33.80283737182617
94439339,2024,2024-10-21,9545,2024-10-20,210,023742,NA,7,3,9,1900,0,3,5,NA,2,004,SR-138 W/B,72ND ST  E,330,E,N,A,-,N,NA,NA,NA,NA,NA,NA,NA,NA,NA,Y,2,0,4,2,A,-,08,22107,NA,N,A,C,A,A,H,-,C,D,0,NA,NA,NA,NA,Y,NA,A,07,1,1,2,0,0,0,0,0,0,-,-,34.52104949951172,-118.00009155273438,LOS ANGELES,UNINCORPORATED,-118.00014495849608,34.52102279663086
94439359,2024,2024-10-21,9550,2024-10-08,220,023753,NA,2,3,9,1900,0,1,1,NA,2,501,I-5 S/B,VALLEY VIEW AVE.,1320,N,N,B,-,Y,LA,NA,5,NA,NA,1.237,H,NA,L,N,4,0,1,2,A,-,03,22350,NA,N,C,C,A,A,H,-,B,D,0,NA,NA,NA,NA,Y,NA,A,01,0,0,1,0,0,0,0,0,0,-,-,33.88412094116211,-118.02942657470705,LOS ANGELES,UNINCORPORATED,-118.02932739257813,33.884246826171875
94439373,2024,2024-10-21,9550,2024-10-11,1730,023831,NA,5,2,9,1900,0,1,3,NA,2,601,SR-60 WESTBOUND,AZUSA AVE,200,E,N,A,-,Y,LA,NA,60,NA,NA,18.074,H,NA,L,Y,3,0,2,4,A,-,03,22350,NA,N,C,C,A,A,H,-,A,D,0,NA,NA,NA,NA,Y,NA,A,01,0,1,1,0,0,0,0,0,0,-,-,33.99678039550781,-117.92942810058594,LOS ANGELES,UNINCORPORATED,-117.9294204711914,33.996829986572266
94439377,2024,2024-10-21,9575,2024-10-11,1155,022918,NA,5,1,9,1900,0,1,1,NA,2,065,I-210 W/B (FOOTHILL FREEWAY),SIERRA MADRE VILLA AVE.,1500,E,N,A,-,Y,LA,NA,210,NA,L,29.603,H,NA,L,Y,4,0,1,3,A,-,07,21658,A,N,B,C,A,A,H,-,A,D,0,NA,NA,NA,Y,Y,NA,A,07,0,0,1,0,0,0,0,0,0,-,-,34.148128509521484,-118.07697296142578,LOS ANGELES,UNINCORPORATED,-118.07696533203124,34.148101806640625
94439382,2024,2024-10-21,9550,2024-10-10,1830,024057,NA,4,2,5,1954,0,1,1,NA,2,650,I-605 N/B FROM ROSE HILLS RD.,ROSE HILLS ROAD,500,N,N,A,-,Y,NA,NA,NA,NA,NA,NA,NA,NA,NA,Y,4,0,2,2,A,-,03,22350,NA,F,C,C,A,A,H,-,D,A,0,NA,NA,NA,NA,Y,NA,A,01,0,0,2,0,0,0,0,0,0,-,-,34.01860046386719,-118.05094146728516,LOS ANGELES,PICO RIVERA,-118.05140686035156,34.01869583129883
94439388,2024,2024-10-21,9550,2024-10-10,755,023825,NA,4,1,9,1900,0,3,5,NA,2,003,WEDGE WORTH DR W/B,RIDGE PARK DR,15,W,N,A,-,N,NA,NA,NA,NA,NA,NA,NA,NA,NA,Y,3,0,1,1,A,-,08,22107,NA,N,F,A,A,A,H,-,A,A,0,NA,Y,NA,NA,Y,NA,L,04,0,1,0,0,0,0,1,0,0,-,-,33.99626922607422,-117.93550872802734,LOS ANGELES,UNINCORPORATED,-117.93536376953124,33.996246337890625
94439429,2024,2024-10-21,9530,2024-09-17,1600,023824,NA,2,2,5,1977,0,3,5,NA,2,006,VERMONT AVE.,CARSON ST.,725,S,N,A,-,N,NA,NA,NA,NA,NA,NA,NA,NA,NA,N,3,0,1,2,A,-,05,21651,B,N,A,G,A,A,H,-,A,D,0,NA,Y,NA,NA,Y,NA,M,91,0,1,0,0,0,0,1,0,0,-,-,33.829471588134766,-118.29039001464844,LOS ANGELES,CARSON,-118.29022216796876,33.82961654663086
94439451,2024,2024-10-21,9550,2024-10-11,1600,023157,NA,5,2,9,1900,0,1,1,NA,2,650,INTERSTATE 605 SOUTHBOUND,WASHINGTON BOULEVARD,900,S,N,A,-,Y,LA,NA,605,NA,R,11.882,H,NA,L,N,4,0,1,2,A,-,03,22350,NA,N,C,C,A,A,H,-,A,D,0,NA,NA,NA,NA,Y,NA,A,07,0,0,1,0,0,0,0,0,0,-,-,33.971519470214844,-118.08126831054688,LOS ANGELES,UNINCORPORATED,-118.08119964599608,33.97149658203125
94439456,2024,2024-10-21,9530,2024-08-29,10,022805,NA,4,3,7,1942,0,1,1,NA,2,200,INTERSTATE 105 EASTBOUND (GLENN ANDERSON FREEWAY),SAN PEDRO STREET,78.6,W,N,A,-,Y,LA,NA,105,NA,R,7.918,H,NA,R,N,1,1,0,2,A,-,11,21954,A,N,G,B,E,A,H,-,D,D,0,Y,NA,NA,NA,Y,NA,N,60,0,0,0,1,0,0,0,0,0,-,-,33.9273681640625,-118.27155303955078,LOS ANGELES,LOS ANGELES,-118.2715301513672,33.92745590209961
94439461,2024,2024-10-21,9545,2024-10-15,1318,021569,NA,2,1,6,1992,0,2,S,NA,2,901,COLUMBIA WAY (AVENUE M),CHALLENGER WAY,0,NA,Y,A,-,N,NA,NA,NA,NA,NA,NA,NA,NA,NA,Y,2,0,2,3,A,-,09,21802,A,N,D,C,A,A,H,-,A,A,0,NA,NA,NA,NA,Y,NA,A,01,1,1,0,0,0,0,0,0,0,-,-,34.645938873291016,-118.1123504638672,LOS ANGELES,LANCASTER,-118.1123275756836,34.645931243896484
94439486,2024,2024-10-21,9550,2024-10-05,1434,024062,NA,6,2,5,1919,0,1,1,NA,2,652,INTERSTATE 605 N/B,STATE ROUTE 91,100,S,N,A,-,Y,LA,NA,605,NA,R,4.596,H,NA,R,N,4,0,1,2,A,-,03,22350,NA,N,C,C,A,A,H,-,A,D,0,NA,NA,NA,NA,Y,NA,D,22,0,0,1,0,0,0,0,0,0,-,-,33.87017059326172,-118.10005950927734,LOS ANGELES,CERRITOS,-118.10012817382813,33.87015151977539
94439515,2024,2024-10-22,9550,2024-10-21,1740,023710,NA,1,2,5,1919,0,1,1,NA,2,652,INTERSTATE 605 NORTHBOUND,STATE ROUTE 91,1270,S,N,A,-,Y,LA,NA,605,NA,R,4.828,H,NA,R,N,4,0,1,3,A,-,03,22350,NA,N,C,C,A,A,H,-,B,D,0,NA,NA,NA,NA,Y,NA,A,07,0,0,1,0,0,0,0,0,0,-,-,33.87337875366211,-118.10125732421876,LOS ANGELES,CERRITOS,-118.10126495361328,33.87337875366211
94439807,2024,2024-10-22,9525,2024-10-14,1635,024054,NA,1,2,6,1955,0,1,3,NA,2,072,SR-71 N/B (CHINO VALLEY FWY),RIO RANCHO RD,528,N,N,A,-,Y,LA,NA,71,NA,NA,3.441,H,NA,R,Y,4,0,1,2,A,-,03,22350,NA,N,C,C,A,A,H,-,A,D,0,NA,NA,NA,NA,Y,NA,A,01,0,0,1,0,0,0,0,0,0,-,-,34.03369140625,-117.7602996826172,LOS ANGELES,POMONA,-117.76039886474608,34.033626556396484
94439822,2024,2024-10-22,9545,2024-10-19,1848,023770,NA,6,2,9,1900,0,3,5,NA,2,001,110TH ST  W,AVENUE I,16,N,N,A,-,N,NA,NA,NA,NA,NA,NA,NA,NA,NA,N,4,0,2,2,A,-,01,23152,A,N,C,C,A,A,H,-,D,A,0,NA,NA,NA,NA,Y,Y,-,-,0,0,2,0,0,0,0,0,0,-,-,34.7039794921875,-118.32434844970705,LOS ANGELES,UNINCORPORATED,-118.32431030273438,34.70390319824219
94439879,2024,2024-10-22,9530,2024-10-10,15,024092,NA,4,3,7,1942,0,1,1,NA,2,120,I-110 N/B FROM HARRY BRIDGES BOULEVARD,HARRY BRIDGES BOULEVARD.,165,N,N,A,-,Y,LA,NA,110,NA,NA,2.808,H,NA,R,N,3,0,1,1,A,-,03,22350,NA,N,F,A,A,A,H,-,C,D,0,NA,NA,NA,Y,Y,NA,G,27,0,1,0,0,0,0,0,0,0,-,-,33.7722282409668,-118.279541015625,LOS ANGELES,LOS ANGELES,-118.27976989746094,33.772254943847656
94439887,2024,2024-10-22,9545,2024-10-11,1855,023153,NA,5,2,9,1900,0,1,3,NA,2,021,SR-14 N/B,MOUNTAIN SPRINGS RD,4382,N,N,A,-,Y,LA,NA,14,NA,R,54.623,H,NA,R,N,4,0,1,2,A,-,01,23152,A,N,B,C,A,A,H,-,A,D,0,NA,NA,NA,NA,Y,Y,A,07,0,0,1,0,0,0,0,0,0,-,-,34.51197052001953,-118.11061096191406,LOS ANGELES,UNINCORPORATED,-118.11056518554688,34.511962890625