CASE_ID,ACCIDENT_YEAR,PROC_DATE,JURIS,COLLISION_DATE,COLLISION_TIME,OFFICER_ID,REPORTING_DISTRICT,DAY_OF_WEEK,CHP_SHIFT,POPULATION,CNTY_CITY_LOC,SPECIAL_COND,BEAT_TYPE,CHP_BEAT_TYPE,CITY_DIVISION_LAPD,CHP_BEAT_CLASS,BEAT_NUMBER,PRIMARY_RD,SECONDARY_RD,DISTANCE,DIRECTION,INTERSECTION,WEATHER_1,WEATHER_2,STATE_HWY_IND,CALTRANS_COUNTY,CALTRANS_DISTRICT,STATE_ROUTE,ROUTE_SUFFIX,POSTMILE_PREFIX,POSTMILE,LOCATION_TYPE,RAMP_INTERSECTION,SIDE_OF_HWY,TOW_AWAY,COLLISION_SEVERITY,NUMBER_KILLED,NUMBER_INJURED,PARTY_COUNT,PRIMARY_COLL_FACTOR,PCF_CODE_OF_VIOL,PCF_VIOL_CATEGORY,PCF_VIOLATION,PCF_VIOL_SUBSECTION,HIT_AND_RUN,TYPE_OF_COLLISION,MVIW,PED_ACTION,ROAD_SURFACE,ROAD_COND_1,ROAD_COND_2,LIGHTING,CONTROL_DEVICE,CHP_ROAD_TYPE,PEDESTRIAN_ACCIDENT,BICYCLE_ACCIDENT,MOTORCYCLE_ACCIDENT,TRUCK_ACCIDENT,NOT_PRIVATE_PROPERTY,ALCOHOL_INVOLVED,STWD_VEHTYPE_AT_FAULT,CHP_VEHTYPE_AT_FAULT,COUNT_SEVERE_INJ,COUNT_VISIBLE_INJ,COUNT_COMPLAINT_PAIN,COUNT_PED_KILLED,COUNT_PED_INJURED,COUNT_BICYCLIST_KILLED,COUNT_BICYCLIST_INJURED,COUNT_MC_KILLED,COUNT_MC_INJURED,PRIMARY_RAMP,SECONDARY_RAMP,LATITUDE,LONGITUDE,COUNTY,CITY,POINT_X,POINT_Y
94439889,2024,2024-10-22,9545,2024-10-14,550,021360,NA,1,3,9,1900,0,3,5,NA,2,001,10TH ST  E,AVENUE G,366,N,N,A,-,N,NA,NA,NA,NA,NA,NA,NA,NA,NA,Y,4,0,2,2,A,-,08,22107,NA,N,A,C,A,A,H,-,D,D,0,NA,NA,NA,NA,Y,NA,A,01,0,0,2,0,0,0,0,0,0,-,-,34.734588623046875,-118.11289978027344,LOS ANGELES,UNINCORPORATED,-118.11290740966795,34.734535217285156
9443989,2022,2022-05-16,1900,2022-03-28,0330,625511,0454,1,5,6,1949,0,0,0,NA,0,43T1,ROSECRANS AV,FUNSTON AV,59,W,N,A,-,N,NA,NA,NA,NA,NA,NA,NA,NA,NA,Y,3,0,1,1,A,-,08,22107,NA,N,E,I,A,A,H,-,C,A,0,NA,NA,NA,NA,Y,NA,A,01,0,1,0,0,0,0,0,0,0,-,-,NA,NA,LOS ANGELES,NORWALK,-118.07733154296876,33.90216827392578
9443990,2022,2022-05-20,1900,2022-03-03,0317,609664,0452,4,5,6,1949,0,0,0,NA,0,43T1,PIONEER BL,IMPERIAL HWY,0,NA,Y,A,-,N,NA,NA,NA,NA,NA,NA,NA,NA,NA,Y,4,0,1,2,A,-,12,21453,A,N,D,C,A,A,H,-,C,A,0,NA,NA,NA,NA,Y,NA,-,-,0,0,1,0,0,0,0,0,0,-,-,NA,NA,LOS ANGELES,NORWALK,-118.08190155029295,33.91709518432617
94439902,2024,2024-10-22,9545,2024-10-15,2233,021640,NA,2,3,9,1900,0,1,3,NA,1,042,SR-138 E/B,165TH ST. E.,2800,W,N,A,-,Y,LA,NA,138,NA,NA,63.13,H,NA,R,Y,4,0,1,2,A,-,03,22350,NA,M,C,C,A,A,H,-,D,D,0,NA,NA,NA,NA,Y,NA,A,07,0,0,1,0,0,0,0,0,0,-,-,34.506080627441406,-117.84513092041016,LOS ANGELES,UNINCORPORATED,-117.84513092041016,34.50606918334961
94439907,2024,2024-10-22,9550,2024-10-20,2345,023753,NA,7,3,9,1900,0,3,5,NA,2,002,MULBERRY DRIVE,REGATTA AVENUE,100,W,N,A,-,N,NA,NA,NA,NA,NA,NA,NA,NA,NA,Y,4,0,1,6,A,-,01,23152,A,F,B,E,A,A,H,-,C,D,0,NA,NA,NA,NA,Y,Y,A,01,0,0,1,0,0,0,0,0,0,-,-,33.94131851196289,-118.02581024169922,LOS ANGELES,UNINCORPORATED,-118.02570343017578,33.941349029541016
9443994,2022,2022-05-16,1900,2022-03-08,1510,532044,1262,2,5,3,1991,0,0,0,NA,0,121T1,FOOTHILL BL,GOULD AV,0,NA,Y,A,-,N,NA,NA,NA,NA,NA,NA,NA,NA,NA,Y,4,0,1,2,A,-,12,21453,A,N,D,C,A,A,H,-,A,A,0,NA,NA,NA,NA,Y,NA,A,01,0,0,1,0,0,0,0,0,0,-,-,34.19942855834961,-118.189208984375,LOS ANGELES,LA CANADA-FLINTRIDGE,-118.18921661376952,34.199378967285156
9443995,2022,2022-05-16,1900,2022-03-20,1224,523416,1260,7,5,3,1991,0,0,0,NA,0,121T1,FOOTHILL BL,CASTLE RD,0,NA,Y,A,-,N,NA,NA,NA,NA,NA,NA,NA,NA,NA,Y,4,0,2,3,A,-,03,22350,NA,N,C,C,A,A,H,-,A,A,0,NA,NA,NA,NA,Y,NA,A,07,0,0,2,0,0,0,0,0,0,-,-,34.21601104736328,-118.22509002685548,LOS ANGELES,LA CANADA-FLINTRIDGE,-118.2250747680664,34.21599197387695
94439959,2024,2024-10-22,9580,2024-10-12,2130,023705,NA,6,2,7,1942,0,1,2,NA,2,101,US-101 N/B (VENTURA FREEWAY),LAUREL CANYON BLVD,450,N,N,A,-,Y,LA,NA,101,NA,NA,13.093,H,NA,R,Y,4,0,2,2,A,-,08,22107,NA,N,B,C,A,A,H,-,C,D,0,NA,NA,NA,NA,Y,NA,A,01,0,0,2,0,0,0,0,0,0,-,-,34.15541076660156,-118.4004364013672,LOS ANGELES,LOS ANGELES,-118.40042877197266,34.15542221069336
9443996,2022,2022-05-16,1900,2022-03-16,1900,532044,1262,3,5,3,1991,0,0,0,NA,0,121Y1,BAPTISTE WY,ALMINAR AV,0,NA,Y,A,-,N,NA,NA,NA,NA,NA,NA,NA,NA,NA,N,2,0,1,2,A,-,08,22107,NA,N,A,B,E,A,H,-,A,A,0,Y,NA,NA,NA,Y,NA,A,01,1,0,0,0,1,0,0,0,0,-,-,34.200531005859375,-118.18222045898438,LOS ANGELES,LA CANADA-FLINTRIDGE,-118.18218231201172,34.20048522949219
94439972,2024,2024-10-22,9530,2024-09-17,1842,021108,NA,2,2,9,1900,0,3,5,NA,2,002,EL SEGUNDO BLVD.,CLOVIS AVE,0,NA,Y,A,-,N,NA,NA,NA,NA,NA,NA,NA,NA,NA,Y,4,0,1,2,A,-,09,21802,B,N,D,2,A,A,H,-,A,A,0,NA,NA,NA,NA,Y,NA,A,01,0,0,1,0,0,0,0,0,0,-,-,33.91627883911133,-118.25662231445313,LOS ANGELES,UNINCORPORATED,-118.25657653808594,33.91637420654297
9443998,2022,2022-05-16,1972,2022-03-25,0645,18263,NA,5,5,6,1972,0,0,0,NA,0,NA,SKYPARK DR,AMAZON,0,NA,Y,B,-,N,NA,NA,NA,NA,NA,NA,NA,NA,NA,Y,4,0,3,3,A,-,12,21453,A,N,D,C,A,A,H,-,A,A,0,NA,NA,NA,NA,Y,NA,A,01,0,0,3,0,0,0,0,0,0,-,-,NA,NA,LOS ANGELES,TORRANCE,NA,NA
9443999,2022,2022-05-16,1972,2022-03-29,1017,15555,NA,2,5,6,1972,0,0,0,NA,0,NA,LOMITA BL,HAWTHORNE BL,120,W,N,A,-,N,NA,NA,NA,NA,NA,NA,NA,NA,NA,Y,4,0,1,2,A,-,03,22350,NA,N,C,C,A,A,H,-,A,A,0,NA,NA,NA,NA,Y,NA,A,NA,0,0,1,0,0,0,0,0,0,-,-,NA,NA,LOS ANGELES,TORRANCE,-118.3515625,33.81614685058594
9444000,2022,2022-05-16,1972,2022-03-24,1557,21239,NA,4,5,6,1972,0,0,0,NA,0,NA,MADISON ST,PCH,100,N,N,A,-,N,NA,NA,NA,NA,NA,NA,NA,NA,NA,Y,4,0,2,2,A,-,09,21804,A,N,D,C,A,A,H,-,A,A,0,NA,NA,NA,NA,Y,NA,A,NA,0,0,2,0,0,0,0,0,0,-,-,NA,NA,LOS ANGELES,TORRANCE,-118.34783935546876,33.8038330078125
94440031,2024,2024-10-22,9545,2024-10-17,1549,019816,NA,4,2,9,1900,0,3,5,NA,2,004,PEARBLOSSOM HWY,OLD NADEAU ROAD,20,N,N,A,-,N,NA,NA,NA,NA,NA,NA,NA,NA,NA,N,4,0,2,2,A,-,03,22350,NA,N,C,C,A,A,H,-,A,D,0,NA,NA,NA,NA,Y,NA,D,22,0,0,2,0,0,0,0,0,0,-,-,34.53512954711914,-118.08537292480467,LOS ANGELES,UNINCORPORATED,-118.09593963623048,34.523765563964844
94440055,2024,2024-10-22,9550,2024-10-14,1715,022167,NA,1,2,6,1949,0,1,1,NA,2,500,I-5 N/B,PIONEER BOULEVARD,2200,N,N,A,-,Y,LA,NA,5,NA,NA,5.614,H,NA,R,Y,4,0,2,3,A,-,03,22350,NA,N,C,C,A,A,H,-,A,D,0,NA,NA,NA,NA,Y,NA,A,07,0,0,2,0,0,0,0,0,0,-,-,33.925811767578125,-118.08580017089844,LOS ANGELES,NORWALK,-118.08586883544922,33.925777435302734
94440069,2024,2024-10-22,9590,2024-10-01,2130,023945,NA,2,2,7,1942,0,1,1,NA,2,053,I-110 S/B (HARBOR FREEWAY),VENICE BOULEVARD,663,N,N,A,-,Y,NA,NA,NA,NA,NA,NA,NA,NA,NA,Y,2,0,1,2,A,-,07,21658,A,F,B,2,A,A,H,-,C,D,0,NA,NA,NA,NA,Y,NA,A,01,1,0,0,0,0,0,0,0,0,-,-,34.04121017456055,-118.2740478515625,LOS ANGELES,LOS ANGELES,NA,NA
94440070,2024,2024-10-22,9530,2024-10-10,1345,023580,NA,4,1,9,1900,0,1,3,NA,2,310,SR 91 E/B,CENTRAL AVE.,300,W,N,A,-,Y,LA,NA,91,NA,R,8.371,H,NA,R,Y,3,0,1,2,A,-,03,22350,NA,N,C,C,A,A,H,-,A,D,0,NA,NA,NA,NA,Y,NA,A,07,0,1,0,0,0,0,0,0,0,-,-,33.87342834472656,-118.24978637695313,LOS ANGELES,UNINCORPORATED,-118.24979400634766,33.87337875366211
94440071,2024,2024-10-22,9535,2024-10-10,1020,019857,NA,4,1,9,1900,0,2,4,NA,2,025,ATLANTIC BLVD.,6TH ST.,0,NA,Y,A,-,N,NA,NA,NA,NA,NA,NA,NA,NA,NA,N,4,0,1,2,A,-,09,21801,A,N,A,C,A,A,H,-,A,A,0,NA,NA,NA,NA,Y,NA,D,22,0,0,1,0,0,0,0,0,0,-,-,34.02490997314453,-118.15590667724608,LOS ANGELES,UNINCORPORATED,-118.15592956542967,34.02488708496094
94440072,2024,2024-10-22,9580,2024-10-18,1305,023440,NA,5,1,7,1942,0,1,2,NA,2,101,US-101 S/B (VENTURA FREEWAY),TUJUNGA AVE,528,N,N,A,-,Y,LA,NA,101,NA,NA,12.031,H,NA,L,N,4,0,1,1,C,-,18,NA,NA,N,H,J,A,A,H,-,A,D,0,NA,NA,NA,NA,Y,NA,-,-,0,0,1,0,0,0,0,0,0,-,-,34.15436935424805,-118.3819580078125,LOS ANGELES,LOS ANGELES,-118.38196563720705,34.15433883666992
94440082,2024,2024-10-22,9545,2024-10-11,2151,023663,NA,5,2,9,1900,0,3,5,NA,1,006,AVENUE M,50TH STREET WEST,383,W,N,A,-,N,NA,NA,NA,NA,NA,NA,NA,NA,NA,N,4,0,2,2,A,-,08,22107,NA,N,D,C,A,A,H,-,C,D,0,NA,NA,NA,NA,Y,NA,A,01,0,0,2,0,0,0,0,0,0,-,-,34.64556884765625,-118.21984100341795,LOS ANGELES,UNINCORPORATED,-118.2196807861328,34.64561080932617
94440087,2024,2024-10-22,9545,2024-10-21,725,019414,NA,1,1,9,1900,0,3,5,NA,2,004,BARREL SPRINGS RD,47TH ST  E,20,E,N,A,-,N,NA,NA,NA,NA,NA,NA,NA,NA,NA,N,4,0,2,2,A,-,03,22350,NA,N,C,C,A,A,H,-,A,D,0,NA,NA,NA,NA,Y,NA,D,22,0,0,2,0,0,0,0,0,0,-,-,34.52177810668945,-118.04503631591795,LOS ANGELES,UNINCORPORATED,-118.0451431274414,34.521793365478516
94440089,2024,2024-10-22,9530,2024-10-10,1720,023030,NA,4,2,9,1900,0,3,5,NA,2,001,NADEAU AVE.,ALAMEDA ST.,0,NA,Y,A,-,N,NA,NA,NA,NA,NA,NA,NA,NA,NA,Y,4,0,1,2,A,-,09,21801,A,N,D,C,A,A,H,-,A,A,0,NA,NA,NA,NA,Y,NA,A,01,0,0,1,0,0,0,0,0,0,-,-,33.96746063232422,-118.2332000732422,LOS ANGELES,UNINCORPORATED,-118.23322296142578,33.96744918823242
94440105,2024,2024-10-22,9580,2024-10-21,1900,023836,NA,1,2,7,1942,0,1,1,NA,2,404,I-405 N/B (SAN DIEGO FWY),SEPULVEDA BLVD,2640,S,N,A,-,Y,LA,NA,405,NA,NA,38.015,H,NA,R,N,4,0,1,2,A,-,03,22350,NA,N,C,C,A,A,H,-,C,D,0,NA,NA,NA,NA,Y,NA,D,22,0,0,1,0,0,0,0,0,0,-,-,34.14012908935547,-118.47119903564452,LOS ANGELES,LOS ANGELES,-118.47107696533205,34.140140533447266
94440116,2024,2024-11-06,9580,2024-10-20,415,023607,NA,7,3,7,1942,0,1,1,NA,2,407,I-405 S/B (SAN DIEGO FWY),SHERMAN WAY,1584,N,N,A,-,Y,LA,NA,405,NA,NA,42.671,H,NA,L,Y,4,0,1,2,A,-,03,22350,NA,N,C,C,A,A,H,-,D,D,0,NA,NA,NA,NA,Y,NA,D,22,0,0,1,0,0,0,0,0,0,-,-,34.20539855957031,-118.47354125976564,LOS ANGELES,LOS ANGELES,-118.47348022460938,34.20539855957031
94440133,2024,2024-10-22,9535,2024-10-10,1240,019857,NA,4,1,9,1900,0,3,5,NA,2,002,UNION PACIFIC AVE.,KERN AVE.,0,NA,Y,A,-,N,NA,NA,NA,NA,NA,NA,NA,NA,NA,N,4,0,2,2,A,-,09,21802,A,N,D,C,A,A,H,-,A,A,0,NA,NA,NA,NA,Y,NA,A,07,0,0,2,0,0,0,0,0,0,-,-,34.01581954956055,-118.16768646240234,LOS ANGELES,UNINCORPORATED,-118.16770935058594,34.01579666137695
94440147,2024,2024-10-22,9580,2024-10-19,1900,023918,NA,6,2,7,1942,0,1,2,NA,2,101,US-101 S/B (VENTURA FREEWAY),COLDWATER CANYON AVE,1373,N,N,A,-,Y,LA,NA,101,NA,NA,14.141,H,NA,L,N,4,0,2,2,A,-,07,21658,A,N,B,C,A,A,H,-,B,D,0,NA,NA,NA,NA,Y,NA,A,01,0,0,2,0,0,0,0,0,0,-,-,34.15671157836914,-118.41826629638672,LOS ANGELES,LOS ANGELES,-118.41827392578124,34.15665817260742
94440177,2024,2024-10-22,9540,2024-10-12,2017,023422,NA,6,2,9,1900,0,3,5,NA,2,100,MAGIC MTN PKWY WB,MEDIA CENTER LANE,0,NA,Y,A,-,N,NA,NA,NA,NA,NA,NA,NA,NA,NA,Y,3,0,1,2,A,-,07,21658,A,N,B,C,A,A,H,-,C,A,0,NA,NA,NA,NA,Y,NA,A,01,0,1,0,0,0,0,0,0,0,-,-,34.42055130004883,-118.58821868896484,LOS ANGELES,UNINCORPORATED,-118.58827209472656,34.42048263549805
94440188,2024,2024-10-22,9530,2024-10-10,1855,023030,NA,4,2,9,1900,0,3,5,NA,2,005,REDONDO BEACH BLVD.,YUKON AVE.,15,W,N,A,-,N,NA,NA,NA,NA,NA,NA,NA,NA,NA,N,4,0,1,2,A,-,10,21950,A,F,G,B,B,A,H,-,A,A,0,Y,NA,NA,NA,Y,NA,-,99,0,0,1,0,1,0,0,0,0,-,-,33.88011932373047,-118.33531188964844,LOS ANGELES,UNINCORPORATED,-118.33525848388672,33.88007736206055
94440191,2024,2024-12-16,9535,2024-10-10,1320,023260,NA,4,1,5,1969,0,1,1,NA,2,074,I-710 (LONG BEACH FREEWAY) N/B,IMPERIAL HWY,1901,N,N,A,-,Y,LA,NA,710,NA,NA,17.369,H,NA,R,N,3,0,1,2,A,-,07,21658,A,N,B,D,A,A,H,-,A,D,0,NA,NA,Y,NA,Y,NA,A,01,0,1,0,0,0,0,0,0,1,-,-,33.93550109863281,-118.1755599975586,LOS ANGELES,SOUTH GATE,-118.17555236816406,33.935489654541016
94440201,2024,2024-10-22,9575,2024-08-20,1340,023126,NA,2,1,7,1942,0,1,3,NA,2,044,SR-134 W/B (VENTURA FREEWAY),LANKERSHIM BLVD.,1267,E,N,A,-,Y,LA,NA,134,NA,NA,0.764,H,NA,L,N,4,0,1,2,A,-,03,22350,NA,M,C,C,A,A,H,-,A,D,0,NA,NA,NA,NA,Y,NA,A,01,0,0,1,0,0,0,0,0,0,-,-,34.15333938598633,-118.3632583618164,LOS ANGELES,LOS ANGELES,-118.3632583618164,34.15337371826172
94440204,2024,2024-10-22,9545,2024-09-16,36,023381,NA,1,3,9,1900,0,1,3,NA,2,021,SR 14 NB,AVENUE J,976,N,N,A,-,Y,LA,NA,14,NA,R,68.159,H,NA,R,Y,4,0,1,1,A,-,08,22107,NA,N,B,C,A,A,H,-,D,D,0,NA,NA,NA,NA,Y,NA,D,22,0,0,1,0,0,0,0,0,0,-,-,34.69219970703125,-118.16986083984376,LOS ANGELES,UNINCORPORATED,-118.16980743408205,34.69219970703125
94440205,2024,2024-10-22,9525,2024-10-14,1430,024054,NA,1,2,6,1955,0,1,3,NA,2,071,SR-71 S/B (CHINO VALLEY FWY),W MISSION BLVD,500,S,N,A,-,Y,LA,NA,71,NA,NA,1.713,H,NA,L,N,4,0,1,2,A,-,03,22350,NA,N,C,C,A,A,H,-,A,D,0,NA,NA,NA,NA,Y,NA,A,01,0,0,1,0,0,0,0,0,0,-,-,34.05242919921875,-117.7802734375,LOS ANGELES,POMONA,-117.78017425537108,34.05250549316406
94440213,2024,2024-10-22,9540,2024-10-13,2348,023613,NA,7,3,6,1985,0,1,3,NA,1,144,SR-14 N/B (ANTELOPE VALLEY FREEWAY),VIA PRINCESSA,3205,N,N,A,-,Y,LA,NA,14,NA,R,31.525,H,NA,R,Y,4,0,1,2,A,-,03,22350,NA,N,C,C,A,A,H,-,D,D,0,NA,NA,NA,NA,Y,NA,A,01,0,0,1,0,0,0,0,0,0,-,-,34.40834045410156,-118.44680786132813,LOS ANGELES,SANTA CLARITA,-118.44688415527344,34.408363342285156
94440224,2024,2024-10-22,9580,2024-10-20,40,023725,NA,7,3,9,1900,0,1,1,NA,2,404,I-405 N/B (SAN DIEGO FWY) TO US-101 (VENTURA FWY),US-101 (VENTURA FWY),2500,S,N,A,-,Y,LA,NA,405,NA,NA,38.793,H,NA,R,N,3,0,2,1,A,-,01,23152,A,N,E,I,A,A,H,-,D,D,0,NA,NA,NA,NA,Y,Y,A,01,0,1,1,0,0,0,0,0,0,-,-,34.1510009765625,-118.4680633544922,LOS ANGELES,UNINCORPORATED,-118.46811676025392,34.15100860595703
94440225,2024,2024-10-22,9565,2024-10-10,2200,023757,NA,4,3,7,1942,0,1,1,NA,2,061,I-405 S/B (SAN DIEGO FWY),LA TIJERA BLVD,1200,N,N,A,-,Y,LA,NA,405,NA,NA,24.516,H,NA,L,N,3,0,1,2,A,-,03,22350,NA,N,C,C,A,A,H,-,D,D,0,NA,NA,NA,NA,Y,NA,A,07,0,1,0,0,0,0,0,0,0,-,-,33.97365188598633,-118.38155364990234,LOS ANGELES,LOS ANGELES,-118.38150024414064,33.97371292114258
94440230,2024,2024-10-22,9580,2024-10-19,2200,023707,NA,6,3,7,1942,0,1,3,NA,2,171,SR-170 S/B (HOLLYWOOD FWY.),ROSCOE BLVD,200,N,N,A,-,Y,LA,NA,170,NA,R,20.05,H,NA,L,N,3,0,1,1,A,-,01,23152,A,N,B,I,A,A,H,-,C,D,0,NA,NA,NA,NA,Y,Y,A,01,0,1,0,0,0,0,0,0,0,-,-,34.226200103759766,-118.41104888916016,LOS ANGELES,LOS ANGELES,-118.41109466552734,34.22620391845703
94440243,2024,2024-10-22,9565,2024-10-10,1955,023620,NA,4,2,9,1900,0,1,1,NA,2,063,I-405 S/B,OHIO AVE,180,N,N,A,-,Y,LA,NA,405,NA,NA,31.093,H,NA,L,N,3,0,1,2,A,-,03,22350,NA,N,C,C,A,A,H,-,C,D,0,NA,NA,NA,NA,Y,NA,A,07,0,1,0,0,0,0,0,0,0,-,-,34.04970169067383,-118.44886779785156,LOS ANGELES,UNINCORPORATED,-118.44883728027344,34.04970932006836
94440259,2024,2024-10-22,9575,2024-09-24,1445,020711,NA,2,2,7,1942,0,1,3,NA,2,041,SR-134 W/B (VENTURA FREEWAY),ARBOR DELL RD,1584,W,N,A,-,Y,LA,NA,134,NA,R,10.714,H,NA,L,Y,4,0,1,1,A,-,01,23152,F,M,E,I,A,A,H,-,A,D,0,NA,NA,NA,NA,Y,NA,A,01,0,0,1,0,0,0,0,0,0,-,-,34.14809036254883,-118.19660949707033,LOS ANGELES,LOS ANGELES,-118.19664001464844,34.14799880981445
94440318,2024,2024-10-22,9580,2024-10-13,2245,023749,NA,7,3,7,1942,0,1,1,NA,2,404,I-405 N/B (SAN DIEGO FWY),VENTURA BLVD,2112,S,N,A,-,Y,LA,NA,405,NA,NA,38.601,H,NA,R,Y,4,0,2,2,A,-,01,23152,A,N,D,2,A,A,H,-,D,D,0,NA,NA,NA,NA,Y,Y,A,01,0,0,2,0,0,0,0,0,0,-,-,34.14834976196289,-118.46916961669922,LOS ANGELES,LOS ANGELES,-118.46926879882813,34.14838790893555
94440329,2024,2024-10-22,9565,2024-10-10,1910,023741,NA,4,2,9,1900,0,1,1,NA,2,060,I-405 S/B,I-105,250,S,N,A,-,Y,LA,NA,405,NA,R,20.912,H,NA,L,N,4,0,1,2,A,-,03,22350,NA,N,C,C,A,A,H,-,D,D,0,NA,NA,NA,NA,Y,NA,A,01,0,0,1,0,0,0,0,0,0,-,-,33.926231384277344,-118.36862182617188,LOS ANGELES,UNINCORPORATED,-118.36853790283205,33.92622756958008
94440359,2024,2024-10-22,9575,2024-09-28,54,022939,NA,6,3,6,1953,0,1,1,NA,2,064,I-210 W/B (FOOTHILL FREEWAY),WILSON AVENUE,500,E,N,A,-,Y,LA,NA,210,NA,R,26.692,H,NA,L,Y,4,0,1,1,A,-,01,23152,A,N,E,8,A,A,H,-,C,D,0,NA,NA,NA,NA,Y,Y,A,07,0,0,1,0,0,0,0,0,0,-,-,34.152278900146484,-118.12603759765624,LOS ANGELES,PASADENA,-118.1260223388672,34.15214157104492
94440381,2024,2024-10-22,9565,2024-10-10,1835,023757,NA,4,2,5,1928,0,1,1,NA,2,012,I-105 E/B (CENTURY FWY),PRAIRIE AVE.,230,W,N,A,-,Y,LA,NA,105,NA,R,3.571,H,NA,R,Y,3,0,1,2,A,-,07,21658,A,N,B,C,A,A,H,-,A,D,0,NA,NA,Y,NA,Y,NA,A,07,0,1,0,0,0,0,0,0,1,-,-,33.93037033081055,-118.34465789794922,LOS ANGELES,HAWTHORNE,-118.34468841552734,33.93034362792969
94440388,2024,2024-10-22,9550,2024-10-11,714,018187,NA,5,1,9,1900,0,2,4,NA,1,022,LEFFINGWELL RD,SCOTT AVE,0,NA,Y,E,-,N,NA,NA,NA,NA,NA,NA,NA,NA,NA,N,4,0,1,2,A,-,10,21950,A,N,G,B,B,B,H,-,B,A,0,Y,NA,NA,NA,Y,NA,A,01,0,0,1,0,1,0,0,0,0,-,-,33.92940139770508,-118.00074768066406,LOS ANGELES,UNINCORPORATED,-118.00087738037108,33.92920684814453
94440390,2024,2024-10-22,9590,2024-10-13,1555,023701,NA,7,2,7,1942,0,1,1,NA,2,081,I-5 S/B (GOLDEN STATE FREEWAY),LOS ANGELES RIVER,343,N,N,A,-,Y,LA,NA,10,NA,NA,18.035,H,NA,L,N,3,0,3,2,A,-,03,22350,NA,N,C,C,A,A,H,-,A,D,0,NA,NA,NA,NA,Y,NA,A,01,0,1,2,0,0,0,0,0,0,-,-,34.029930114746094,-118.22440338134766,LOS ANGELES,LOS ANGELES,-118.22437286376952,34.0298957824707
94440407,2024,2024-10-22,9565,2024-10-10,1640,022219,NA,4,2,4,1918,0,1,1,NA,2,061,I-405 N/B (SAN DIEGO FREEWAY),VENICE BLVD,1000,S,N,A,-,Y,LA,NA,405,NA,NA,27.762,H,NA,R,N,3,0,1,2,A,-,03,22350,NA,N,C,C,A,A,H,-,A,D,0,NA,NA,NA,NA,Y,NA,A,01,0,1,0,0,0,0,0,0,0,-,-,34.009849548339844,-118.41639709472656,LOS ANGELES,CULVER CITY,-118.41643524169922,34.009830474853516
94440422,2024,2024-10-22,9530,2024-09-10,1400,023652,NA,2,2,7,1942,0,1,3,NA,1,470,SR-47 N/B (VINCENT THOMAS BRIDGE),FERRY ST.,405,S,N,A,-,Y,NA,NA,NA,NA,NA,NA,NA,NA,NA,Y,3,0,1,1,A,-,03,22350,NA,N,F,I,A,A,H,-,A,D,0,NA,NA,NA,Y,Y,NA,G,27,0,1,0,0,0,0,0,0,0,-,-,33.750099182128906,-118.25846862792967,LOS ANGELES,LOS ANGELES,-118.26437377929688,33.74864196777344
94440431,2024,2024-10-22,9530,2024-09-10,1745,021709,NA,2,2,7,1942,0,1,1,NA,2,111,I-110 N/B (HARBOR FREEWAY),I-105 E/B (GLENN ANDERSON FWY),50,N,N,A,-,Y,LA,NA,110,NA,NA,13.853,H,NA,R,Y,4,0,1,2,A,-,03,22350,NA,N,C,C,A,A,H,-,A,D,0,NA,NA,NA,NA,Y,NA,A,01,0,0,1,0,0,0,0,0,0,-,-,33.929229736328125,-118.28054809570313,LOS ANGELES,LOS ANGELES,-118.28041839599608,33.92920684814453
94440464,2024,2024-10-22,9545,2024-08-16,2138,023224,NA,5,2,9,1900,0,3,5,NA,2,004,140TH STREET EAST,AVENUE J,0,NA,Y,A,-,N,NA,NA,NA,NA,NA,NA,NA,NA,NA,Y,1,1,1,2,A,-,12,22450,A,N,D,C,A,A,H,-,C,A,0,NA,NA,NA,Y,Y,NA,A,07,0,1,0,0,0,0,0,0,0,-,-,34.690208435058594,-117.88069915771484,LOS ANGELES,UNINCORPORATED,-117.88070678710938,34.69013977050781
94440491,2024,2024-10-22,9525,2024-10-21,1605,019966,NA,1,2,5,1990,0,1,3,NA,2,571,SR-57 S/B (ORANGE FWY),SUNSET CROSSING RD.,3100,N,N,A,-,Y,LA,NA,57,NA,NA,5.598,H,NA,L,N,4,0,1,2,A,-,03,22350,NA,N,C,C,A,A,H,-,A,D,0,NA,NA,NA,NA,Y,NA,D,22,0,0,1,0,0,0,0,0,0,-,-,34.036651611328125,-117.80651092529295,LOS ANGELES,DIAMOND BAR,-117.80646514892578,34.036624908447266