CASE_ID,ACCIDENT_YEAR,PROC_DATE,JURIS,COLLISION_DATE,COLLISION_TIME,OFFICER_ID,REPORTING_DISTRICT,DAY_OF_WEEK,CHP_SHIFT,POPULATION,CNTY_CITY_LOC,SPECIAL_COND,BEAT_TYPE,CHP_BEAT_TYPE,CITY_DIVISION_LAPD,CHP_BEAT_CLASS,BEAT_NUMBER,PRIMARY_RD,SECONDARY_RD,DISTANCE,DIRECTION,INTERSECTION,WEATHER_1,WEATHER_2,STATE_HWY_IND,CALTRANS_COUNTY,CALTRANS_DISTRICT,STATE_ROUTE,ROUTE_SUFFIX,POSTMILE_PREFIX,POSTMILE,LOCATION_TYPE,RAMP_INTERSECTION,SIDE_OF_HWY,TOW_AWAY,COLLISION_SEVERITY,NUMBER_KILLED,NUMBER_INJURED,PARTY_COUNT,PRIMARY_COLL_FACTOR,PCF_CODE_OF_VIOL,PCF_VIOL_CATEGORY,PCF_VIOLATION,PCF_VIOL_SUBSECTION,HIT_AND_RUN,TYPE_OF_COLLISION,MVIW,PED_ACTION,ROAD_SURFACE,ROAD_COND_1,ROAD_COND_2,LIGHTING,CONTROL_DEVICE,CHP_ROAD_TYPE,PEDESTRIAN_ACCIDENT,BICYCLE_ACCIDENT,MOTORCYCLE_ACCIDENT,TRUCK_ACCIDENT,NOT_PRIVATE_PROPERTY,ALCOHOL_INVOLVED,STWD_VEHTYPE_AT_FAULT,CHP_VEHTYPE_AT_FAULT,COUNT_SEVERE_INJ,COUNT_VISIBLE_INJ,COUNT_COMPLAINT_PAIN,COUNT_PED_KILLED,COUNT_PED_INJURED,COUNT_BICYCLIST_KILLED,COUNT_BICYCLIST_INJURED,COUNT_MC_KILLED,COUNT_MC_INJURED,PRIMARY_RAMP,SECONDARY_RAMP,LATITUDE,LONGITUDE,COUNTY,CITY,POINT_X,POINT_Y
9444260,2022,2022-05-26,1900,2022-04-14,2009,656370,1134,4,5,6,1992,0,0,0,NA,0,11T1,AVENUE K,SIERRA HWY,255,E,N,A,-,N,NA,NA,NA,NA,NA,NA,NA,NA,NA,Y,4,0,2,3,A,-,03,22350,NA,N,C,C,A,A,H,-,C,D,0,NA,NA,NA,NA,Y,NA,A,01,0,0,2,0,0,0,0,0,0,-,-,NA,NA,LOS ANGELES,LANCASTER,-118.1321029663086,34.674983978271484
94442627,2024,2024-10-23,9590,2024-10-21,1523,022690,NA,1,2,7,1942,0,1,3,NA,2,031,SR-60 W/B (POF) TO US-101 N/B (SAF),MARRIETA ST,350,E,N,A,-,Y,LA,NA,60,NA,R,0.787,H,NA,L,Y,4,0,1,1,C,-,18,NA,NA,N,H,A,A,A,H,-,A,D,0,NA,NA,NA,NA,Y,NA,-,-,0,0,1,0,0,0,0,0,0,-,-,34.02927017211914,-118.2117919921875,LOS ANGELES,LOS ANGELES,-118.21183776855467,34.0291633605957
94442628,2024,2024-10-23,9525,2024-10-21,1740,022546,NA,1,2,5,1906,0,1,1,NA,2,103,I-10 W/B (SAN BERNARDINO FWY),FRAIZER ST,1056,E,N,A,-,Y,LA,NA,10,NA,NA,31.932,H,NA,L,Y,4,0,1,3,A,-,03,22350,NA,N,C,2,A,A,H,-,A,D,0,NA,NA,NA,NA,Y,NA,D,22,0,0,1,0,0,0,0,0,0,-,-,34.06707000732422,-117.98648834228516,LOS ANGELES,BALDWIN PARK,-117.98647308349608,34.066986083984375
94442636,2024,2024-10-23,9525,2024-10-21,1745,020632,NA,1,2,5,1990,0,1,3,NA,2,602,SR-60 E/B (POMONA FWY),FAIRWAY DR.,0.4,E,N,A,-,Y,LA,NA,60,NA,R,21.853,H,NA,R,N,4,0,1,2,A,-,07,21658,A,N,C,C,A,A,H,-,A,D,0,NA,NA,NA,NA,Y,NA,A,07,0,0,1,0,0,0,0,0,0,-,-,33.99721908569336,-117.86409759521484,LOS ANGELES,DIAMOND BAR,-117.86408996582033,33.9971923828125
94442638,2024,2024-10-23,9530,2024-10-13,105,023038,NA,7,3,9,1900,0,3,5,NA,2,002,WILLOWBROOK AVE. (11690 BLOCK),I-105 E/B (GLENN ANDERSON FWY),240,S,N,A,-,N,NA,NA,NA,NA,NA,NA,NA,NA,NA,Y,2,0,2,1,A,-,08,22107,NA,N,E,I,A,A,H,-,C,D,0,NA,NA,NA,NA,Y,NA,A,01,1,0,1,0,0,0,0,0,0,-,-,33.927330017089844,-118.2375030517578,LOS ANGELES,UNINCORPORATED,-118.23762512207033,33.9274787902832
94442648,2024,2024-10-23,9575,2024-10-17,1437,021538,NA,4,2,7,1942,0,1,3,NA,2,043,SR-134 E/B (VENTURA FREEWAY),FOREST LAWN DR.,360,E,N,B,-,Y,LA,NA,134,NA,NA,3.892,H,NA,R,N,4,0,1,2,A,-,03,22350,NA,N,C,C,A,A,H,-,A,D,0,NA,NA,NA,NA,Y,NA,A,01,0,0,1,0,0,0,0,0,0,-,-,34.155189514160156,-118.30970001220705,LOS ANGELES,LOS ANGELES,-118.30968475341795,34.15514373779297
9444265,2022,2022-05-23,1900,2022-04-15,1601,656370,1125,5,5,6,1992,0,0,0,NA,0,111T1,KETTERING ST,KERRICK ST,0,NA,Y,A,-,N,NA,NA,NA,NA,NA,NA,NA,NA,NA,Y,4,0,2,2,A,-,08,22107,NA,N,A,C,A,A,H,-,A,D,0,NA,NA,NA,NA,Y,NA,A,01,0,0,2,0,0,0,0,0,0,-,-,NA,NA,LOS ANGELES,LANCASTER,-118.15460205078124,34.69866180419922
94442651,2024,2024-10-23,9530,2024-10-13,122,023688,NA,7,3,9,1900,0,3,5,NA,2,001,90TH ST.,COMPTON AVE.,0,NA,Y,A,-,N,NA,NA,NA,NA,NA,NA,NA,NA,NA,Y,4,0,1,1,A,-,08,22107,NA,N,E,I,A,A,H,-,C,A,0,NA,NA,NA,NA,Y,NA,A,01,0,0,1,0,0,0,0,0,0,-,-,33.9552116394043,-118.24735260009766,LOS ANGELES,UNINCORPORATED,-118.24740600585938,33.95520782470703
9444266,2022,2022-05-23,1900,2022-04-16,1212,652882,1134,6,5,6,1992,0,0,0,NA,0,112T2,AV K,5TH ST EAST,0,NA,Y,A,-,N,NA,NA,NA,NA,NA,NA,NA,NA,NA,Y,4,0,1,2,A,-,09,21801,A,N,D,C,A,A,H,-,A,A,0,NA,NA,NA,NA,Y,NA,A,01,0,0,1,0,0,0,0,0,0,-,-,NA,NA,LOS ANGELES,LANCASTER,-118.12127685546876,34.67500305175781
9444267,2022,2022-05-24,1900,2022-04-20,1729,656370,1128,3,5,6,1992,0,0,0,NA,0,111T1,70TH ST WEST,AV G,0,NA,Y,A,-,N,NA,NA,NA,NA,NA,NA,NA,NA,NA,Y,3,0,3,2,A,-,09,21802,A,N,B,C,A,A,H,-,A,D,0,NA,NA,NA,NA,Y,NA,A,01,0,3,0,0,0,0,0,0,0,-,-,NA,NA,LOS ANGELES,LANCASTER,-118.25489807128906,34.73299026489258
9444272,2022,2022-05-24,1928,2022-04-21,0633,50431,518,4,5,5,1928,0,0,0,NA,0,503,PRAIRIE AV,134TH ST,53,N,N,-,-,N,NA,NA,NA,NA,NA,NA,NA,NA,NA,NA,3,0,2,2,A,-,12,22450,A,N,D,C,A,A,H,-,A,D,0,NA,NA,NA,NA,Y,NA,A,01,0,1,1,0,0,0,0,0,0,-,-,33.91088104248047,-118.34398651123048,LOS ANGELES,HAWTHORNE,-118.3438720703125,33.91099548339844
9444273,2022,2022-05-24,1928,2022-04-21,0824,50384,522,4,5,5,1928,0,0,0,NA,0,503,MARINE AV,CORDARY AV,0,NA,Y,A,-,N,NA,NA,NA,NA,NA,NA,NA,NA,NA,NA,4,0,5,2,A,-,03,22350,NA,M,C,C,A,A,H,-,A,A,0,NA,NA,NA,NA,Y,NA,-,NA,0,0,5,0,0,0,0,0,0,-,-,33.8946418762207,-118.34136962890624,LOS ANGELES,HAWTHORNE,-118.34136962890624,33.89478302001953
94442738,2024,2024-10-23,9530,2024-08-25,5,023382,NA,7,3,7,1941,0,1,1,NA,2,071,I-710 S/B TO DEL AMO BLVD.,DEL AMO BLVD.,245,N,N,A,-,Y,NA,NA,NA,NA,NA,NA,NA,NA,NA,Y,4,0,1,1,A,-,01,23152,A,N,F,A,A,A,H,-,C,D,0,NA,NA,NA,NA,Y,Y,A,01,0,0,1,0,0,0,0,0,0,-,-,33.84859848022461,-118.20587921142578,LOS ANGELES,LONG BEACH,-118.2055435180664,33.84724044799805
9444274,2022,2022-05-24,1942,2022-04-29,2350,41396,0939,5,5,7,1942,0,0,0,I,0,26T54,CHANDLER BL,LEGHORN AV,10,W,N,A,-,N,NA,NA,NA,NA,NA,NA,NA,NA,NA,N,2,0,1,2,A,-,12,21453,A,F,D,G,A,A,H,-,C,A,0,NA,Y,NA,NA,Y,NA,L,04,1,0,0,0,0,0,1,0,0,-,-,NA,NA,LOS ANGELES,LOS ANGELES,-118.41595458984376,34.16828155517578
9444275,2022,2022-05-25,1942,2022-04-29,2350,39389,1512,5,5,7,1942,0,0,0,O,0,15A21,COLDWATER CYN,BASSETT ST,0,N,N,A,-,N,NA,NA,NA,NA,NA,NA,NA,NA,NA,Y,3,0,3,3,A,-,03,22350,NA,F,C,C,E,A,H,-,C,D,0,Y,NA,NA,NA,Y,NA,A,01,0,3,0,0,1,0,0,0,0,-,-,NA,NA,LOS ANGELES,LOS ANGELES,-118.41380310058594,34.195796966552734
9444276,2022,2022-05-24,1942,2022-04-24,2345,44429,1751,7,5,7,1942,0,0,0,Q,0,17A23,TOPANGA CANYON,LASSEN ST,0,NA,Y,A,-,N,NA,NA,NA,NA,NA,NA,NA,NA,NA,N,2,0,1,2,A,-,03,22350,NA,F,C,G,A,A,H,-,C,A,0,NA,Y,NA,NA,Y,NA,-,99,1,0,0,0,0,0,1,0,0,-,-,NA,NA,LOS ANGELES,LOS ANGELES,-118.60604095458984,34.249969482421875
94442814,2024,2024-10-23,9530,2024-09-30,1230,023843,NA,1,1,9,1900,0,3,5,NA,2,001,FLORENCE AVENUE,SEVILLE AVENUE,50,E,N,A,-,N,NA,NA,NA,NA,NA,NA,NA,NA,NA,N,2,0,1,2,A,-,08,22107,NA,F,B,C,A,A,H,-,A,A,0,NA,NA,Y,NA,Y,NA,-,99,1,0,0,0,0,0,0,0,1,-,-,33.97386169433594,-118.22226715087892,LOS ANGELES,UNINCORPORATED,-118.22225952148438,33.973899841308594
94442851,2024,2024-10-23,9550,2024-09-15,1732,022167,NA,7,2,4,1936,0,1,1,NA,2,501,I-5 S/B,ARTESIA BOULEVARD,845,N,N,A,-,Y,LA,NA,5,NA,NA,0.058,H,NA,L,Y,3,0,1,2,A,-,08,22107,NA,F,B,C,A,A,H,-,A,D,0,NA,NA,Y,NA,Y,NA,C,02,0,1,0,0,0,0,0,0,1,-,-,33.87506866455078,-118.0123291015625,LOS ANGELES,LA MIRADA,-118.01228332519533,33.875125885009766
94442853,2024,2024-10-23,9590,2024-10-16,1900,024044,NA,3,2,7,1942,0,1,2,NA,2,071,US-101 S/B (SANTA ANA FREEWAY),ALAMEDA ST,300,S,N,B,-,Y,LA,NA,101,NA,NA,0.683,H,NA,L,N,4,0,1,2,A,-,03,22350,NA,N,C,C,A,A,H,-,D,D,0,NA,NA,NA,NA,Y,NA,A,01,0,0,1,0,0,0,0,0,0,-,-,34.053768157958984,-118.23680877685548,LOS ANGELES,LOS ANGELES,-118.23680877685548,34.05376434326172
94442885,2024,2024-10-23,9575,2024-10-13,1940,024027,NA,7,2,9,1900,0,1,3,NA,2,300,SR-2 (ANGELES CREST HIGHWAY),MPM 29.55,40,W,N,A,-,Y,LA,NA,2,NA,NA,29.514,H,NA,R,Y,4,0,1,1,A,-,08,22107,NA,N,E,I,A,A,H,-,D,D,0,NA,NA,NA,NA,Y,NA,A,01,0,0,1,0,0,0,0,0,0,-,-,34.2518310546875,-118.19696044921876,LOS ANGELES,UNINCORPORATED,-118.19695281982422,34.251853942871094
94442887,2024,2024-10-23,9530,2024-10-11,1446,023580,NA,5,2,5,1956,0,1,1,NA,2,400,I-405 N/B (SAN DIEGO FREEWAY),MANHATTAN BEACH BLVD.,300,S,N,A,-,Y,LA,NA,405,NA,NA,17.807,H,NA,R,Y,4,0,1,3,A,-,03,22350,NA,N,C,C,A,A,H,-,A,D,0,NA,NA,NA,NA,Y,NA,A,08,0,0,1,0,0,0,0,0,0,-,-,33.88669967651367,-118.35533905029295,LOS ANGELES,REDONDO BEACH,-118.35528564453124,33.886749267578125
94442890,2024,2025-02-10,9535,2024-10-11,2030,023462,NA,5,2,9,1900,0,2,4,NA,2,024,WHITTIER BLVD,EASTERN AVE,0,NA,Y,A,-,N,NA,NA,NA,NA,NA,NA,NA,NA,NA,N,4,0,1,2,A,-,09,21801,A,N,A,C,A,A,H,-,C,A,0,NA,NA,NA,NA,Y,NA,A,01,0,0,1,0,0,0,0,0,0,-,-,34.023868560791016,-118.17388916015624,LOS ANGELES,UNINCORPORATED,-118.17395782470705,34.02392578125
94442893,2024,2024-10-23,9530,2024-10-01,2015,024092,NA,2,2,7,1942,0,1,1,NA,2,110,I-110 S/B (HARBOR FREEWAY),ROSECRANS AVE.,150,S,N,A,-,Y,LA,NA,110,NA,NA,11.924,H,NA,L,Y,4,0,1,1,A,-,08,22107,NA,N,E,I,A,A,H,-,C,D,0,NA,NA,NA,NA,Y,NA,A,01,0,0,1,0,0,0,0,0,0,-,-,33.90243148803711,-118.28675842285156,LOS ANGELES,LOS ANGELES,-118.2867431640625,33.90243148803711
94442904,2024,2024-10-23,9530,2024-10-01,2115,022531,NA,2,2,9,1900,0,3,5,NA,2,004,ALAMEDA ST. (19500 BLOCK),VIA INDUSTRIA WAY,1450,N,N,A,-,N,NA,NA,NA,NA,NA,NA,NA,NA,NA,Y,2,0,1,1,A,-,08,22107,NA,N,E,I,A,A,H,-,C,D,0,NA,NA,NA,NA,Y,NA,A,01,1,0,0,0,0,0,0,0,0,-,-,33.853858947753906,-118.217529296875,LOS ANGELES,UNINCORPORATED,NA,NA
94442924,2024,2024-10-23,9575,2024-10-17,1745,023126,NA,4,2,7,1942,0,1,1,NA,2,052,I-5 N/B (GOLDEN STATE FREEWAY),HOLLYWOOD WAY,1003,S,N,A,-,Y,LA,NA,5,NA,NA,32.16,H,NA,R,N,4,0,1,2,A,-,03,22350,NA,N,C,C,A,A,H,-,A,D,0,NA,NA,NA,NA,Y,NA,A,01,0,0,1,0,0,0,0,0,0,-,-,34.21012878417969,-118.34604644775392,LOS ANGELES,LOS ANGELES,-118.3459930419922,34.210174560546875
94442958,2024,2024-10-23,9530,2024-10-03,2146,024076,NA,4,2,7,1942,0,1,1,NA,2,400,I-405 N/B (SAN DIEGO FREEWAY),NORMANDIE AVENUE,530,S,N,A,-,Y,LA,NA,405,NA,NA,13.564,H,NA,R,Y,4,0,1,2,A,-,03,22350,NA,N,C,C,A,A,H,-,C,D,0,NA,NA,NA,NA,Y,NA,A,01,0,0,1,0,0,0,0,0,0,-,-,33.86008071899414,-118.29425811767578,LOS ANGELES,LOS ANGELES,-118.29425811767578,33.859920501708984
94442979,2024,2024-10-23,9575,2024-10-14,650,022503,NA,1,1,7,1942,0,1,1,NA,2,052,I-5 S/B (GOLDEN STATE FREEWAY) TO PENROSE ST.,PENROSE ST.,308,S,N,B,-,Y,NA,NA,NA,NA,NA,NA,NA,NA,NA,Y,3,0,2,2,A,-,03,22350,NA,N,E,8,A,A,H,-,A,A,0,NA,NA,NA,Y,Y,NA,A,07,0,2,0,0,0,0,0,0,0,-,-,34.225250244140625,-118.37516021728516,LOS ANGELES,LOS ANGELES,-118.37638854980467,34.226341247558594
94442996,2024,2024-10-23,9535,2024-10-11,1620,023448,NA,5,2,5,1952,0,1,1,NA,2,074,I-710 (LONG BEACH FREEWAY) N/B,ROSECRANS AVE,1637,S,N,A,-,Y,LA,NA,710,NA,NA,14.645,H,NA,R,Y,4,0,1,2,A,-,07,21658,A,N,B,C,A,A,H,-,A,D,0,NA,NA,NA,Y,Y,NA,F,26,0,0,1,0,0,0,0,0,0,-,-,33.899139404296875,-118.18698120117188,LOS ANGELES,PARAMOUNT,-118.18695831298828,33.89913558959961
94443015,2024,2024-10-23,9530,2024-10-07,210,023562,NA,1,3,7,1941,0,1,1,NA,2,071,I-710 N/B (LONG BEACH FREEWAY),DEL AMO BLVD.,850,S,N,A,-,Y,LA,NA,710,NA,NA,10.678,H,NA,R,Y,4,0,1,1,A,-,01,23152,A,M,E,I,A,A,H,-,C,D,0,NA,NA,NA,NA,Y,Y,A,01,0,0,1,0,0,0,0,0,0,-,-,33.84442901611328,-118.20578002929688,LOS ANGELES,LONG BEACH,-118.20587921142578,33.84444808959961
94443031,2024,2024-10-23,9575,2024-10-02,330,022084,NA,3,3,6,1925,0,1,3,NA,2,090,SR-2 E/B (GLENDALE FREEWAY),CHEVY CHASE DR,1800,E,N,A,-,Y,LA,NA,2,NA,R,19.674,H,NA,R,Y,4,0,1,1,C,-,18,NA,NA,N,F,A,A,A,C,-,D,D,0,NA,NA,NA,NA,Y,NA,-,-,0,0,1,0,0,0,0,0,0,-,-,34.15890121459961,-118.22509002685548,LOS ANGELES,GLENDALE,-118.22502136230467,34.15891647338867
94443035,2024,2024-10-23,9525,2024-10-15,819,019291,NA,2,1,6,1955,0,1,3,NA,2,605,SR-60 W/B (POMONA FWY),SR-71 N/B (CHINO VALLEY FWY),1584,E,N,A,-,Y,LA,NA,60,NA,R,30.022,H,NA,L,N,4,0,1,2,A,-,07,21658,A,M,B,C,A,A,H,-,A,D,0,NA,NA,NA,NA,Y,NA,-,99,0,0,1,0,0,0,0,0,0,-,-,34.025001525878906,-117.737060546875,LOS ANGELES,POMONA,-117.73705291748048,34.02494430541992
94443046,2024,2024-10-23,9575,2024-10-07,1412,023072,NA,1,2,3,1991,0,1,1,NA,2,063,I-210 W/B TO LA CRESCENTA AVENUE,LA CRESCENTA AVENUE,29,E,N,A,-,Y,NA,NA,NA,NA,NA,NA,NA,NA,NA,N,4,0,1,2,A,-,03,22350,NA,M,C,C,A,A,H,-,A,D,0,NA,NA,NA,NA,Y,NA,-,99,0,0,1,0,0,0,0,0,0,-,-,34.21921920776367,-118.23975372314452,LOS ANGELES,LA CANADA-FLINTRIDGE,-118.23989105224608,34.21879959106445
94443051,2024,2024-10-23,9565,2024-10-14,1835,023555,NA,1,2,7,1942,0,1,1,NA,2,083,I-10 E/B (SANTA MONICA FREEWAY),LA CIENEGA BLVD,100,W,N,A,-,Y,LA,NA,10,NA,R,8.724,H,NA,R,N,3,0,1,2,A,-,08,22107,NA,N,B,C,A,A,H,-,C,D,0,NA,NA,Y,NA,Y,NA,A,01,0,1,0,0,0,0,0,0,1,-,-,34.03683090209961,-118.37972259521484,LOS ANGELES,LOS ANGELES,-118.37971496582033,34.03679656982422
94443057,2024,2024-10-23,9590,2024-10-21,1000,019134,NA,1,1,7,1942,0,1,1,NA,2,012,SR-110 N/B (ARROYO SECO PARKWAY),VIA MARISOL,210,S,N,B,-,Y,LA,NA,110,NA,NA,28.329,H,NA,R,Y,4,0,1,1,A,-,08,22107,NA,N,E,I,A,A,H,-,A,D,0,NA,NA,NA,NA,Y,NA,A,01,0,0,1,0,0,0,0,0,0,-,-,34.103519439697266,-118.19161224365234,LOS ANGELES,LOS ANGELES,-118.19163513183594,34.10354232788086
94443058,2024,2024-10-23,9550,2024-10-14,1520,022769,NA,1,2,9,1900,0,1,3,NA,2,601,SR-60 WB,AZUSA AVE.,1320,E,N,A,-,Y,LA,NA,60,NA,NA,18.768,H,NA,L,Y,4,0,1,3,A,-,03,22350,NA,N,C,C,A,A,H,-,A,D,0,NA,NA,NA,Y,Y,NA,G,25,0,0,1,0,0,0,0,0,0,-,-,33.995338439941406,-117.91748046875,LOS ANGELES,UNINCORPORATED,-117.91748046875,33.99531936645508
94443074,2024,2024-10-23,9565,2024-10-14,1513,023660,NA,1,2,7,1942,0,1,1,NA,2,064,I-405 N/B (SAN DIEGO FWY),MORAGA DRIVE,792,N,N,A,-,Y,LA,NA,405,NA,NA,33.525,H,NA,R,N,3,0,3,2,A,-,03,22350,NA,N,C,C,A,A,H,-,A,D,0,NA,NA,Y,NA,Y,NA,C,03,0,2,1,0,0,0,0,0,1,-,-,34.07918930053711,-118.47174835205078,LOS ANGELES,LOS ANGELES,-118.47171783447266,34.07921600341797
94443078,2024,2024-10-23,9530,2024-10-09,1450,022986,NA,3,2,9,1900,0,3,5,NA,2,001,GAGE AVE (1800 BLOCK),WILMINGTON AVE,30,W,N,A,-,N,NA,NA,NA,NA,NA,NA,NA,NA,NA,N,4,0,1,2,A,-,03,22350,NA,N,C,C,A,A,H,-,A,D,0,NA,Y,NA,NA,Y,NA,M,91,0,0,1,0,0,0,1,0,0,-,-,33.982078552246094,-118.23931884765624,LOS ANGELES,UNINCORPORATED,-118.23910522460938,33.981990814208984
94443117,2024,2024-10-24,9565,2024-10-13,2130,023518,NA,7,2,7,1942,0,1,1,NA,2,062,I-405 S/B,PALMS BLVD,450,S,N,A,-,Y,LA,NA,405,NA,NA,28.415,H,NA,L,N,4,0,1,2,A,-,03,22350,NA,N,C,C,A,A,H,-,C,D,0,NA,NA,NA,NA,Y,NA,A,01,0,0,1,0,0,0,0,0,0,-,-,34.017669677734375,-118.42286682128906,LOS ANGELES,LOS ANGELES,-118.42291259765624,34.01764678955078
94443125,2024,2024-10-24,9565,2024-10-13,1445,024108,NA,7,2,7,1942,0,1,1,NA,2,063,I-405 S/B (SAN DIEGO FWY.),OLYMPIC BLVD,635,N,N,A,-,Y,LA,NA,405,NA,NA,30.322,H,NA,L,N,4,0,5,3,A,-,03,22350,NA,N,C,C,A,A,H,-,A,D,0,NA,NA,NA,NA,Y,NA,A,07,0,0,5,0,0,0,0,0,0,-,-,34.040470123291016,-118.44129180908205,LOS ANGELES,LOS ANGELES,-118.44123840332033,34.04050064086914
9444328,2022,2022-05-25,1941,2022-05-07,1215,11546,901T,6,5,7,1941,0,0,0,NA,0,NA,ATLANTIC AV,ATLANTIC PL,0,NA,-,A,-,N,NA,NA,NA,NA,NA,NA,NA,NA,NA,Y,3,0,2,2,A,-,12,22450,A,N,D,C,A,A,H,-,A,D,0,NA,NA,NA,NA,Y,NA,A,NA,0,1,1,0,0,0,0,0,0,-,-,NA,NA,LOS ANGELES,LONG BEACH,-118.18595123291016,33.879310607910156
9444329,2022,2022-05-25,1941,2022-05-10,2315,11247,NA,2,5,7,1941,0,0,0,NA,0,NA,ANAHEIM ST,ATLANTIC AV,0,NA,Y,A,-,N,NA,NA,NA,NA,NA,NA,NA,NA,NA,Y,2,0,3,2,D,-,00,NA,NA,N,D,C,A,A,H,-,C,A,0,NA,NA,NA,NA,Y,Y,-,-,1,1,1,0,0,0,0,0,0,-,-,NA,NA,LOS ANGELES,LONG BEACH,-118.1850357055664,33.78260803222656
9444330,2022,2022-05-25,1941,2022-05-06,1931,11571,NA,5,5,7,1941,0,0,0,NA,0,NA,ATLANTIC AV,EAST 3RD ST,0,NA,Y,A,-,N,NA,NA,NA,NA,NA,NA,NA,NA,NA,Y,4,0,2,2,D,-,00,NA,NA,N,D,C,A,A,H,-,A,A,0,NA,NA,NA,NA,Y,NA,-,-,0,0,2,0,0,0,0,0,0,-,-,NA,NA,LOS ANGELES,LONG BEACH,-118.1850357055664,33.770511627197266
94443494,2024,2024-10-24,9525,2024-10-21,720,019291,NA,1,1,9,1900,0,3,5,NA,2,002,MAUNA LOA AVE,BARRANCA AVE,13,E,N,A,-,N,NA,NA,NA,NA,NA,NA,NA,NA,NA,N,3,0,1,2,A,-,05,21650,NA,N,D,G,A,A,H,-,A,A,0,NA,Y,NA,NA,Y,NA,L,04,0,1,0,0,0,0,1,0,0,-,-,34.125091552734375,-117.88124847412108,LOS ANGELES,UNINCORPORATED,-117.88151550292967,34.125091552734375
94443497,2024,2024-10-24,9525,2024-10-18,2033,023414,NA,5,2,1,1934,0,1,1,NA,2,204,I-210 E/B (FOOTHILL FWY),IRWINDALE AVE,1584,W,N,A,-,Y,LA,NA,210,NA,R,37.17,H,NA,R,Y,4,0,1,1,A,-,08,22107,NA,N,E,I,A,A,H,-,C,D,0,NA,NA,Y,NA,Y,NA,C,02,0,0,1,0,0,0,0,0,1,-,-,34.130401611328125,-117.94521331787108,LOS ANGELES,IRWINDALE,-117.94525146484376,34.13032150268555
94443509,2024,2024-10-24,9530,2024-10-13,2020,023418,NA,7,2,9,1900,0,1,1,NA,2,120,I-110 N/B (HARBOR FREEWAY),228TH ST.,1056,S,N,A,-,Y,LA,NA,110,NA,NA,6.076,H,NA,R,N,4,0,1,1,A,-,08,22107,NA,N,E,I,A,A,H,-,C,D,0,NA,NA,NA,NA,Y,NA,A,01,0,0,1,0,0,0,0,0,0,-,-,33.81795120239258,-118.28736877441406,LOS ANGELES,UNINCORPORATED,-118.28720092773438,33.81795120239258
94443521,2024,2024-10-24,9530,2024-10-13,838,023738,NA,7,1,7,1942,0,1,1,NA,2,110,I-110 S/B (HARBOR FREEWAY),I-105 W/B (GLENN ANDERSON FWY),2112,N,N,A,-,Y,LA,NA,110,NA,NA,14.291,H,NA,L,N,4,0,1,2,A,-,03,22350,NA,M,C,C,A,A,H,-,A,D,0,NA,NA,NA,NA,Y,NA,-,99,0,0,1,0,0,0,0,0,0,-,-,33.935550689697266,-118.2802963256836,LOS ANGELES,LOS ANGELES,-118.28031158447266,33.935550689697266
94443522,2024,2024-10-24,9525,2024-10-09,2340,024045,NA,3,3,4,1960,0,1,3,NA,2,571,SR-57 S/B (ORANGE FWY),COVINA BLVD.,2112,N,N,A,-,Y,LA,NA,57,NA,R,9.886,H,NA,L,Y,3,0,1,2,A,-,01,23152,A,M,C,C,A,A,H,-,C,D,0,NA,NA,NA,NA,Y,Y,A,01,0,1,0,0,0,0,0,0,0,-,-,34.09346008300781,-117.81954956054688,LOS ANGELES,SAN DIMAS,-117.81961822509766,34.09346008300781
94443526,2024,2024-10-24,9530,2024-10-14,1435,023938,NA,1,2,7,1942,0,1,1,NA,2,120,I-110 N/B (HARBOR FREEWAY),HARRY BRIDGES BLVD,1426,S,N,A,-,Y,LA,NA,110,NA,NA,2.5,H,NA,R,Y,4,0,1,2,A,-,07,21658,A,F,B,C,A,A,H,-,A,D,0,NA,NA,NA,NA,Y,NA,-,99,0,0,1,0,0,0,0,0,0,-,-,33.768001556396484,-118.2814483642578,LOS ANGELES,LOS ANGELES,-118.28148651123048,33.76801300048828
9444353,2022,2022-05-25,1956,2022-05-08,1020,1379,NA,7,5,5,1956,0,0,0,NA,0,NA,ANITA ST,PAULINA AV,0,NA,Y,A,-,N,NA,NA,NA,NA,NA,NA,NA,NA,NA,N,4,0,1,2,A,-,09,21801,A,N,A,C,A,A,H,-,A,D,0,NA,NA,NA,NA,Y,NA,A,07,0,0,1,0,0,0,0,0,0,-,-,33.85546875,-118.38701629638672,LOS ANGELES,REDONDO BEACH,-118.3869400024414,33.8554801940918
94443530,2024,2024-10-24,9525,2024-10-22,1635,022609,NA,2,2,4,1905,0,1,1,NA,2,206,I-210 E/B (FOOTHILL FWY),CITRUS AVE,350,E,N,A,-,Y,LA,NA,210,NA,R,40.675,H,NA,R,N,4,0,1,2,A,-,03,22350,NA,N,C,C,A,A,H,-,A,D,0,NA,NA,NA,NA,Y,NA,D,22,0,0,1,0,0,0,0,0,0,-,-,34.12070846557617,-117.88892364501952,LOS ANGELES,AZUSA,-117.88892364501952,34.120819091796875