CASE_ID,ACCIDENT_YEAR,PROC_DATE,JURIS,COLLISION_DATE,COLLISION_TIME,OFFICER_ID,REPORTING_DISTRICT,DAY_OF_WEEK,CHP_SHIFT,POPULATION,CNTY_CITY_LOC,SPECIAL_COND,BEAT_TYPE,CHP_BEAT_TYPE,CITY_DIVISION_LAPD,CHP_BEAT_CLASS,BEAT_NUMBER,PRIMARY_RD,SECONDARY_RD,DISTANCE,DIRECTION,INTERSECTION,WEATHER_1,WEATHER_2,STATE_HWY_IND,CALTRANS_COUNTY,CALTRANS_DISTRICT,STATE_ROUTE,ROUTE_SUFFIX,POSTMILE_PREFIX,POSTMILE,LOCATION_TYPE,RAMP_INTERSECTION,SIDE_OF_HWY,TOW_AWAY,COLLISION_SEVERITY,NUMBER_KILLED,NUMBER_INJURED,PARTY_COUNT,PRIMARY_COLL_FACTOR,PCF_CODE_OF_VIOL,PCF_VIOL_CATEGORY,PCF_VIOLATION,PCF_VIOL_SUBSECTION,HIT_AND_RUN,TYPE_OF_COLLISION,MVIW,PED_ACTION,ROAD_SURFACE,ROAD_COND_1,ROAD_COND_2,LIGHTING,CONTROL_DEVICE,CHP_ROAD_TYPE,PEDESTRIAN_ACCIDENT,BICYCLE_ACCIDENT,MOTORCYCLE_ACCIDENT,TRUCK_ACCIDENT,NOT_PRIVATE_PROPERTY,ALCOHOL_INVOLVED,STWD_VEHTYPE_AT_FAULT,CHP_VEHTYPE_AT_FAULT,COUNT_SEVERE_INJ,COUNT_VISIBLE_INJ,COUNT_COMPLAINT_PAIN,COUNT_PED_KILLED,COUNT_PED_INJURED,COUNT_BICYCLIST_KILLED,COUNT_BICYCLIST_INJURED,COUNT_MC_KILLED,COUNT_MC_INJURED,PRIMARY_RAMP,SECONDARY_RAMP,LATITUDE,LONGITUDE,COUNTY,CITY,POINT_X,POINT_Y
94444268,2024,2024-10-24,9545,2024-08-19,1134,019414,NA,1,1,9,1900,0,3,5,NA,2,004,PALMDALE BOULEVARD,152ND STREET EAST,116.9,E,N,A,-,N,NA,NA,NA,NA,NA,NA,NA,NA,NA,Y,1,2,2,3,A,-,06,21751,NA,N,A,C,A,A,H,-,A,D,0,NA,NA,NA,NA,Y,NA,A,01,1,0,1,0,0,0,0,0,0,-,-,34.579959869384766,-117.85727691650392,LOS ANGELES,UNINCORPORATED,-117.85732269287108,34.57994079589844
94444285,2024,2024-10-24,9565,2024-08-21,1835,022646,NA,3,2,9,1900,0,2,4,NA,1,054,ADMIRALTY WAY,BALI WAY,325,S,N,A,-,N,NA,NA,NA,NA,NA,NA,NA,NA,NA,N,3,0,1,2,A,-,09,21801,A,N,A,C,A,A,H,-,D,D,0,NA,NA,Y,NA,Y,NA,A,01,0,1,0,0,0,0,0,0,1,-,-,33.981239318847656,-118.441162109375,LOS ANGELES,UNINCORPORATED,-118.44113159179688,33.9813232421875
94444315,2024,2024-10-24,9535,2024-10-01,2105,022142,NA,2,2,9,1900,0,1,1,NA,2,650,I-605 N/B (SAN GABRIEL RIVER FREEWAY),VALLEY BLVD.,1660,N,N,A,-,Y,LA,NA,605,NA,R,19.724,H,NA,R,Y,3,0,1,2,A,-,03,22350,NA,N,C,C,A,A,H,-,D,D,0,NA,NA,NA,NA,Y,NA,A,01,0,1,0,0,0,0,0,0,0,-,-,34.05852127075195,-118.0017318725586,LOS ANGELES,UNINCORPORATED,-118.00180816650392,34.05854797363281
94444332,2024,2024-10-24,9565,2024-10-11,1715,023925,NA,5,2,5,1928,1,4,S,NA,2,901,HAWTHORNE BOULEVARD S/B,135TH STREET,15,S,N,A,-,N,NA,NA,NA,NA,NA,NA,NA,NA,NA,N,4,0,1,2,A,-,08,22107,NA,N,B,C,A,A,H,-,A,A,0,NA,NA,NA,NA,Y,NA,-,-,0,0,1,0,0,0,0,0,0,-,-,33.909698486328125,-118.35272979736328,LOS ANGELES,HAWTHORNE,-118.3527603149414,33.90979766845703
94444339,2024,2024-10-24,9590,2024-10-14,1840,023259,NA,1,2,7,1942,0,1,1,NA,2,013,SR-110 S/B (ARROYO SECO PARKWAY),PASADENA AVE,60,N,N,A,-,Y,LA,NA,110,NA,NA,26.494,H,NA,L,N,4,0,1,5,A,-,07,21658,A,M,B,C,A,A,H,-,B,D,0,NA,NA,NA,NA,Y,NA,-,99,0,0,1,0,0,0,0,0,0,-,-,34.0865592956543,-118.21244049072266,LOS ANGELES,LOS ANGELES,-118.21244049072266,34.08656311035156
94444387,2024,2024-10-24,9550,2024-10-15,803,024048,NA,2,1,9,1900,0,3,5,NA,2,003,7TH AVENUE SOUTHBOUND,PALM AVENUE,95,S,N,A,-,N,NA,NA,NA,NA,NA,NA,NA,NA,NA,Y,4,0,1,2,A,-,08,22107,NA,N,E,I,A,A,H,-,A,D,0,NA,NA,NA,NA,Y,NA,A,01,0,0,1,0,0,0,0,0,0,-,-,34.016239166259766,-117.99009704589844,LOS ANGELES,UNINCORPORATED,-117.9900360107422,34.01628494262695
94444401,2024,2024-10-24,9550,2024-10-16,1200,022982,NA,3,1,5,1935,0,1,1,NA,2,652,I-605 S/B,DEL AMO BLVD,500,S,N,B,-,Y,LA,NA,605,NA,R,2.551,H,NA,L,Y,4,0,1,1,A,-,08,22107,NA,N,E,I,A,A,H,-,A,D,0,NA,NA,NA,NA,Y,NA,A,07,0,0,1,0,0,0,0,0,0,-,-,33.841819763183594,-118.09004974365234,LOS ANGELES,LAKEWOOD,-118.09016418457033,33.841773986816406
94444424,2024,2024-10-24,9550,2024-10-16,820,024020,NA,3,1,6,1949,0,1,1,NA,2,501,I-5 NORTHBOUND,SILVERBOW AVENUE PEDESTERIAN OVER CROSSING,1100,N,N,A,-,Y,LA,NA,5,NA,NA,4.194,H,NA,R,Y,4,0,1,3,A,-,03,22350,NA,N,C,C,A,A,H,-,A,D,0,NA,NA,NA,NA,Y,NA,D,22,0,0,1,0,0,0,0,0,0,-,-,33.910301208496094,-118.07022857666016,LOS ANGELES,NORWALK,-118.07029724121094,33.91024398803711
94444493,2024,2024-10-24,9550,2024-09-20,1655,022952,NA,5,2,9,1900,0,3,5,NA,2,002,VICTORIA AVE,TRUMBALL ST,50,S,N,A,-,N,NA,NA,NA,NA,NA,NA,NA,NA,NA,N,4,0,1,2,A,-,08,22107,NA,N,B,E,A,A,H,-,A,D,0,NA,NA,NA,NA,Y,NA,A,07,0,0,1,0,0,0,0,0,0,-,-,33.93470001220703,-118.03424072265624,LOS ANGELES,UNINCORPORATED,-118.03459167480467,33.93443298339844
94444575,2024,2024-10-24,9550,2024-10-13,1405,023895,NA,7,2,5,1919,0,1,1,NA,2,652,I-605 SB,SOUTH STREET,900,N,N,A,-,Y,LA,NA,605,NA,R,4.058,H,NA,L,Y,3,0,1,4,A,-,03,22350,NA,F,C,C,A,A,H,-,A,D,0,NA,NA,NA,NA,Y,NA,-,99,0,1,0,0,0,0,0,0,0,-,-,33.86280059814453,-118.09773254394533,LOS ANGELES,CERRITOS,-118.09773254394533,33.86280059814453
94444577,2024,2024-10-24,9535,2024-07-25,855,023286,NA,4,1,9,1900,0,1,S,NA,2,904,I-605 S/B (SAN GABRIEL RIVER FREEWAY),PECK RD,1320,N,N,A,-,Y,LA,NA,605,NA,R,16.855,H,NA,L,N,4,0,1,3,A,-,03,22350,NA,N,C,C,A,A,H,-,A,D,0,NA,NA,NA,NA,Y,NA,D,22,0,0,1,0,0,0,0,0,0,-,-,34.02899932861328,-118.03462982177734,LOS ANGELES,UNINCORPORATED,-118.03465270996094,34.02903366088867
94444586,2024,2024-10-24,9550,2024-10-14,1555,024057,NA,1,2,6,1949,0,1,1,NA,2,651,I-605 NB,EXCLESIOR DR.,225,N,N,A,-,Y,LA,NA,605,NA,R,6.51,H,NA,R,Y,3,0,1,3,A,-,03,22350,NA,N,C,C,A,A,H,-,A,A,0,NA,NA,NA,NA,Y,NA,D,22,0,1,0,0,0,0,0,0,0,-,-,33.89738082885742,-118.1047134399414,LOS ANGELES,NORWALK,-118.10470581054688,33.89738082885742
94444587,2024,2025-01-13,9590,2024-07-14,440,023232,NA,7,3,7,1942,0,1,2,NA,2,073,UNITED STATES-101 SOUTHBOUND (HOLLYWOOD FREEWAY),UNIVERSAL STUDIOS BOULEVARD,134,S,N,A,-,Y,LA,NA,101,NA,NA,9.621,H,NA,L,Y,1,1,0,1,A,-,08,22107,NA,N,E,8,A,A,H,-,C,D,0,NA,NA,NA,NA,Y,NA,A,01,0,0,0,0,0,0,0,0,0,-,-,34.13277053833008,-118.35201263427734,LOS ANGELES,LOS ANGELES,-118.35194396972656,34.132869720458984
94444608,2024,2024-10-24,9590,2024-10-11,1420,023754,NA,5,2,7,1942,0,1,2,NA,2,042,US-101 N/B (SANTA ANA FREEWAY),1ST STREET,500,S,N,A,-,Y,LA,NA,101,NA,S,0.816,H,NA,R,N,3,0,1,4,A,-,08,22107,NA,N,B,C,A,A,H,-,A,D,0,NA,NA,Y,NA,Y,NA,C,02,0,1,0,0,0,0,0,0,1,-,-,34.04595947265625,-118.22107696533205,LOS ANGELES,LOS ANGELES,-118.22109985351564,34.04595947265625
94444636,2024,2024-10-24,9530,2024-10-15,440,022585,NA,2,3,7,1941,0,1,1,NA,2,071,I-710 S/B TO LONG BEACH BLVD.,LONG BEACH BLVD.,450,N,N,B,-,Y,LA,NA,710,NA,NA,12.119,H,NA,L,Y,4,0,1,2,A,-,07,21658,A,N,B,C,A,A,H,-,C,D,0,NA,NA,NA,NA,Y,NA,A,01,0,0,1,0,0,0,0,0,0,-,-,33.86410140991211,-118.19857788085938,LOS ANGELES,LONG BEACH,-118.19849395751952,33.86406707763672
94444651,2024,2024-10-24,9550,2024-10-16,1730,022982,NA,3,2,5,1919,0,1,3,NA,2,092,SR-91 E/B,SHOEMAKER AVE,100,E,N,A,-,Y,LA,NA,91,NA,R,19.866,H,NA,R,Y,4,0,1,2,A,-,03,22350,NA,N,C,C,A,A,H,-,B,D,0,NA,NA,NA,NA,Y,NA,A,01,0,0,1,0,0,0,0,0,0,-,-,33.8692512512207,-118.05438995361328,LOS ANGELES,CERRITOS,-118.054443359375,33.86919403076172
94444657,2024,2024-10-24,9550,2024-10-16,1535,022952,NA,3,2,9,1900,0,3,5,NA,2,002,LA MIRADA BOULEVARD,LASHBURN STREET,50,S,N,B,-,N,NA,NA,NA,NA,NA,NA,NA,NA,NA,Y,4,0,1,3,A,-,08,22107,NA,N,B,E,A,A,H,-,A,D,0,NA,NA,NA,NA,Y,NA,A,01,0,0,1,0,0,0,0,0,0,-,-,33.93328857421875,-118.01190948486328,LOS ANGELES,UNINCORPORATED,-118.01171112060548,33.93326187133789
94444662,2024,2024-10-24,9550,2024-10-15,910,024082,NA,2,1,5,1919,0,1,1,NA,2,652,INTERSTATE 605 SOUTHBOUND,183RD ST,341,S,N,B,-,Y,LA,NA,605,NA,R,4.18,H,NA,L,Y,4,0,1,2,A,-,08,22107,NA,N,C,C,A,A,H,-,A,D,0,NA,NA,Y,NA,Y,NA,A,07,0,0,1,0,0,0,0,0,1,-,-,33.864559173583984,-118.09835815429688,LOS ANGELES,CERRITOS,-118.09838104248048,33.86455535888672
94444663,2024,2024-10-24,9575,2024-10-12,100,023236,NA,6,3,7,1942,0,1,1,NA,2,053,I-5 N/B (GOLDEN STATE FREEWAY),PAXTON STREET,1399,S,N,A,-,Y,LA,NA,5,NA,NA,38.793,H,NA,R,N,4,0,1,1,A,-,01,23152,A,N,E,I,A,A,H,-,C,D,0,NA,NA,NA,NA,Y,Y,A,07,0,0,1,0,0,0,0,0,0,-,-,34.25986099243164,-118.43795776367188,LOS ANGELES,LOS ANGELES,-118.43814849853516,34.259727478027344
94444672,2024,2024-10-24,9575,2024-10-17,1419,021538,NA,4,2,7,1942,0,1,3,NA,2,044,SR-134 W/B (VENTURA FREEWAY),LEDGE AVE.,90,E,N,B,-,Y,LA,NA,134,NA,NA,1.128,H,NA,L,Y,3,0,2,3,A,-,03,22350,NA,N,C,C,A,A,H,-,A,D,0,NA,NA,NA,NA,Y,NA,A,01,0,1,1,0,0,0,0,0,0,-,-,34.15306091308594,-118.3568115234375,LOS ANGELES,LOS ANGELES,-118.35680389404295,34.153099060058594
94444678,2024,2025-03-18,9550,2024-10-07,2215,023920,NA,1,3,5,1919,0,1,1,NA,2,652,I-605 N/B,SR-91 (EASTBOUND),1800,S,N,A,-,Y,LA,NA,605,NA,R,4.693,H,NA,R,Y,4,0,1,4,A,-,03,22350,NA,N,C,C,A,A,D,-,D,D,0,NA,NA,NA,NA,Y,NA,A,01,0,0,1,0,0,0,0,0,0,-,-,33.87141036987305,-118.1005401611328,LOS ANGELES,CERRITOS,-118.10057830810548,33.87139892578125
9444468,2022,2022-05-26,1942,2022-04-28,1845,43411,1215,4,5,7,1942,0,0,0,L,0,12A15,54TH ST,VERMONT AV,0,NA,Y,A,-,N,NA,NA,NA,NA,NA,NA,NA,NA,NA,N,3,0,1,2,A,-,01,23152,A,N,D,C,A,A,H,-,A,A,0,NA,NA,NA,NA,Y,NA,A,07,0,1,0,0,0,0,0,0,0,-,-,NA,NA,LOS ANGELES,LOS ANGELES,-118.29149627685548,33.99320602416992
94444680,2024,2024-10-24,9550,2024-10-17,813,017398,NA,4,1,5,1976,0,1,1,NA,2,650,INTERSTATE 605 (SAN GABRIEL RIVER FREEWAY),SARAGOSA STREET,100,S,N,B,-,Y,LA,NA,605,NA,R,12.401,H,NA,R,N,4,0,1,2,A,-,03,22350,NA,N,C,C,A,A,H,-,A,D,0,NA,NA,NA,NA,Y,NA,A,01,0,0,1,0,0,0,0,0,0,-,-,33.978511810302734,-118.07801055908205,LOS ANGELES,WHITTIER,-118.0779266357422,33.97846603393555
94444693,2024,2024-10-24,9550,2024-10-12,1435,023779,NA,6,2,9,1900,0,3,5,NA,2,001,WORKMAN MILL RD,ROSE HILLS GATE 1,75,N,N,A,-,N,NA,NA,NA,NA,NA,NA,NA,NA,NA,N,4,0,1,2,A,-,08,22107,NA,N,B,2,A,A,H,-,A,A,0,NA,NA,Y,NA,Y,NA,A,01,0,0,1,0,0,0,0,0,1,-,-,34.01728820800781,-118.04083251953124,LOS ANGELES,UNINCORPORATED,-118.04622650146484,34.01382064819336
94444701,2024,2024-10-24,9590,2024-10-17,1745,024044,NA,4,2,7,1942,0,1,1,NA,2,013,SR-110 S/B (ARROYO SECO PARKWAY),AVENUE 43,2100,N,N,A,-,Y,LA,NA,110,NA,NA,27.531,H,NA,L,Y,3,0,1,1,A,-,01,23152,A,N,E,8,A,A,H,-,B,D,0,NA,NA,NA,NA,Y,Y,A,07,0,1,0,0,0,0,0,0,0,-,-,34.09865951538086,-118.2034912109375,LOS ANGELES,LOS ANGELES,-118.20342254638672,34.098628997802734
94444714,2024,2024-10-24,9535,2024-10-03,740,021643,NA,4,1,3,1914,0,1,1,NA,2,501,I-5 S/B (SANTA ANA FREEWAY),WASHINGTON BOULEVARD,1420,N,N,B,-,Y,LA,NA,5,NA,NA,11.854,H,NA,L,N,4,0,1,2,A,-,07,21658,A,N,B,C,A,A,H,-,A,D,0,NA,NA,Y,NA,Y,NA,A,01,0,0,1,0,0,0,0,0,1,-,-,33.99884033203125,-118.14766693115234,LOS ANGELES,COMMERCE,-118.14768981933594,33.99882507324219
94444717,2024,2024-10-24,9575,2024-10-19,1120,023284,NA,6,1,6,1953,0,1,1,NA,2,064,I-210 W/B (FOOTHILL FREEWAY),ALTADENA DR,800,W,N,A,-,Y,LA,NA,210,NA,R,28.105,H,NA,L,N,4,0,1,2,A,-,03,22350,NA,N,C,C,A,A,H,-,A,D,0,NA,NA,NA,NA,Y,NA,D,22,0,0,1,0,0,0,0,0,0,-,-,34.152748107910156,-118.10140228271484,LOS ANGELES,PASADENA,-118.10140228271484,34.152679443359375
94444747,2024,2024-10-24,9545,2024-10-16,1405,024025,NA,3,2,6,1950,0,1,3,NA,2,021,SR-14 S/B,TECHNOLOGY DR,100,N,N,A,-,Y,LA,NA,14,NA,R,60.743,H,NA,L,N,4,0,1,2,A,-,07,21658,A,N,B,C,A,A,D,-,A,D,0,NA,NA,NA,NA,Y,NA,A,07,0,0,1,0,0,0,0,0,0,-,-,34.5948486328125,-118.13494110107422,LOS ANGELES,PALMDALE,-118.13495635986328,34.594844818115234
9444476,2022,2022-05-25,1941,2022-04-20,2307,11137,901-C,3,5,7,1941,0,0,0,NA,0,NA,E NAPLE PLAZA,E THE TOLEDO,0,NA,Y,A,-,N,NA,NA,NA,NA,NA,NA,NA,NA,NA,Y,3,0,1,1,A,-,03,22350,NA,N,E,I,A,A,H,-,C,D,0,NA,NA,NA,NA,Y,NA,-,-,0,1,0,0,0,0,0,0,0,-,-,NA,NA,LOS ANGELES,LONG BEACH,-118.1182098388672,33.75333023071289
94444769,2024,2024-10-25,9535,2024-10-12,1325,023264,NA,6,1,5,1947,0,1,3,NA,2,620,SR60 E/B,PARAMOUNT BLVD,40,E,N,A,-,Y,LA,NA,60,NA,R,7.793,H,NA,R,N,4,0,1,2,A,-,03,22350,NA,N,C,C,A,A,H,-,A,D,0,NA,NA,NA,NA,Y,NA,D,22,0,0,1,0,0,0,0,0,0,-,-,34.036048889160156,-118.092529296875,LOS ANGELES,MONTEBELLO,-118.09251403808594,34.036014556884766
9444477,2022,2022-05-25,1941,2022-04-05,1420,11301,901-T,2,5,7,1941,0,0,0,NA,0,NA,10TH ST,CEDAR AV,0,NA,Y,A,-,N,NA,NA,NA,NA,NA,NA,NA,NA,NA,Y,4,0,1,2,A,-,08,22107,NA,N,D,C,A,A,H,-,A,A,0,NA,NA,NA,NA,Y,NA,A,NA,0,0,1,0,0,0,0,0,0,-,-,NA,NA,LOS ANGELES,LONG BEACH,-118.195068359375,33.77898025512695
94444789,2024,2024-10-25,9535,2024-10-13,1510,023388,NA,7,2,3,1968,0,1,3,NA,2,066,ROSEMEAD BLVD (SR-164),SR-60 W/B (POMONA FREEWAY),1145,N,N,A,-,N,NA,NA,NA,NA,NA,NA,NA,NA,NA,N,3,0,1,3,A,-,03,22350,NA,N,C,C,A,A,H,-,A,A,0,NA,NA,NA,NA,Y,NA,D,22,0,1,0,0,0,0,0,0,0,-,-,34.044620513916016,-118.0644302368164,LOS ANGELES,SOUTH EL MONTE,-118.06420135498048,34.04452896118164
94444794,2024,2024-10-25,9535,2024-10-13,1255,023264,NA,7,1,5,1906,0,1,1,NA,2,650,I-605,VALLEY BLVD,1510,S,N,A,-,Y,LA,NA,605,NA,R,19.117,H,NA,R,N,4,0,1,2,A,-,03,22350,NA,N,C,C,A,A,H,-,A,D,0,NA,NA,NA,NA,Y,NA,A,01,0,0,1,0,0,0,0,0,0,-,-,34.05043029785156,-118.0063018798828,LOS ANGELES,BALDWIN PARK,-118.00629425048828,34.0504264831543
94444799,2024,2024-10-25,9565,2024-10-14,220,023925,NA,1,3,9,1900,0,2,4,NA,1,032,SLAUSON AVE W/B,LA TIJERA BLVD,200,W,N,A,-,N,NA,NA,NA,NA,NA,NA,NA,NA,NA,Y,4,0,1,1,A,-,01,23152,A,N,E,8,A,A,H,-,C,D,0,NA,NA,NA,NA,Y,Y,A,01,0,0,1,0,0,0,0,0,0,-,-,33.98762130737305,-118.3654327392578,LOS ANGELES,UNINCORPORATED,-118.36538696289064,33.9874267578125
94445092,2024,2024-10-25,9530,2024-10-15,1545,023456,NA,2,2,9,1900,0,3,5,NA,2,006,223RD STREET,I-110 FROM 223RD STREET,0,NA,Y,A,-,N,NA,NA,NA,NA,NA,NA,NA,NA,NA,N,3,0,1,2,A,-,09,21801,A,N,D,C,A,A,H,-,A,A,0,NA,NA,NA,NA,Y,NA,A,01,0,1,0,0,0,0,0,0,0,-,-,33.824378967285156,-118.28784942626952,LOS ANGELES,UNINCORPORATED,-118.28748321533205,33.82444763183594
94445105,2024,2024-10-25,9580,2024-10-19,150,023532,NA,6,3,7,1942,0,1,2,NA,2,103,US-101 S/B (VENTURA FREEWAY),I-405 S/B (SAN DIEGO FWY),500,N,N,A,-,Y,LA,NA,101,NA,NA,17.324,H,NA,L,N,3,0,1,2,A,-,03,22350,NA,M,C,2,A,A,H,-,D,D,0,NA,NA,NA,NA,Y,NA,-,99,0,1,0,0,0,0,0,0,0,-,-,34.16188049316406,-118.47142028808594,LOS ANGELES,LOS ANGELES,-118.4714126586914,34.16188430786133
94445173,2024,2024-10-25,9575,2024-10-21,1652,021879,NA,1,2,9,1900,0,3,5,NA,2,001,RAMSDELL AVE.,COMMUNITY AVE.,0,NA,Y,A,-,N,NA,NA,NA,NA,NA,NA,NA,NA,NA,N,4,0,2,2,A,-,12,21453,A,N,D,C,A,A,H,-,A,A,0,NA,NA,NA,NA,Y,NA,-,-,0,0,2,0,0,0,0,0,0,-,-,34.22505187988281,-118.24429321289064,LOS ANGELES,UNINCORPORATED,-118.24433135986328,34.22504806518555
94445177,2024,2024-10-25,9590,2024-10-19,1850,023394,NA,6,2,7,1942,0,1,2,NA,2,073,US-101 S/B (HOLLYWOOD BLVD),PILGRIMAGE BRIDGE,375,N,N,A,-,Y,LA,NA,101,NA,NA,8.125,H,NA,L,N,4,0,4,2,A,-,03,22350,NA,N,C,C,A,A,H,-,D,D,0,NA,NA,NA,NA,Y,NA,A,01,0,0,4,0,0,0,0,0,0,-,-,34.11553955078125,-118.33701324462892,LOS ANGELES,LOS ANGELES,-118.3369598388672,34.11554718017578
9444529,2022,2022-05-26,1942,2022-04-02,2020,41068,0123,6,5,7,1942,0,0,0,A,0,24T32,2ND ST,HILL ST,0,NA,Y,A,-,N,NA,NA,NA,NA,NA,NA,NA,NA,NA,Y,2,0,1,2,A,-,09,21801,A,F,B,C,A,A,H,-,C,A,0,NA,NA,Y,NA,Y,NA,-,99,1,0,0,0,0,0,0,0,1,-,-,NA,NA,LOS ANGELES,LOS ANGELES,-118.2477569580078,34.0531120300293
94445302,2024,2024-10-25,9590,2024-10-17,2110,018538,NA,4,2,7,1942,0,1,1,NA,2,051,I-110 S/B (HARBOR FWY.),54TH STREET,150,S,N,A,-,Y,LA,NA,110,NA,NA,18.325,H,NA,L,N,4,0,1,5,A,-,03,22350,NA,M,C,C,A,A,H,-,D,D,0,NA,NA,NA,NA,Y,NA,D,22,0,0,1,0,0,0,0,0,0,-,-,33.993831634521484,-118.28070068359376,LOS ANGELES,LOS ANGELES,-118.2805633544922,33.993831634521484
94445446,2024,2024-10-25,9590,2024-10-15,2220,023957,NA,2,3,7,1942,0,1,1,NA,2,085,I-5 S/B (GOLDEN STATE FREEWAY),COLORADO BOULEVARD,400,S,N,A,-,Y,LA,NA,5,NA,NA,25.207,H,NA,L,Y,3,0,2,3,A,-,07,21658,A,N,B,2,A,A,H,-,C,D,0,NA,NA,NA,NA,Y,NA,A,08,0,1,1,0,0,0,0,0,0,-,-,34.132789611816406,-118.27523803710938,LOS ANGELES,LOS ANGELES,-118.27519989013672,34.13279724121094
94445452,2024,2024-10-25,9590,2024-10-15,215,023957,NA,2,3,7,1942,0,1,1,NA,2,085,I-5 S/B (GOLDEN STATE FREEWAY),COLORADO BOULEVARD,300,S,N,A,-,Y,LA,NA,5,NA,NA,24.988,H,NA,L,Y,4,0,1,4,A,-,03,22350,NA,N,C,C,A,A,H,-,C,D,0,NA,NA,NA,NA,Y,NA,A,01,0,0,1,0,0,0,0,0,0,-,-,34.12968826293945,-118.27442932128906,LOS ANGELES,LOS ANGELES,-118.27431488037108,34.12971115112305
94445466,2024,2024-10-25,9590,2024-10-14,1715,024031,NA,1,2,7,1942,0,1,1,NA,2,010,SR-110 N/B ARROYO SECO PARKWAY,W. COLLEGE STREET,56,N,N,A,-,Y,LA,NA,110,NA,NA,24.174,H,NA,R,N,4,0,1,3,A,-,03,22350,NA,N,C,C,A,A,H,-,A,D,0,NA,NA,NA,NA,Y,NA,A,01,0,0,1,0,0,0,0,0,0,-,-,34.06578826904297,-118.24211883544922,LOS ANGELES,LOS ANGELES,-118.2421417236328,34.065818786621094
94445502,2024,2024-10-25,9580,2024-10-22,840,020849,NA,2,1,7,1942,0,1,3,NA,2,114,SR-118 E/B (RONALD REAGAN FWY.),SEPULVEDA BLVD,1500,E,N,A,-,Y,LA,NA,118,NA,R,10.398,H,NA,R,N,4,0,1,2,A,-,03,22350,NA,N,C,C,A,A,H,-,A,D,0,NA,NA,NA,NA,Y,NA,A,07,0,0,1,0,0,0,0,0,0,-,-,34.26580810546875,-118.46192932128906,LOS ANGELES,LOS ANGELES,-118.46192932128906,34.265777587890625
94445531,2024,2024-10-25,9580,2024-10-22,1435,022663,NA,2,2,7,1942,0,1,3,NA,2,170,SR-170 N/B (HOLLYWOOD FWY.),ROSCOE BLVD,528,N,N,A,-,Y,LA,NA,170,NA,R,19.847,H,NA,R,N,4,0,3,3,A,-,03,22350,NA,N,C,C,A,A,H,-,A,D,0,NA,NA,NA,Y,Y,NA,F,27,0,0,3,0,0,0,0,0,0,-,-,34.223209381103516,-118.41043853759766,LOS ANGELES,LOS ANGELES,-118.41045379638672,34.22320556640625
94445538,2024,2024-10-25,9565,2024-10-09,1045,023279,NA,3,1,9,1900,0,1,1,NA,2,060,I-405 N/B,LA TIJERA BLVD,100,S,N,A,-,Y,LA,NA,405,NA,NA,24.21,H,NA,R,N,3,0,1,2,A,-,08,22107,NA,N,B,C,A,A,H,-,A,D,0,NA,NA,Y,NA,Y,NA,-,-,0,1,0,0,0,0,0,0,1,-,-,33.971378326416016,-118.37700653076172,LOS ANGELES,UNINCORPORATED,-118.3769760131836,33.9714241027832
94445549,2024,2024-10-25,9565,2024-10-06,1334,022219,NA,7,1,9,1900,0,1,1,NA,2,063,I-405 S/B (SAN DIEGO FREEWAY),WILSHIRE BOULEVARD,50,S,N,A,-,Y,LA,NA,405,NA,NA,31.533,H,NA,L,Y,2,0,6,3,A,-,08,22107,NA,N,D,2,A,A,H,-,A,D,0,NA,NA,NA,Y,Y,NA,-,-,1,5,0,0,0,0,0,0,0,-,-,34.0554313659668,-118.4520263671875,LOS ANGELES,UNINCORPORATED,-118.45201110839844,34.05543899536133
94445577,2024,2024-10-25,9580,2024-10-22,958,019451,NA,2,1,7,1942,0,1,1,NA,2,404,I-405 N/B (SAN DIEGO FWY),VENTURA BLVD,1056,S,N,A,-,Y,LA,NA,405,NA,NA,37.908,H,NA,R,Y,3,0,1,2,A,-,08,22107,NA,N,B,C,A,A,H,-,A,D,0,NA,NA,NA,NA,Y,NA,-,-,0,1,0,0,0,0,0,0,0,-,-,34.13859176635742,-118.47103881835938,LOS ANGELES,LOS ANGELES,-118.47097778320313,34.138587951660156
94445579,2024,2024-10-25,9565,2024-10-16,1920,021786,NA,3,2,7,1942,0,1,1,NA,2,063,I-405 S/B (SAN DIEGO FREEWAY),OLYMPIC BLVD,360,N,N,A,-,Y,LA,NA,405,NA,NA,30.275,H,NA,L,N,2,0,2,2,A,-,03,22350,NA,N,C,C,A,A,H,-,C,D,0,NA,NA,NA,NA,Y,NA,A,01,1,0,1,0,0,0,0,0,0,-,-,34.03997039794922,-118.44068908691406,LOS ANGELES,LOS ANGELES,-118.44075012207033,34.03993225097656