CASE_ID,ACCIDENT_YEAR,PROC_DATE,JURIS,COLLISION_DATE,COLLISION_TIME,OFFICER_ID,REPORTING_DISTRICT,DAY_OF_WEEK,CHP_SHIFT,POPULATION,CNTY_CITY_LOC,SPECIAL_COND,BEAT_TYPE,CHP_BEAT_TYPE,CITY_DIVISION_LAPD,CHP_BEAT_CLASS,BEAT_NUMBER,PRIMARY_RD,SECONDARY_RD,DISTANCE,DIRECTION,INTERSECTION,WEATHER_1,WEATHER_2,STATE_HWY_IND,CALTRANS_COUNTY,CALTRANS_DISTRICT,STATE_ROUTE,ROUTE_SUFFIX,POSTMILE_PREFIX,POSTMILE,LOCATION_TYPE,RAMP_INTERSECTION,SIDE_OF_HWY,TOW_AWAY,COLLISION_SEVERITY,NUMBER_KILLED,NUMBER_INJURED,PARTY_COUNT,PRIMARY_COLL_FACTOR,PCF_CODE_OF_VIOL,PCF_VIOL_CATEGORY,PCF_VIOLATION,PCF_VIOL_SUBSECTION,HIT_AND_RUN,TYPE_OF_COLLISION,MVIW,PED_ACTION,ROAD_SURFACE,ROAD_COND_1,ROAD_COND_2,LIGHTING,CONTROL_DEVICE,CHP_ROAD_TYPE,PEDESTRIAN_ACCIDENT,BICYCLE_ACCIDENT,MOTORCYCLE_ACCIDENT,TRUCK_ACCIDENT,NOT_PRIVATE_PROPERTY,ALCOHOL_INVOLVED,STWD_VEHTYPE_AT_FAULT,CHP_VEHTYPE_AT_FAULT,COUNT_SEVERE_INJ,COUNT_VISIBLE_INJ,COUNT_COMPLAINT_PAIN,COUNT_PED_KILLED,COUNT_PED_INJURED,COUNT_BICYCLIST_KILLED,COUNT_BICYCLIST_INJURED,COUNT_MC_KILLED,COUNT_MC_INJURED,PRIMARY_RAMP,SECONDARY_RAMP,LATITUDE,LONGITUDE,COUNTY,CITY,POINT_X,POINT_Y
94448277,2024,2024-10-29,9535,2024-10-14,1338,023349,NA,1,1,9,1900,0,2,4,NA,2,014,CESAR E. CHAVEZ AVE,FORD BLVD,0,NA,Y,A,-,N,NA,NA,NA,NA,NA,NA,NA,NA,NA,Y,2,0,2,2,A,-,09,21801,A,N,D,C,A,A,H,-,A,A,0,NA,NA,Y,NA,Y,NA,A,01,1,0,1,0,0,0,0,0,1,-,-,34.04064178466797,-118.16921997070313,LOS ANGELES,UNINCORPORATED,-118.16920471191406,34.040592193603516
94448283,2024,2024-10-29,9535,2024-10-11,2108,023349,NA,5,2,3,1914,0,1,1,NA,2,500,I-5 N/B (SANTA ANA FREEWAY),ATLANTIC BLVD,1214,S,N,A,-,Y,LA,NA,5,NA,NA,12.529,H,NA,R,Y,4,0,2,2,A,-,03,22350,NA,N,C,C,A,A,H,-,C,D,0,NA,NA,NA,NA,Y,NA,A,01,0,0,2,0,0,0,0,0,0,-,-,34.00627136230469,-118.15512847900392,LOS ANGELES,COMMERCE,-118.15508270263672,34.00631332397461
94448294,2024,2024-12-13,9550,2024-10-16,1010,017398,NA,3,1,5,1954,0,1,1,NA,2,650,INTERSTATE 605 S/B (SAN GABRIEL RIVER FREEWAY),BEVERLY BOULEVARD,500,N,N,B,-,Y,LA,NA,605,NA,R,14.618,H,NA,L,Y,2,0,1,3,A,-,03,22350,NA,N,C,C,A,A,H,-,A,D,0,NA,NA,NA,Y,Y,NA,G,25,1,0,0,0,0,0,0,0,0,-,-,34.00748825073242,-118.06024932861328,LOS ANGELES,PICO RIVERA,-118.06020355224608,34.00745391845703
94448300,2024,2024-12-13,9540,2024-10-09,2310,023229,NA,3,3,7,1942,0,1,1,NA,2,210,I-210 W/B TO MACLAY ST. OFF RAMP,MACLAY ST,918,E,N,A,-,Y,LA,NA,210,NA,R,5.118,H,NA,L,Y,4,0,1,2,A,-,01,23152,A,M,C,C,A,A,H,-,C,D,0,NA,NA,NA,NA,Y,Y,A,01,0,0,1,0,0,0,0,0,0,-,-,34.29759979248047,-118.41729736328124,LOS ANGELES,LOS ANGELES,-118.41741943359376,34.29751205444336
94448301,2024,2024-10-29,9550,2024-10-17,2210,023732,NA,4,3,9,1900,0,3,5,NA,2,002,IMPERIAL HWY,LEFFINGWELL RD.,0,NA,Y,A,-,N,NA,NA,NA,NA,NA,NA,NA,NA,NA,Y,4,0,2,2,A,-,12,21453,A,N,D,C,A,A,H,-,C,A,0,NA,NA,NA,NA,Y,NA,A,01,0,0,2,0,0,0,0,0,0,-,-,33.916969299316406,-118.05020904541016,LOS ANGELES,UNINCORPORATED,-118.05014038085938,33.91704177856445
94448307,2024,2024-10-29,9550,2024-10-18,1435,021100,NA,5,2,9,1900,0,1,3,NA,2,601,SR-60 WESTBOUND,STIMSON AVENUE,228,W,N,A,-,Y,LA,NA,60,NA,NA,16.266,H,NA,L,N,4,0,1,2,A,-,03,22350,NA,N,C,C,A,A,H,-,A,D,0,NA,NA,NA,NA,Y,NA,D,22,0,0,1,0,0,0,0,0,0,-,-,34.00543975830078,-117.95908355712892,LOS ANGELES,UNINCORPORATED,-117.95911407470705,34.005367279052734
94448308,2024,2024-10-29,9540,2024-10-09,2010,022721,NA,3,2,9,1900,0,1,3,NA,1,144,SR-14 NORTHBOUND (ANTELOPE VALLEY FREEWAY),PLACERITA CANYON RD,2023,S,N,A,-,Y,LA,NA,14,NA,R,27.71,H,NA,R,Y,3,0,1,1,A,-,01,23152,A,M,E,I,A,A,H,-,C,D,0,NA,NA,NA,NA,Y,NA,A,01,0,1,0,0,0,0,0,0,0,-,-,34.37358093261719,-118.49828338623048,LOS ANGELES,UNINCORPORATED,-118.49819183349608,34.37351989746094
94448353,2024,2024-10-29,9540,2024-09-04,1930,022182,NA,3,2,9,1900,0,3,5,NA,2,200,SAND CANYON ROAD,THOMPSON RANCH DRIVE,1056,N,N,A,-,N,NA,NA,NA,NA,NA,NA,NA,NA,NA,Y,3,0,1,2,A,-,01,23152,A,N,A,C,A,A,H,-,D,D,0,NA,NA,NA,NA,Y,Y,D,22,0,1,0,0,0,0,0,0,0,-,-,34.44152069091797,-118.41903686523438,LOS ANGELES,UNINCORPORATED,-118.41910552978516,34.44143295288086
9444841,2022,2022-05-27,1972,2022-04-06,1209,19767,NA,3,5,6,1972,0,0,0,NA,0,NA,235TH ST,ELM AV,517,E,N,A,-,N,NA,NA,NA,NA,NA,NA,NA,NA,NA,Y,4,0,1,2,A,-,21,22106,NA,N,B,C,A,A,H,-,A,D,0,NA,NA,NA,NA,Y,NA,A,01,0,0,1,0,0,0,0,0,0,-,-,NA,NA,LOS ANGELES,TORRANCE,-118.3316650390625,33.81291198730469
9444842,2022,2022-05-27,1942,2022-04-27,0215,36814,1385,3,5,7,1942,0,0,0,M,0,24TL31,GAGE AV,AVALON BL,54,E,N,A,-,N,NA,NA,NA,NA,NA,NA,NA,NA,NA,Y,3,0,2,2,C,-,18,NA,NA,N,A,C,A,A,H,-,C,A,0,NA,NA,NA,NA,Y,NA,-,-,0,1,1,0,0,0,0,0,0,-,-,NA,NA,LOS ANGELES,LOS ANGELES,-118.26504516601564,33.981903076171875
9444843,2022,2022-05-27,1942,2022-04-30,1530,40275,0159,6,5,7,1942,0,0,0,A,0,24TL52,ALAMEDA ST,7TH ST,0,NA,Y,A,-,N,NA,NA,NA,NA,NA,NA,NA,NA,NA,Y,2,0,1,2,A,-,09,21801,A,N,D,C,A,A,H,-,A,D,0,NA,NA,Y,NA,Y,NA,A,01,1,0,0,0,0,0,0,0,1,-,-,NA,NA,LOS ANGELES,LOS ANGELES,-118.23863983154295,34.03504943847656
9444844,2022,2022-05-27,1942,2022-04-28,1600,39395,0154,4,5,7,1942,0,0,0,A,0,24TL56,6TH ST,SPRING ST,200,E,N,A,-,N,NA,NA,NA,NA,NA,NA,NA,NA,NA,N,3,0,1,2,A,-,00,20015,NA,F,D,C,A,A,H,-,A,D,0,NA,NA,NA,NA,Y,NA,-,-,0,1,0,0,0,0,0,0,0,-,-,NA,NA,LOS ANGELES,LOS ANGELES,-118.25047302246094,34.045616149902344
9444845,2022,2022-05-27,1942,2022-04-24,0720,33599,1215,7,5,7,1942,0,0,0,L,0,25TL23,53RD ST,BUDLONG,0,NA,Y,A,-,N,NA,NA,NA,NA,NA,NA,NA,NA,NA,N,3,0,1,2,A,-,03,22350,NA,F,G,B,E,A,H,-,A,D,0,Y,NA,NA,NA,Y,NA,-,99,0,1,0,0,1,0,0,0,0,-,-,NA,NA,LOS ANGELES,LOS ANGELES,-118.2958755493164,33.994117736816406
9444846,2022,2022-05-27,1942,2022-04-21,0325,41072,0377,4,5,7,1942,0,0,0,C,0,25T31,MARTIN LUTHER KING JR BL,RAYMOND AV,65,E,N,A,-,N,NA,NA,NA,NA,NA,NA,NA,NA,NA,N,2,0,1,2,A,-,11,21954,A,N,G,B,D,A,H,-,C,A,0,Y,NA,NA,NA,Y,NA,N,60,1,0,0,0,1,0,0,0,0,-,-,NA,NA,LOS ANGELES,LOS ANGELES,-118.2978057861328,34.010860443115234
9444847,2022,2022-05-27,1942,2022-04-15,2050,41747,1219,5,5,7,1942,0,0,0,L,0,25T31,FIGUEROA ST,56TH ST,7,S,N,A,-,N,NA,NA,NA,NA,NA,NA,NA,NA,NA,N,2,0,1,2,A,-,10,21950,A,F,G,B,F,A,H,-,C,A,0,Y,NA,NA,NA,Y,NA,-,99,1,0,0,0,1,0,0,0,0,-,-,NA,NA,LOS ANGELES,LOS ANGELES,-118.28267669677734,33.99143981933594
9444848,2022,2022-05-27,1942,2022-04-17,1950,42364,1265,7,5,7,1942,0,0,0,L,0,12A51,NORMANDIE AV,85TH ST,60,N,N,A,-,N,NA,NA,NA,NA,NA,NA,NA,NA,NA,N,2,0,1,2,A,-,11,21954,A,N,D,B,D,A,H,-,C,A,0,Y,NA,NA,NA,Y,NA,N,60,1,0,0,0,1,0,0,0,0,-,-,NA,NA,LOS ANGELES,LOS ANGELES,-118.3002700805664,33.960994720458984
9444849,2022,2022-05-27,1942,2022-04-20,1830,43209,1255,3,5,7,1942,0,0,0,L,0,PATROL,FLORENCE,VERMONT,100,E,N,A,-,N,NA,NA,NA,NA,NA,NA,NA,NA,NA,N,2,0,1,2,A,-,08,22107,NA,F,B,C,A,A,H,-,A,A,0,NA,NA,Y,NA,Y,NA,-,99,1,0,0,0,0,0,0,0,1,-,-,NA,NA,LOS ANGELES,LOS ANGELES,-118.29141235351564,33.97462844848633
9444850,2022,2022-05-27,1942,2022-04-16,2135,43432,1863,6,5,7,1942,0,0,0,R,0,25T37W,AVALON BL,116TH PL,280,S,N,A,-,N,NA,NA,NA,NA,NA,NA,NA,NA,NA,Y,2,0,1,2,A,-,11,21954,A,F,G,B,D,A,H,-,C,D,0,Y,NA,NA,NA,Y,Y,D,22,1,0,0,0,1,0,0,0,0,-,-,NA,NA,LOS ANGELES,LOS ANGELES,-118.26519775390624,33.927494049072266
9444851,2022,2022-05-27,1942,2022-04-17,2212,44686,0328,7,5,7,1942,0,0,0,C,0,3A19,JEFFERSON,FIGUEROA,0,NA,Y,A,-,N,NA,NA,NA,NA,NA,NA,NA,NA,NA,N,3,0,1,2,A,-,11,21954,A,N,G,B,D,A,H,-,C,D,0,Y,NA,NA,NA,Y,NA,N,60,0,1,0,0,1,0,0,0,0,-,-,34.021949768066406,-118.27999114990234,LOS ANGELES,LOS ANGELES,-118.27999877929688,34.02195358276367
9444852,2022,2022-05-26,1972,2022-04-12,1245,19767,NA,2,5,6,1972,0,0,0,NA,0,NA,LOMITA BL,HAWTHORNE BL,280,W,N,A,-,N,NA,NA,NA,NA,NA,NA,NA,NA,NA,Y,4,0,1,2,A,-,09,21804,A,N,A,C,A,A,H,-,A,D,0,NA,NA,NA,NA,Y,NA,A,07,0,0,1,0,0,0,0,0,0,-,-,NA,NA,LOS ANGELES,TORRANCE,-118.35201263427734,33.816368103027344
9444853,2022,2022-05-27,1972,2022-04-17,0054,20666,NA,7,5,6,1972,0,0,0,NA,0,NA,MADRONA AV,CARSON ST,240,S,N,A,-,N,NA,NA,NA,NA,NA,NA,NA,NA,NA,Y,4,0,1,1,A,-,08,22107,NA,N,E,I,A,A,H,-,C,D,0,NA,NA,NA,NA,Y,NA,E,NA,0,0,1,0,0,0,0,0,0,-,-,NA,NA,LOS ANGELES,TORRANCE,-118.34507751464844,33.83051300048828
9444854,2022,2022-05-26,1972,2022-04-27,1835,17771,NA,3,5,6,1972,0,0,0,NA,0,NA,CARSON BL,DEWEY,30,W,N,A,-,N,NA,NA,NA,NA,NA,NA,NA,NA,NA,Y,3,0,2,2,A,-,08,22107,NA,N,B,E,A,A,H,-,A,D,0,NA,NA,NA,NA,Y,NA,A,01,0,1,1,0,0,0,0,0,0,-,-,NA,NA,LOS ANGELES,TORRANCE,-118.36769104003906,33.831398010253906
9444855,2022,2022-05-26,1953,2022-04-02,2105,5981,1953,6,5,6,1953,0,0,0,NA,0,FB3,33 E GREEN ST,E GREEN ST 33,0,NA,-,A,-,N,NA,NA,NA,NA,NA,NA,NA,NA,NA,N,4,0,1,2,A,-,05,21650,1,N,A,G,A,A,H,-,C,A,0,NA,Y,NA,NA,Y,NA,L,04,0,0,1,0,0,0,1,0,0,-,-,NA,NA,LOS ANGELES,PASADENA,-118.15046691894533,34.14447784423828
94448552,2024,2024-10-29,9525,2024-10-16,1615,018651,NA,3,2,9,1900,0,3,5,NA,2,004,CALIFORNIA AVE.,FAIRGROVE AVE,0,NA,Y,A,-,N,NA,NA,NA,NA,NA,NA,NA,NA,NA,N,2,0,1,2,A,-,12,22450,A,N,D,G,A,A,H,-,A,A,0,NA,NA,NA,NA,Y,NA,M,94,1,0,0,0,0,0,0,0,0,-,-,34.04568099975586,-117.95440673828124,LOS ANGELES,UNINCORPORATED,-117.95436096191406,34.04566955566406
94448556,2024,2024-10-29,9540,2024-10-23,1010,019508,NA,3,1,9,1900,0,2,4,NA,2,010,THE OLD RD,CONSTITUTION AVE,0,NA,Y,A,-,N,NA,NA,NA,NA,NA,NA,NA,NA,NA,Y,3,0,1,2,A,-,12,21453,A,N,D,C,A,A,H,-,A,A,0,NA,NA,NA,NA,Y,NA,A,01,0,1,0,0,0,0,0,0,0,-,-,34.384429931640625,-118.57161712646484,LOS ANGELES,UNINCORPORATED,-118.57176208496094,34.38431930541992
9444856,2022,2022-05-26,1953,2022-04-30,2045,9219,1953,6,5,6,1953,0,0,0,NA,0,005,WALNUT ST,OAK KNOLL AV,0,NA,Y,A,-,N,NA,NA,NA,NA,NA,NA,NA,NA,NA,N,4,0,1,2,A,-,04,21703,NA,N,C,G,A,A,G,-,C,D,0,NA,Y,NA,NA,Y,NA,A,01,0,0,1,0,0,0,1,0,0,-,-,NA,NA,LOS ANGELES,PASADENA,-118.13536834716795,34.149574279785156
9444857,2022,2022-05-26,1953,2022-04-14,1624,0809,1953,4,5,6,1953,0,0,0,NA,0,005,COLORADO BL,EL MOLINO AV,0,NA,Y,A,-,N,NA,NA,NA,NA,NA,NA,NA,NA,NA,Y,4,0,2,2,A,-,03,22350,NA,N,C,G,A,A,H,-,A,A,0,NA,NA,Y,NA,Y,NA,C,02,0,0,2,0,0,0,0,0,1,-,-,NA,NA,LOS ANGELES,PASADENA,-118.13687896728516,34.14589309692383
9444858,2022,2022-05-26,1953,2022-04-28,1052,3553,PASAD,4,5,6,1953,0,0,0,NA,0,NA,ORANGE GROVE BL,DEL MAR,0,NA,Y,A,-,N,NA,NA,NA,NA,NA,NA,NA,NA,NA,Y,4,0,2,2,A,-,08,22107,NA,N,B,C,A,A,H,-,A,A,0,NA,NA,NA,NA,Y,NA,A,07,0,0,2,0,0,0,0,0,0,-,-,NA,NA,LOS ANGELES,PASADENA,-118.15946197509766,34.140724182128906
9444859,2022,2022-05-26,1953,2022-04-28,1731,9226,PA,4,5,6,1953,0,0,0,NA,0,001,S PASADENA AV,ARLINGTON DR,0,NA,Y,A,-,N,NA,NA,NA,NA,NA,NA,NA,NA,NA,Y,3,0,3,2,A,-,09,21802,A,N,D,C,A,A,H,-,A,A,0,NA,NA,NA,NA,Y,NA,A,07,0,2,1,0,0,0,0,0,0,-,-,NA,NA,LOS ANGELES,PASADENA,-118.15469360351564,34.12828826904297
94448591,2024,2024-10-29,9580,2024-10-17,2120,023717,NA,4,2,7,1942,0,1,3,NA,2,170,SR-170 N/B (HOLLYWOOD FWY.) TO W/B VICTORY BLVD,VICTORY BLVD,300,N,N,A,-,Y,NA,NA,NA,NA,NA,NA,NA,NA,NA,Y,4,0,1,2,A,-,07,21658,A,N,B,C,A,A,H,-,D,D,0,NA,NA,NA,NA,Y,NA,A,01,0,0,1,0,0,0,0,0,0,-,-,34.18767166137695,-118.40103149414064,LOS ANGELES,LOS ANGELES,-118.40151214599608,34.18748092651367
9444860,2022,2022-05-26,1953,2022-05-01,0935,5970,1953,7,5,6,1953,0,0,0,NA,0,1L42,SIERRA MADRE BL,PALOMA ST,0,NA,Y,A,-,N,NA,NA,NA,NA,NA,NA,NA,NA,NA,N,3,0,1,2,A,-,12,21453,A,N,D,G,A,A,H,-,A,A,0,NA,Y,NA,NA,Y,NA,A,01,0,1,0,0,0,0,1,0,0,-,-,NA,NA,LOS ANGELES,PASADENA,-118.09407806396484,34.15937423706055
94448630,2024,2024-10-29,9525,2024-10-20,1630,023814,NA,7,2,9,1900,0,2,4,NA,2,045,VALLEY BLVD,S COVINA BLVD,235,E,N,A,-,N,NA,NA,NA,NA,NA,NA,NA,NA,NA,N,4,0,3,2,A,-,03,22350,NA,N,C,C,A,A,H,-,A,D,0,NA,NA,NA,NA,Y,NA,A,08,0,0,3,0,0,0,0,0,0,-,-,34.05010986328125,-117.99729919433594,LOS ANGELES,UNINCORPORATED,-117.99748229980467,34.05012130737305
94448647,2024,2024-10-29,9525,2024-10-22,820,018651,NA,2,1,6,1955,0,1,3,NA,2,605,SR-60 W/B (POMONA FREEWAY),GAREY AVE.,1056,E,N,B,-,Y,LA,NA,60,NA,R,29.572,H,NA,L,N,4,0,1,2,A,-,03,22350,NA,N,C,C,A,A,H,-,A,D,0,NA,NA,NA,NA,Y,NA,A,07,0,0,1,0,0,0,0,0,0,-,-,34.023868560791016,-117.74492645263672,LOS ANGELES,POMONA,-117.74493408203124,34.02387237548828
94448660,2024,2024-10-29,9550,2024-10-19,1420,023831,NA,6,2,9,1900,0,1,1,NA,2,650,I-605 SOUTHBOUND,SARAGOSA STREET,1848,N,N,A,-,Y,LA,NA,605,NA,R,12.764,H,NA,L,N,2,0,1,2,A,-,08,22107,NA,N,B,C,A,A,H,-,A,D,0,NA,NA,Y,NA,Y,NA,A,01,1,0,0,0,0,0,0,0,1,-,-,33.98265075683594,-118.07408905029295,LOS ANGELES,UNINCORPORATED,-118.07411193847656,33.982666015625
94448664,2024,2024-10-29,9590,2024-10-09,2359,023621,NA,3,3,7,1942,0,1,1,NA,2,053,I-110 S/B (HARBOR FREEWAY) FROM 11TH STREET,12TH STREET,50,N,N,A,-,Y,LA,NA,110,NA,NA,21.894,H,NA,L,N,3,0,3,3,A,-,01,23152,A,N,C,C,A,A,H,-,C,D,0,NA,NA,NA,NA,Y,Y,A,01,0,1,2,0,0,0,0,0,0,-,-,34.04452133178711,-118.27204895019533,LOS ANGELES,LOS ANGELES,-118.2718505859375,34.04438781738281
94448673,2024,2024-10-29,9535,2024-10-01,635,020340,NA,2,1,9,1900,0,1,1,NA,2,400,I-10 WB (SAN BERNARDINO FREEWAY),PECK ROAD,30,W,N,A,-,Y,NA,NA,NA,NA,NA,NA,NA,NA,NA,N,4,0,1,1,A,-,08,22107,NA,M,E,I,A,A,H,-,A,D,0,NA,NA,NA,NA,Y,NA,A,07,0,0,1,0,0,0,0,0,0,-,-,34.068538665771484,-118.02982330322266,LOS ANGELES,UNINCORPORATED,-118.02906799316406,34.06806564331055
94448674,2024,2024-10-29,9575,2024-10-16,1619,022513,NA,3,2,5,1902,0,1,1,NA,2,065,I-210 E/B (FOOTHILL FREEWAY),SANTA ANITA AVE,800,W,N,B,-,Y,LA,NA,210,NA,R,31.772,H,NA,R,N,4,0,2,2,A,-,03,22350,NA,N,C,C,A,A,H,-,A,D,0,NA,NA,NA,NA,Y,NA,A,07,0,0,2,0,0,0,0,0,0,-,-,34.147979736328125,-118.03372192382813,LOS ANGELES,ARCADIA,-118.03370666503906,34.148067474365234
94448683,2024,2024-10-29,9535,2024-09-19,625,020340,NA,4,1,7,1942,0,1,3,NA,2,600,STATE ROUTE 60,3RD STREET PEDESTRIAN OVER CROSSING,50,W,N,B,-,Y,LA,NA,60,NA,R,2.917,H,NA,R,N,4,0,2,2,A,-,03,22350,NA,N,C,D,A,A,H,-,A,D,0,NA,NA,NA,NA,Y,NA,A,01,0,0,2,0,0,0,0,0,0,-,-,34.03446960449219,-118.17606353759766,LOS ANGELES,LOS ANGELES,-118.17609405517578,34.034637451171875
9444874,2022,2022-06-10,1976,2022-04-20,1150,424,1976,3,5,5,1976,0,0,0,NA,0,002,LA CUARTA ST,COMSTOCK AV,0,NA,Y,A,-,N,NA,NA,NA,NA,NA,NA,NA,NA,NA,Y,4,0,2,2,A,-,09,21802,A,N,D,C,A,-,H,-,A,A,0,NA,NA,NA,NA,Y,NA,A,01,0,0,2,0,0,0,0,0,0,-,-,NA,NA,LOS ANGELES,WHITTIER,-118.03858184814452,33.968177795410156
94448775,2024,2024-10-29,9535,2024-10-02,555,020340,NA,3,3,6,1922,0,1,1,NA,2,401,I-10 WB (SAN BERNARDINO FREEWAY),INTERSTATE 605,100,W,N,A,-,Y,LA,NA,10,NA,NA,31.076,H,NA,L,N,4,0,2,2,A,-,03,22350,NA,N,C,C,A,A,H,-,C,D,0,NA,NA,NA,NA,Y,NA,A,01,0,0,2,0,0,0,0,0,0,-,-,34.064979553222656,-118.00150299072266,LOS ANGELES,EL MONTE,-118.00150299072266,34.06501388549805
94448800,2024,2024-10-29,9545,2024-10-26,230,021214,NA,6,3,9,1900,0,3,5,NA,2,004,50TH ST  E,AVENUE P-8,634,S,N,A,-,N,NA,NA,NA,NA,NA,NA,NA,NA,NA,Y,2,0,2,2,A,-,01,23152,A,N,A,C,A,A,H,-,D,D,0,NA,NA,NA,NA,Y,Y,A,01,1,1,0,0,0,0,0,0,0,-,-,34.59278869628906,-118.04084777832033,LOS ANGELES,UNINCORPORATED,-118.04080963134766,34.592891693115234
9444883,2022,2022-05-27,1942,2022-03-01,0230,41747,1842,2,5,7,1942,0,0,0,R,0,25T35,MAIN AV,110TH ST,9,S,N,A,-,N,NA,NA,NA,NA,NA,NA,NA,NA,NA,Y,2,0,1,1,A,-,03,22350,NA,N,E,I,A,A,H,-,C,D,0,NA,NA,NA,NA,Y,NA,A,01,1,0,0,0,0,0,0,0,0,-,-,NA,NA,LOS ANGELES,LOS ANGELES,-118.27388763427734,33.93563461303711
94448836,2024,2024-10-29,9575,2024-04-17,1135,022203,NA,3,1,7,1942,0,1,3,NA,2,044,SR-134 W/B (VENTURA FREEWAY),CAHUENGA BOULEVARD,240,W,N,A,-,Y,LA,NA,134,NA,NA,0.812,H,NA,L,Y,4,0,1,3,A,-,08,22107,NA,F,D,C,A,A,H,-,A,D,0,NA,NA,Y,NA,Y,NA,-,99,0,0,1,0,0,0,0,0,1,-,-,34.15330123901367,-118.36245727539064,LOS ANGELES,LOS ANGELES,-118.36245727539064,34.15335464477539
94448872,2024,2024-10-29,9525,2024-10-22,1705,023814,NA,2,2,4,1946,0,1,1,NA,2,202,I-210 E/B (FOOTHILL FWY),MYRTLE AVE,1200,W,N,A,-,Y,LA,NA,210,NA,R,33.683,H,NA,R,N,4,0,1,3,A,-,03,22350,NA,N,C,C,A,A,H,-,B,D,0,NA,NA,NA,NA,Y,NA,D,22,0,0,1,0,0,0,0,0,0,-,-,34.135311126708984,-118.00495910644533,LOS ANGELES,MONROVIA,-118.00495910644533,34.135406494140625
94448873,2024,2024-10-29,9525,2024-10-22,1610,023880,NA,2,2,9,1900,0,3,5,NA,2,003,WORKMAN MILL RD,CROSSROADS PKWY,0,NA,Y,A,-,N,NA,NA,NA,NA,NA,NA,NA,NA,NA,Y,4,0,1,2,A,-,12,21453,A,N,D,C,A,A,H,-,A,A,0,NA,NA,NA,NA,Y,NA,A,07,0,0,1,0,0,0,0,0,0,-,-,34.032310485839844,-118.02063751220705,LOS ANGELES,UNINCORPORATED,-118.02065277099608,34.03239440917969
94448895,2024,2024-10-29,9580,2024-10-26,1130,023440,NA,6,1,7,1942,0,1,2,NA,2,103,US-101 S/B (VENTURA FREEWAY),BALBOA BLVD,528,N,N,A,-,Y,LA,NA,101,NA,NA,19.431,H,NA,L,N,3,0,1,3,A,-,08,22107,NA,N,C,C,A,A,H,-,A,D,0,NA,NA,Y,NA,Y,NA,C,02,0,1,0,0,0,0,0,0,1,-,-,34.171138763427734,-118.50450134277344,LOS ANGELES,LOS ANGELES,-118.50450134277344,34.17108154296875
94448901,2024,2024-10-29,9525,2024-10-22,1742,023880,NA,2,2,5,1906,0,1,1,NA,2,103,I-10 W/B (SAN BERNARDINO FWY),BALDWIN PARK BLVD,1150,E,N,A,-,Y,LA,NA,10,NA,NA,32.451,H,NA,L,Y,4,0,2,2,A,-,03,22350,NA,N,C,2,A,A,H,-,A,D,0,NA,NA,NA,NA,Y,NA,A,07,0,0,2,0,0,0,0,0,0,-,-,34.06816864013672,-117.9777374267578,LOS ANGELES,BALDWIN PARK,-117.9777374267578,34.068153381347656
94448956,2024,2024-10-29,9525,2024-10-18,330,021443,NA,5,3,9,1900,0,2,4,NA,2,030,HACIENDA BLVD. (1500 BLOCK),FRANCISQUITO AVE,0,NA,Y,A,-,N,NA,NA,NA,NA,NA,NA,NA,NA,NA,Y,3,0,2,2,A,-,03,22350,NA,N,D,E,A,A,H,-,C,D,0,NA,NA,NA,NA,Y,NA,A,01,0,1,1,0,0,0,0,0,0,-,-,34.04793930053711,-117.94621276855467,LOS ANGELES,UNINCORPORATED,-117.94645690917967,34.04826736450195
94449011,2024,2024-10-29,9530,2024-10-17,1827,021709,NA,4,2,4,1939,0,1,1,NA,2,400,I-405 N/B (SAN DIEGO FREEWAY),MANHATTAN BEACH BLVD,175,N,N,A,-,Y,LA,NA,405,NA,NA,17.925,H,NA,R,N,4,0,1,2,A,-,03,22350,NA,N,C,C,A,A,H,-,C,D,0,NA,NA,NA,NA,Y,NA,A,01,0,0,1,0,0,0,0,0,0,-,-,33.887821197509766,-118.35688018798828,LOS ANGELES,LAWNDALE,-118.35684204101564,33.88785934448242
94449017,2024,2024-10-29,9590,2024-10-25,845,021926,NA,5,1,7,1942,0,1,1,NA,2,051,I-110 (HAF) SOUTHBOUND,MARTIN LUTHER KING JR. BLVD.,280,N,N,A,-,Y,LA,NA,110,NA,NA,19.557,H,NA,L,N,3,0,2,2,A,-,03,22350,NA,N,C,C,A,A,H,-,A,D,0,NA,NA,NA,NA,Y,NA,A,07,0,2,0,0,0,0,0,0,0,-,-,34.01190185546875,-118.28130340576172,LOS ANGELES,LOS ANGELES,-118.28111267089844,34.011898040771484
94449065,2024,2024-10-29,9575,2024-10-21,1915,021879,NA,1,2,6,1925,0,1,3,NA,2,042,SR-134 E/B (VENTURA FREEWAY),SAN FERNANDO RD.,400,E,N,A,-,Y,LA,NA,134,NA,R,6.022,H,NA,R,N,4,0,1,2,A,-,08,22107,NA,N,B,C,A,A,H,-,C,D,0,NA,NA,NA,NA,Y,NA,A,07,0,0,1,0,0,0,0,0,0,-,-,34.15407943725586,-118.27398681640624,LOS ANGELES,GLENDALE,-118.27398681640624,34.15407180786133
94449066,2024,2024-10-29,9530,2024-10-17,1505,023457,NA,4,2,5,1915,0,1,3,NA,2,310,SR-91 W/B (ARTESIA FREEWAY),WILMINGTON AVE.,1400,E,N,A,-,Y,LA,NA,91,NA,R,9.435,H,NA,L,N,4,0,2,2,A,-,03,22350,NA,M,C,C,A,A,H,-,A,D,0,NA,NA,NA,NA,Y,NA,-,99,0,0,2,0,0,0,0,0,0,-,-,33.87403869628906,-118.2313232421875,LOS ANGELES,COMPTON,-118.23131561279295,33.87394332885742