CASE_ID,ACCIDENT_YEAR,PROC_DATE,JURIS,COLLISION_DATE,COLLISION_TIME,OFFICER_ID,REPORTING_DISTRICT,DAY_OF_WEEK,CHP_SHIFT,POPULATION,CNTY_CITY_LOC,SPECIAL_COND,BEAT_TYPE,CHP_BEAT_TYPE,CITY_DIVISION_LAPD,CHP_BEAT_CLASS,BEAT_NUMBER,PRIMARY_RD,SECONDARY_RD,DISTANCE,DIRECTION,INTERSECTION,WEATHER_1,WEATHER_2,STATE_HWY_IND,CALTRANS_COUNTY,CALTRANS_DISTRICT,STATE_ROUTE,ROUTE_SUFFIX,POSTMILE_PREFIX,POSTMILE,LOCATION_TYPE,RAMP_INTERSECTION,SIDE_OF_HWY,TOW_AWAY,COLLISION_SEVERITY,NUMBER_KILLED,NUMBER_INJURED,PARTY_COUNT,PRIMARY_COLL_FACTOR,PCF_CODE_OF_VIOL,PCF_VIOL_CATEGORY,PCF_VIOLATION,PCF_VIOL_SUBSECTION,HIT_AND_RUN,TYPE_OF_COLLISION,MVIW,PED_ACTION,ROAD_SURFACE,ROAD_COND_1,ROAD_COND_2,LIGHTING,CONTROL_DEVICE,CHP_ROAD_TYPE,PEDESTRIAN_ACCIDENT,BICYCLE_ACCIDENT,MOTORCYCLE_ACCIDENT,TRUCK_ACCIDENT,NOT_PRIVATE_PROPERTY,ALCOHOL_INVOLVED,STWD_VEHTYPE_AT_FAULT,CHP_VEHTYPE_AT_FAULT,COUNT_SEVERE_INJ,COUNT_VISIBLE_INJ,COUNT_COMPLAINT_PAIN,COUNT_PED_KILLED,COUNT_PED_INJURED,COUNT_BICYCLIST_KILLED,COUNT_BICYCLIST_INJURED,COUNT_MC_KILLED,COUNT_MC_INJURED,PRIMARY_RAMP,SECONDARY_RAMP,LATITUDE,LONGITUDE,COUNTY,CITY,POINT_X,POINT_Y
94449756,2024,2024-10-29,9550,2024-10-12,300,023539,NA,6,3,6,1920,0,1,3,NA,2,091,SR-91 W/B,WOODRUFF AVENUE,220,W,N,E,-,Y,LA,NA,91,NA,R,16.036,H,NA,L,Y,3,0,1,2,A,-,08,22107,NA,N,E,I,A,A,H,-,D,D,0,NA,NA,NA,NA,Y,NA,A,01,0,1,0,0,0,0,0,0,0,-,-,33.876258850097656,-118.11813354492188,LOS ANGELES,DOWNEY,-118.11813354492188,33.8763427734375
94449758,2024,2024-10-29,9590,2024-10-23,1655,022690,NA,3,2,7,1942,0,1,3,NA,2,030,SR-60 E/B (POF),EUCLID AVE.,100,E,N,A,-,Y,LA,NA,60,NA,R,0.993,H,NA,R,N,3,0,1,2,A,-,07,21658,A,F,B,C,A,A,H,-,A,D,0,NA,NA,Y,NA,Y,NA,-,99,0,1,0,0,0,0,0,0,1,-,-,34.02799987792969,-118.20838165283205,LOS ANGELES,LOS ANGELES,-118.20838165283205,34.02800750732422
94449761,2024,2024-10-29,9550,2024-10-07,1455,024057,NA,1,2,6,1920,0,1,1,NA,2,150,I-105 E/B,LAKEWOOD BLVD.,625,E,N,A,-,Y,LA,NA,105,NA,R,15.888,H,NA,R,Y,4,0,2,2,A,-,03,22350,NA,N,C,C,A,A,H,-,A,D,0,NA,NA,NA,NA,Y,NA,A,07,0,0,2,0,0,0,0,0,0,-,-,33.91292190551758,-118.13848114013672,LOS ANGELES,DOWNEY,-118.13848114013672,33.912940979003906
94449775,2024,2024-10-29,9575,2024-10-21,932,023009,NA,1,1,7,1942,0,1,1,NA,2,053,I-5 S/B (GOLDEN STATE FREEWAY),OSBORNE ST,1388,N,N,A,-,Y,LA,NA,5,NA,NA,37.697,H,NA,L,N,3,0,1,3,A,-,03,22350,NA,N,C,C,A,A,H,-,A,D,0,NA,NA,NA,NA,Y,NA,D,22,0,1,0,0,0,0,0,0,0,-,-,34.24768829345703,-118.42559814453124,LOS ANGELES,LOS ANGELES,-118.4256591796875,34.24764633178711
94449784,2024,2024-10-29,9545,2024-10-22,1555,019414,NA,2,2,9,1900,0,3,5,NA,2,004,BIG PINES HWY,VALYERMO RD,8976,E,N,A,-,N,NA,NA,NA,NA,NA,NA,NA,NA,NA,N,3,0,1,1,A,-,03,22350,NA,N,F,A,A,A,H,-,A,D,0,NA,NA,Y,NA,Y,NA,C,02,0,1,0,0,0,0,0,0,1,-,-,34.42998123168945,-117.81670379638672,LOS ANGELES,UNINCORPORATED,-117.81543731689452,34.429588317871094
9444979,2022,2022-06-17,1953,2022-05-02,1600,1515,1953,1,5,6,1953,0,0,0,NA,0,001,S BROADWAY ST,ARDEN RD,20,N,N,A,-,N,NA,NA,NA,NA,NA,NA,NA,NA,NA,N,4,0,1,2,A,-,03,22350,NA,N,C,-,A,A,H,-,A,D,0,NA,NA,NA,NA,Y,NA,A,01,0,0,1,0,0,0,0,0,0,-,-,NA,NA,LOS ANGELES,PASADENA,NA,NA
94449794,2023,2024-10-29,9530,2023-10-04,513,017574,NA,3,3,5,1977,0,1,1,NA,2,410,INTERSTATE 405 (SAN DIEGO FREEWAY),OF THE DEL AMO BLVD. O/C,126.1,N,N,A,-,Y,LA,NA,405,NA,NA,11.925,H,NA,R,Y,1,1,1,6,A,-,17,23114,A,N,C,C,A,A,C,-,E,D,0,NA,NA,NA,Y,Y,NA,-,-,0,0,1,0,0,0,0,0,0,-,-,33.846920013427734,-118.27111053466795,LOS ANGELES,CARSON,-118.27108764648438,33.84694290161133
9444980,2022,2022-06-17,1953,2022-05-03,1041,8091,1953,2,5,6,1953,0,0,0,NA,0,003,SIERRA MADRE BL,WALNUT ST,0,NA,Y,B,-,N,NA,NA,NA,NA,NA,NA,NA,NA,NA,Y,4,0,2,1,A,-,08,22107,NA,N,E,I,A,A,H,-,A,D,0,NA,NA,NA,NA,Y,NA,A,01,0,0,2,0,0,0,0,0,0,-,-,NA,NA,LOS ANGELES,PASADENA,-118.10141754150392,34.1480598449707
94449818,2024,2024-10-29,9535,2024-10-18,915,023022,NA,5,1,3,1914,0,1,1,NA,2,501,I-5 (SANTA ANA FREEWAY) S/B,ATLANTIC BLVD,110,S,N,A,-,Y,LA,NA,5,NA,NA,12.77,H,NA,L,N,3,0,1,2,A,-,03,22350,NA,F,C,C,A,A,H,-,A,D,0,NA,NA,NA,NA,Y,NA,-,99,0,1,0,0,0,0,0,0,0,-,-,34.008460998535156,-118.15837860107422,LOS ANGELES,COMMERCE,-118.15840911865234,34.00843811035156
94449836,2024,2024-10-29,9530,2024-09-21,120,023313,NA,6,3,9,1900,0,3,5,NA,2,002,WILMINGTON AVE. (1200 BLOCK),124TH ST,164,S,N,A,-,N,NA,NA,NA,NA,NA,NA,NA,NA,NA,Y,2,0,1,1,A,-,08,22107,NA,N,E,I,A,A,H,-,C,D,0,NA,NA,NA,NA,Y,NA,A,01,1,0,0,0,0,0,0,0,0,-,-,33.91933822631836,-118.23924255371094,LOS ANGELES,UNINCORPORATED,-118.23915863037108,33.91939163208008
94449862,2024,2024-10-29,9550,2024-10-14,1130,022498,NA,1,1,9,1900,0,1,1,NA,2,650,I-605 NB TO SR-60 WB,SR-60,40,N,N,A,-,Y,LA,NA,60,NA,NA,11.803,H,NA,L,N,3,0,1,1,A,-,08,22107,NA,N,E,I,A,A,H,-,A,D,0,NA,NA,NA,Y,Y,NA,G,25,0,1,0,0,0,0,0,0,0,-,-,34.0335807800293,-118.02559661865234,LOS ANGELES,UNINCORPORATED,-118.02571868896484,34.033409118652344
94449875,2024,2024-10-29,9590,2024-10-27,1533,023642,NA,7,2,7,1942,0,1,1,NA,2,012,SR-110 NORTHBOUND (ARROYO SECO PARKWAY),PASADENA AVE,143,N,N,A,-,Y,LA,NA,110,NA,NA,26.509,H,NA,R,Y,2,0,2,2,A,-,01,23152,A,N,B,C,A,A,H,-,A,D,0,NA,NA,NA,NA,Y,Y,A,07,1,0,1,0,0,0,0,0,0,-,-,34.08647155761719,-118.21219635009766,LOS ANGELES,LOS ANGELES,-118.2122039794922,34.08648681640625
94449884,2024,2024-10-29,9545,2024-10-16,1610,016124,NA,3,2,9,1900,0,3,5,NA,1,005,AVENUE O,152ND STREET EAST,0,NA,Y,A,-,N,NA,NA,NA,NA,NA,NA,NA,NA,NA,N,4,0,1,2,A,-,03,22350,NA,M,C,C,A,A,H,-,A,D,0,NA,NA,NA,NA,Y,NA,-,99,0,0,1,0,0,0,0,0,0,-,-,34.61656951904297,-117.85791015625,LOS ANGELES,UNINCORPORATED,-117.85798645019533,34.616539001464844
9444990,2022,2022-06-08,1953,2022-04-28,1822,7899,PASAD,4,5,6,1953,0,0,0,NA,0,003,ALTADENA DR,COOLEY PL,174,N,N,A,-,N,NA,NA,NA,NA,NA,NA,NA,NA,NA,Y,3,0,1,2,A,-,07,21658,NA,N,F,E,A,A,H,-,A,D,0,NA,NA,NA,NA,Y,NA,A,07,0,1,0,0,0,0,0,0,0,-,-,NA,NA,LOS ANGELES,PASADENA,-118.098388671875,34.16342544555664
94449922,2024,2025-05-30,9590,2024-10-18,2320,023957,NA,5,3,7,1942,0,1,1,NA,2,012,SR-110 N/B (ARROYO SECO PARKWAY) TO AVE 43,AVENUE 43,20,S,N,A,-,Y,LA,NA,110,NA,NA,27.075,H,NA,R,Y,3,0,1,1,A,-,08,22107,NA,N,E,I,A,A,H,-,C,D,0,NA,NA,NA,NA,Y,NA,A,01,0,1,0,0,0,0,0,0,0,-,-,34.09260177612305,-118.20597839355467,LOS ANGELES,LOS ANGELES,-118.20623779296876,34.09260940551758
94449925,2024,2024-10-30,9550,2024-10-20,2357,023053,NA,7,3,5,1908,0,1,3,NA,2,091,STATE ROUTE 91 WESTBOUND,CLARK AVENUE,528,E,N,A,-,Y,LA,NA,91,NA,R,15.233,H,NA,L,Y,4,0,1,4,A,-,03,22350,NA,N,C,C,A,A,H,-,C,D,0,NA,NA,NA,NA,Y,NA,A,07,0,0,1,0,0,0,0,0,0,-,-,33.876670837402344,-118.1320571899414,LOS ANGELES,BELLFLOWER,-118.13202667236328,33.87675094604492
94450300,2024,2024-10-30,9525,2024-10-16,1920,024046,NA,3,2,1,1934,0,1,1,NA,2,652,I-605 N/B FROM RAMONA BLVD.,RAMONA BLVD,400,N,N,A,-,Y,LA,NA,605,NA,NA,21.182,H,NA,R,N,3,0,1,2,A,-,03,22350,NA,N,C,C,A,A,H,-,A,A,0,NA,NA,NA,NA,Y,NA,D,22,0,1,0,0,0,0,0,0,0,-,-,34.0789909362793,-117.99761962890624,LOS ANGELES,IRWINDALE,-117.99783325195313,34.07899475097656
94450303,2024,2024-10-30,9575,2024-10-22,1715,022110,NA,2,2,6,1925,0,1,3,NA,2,042,SR-134 W/B (VENTURA FREEWAY),WEST ROAD EDGE OF SAN FERNANDO ROAD,44,E,N,A,-,Y,LA,NA,134,NA,R,5.935,H,NA,L,N,4,0,2,4,A,-,03,22350,NA,N,C,C,A,A,H,-,A,D,0,NA,NA,NA,NA,Y,NA,A,01,0,0,2,0,0,0,0,0,0,-,-,34.15388107299805,-118.27545166015624,LOS ANGELES,GLENDALE,-118.27546691894533,34.153926849365234
94450312,2024,2024-10-30,9575,2024-10-18,648,023009,NA,5,1,7,1942,0,1,1,NA,2,052,I-5 S/B (GOLDEN STATE FREEWAY),SOUTH EDGE OF LANKERSHIM BLVD O/C,18,N,N,A,-,Y,LA,NA,5,NA,NA,34.985,H,NA,L,N,3,0,2,3,A,-,08,22107,NA,N,E,8,A,A,H,-,A,D,0,NA,NA,NA,NA,Y,NA,A,01,0,1,1,0,0,0,0,0,0,-,-,34.2264289855957,-118.38770294189452,LOS ANGELES,LOS ANGELES,-118.38768005371094,34.226524353027344
94450342,2024,2024-10-30,9575,2024-10-24,1717,022940,NA,4,2,7,1942,0,1,1,NA,2,053,I-5 N/B (GOLDEN STATE FREEWAY),OSBORNE ST.,870,S,N,A,-,Y,LA,NA,5,NA,NA,37.253,H,NA,R,N,4,0,1,2,A,-,03,22350,NA,N,C,C,A,A,H,-,A,D,0,NA,NA,NA,NA,Y,NA,A,01,0,0,1,0,0,0,0,0,0,-,-,34.2430305480957,-118.42024993896484,LOS ANGELES,LOS ANGELES,-118.42040252685548,34.242919921875
94450378,2024,2024-10-30,9525,2024-10-24,600,023933,NA,4,1,6,1955,0,1,1,NA,2,107,I-10 W/B (SAN BERNARDINO FWY),KELLOGG DR,2500,E,N,A,-,Y,LA,NA,10,NA,NA,42.569,H,NA,L,N,4,0,1,2,A,-,03,22350,NA,F,C,C,A,A,H,-,C,D,0,NA,NA,NA,NA,Y,Y,-,99,0,0,1,0,0,0,0,0,0,-,-,34.06624984741211,-117.80476379394533,LOS ANGELES,POMONA,-117.8047103881836,34.06617736816406
9445041,2022,2022-05-26,1942,2022-03-26,1310,42928,0111,6,5,7,1942,0,0,0,A,0,24TL26,ARCADIA ST,BROADWAY,0,NA,Y,A,-,N,NA,NA,NA,NA,NA,NA,NA,NA,NA,N,3,0,1,2,A,-,08,22107,A,F,B,C,A,A,H,-,A,D,0,NA,NA,NA,NA,Y,NA,-,99,0,1,0,0,0,0,0,0,0,-,-,NA,NA,LOS ANGELES,LOS ANGELES,-118.24226379394533,34.057132720947266
9445042,2022,2022-06-06,1942,2022-03-29,1800,43931,0221,2,5,7,1942,0,0,0,B,0,2A66,BEVERLY BL,HELIOTROPE DR,0,NA,Y,A,-,N,NA,NA,NA,NA,NA,NA,NA,NA,NA,Y,3,0,2,2,A,-,09,21801,A,N,D,C,A,A,H,-,A,D,0,NA,NA,NA,NA,Y,NA,A,01,0,2,0,0,0,0,0,0,0,-,-,NA,NA,LOS ANGELES,LOS ANGELES,-118.29581451416016,34.07631301879883
94450486,2024,2024-10-30,9535,2024-10-19,45,023635,NA,6,3,5,1947,0,1,3,NA,2,620,SR-60 E/B (POMONA FREEWAY) FROM PARAMOUNT BLVD. S/,PARAMOUNT BLVD,0,NA,Y,A,-,Y,LA,NA,60,NA,R,7.774,H,NA,R,Y,3,0,3,1,A,-,01,23152,A,N,H,8,A,A,H,-,C,D,0,NA,NA,NA,NA,Y,Y,A,01,0,2,1,0,0,0,0,0,0,-,-,34.03582000732422,-118.09278869628906,LOS ANGELES,MONTEBELLO,-118.09283447265624,34.03593063354492
94450527,2024,2024-10-30,9580,2024-10-22,110,020791,NA,2,3,7,1942,0,1,2,NA,2,105,US-101 S/B (VENTURA FREEWAY),WHITE OAK AVE,1000,N,N,A,-,Y,LA,NA,101,NA,NA,20.442,H,NA,L,N,3,0,2,2,A,-,03,22350,NA,M,C,C,A,A,H,-,D,D,0,NA,NA,NA,NA,Y,NA,-,99,0,2,0,0,0,0,0,0,0,-,-,34.171051025390625,-118.52214813232422,LOS ANGELES,LOS ANGELES,-118.52214813232422,34.17109298706055
94450569,2024,2024-10-30,9575,2024-10-29,1455,021538,NA,2,2,6,1912,0,1,3,NA,2,044,SR-134 E/B (VENTURA FREEWAY),RIVERSIDE DR.,60,E,N,A,-,Y,LA,NA,134,NA,NA,2.929,H,NA,R,Y,3,0,1,2,A,-,03,22350,NA,N,C,C,A,A,H,-,A,D,0,NA,NA,NA,NA,Y,NA,A,07,0,1,0,0,0,0,0,0,0,-,-,34.15359878540039,-118.32621002197266,LOS ANGELES,BURBANK,-118.32620239257813,34.15357208251953
94450601,2024,2024-10-30,9535,2024-10-29,1830,022336,NA,2,2,9,1900,0,1,1,NA,2,650,I-605 N/B (SAN GABRIEL RIVER FREEWAY),VALLEY BLVD,1000,S,N,A,-,Y,LA,NA,605,NA,R,19.209,H,NA,R,Y,4,0,1,3,A,-,03,22350,NA,N,C,C,A,A,H,-,D,D,0,NA,NA,NA,Y,Y,NA,G,25,0,0,1,0,0,0,0,0,0,-,-,34.051639556884766,-118.00557708740234,LOS ANGELES,UNINCORPORATED,-118.00560760498048,34.05165100097656
94450659,2024,2024-10-30,9565,2024-10-18,640,022764,NA,5,1,7,1942,0,1,1,NA,2,061,I-405 N/B (SAN DIEGO FWY),JEFFERSON BLVD,500,S,N,A,-,Y,LA,NA,405,NA,NA,25.842,H,NA,R,N,4,0,1,2,A,-,03,22350,NA,N,C,C,A,A,H,-,A,D,0,NA,NA,NA,NA,Y,NA,D,22,0,0,1,0,0,0,0,0,0,-,-,33.986488342285156,-118.39801788330078,LOS ANGELES,LOS ANGELES,-118.39800262451172,33.98649978637695
94450704,2024,2024-10-30,9540,2024-10-29,430,019508,NA,2,3,9,1900,0,1,3,NA,1,143,SR-14 S/B,SIERRA HWY,528,S,N,A,-,Y,LA,NA,14,NA,R,25.055,H,NA,L,N,4,0,1,1,A,-,08,22107,NA,N,E,I,A,A,H,-,C,D,0,NA,NA,NA,NA,Y,NA,A,01,0,0,1,0,0,0,0,0,0,-,-,34.337501525878906,-118.50788879394533,LOS ANGELES,UNINCORPORATED,-118.50778198242188,34.337467193603516
94450721,2024,2024-10-30,9575,2024-10-20,1045,022918,NA,7,1,9,1900,0,3,5,NA,2,003,KAGEL CANYON RD (BLOCK #13000),LOPEZ CANYON RD,500,S,N,A,-,N,NA,NA,NA,NA,NA,NA,NA,NA,NA,Y,3,0,1,1,A,-,08,22107,NA,N,E,8,A,A,H,-,A,D,0,NA,NA,NA,NA,Y,NA,A,01,0,1,0,0,0,0,0,0,0,-,-,34.30508041381836,-118.37551879882813,LOS ANGELES,UNINCORPORATED,-118.3755111694336,34.305198669433594
94450728,2024,2024-10-30,9565,2024-10-18,745,024021,NA,5,1,9,1900,0,2,4,NA,2,022,NORMANDIE AVENUE,98TH ST,0,NA,Y,A,-,N,NA,NA,NA,NA,NA,NA,NA,NA,NA,N,4,0,1,2,A,-,09,21804,B,N,A,C,A,A,H,-,A,A,0,NA,NA,NA,NA,Y,NA,A,07,0,0,1,0,0,0,0,0,0,-,-,33.946868896484375,-118.30020141601564,LOS ANGELES,UNINCORPORATED,-118.3002700805664,33.94683837890625
94450732,2024,2024-10-30,9530,2024-10-18,950,023720,NA,5,1,7,1941,0,1,1,NA,2,420,I-405 N/B (SAN DIEGO FREEWAY),PALO VERDE AVE.,165,N,N,A,-,Y,LA,NA,405,NA,NA,1.2,H,NA,R,N,4,0,1,5,A,-,03,22350,NA,N,C,C,A,A,H,-,A,D,0,NA,NA,NA,NA,Y,NA,D,22,0,0,1,0,0,0,0,0,0,-,-,33.797550201416016,-118.10865020751952,LOS ANGELES,LONG BEACH,-118.1086196899414,33.797576904296875
94450760,2024,2024-10-30,9530,2024-10-18,1230,023457,NA,5,1,7,1941,0,1,3,NA,2,320,SR-91 E/B (ARTESIA FREEWAY),I-710,620,W,N,A,-,Y,LA,NA,91,NA,R,11.519,H,NA,R,N,4,0,3,3,A,-,03,22350,NA,N,C,C,A,A,H,-,A,D,0,NA,NA,NA,NA,Y,NA,D,22,0,0,3,0,0,0,0,0,0,-,-,33.874420166015625,-118.19554138183594,LOS ANGELES,LONG BEACH,-118.1955108642578,33.87437057495117
94450778,2024,2024-10-30,9535,2024-10-04,1900,022336,NA,5,2,9,1900,0,2,4,NA,2,022,OLYMPIC BLVD (5000 BLOCK),CLELA AVE.,35,E,N,A,-,N,NA,NA,NA,NA,NA,NA,NA,NA,NA,Y,2,0,2,3,A,-,01,23152,A,N,C,C,A,A,H,-,C,D,0,NA,NA,NA,NA,Y,Y,A,08,1,0,1,0,0,0,0,0,0,-,-,34.01696014404297,-118.16178894042967,LOS ANGELES,UNINCORPORATED,-118.16188049316406,34.016998291015625
94450787,2024,2024-10-30,9530,2024-10-18,1830,023511,NA,5,2,9,1900,0,3,5,NA,2,001,COMPTON AVE.,GAGE AVE.,0,NA,Y,A,-,N,NA,NA,NA,NA,NA,NA,NA,NA,NA,Y,4,0,1,2,D,-,00,NA,NA,N,A,C,A,A,H,-,C,A,0,NA,NA,NA,NA,Y,NA,-,-,0,0,1,0,0,0,0,0,0,-,-,33.98208999633789,-118.24771881103516,LOS ANGELES,UNINCORPORATED,-118.24774169921876,33.9820556640625
94450791,2024,2024-10-30,9575,2024-10-20,1245,022918,NA,7,1,9,1900,0,3,5,NA,2,001,ROSEMONT AVE. (BLOCK #4100),FAIRWAY AVE.,0,NA,Y,A,-,N,NA,NA,NA,NA,NA,NA,NA,NA,NA,Y,4,0,1,2,A,-,09,21802,A,N,D,C,A,A,H,-,A,A,0,NA,NA,NA,NA,Y,NA,A,01,0,0,1,0,0,0,0,0,0,-,-,34.2140007019043,-118.23526000976564,LOS ANGELES,UNINCORPORATED,-118.23517608642578,34.21391296386719
94450808,2024,2024-11-07,9545,2024-10-20,605,023505,NA,7,1,9,1900,0,3,5,NA,1,005,170TH ST E,AVENUE N-12,0,NA,Y,A,-,N,NA,NA,NA,NA,NA,NA,NA,NA,NA,Y,4,0,2,2,A,-,05,21752,D,N,C,C,A,A,H,-,A,A,0,NA,NA,NA,NA,Y,NA,D,22,0,0,2,0,0,0,0,0,0,-,-,34.62017059326172,-117.8269500732422,LOS ANGELES,UNINCORPORATED,-117.82711791992188,34.6312255859375
94450815,2024,2024-10-30,9535,2024-10-14,755,023941,NA,1,1,7,1942,0,3,5,NA,2,002,EAGLE ST,FETTERLY AVE,0,NA,Y,A,-,N,NA,NA,NA,NA,NA,NA,NA,NA,NA,N,4,0,3,2,A,-,09,21802,A,N,D,C,A,A,H,-,A,A,0,NA,NA,NA,NA,Y,NA,A,07,0,0,3,0,0,0,0,0,0,-,-,34.028690338134766,-118.16252899169922,LOS ANGELES,LOS ANGELES,-118.16252136230467,34.02869415283203
94450825,2024,2025-02-05,9530,2024-10-18,1745,023622,NA,5,2,9,1900,0,3,5,NA,2,006,SEPULVEDA BLVD.,NORMANDIE AVE,0,NA,Y,A,-,N,NA,NA,NA,NA,NA,NA,NA,NA,NA,Y,3,0,2,2,A,-,09,21801,A,N,D,C,A,A,H,-,A,A,0,NA,NA,NA,NA,Y,NA,A,01,0,2,0,0,0,0,0,0,0,-,-,33.81298065185547,-118.29812622070313,LOS ANGELES,UNINCORPORATED,-118.29820251464844,33.813026428222656
94450841,2024,2024-10-30,9535,2024-10-16,1245,023941,NA,3,1,9,1900,0,1,1,NA,2,501,I-5 S/B (SANTA ANA FREEWAY),SLAUSON AVE,880,N,N,A,-,Y,LA,NA,5,NA,NA,9.941,H,NA,L,N,4,0,1,3,A,-,03,22350,NA,N,C,C,A,A,H,-,A,D,0,NA,NA,NA,NA,Y,NA,A,07,0,0,1,0,0,0,0,0,0,-,-,33.977298736572266,-118.12664794921876,LOS ANGELES,UNINCORPORATED,-118.12657165527344,33.97734069824219
94450858,2024,2024-10-30,9540,2024-10-28,635,018037,NA,1,1,6,1985,0,1,3,NA,1,145,SR 14 S/B (ANTELOPE VALLEY FREEWAY),PLACERITA CANYON RD. U/C,1584,N,N,A,-,Y,LA,NA,14,NA,R,28.356,H,NA,L,Y,4,0,1,2,A,-,03,22350,NA,N,C,C,A,A,H,-,B,D,0,NA,NA,NA,NA,Y,NA,D,22,0,0,1,0,0,0,0,0,0,-,-,34.3804817199707,-118.49054718017578,LOS ANGELES,SANTA CLARITA,-118.49054718017578,34.38047790527344
94450881,2024,2024-10-30,9590,2024-10-21,1125,024024,NA,1,1,7,1942,0,1,1,NA,2,052,I-110 N/B (HARBOR FREEWAY),1ST STREET,550,N,N,A,-,Y,LA,NA,110,NA,NA,23.457,H,NA,R,N,4,0,2,2,A,-,03,22350,NA,N,C,C,A,A,H,-,A,D,0,NA,NA,NA,NA,Y,NA,A,01,0,0,2,0,0,0,0,0,0,-,-,34.05973815917969,-118.2519989013672,LOS ANGELES,LOS ANGELES,-118.25204467773438,34.05978012084961
94450887,2024,2024-10-30,9535,2024-10-11,225,023448,NA,5,3,5,1943,0,1,1,NA,2,104,I-105 (CENTURY FREEWAY) E/B,I-710,634,W,N,A,-,Y,LA,NA,105,NA,R,13.339,H,NA,R,N,4,0,1,2,A,-,03,22350,NA,N,C,C,A,A,H,-,A,D,0,NA,NA,NA,NA,Y,NA,A,01,0,0,1,0,0,0,0,0,0,-,-,33.91345977783203,-118.18225860595705,LOS ANGELES,LYNWOOD,-118.18229675292967,33.91339111328125
94450998,2024,2024-10-30,9540,2024-10-19,1440,023847,NA,6,2,6,1985,0,1,3,NA,1,143,SR-14 S/B (ANTELOPE VALLEY FREEWAY),SIERRA HWY,15,N,N,A,-,Y,LA,NA,14,NA,R,25.167,H,NA,L,N,4,0,1,2,A,-,03,22350,NA,F,C,C,A,A,H,-,A,D,0,NA,NA,NA,NA,Y,NA,-,99,0,0,1,0,0,0,0,0,0,-,-,34.3390007019043,-118.50708770751952,LOS ANGELES,SANTA CLARITA,-118.50716400146484,34.339019775390625
94451003,2024,2024-10-30,9540,2024-10-23,1045,019772,NA,3,1,7,1942,0,1,1,NA,1,501,I-5 S/B,ROXFORD ST,1584,S,N,A,-,Y,LA,NA,5,NA,NA,42.952,H,NA,L,N,4,0,1,2,A,-,03,22350,NA,N,C,C,A,A,H,-,A,D,0,NA,NA,NA,NA,Y,NA,D,22,0,0,1,0,0,0,0,0,0,-,-,34.30659866333008,-118.48297119140624,LOS ANGELES,LOS ANGELES,-118.4829559326172,34.306610107421875
94451025,2024,2024-10-30,9590,2024-10-20,2151,023638,NA,7,2,7,1942,0,1,1,NA,2,052,I-110 N/B (HARBOR FREWAY),1ST STREET,330,S,N,A,-,Y,LA,NA,110,NA,NA,23.268,H,NA,R,Y,3,0,3,3,A,-,01,23152,A,N,C,C,A,A,H,-,C,D,0,NA,NA,NA,NA,Y,Y,A,07,0,3,0,0,0,0,0,0,0,-,-,34.05773162841797,-118.25425720214844,LOS ANGELES,LOS ANGELES,-118.2542724609375,34.0577392578125
94451108,2024,2024-10-30,9550,2024-10-21,1140,017398,NA,1,1,5,1976,0,1,1,NA,2,650,INTERSTATE 605 (SAN GABRIEL RIVER FREEWAY),BEVERLY BOULEVARD,500,S,N,A,-,Y,LA,NA,605,NA,R,14.178,H,NA,R,N,4,0,1,2,A,-,03,22350,NA,N,C,C,A,A,H,-,A,D,0,NA,NA,NA,Y,Y,NA,A,01,0,0,1,0,0,0,0,0,0,-,-,34.00191116333008,-118.06655883789064,LOS ANGELES,WHITTIER,-118.06641387939452,34.001827239990234
94451132,2024,2024-10-30,9535,2024-08-20,1006,023372,NA,2,1,5,1943,0,1,1,NA,2,074,I-710 NB (LONG BEACH FREEWAY) FROM IMPERIAL HWY WB,IMPERIAL HWY,400,N,N,A,-,Y,NA,NA,NA,NA,NA,NA,NA,NA,NA,N,4,0,1,3,A,-,03,22350,NA,N,C,C,A,A,H,-,A,A,0,NA,NA,NA,NA,Y,NA,D,22,0,0,1,0,0,0,0,0,0,-,-,33.93196105957031,-118.17780303955078,LOS ANGELES,LYNWOOD,-118.17864227294922,33.930816650390625
94451175,2024,2024-10-30,9535,2024-10-11,1550,023462,NA,5,2,9,1900,0,2,4,NA,2,025,ATLANTIC BLVD (900 BLOCK),LOIUS PL,59,N,N,A,-,N,NA,NA,NA,NA,NA,NA,NA,NA,NA,N,3,0,1,2,A,-,09,21801,A,N,B,G,A,A,H,-,A,D,0,NA,Y,NA,NA,Y,NA,A,01,0,1,0,0,0,0,1,0,0,-,-,34.019561767578125,-118.1575927734375,LOS ANGELES,UNINCORPORATED,-118.15757751464844,34.019466400146484
94451176,2024,2024-10-30,9535,2024-10-19,450,023297,NA,6,3,9,1900,0,1,1,NA,2,650,I-605 N/B (SAN GABRIEL RIVER FWY),VALLEY BLVD,2640,S,N,A,-,Y,LA,NA,605,NA,R,18.656,H,NA,R,Y,4,0,2,3,A,-,04,21703,NA,N,C,C,A,A,H,-,D,A,0,NA,NA,NA,NA,Y,NA,A,01,0,0,2,0,0,0,0,0,0,-,-,34.0443000793457,-118.00975036621094,LOS ANGELES,UNINCORPORATED,-118.0098114013672,34.04433059692383