CASE_ID,ACCIDENT_YEAR,PROC_DATE,JURIS,COLLISION_DATE,COLLISION_TIME,OFFICER_ID,REPORTING_DISTRICT,DAY_OF_WEEK,CHP_SHIFT,POPULATION,CNTY_CITY_LOC,SPECIAL_COND,BEAT_TYPE,CHP_BEAT_TYPE,CITY_DIVISION_LAPD,CHP_BEAT_CLASS,BEAT_NUMBER,PRIMARY_RD,SECONDARY_RD,DISTANCE,DIRECTION,INTERSECTION,WEATHER_1,WEATHER_2,STATE_HWY_IND,CALTRANS_COUNTY,CALTRANS_DISTRICT,STATE_ROUTE,ROUTE_SUFFIX,POSTMILE_PREFIX,POSTMILE,LOCATION_TYPE,RAMP_INTERSECTION,SIDE_OF_HWY,TOW_AWAY,COLLISION_SEVERITY,NUMBER_KILLED,NUMBER_INJURED,PARTY_COUNT,PRIMARY_COLL_FACTOR,PCF_CODE_OF_VIOL,PCF_VIOL_CATEGORY,PCF_VIOLATION,PCF_VIOL_SUBSECTION,HIT_AND_RUN,TYPE_OF_COLLISION,MVIW,PED_ACTION,ROAD_SURFACE,ROAD_COND_1,ROAD_COND_2,LIGHTING,CONTROL_DEVICE,CHP_ROAD_TYPE,PEDESTRIAN_ACCIDENT,BICYCLE_ACCIDENT,MOTORCYCLE_ACCIDENT,TRUCK_ACCIDENT,NOT_PRIVATE_PROPERTY,ALCOHOL_INVOLVED,STWD_VEHTYPE_AT_FAULT,CHP_VEHTYPE_AT_FAULT,COUNT_SEVERE_INJ,COUNT_VISIBLE_INJ,COUNT_COMPLAINT_PAIN,COUNT_PED_KILLED,COUNT_PED_INJURED,COUNT_BICYCLIST_KILLED,COUNT_BICYCLIST_INJURED,COUNT_MC_KILLED,COUNT_MC_INJURED,PRIMARY_RAMP,SECONDARY_RAMP,LATITUDE,LONGITUDE,COUNTY,CITY,POINT_X,POINT_Y
94453489,2024,2024-11-01,9580,2024-10-29,1500,022551,NA,2,2,7,1942,0,1,3,NA,2,114,SR-118 E/B (RONALD REAGAN FWY.),I-405 (SAN DIEGO FREEWAY),1050,E,N,A,-,Y,LA,NA,118,NA,R,10.026,H,NA,R,Y,3,0,1,2,A,-,03,22350,NA,N,C,C,A,A,H,-,A,D,0,NA,NA,NA,NA,Y,NA,A,01,0,1,0,0,0,0,0,0,0,-,-,34.26580047607422,-118.46832275390624,LOS ANGELES,LOS ANGELES,-118.46832275390624,34.26585388183594
94453499,2024,2024-11-01,9540,2024-10-04,145,022225,NA,5,3,9,1900,0,2,4,NA,1,201,SIERRA HIGHWAY,DAVENPORT ROAD,3,N,N,A,-,N,NA,NA,NA,NA,NA,NA,NA,NA,NA,N,3,0,1,1,A,-,01,23152,A,M,E,I,A,A,H,-,C,A,0,NA,NA,NA,NA,Y,Y,A,01,0,1,0,0,0,0,0,0,0,-,-,34.481929779052734,-118.38807678222656,LOS ANGELES,UNINCORPORATED,-118.38825988769533,34.481868743896484
94453519,2024,2024-11-01,9545,2024-10-20,220,023770,NA,7,3,9,1900,0,3,5,NA,2,004,SR-138 W/B,72ND ST  E,450,E,N,A,-,N,NA,NA,NA,NA,NA,NA,NA,NA,NA,Y,4,0,1,3,A,-,03,22350,NA,F,A,E,E,A,H,-,C,A,0,Y,NA,NA,NA,Y,NA,-,99,0,0,1,0,1,0,0,0,0,-,-,34.52103042602539,-117.99965667724608,LOS ANGELES,UNINCORPORATED,-117.99974822998048,34.52103042602539
9445352,2022,2022-06-03,1972,2022-04-12,0654,22206,NA,2,5,6,1972,0,0,0,NA,0,NA,HAWTHORNE BL,VIA VALMONTE,0,NA,Y,A,-,N,NA,NA,NA,NA,NA,NA,NA,NA,NA,Y,3,0,2,2,A,-,12,21453,A,N,D,C,A,A,H,-,A,A,0,NA,NA,NA,NA,Y,NA,A,NA,0,1,1,0,0,0,0,0,0,-,-,NA,NA,LOS ANGELES,TORRANCE,-118.35105895996094,33.798439025878906
94453538,2024,2024-11-01,9540,2024-10-18,2110,023400,NA,5,2,6,1985,0,1,3,NA,1,145,SR-14 S/B,VIA PRINCESSA,1800,S,N,A,-,Y,LA,NA,14,NA,R,27.74,H,NA,L,Y,2,0,2,2,A,-,03,22350,NA,N,D,C,A,A,H,-,C,D,0,NA,NA,NA,NA,Y,Y,A,01,1,0,1,0,0,0,0,0,0,-,-,34.37406921386719,-118.49790191650392,LOS ANGELES,SANTA CLARITA,-118.4979248046875,34.37409210205078
94453545,2024,2024-11-01,9580,2024-10-24,1106,022573,NA,4,1,7,1942,0,1,3,NA,2,171,SR-170 S/B (HOLLYWOOD FWY.),RIVERSIDE DRIVE,115,S,N,A,-,Y,LA,NA,170,NA,R,14.824,H,NA,L,N,4,0,1,2,A,-,08,22107,NA,M,B,C,A,A,H,-,A,D,0,NA,NA,NA,NA,Y,NA,-,99,0,0,1,0,0,0,0,0,0,-,-,34.15726089477539,-118.3794174194336,LOS ANGELES,LOS ANGELES,-118.37947082519533,34.15724563598633
94453546,2024,2024-11-26,9545,2024-10-30,1900,023856,NA,3,2,9,1900,0,3,5,NA,2,004,AVENUE T,106TH STREET EAST,0,NA,Y,A,-,N,NA,NA,NA,NA,NA,NA,NA,NA,NA,Y,4,0,5,2,A,-,09,21800,A,N,D,C,A,A,H,-,A,A,0,NA,NA,NA,NA,Y,NA,A,07,0,0,5,0,0,0,0,0,0,-,-,34.542930603027344,-117.94048309326172,LOS ANGELES,UNINCORPORATED,-117.94046783447266,34.54290008544922
9445355,2021,2022-06-08,1972,2021-10-06,0115,18263,NA,3,5,6,1972,0,0,0,NA,0,NA,HAWTHORNE,226,450,S,N,B,-,Y,LA,7,107,-,-,1.16,H,-,S,Y,4,0,1,1,A,-,08,22107,NA,N,F,I,A,A,H,-,C,D,0,NA,NA,NA,NA,Y,NA,A,NA,0,0,1,0,0,0,0,0,0,-,-,NA,NA,LOS ANGELES,TORRANCE,-118.35118103027344,33.82200241088867
9445356,2022,2022-06-03,1972,2022-04-08,1642,21239,NA,5,5,6,1972,0,0,0,NA,0,NA,HAWTHORNE BL,244TH ST,0,NA,Y,A,-,N,NA,NA,NA,NA,NA,NA,NA,NA,NA,Y,3,0,3,2,A,-,09,21801,A,N,D,C,A,A,H,-,A,A,0,NA,NA,NA,NA,Y,NA,A,NA,0,2,1,0,0,0,0,0,0,-,-,NA,NA,LOS ANGELES,TORRANCE,-118.35120391845705,33.801822662353516
94453561,2024,2024-11-01,9535,2024-10-20,1224,023022,NA,7,1,6,1922,0,1,1,NA,2,400,"I-10 (SAN BERNARDINO FREEWAY) E/B, TO PECK RD. N/B",PECK RD,13,E,N,A,-,Y,NA,NA,NA,NA,NA,NA,NA,NA,NA,N,4,0,2,2,A,-,21,22106,NA,N,C,C,A,A,H,-,A,A,0,NA,NA,NA,NA,Y,NA,A,07,0,0,2,0,0,0,0,0,0,-,-,34.06747055053711,-118.02921295166016,LOS ANGELES,EL MONTE,-118.0290756225586,34.067901611328125
94453580,2024,2024-11-01,9535,2024-10-20,1712,023450,NA,7,2,9,1900,0,2,4,NA,2,011,EASTERN AVE.,OLYMPIC BLVD.,0,NA,Y,A,-,N,NA,NA,NA,NA,NA,NA,NA,NA,NA,Y,3,0,3,2,A,-,09,21801,A,N,A,C,A,A,H,-,A,A,0,NA,NA,NA,NA,Y,NA,-,-,0,3,0,0,0,0,0,0,0,-,-,34.018978118896484,-118.17388916015624,LOS ANGELES,UNINCORPORATED,-118.17390441894533,34.0189094543457
94453581,2024,2024-11-01,9590,2024-10-25,415,023970,NA,5,3,7,1942,0,1,1,NA,2,021,I-10 W/B (SAN BERNARDINO FREEWAY),SOTO ST,800,W,N,A,-,Y,LA,NA,10,NA,NA,18.857,H,NA,L,Y,3,0,1,2,A,-,08,22107,NA,N,B,2,A,A,H,-,C,D,0,NA,NA,NA,NA,Y,NA,A,01,0,1,0,0,0,0,0,0,0,-,-,34.0536994934082,-118.20633697509766,LOS ANGELES,LOS ANGELES,-118.2063446044922,34.05374526977539
9445360,2022,2022-06-08,1942,2022-04-25,0330,43967,0559,1,5,7,1942,0,0,0,E,0,5A55,NAVY WY,SEASIDE AV,10,W,N,A,-,N,NA,NA,NA,NA,NA,NA,NA,NA,NA,Y,3,0,1,2,A,-,03,22350,NA,N,A,I,A,A,H,-,C,A,0,NA,NA,NA,NA,Y,NA,A,01,0,1,0,0,0,0,0,0,0,-,-,NA,NA,LOS ANGELES,LOS ANGELES,-118.25169372558594,33.753910064697266
9445365,2022,2022-06-03,1942,2022-04-10,1800,43789,1203,7,5,7,1942,0,0,0,L,0,12A69,VERMONT AV,50TH ST,20,N,N,A,-,N,NA,NA,NA,NA,NA,NA,NA,NA,NA,Y,2,0,2,3,A,-,03,22350,NA,N,F,E,A,A,H,-,A,A,0,NA,NA,NA,NA,Y,NA,A,01,1,1,0,0,0,0,0,0,0,-,-,NA,NA,LOS ANGELES,LOS ANGELES,-118.29154205322266,33.99785614013672
9445369,2022,2022-06-08,1942,2022-04-30,1730,38202,1842,6,5,7,1942,0,0,0,R,0,25MX84,IMPERIAL HWY,GRAND AV,140,E,N,B,-,Y,LA,7,110,-,-,13.701,R,4,S,Y,3,0,2,2,A,-,01,23152,A,N,C,C,A,A,H,-,A,D,0,NA,NA,NA,NA,Y,Y,A,07,0,2,0,0,0,0,0,0,0,-,-,NA,NA,LOS ANGELES,LOS ANGELES,-118.28124237060548,33.92705535888672
94453707,2024,2024-11-01,9535,2024-10-21,1245,023443,NA,1,1,9,1900,0,2,4,NA,2,025,ATLANTIC BLVD (BLOCK# 900),VERONA ST,0,NA,Y,A,-,N,NA,NA,NA,NA,NA,NA,NA,NA,NA,N,3,0,1,2,A,-,10,21950,A,F,G,B,B,A,H,-,A,A,0,Y,NA,NA,NA,Y,NA,-,99,0,1,0,0,1,0,0,0,0,-,-,34.0182991027832,-118.15785980224608,LOS ANGELES,UNINCORPORATED,-118.15795135498048,34.01823425292969
9445371,2022,2022-10-31,1942,2022-05-13,1405,42251,2177,5,5,7,1942,0,0,0,NA,0,26T90,TOPANGA CANYON BL,BURBANK BL,35,S,N,A,-,Y,LA,7,27,-,-,12.5,H,-,N,N,4,0,1,2,A,-,00,20015,NA,F,C,C,A,A,H,-,A,A,0,NA,NA,NA,NA,Y,NA,A,01,0,0,1,0,0,0,0,0,0,-,-,NA,NA,LOS ANGELES,LOS ANGELES,-118.60578155517578,34.17167663574219
94453725,2024,2024-11-01,9545,2024-10-25,1519,022558,NA,5,2,9,1900,0,3,5,NA,2,004,87TH ST  E,AVENUE T-8,0,NA,Y,A,-,N,NA,NA,NA,NA,NA,NA,NA,NA,NA,Y,4,0,2,2,A,-,09,21802,A,N,D,C,A,A,H,-,A,A,0,NA,NA,NA,NA,Y,NA,A,01,0,0,2,0,0,0,0,0,0,-,-,34.53565979003906,-117.9748764038086,LOS ANGELES,UNINCORPORATED,-117.97483825683594,34.53562927246094
94453732,2024,2024-11-01,9580,2024-10-23,2200,021963,NA,3,3,7,1942,0,1,3,NA,2,171,SR-170 S/B (HOLLYWOOD FWY.) TO SHERMAN WAY,SHERMAN WAY,150,S,N,A,-,Y,NA,NA,NA,NA,NA,NA,NA,NA,NA,Y,4,0,2,2,A,-,01,23152,A,N,C,C,A,A,H,-,C,D,0,NA,NA,NA,NA,Y,Y,A,08,0,0,2,0,0,0,0,0,0,-,-,34.201751708984375,-118.40435028076172,LOS ANGELES,LOS ANGELES,-118.40365600585938,34.20102310180664
9445375,2022,2022-06-13,1942,2022-05-15,1910,42818,2103,7,5,7,1942,0,0,0,NA,0,26T32W,TOPANGA CANYON BL,CHASE ST,25,N,N,A,-,Y,LA,7,27,-,-,16.15,H,-,N,Y,3,0,2,2,A,-,01,23153,A,N,B,C,A,A,H,-,A,A,0,NA,NA,NA,NA,Y,Y,A,07,0,2,0,0,0,0,0,0,0,-,-,NA,NA,LOS ANGELES,LOS ANGELES,-118.60591888427734,34.22439956665039
9445377,2022,2022-06-03,1972,2022-04-29,1550,22182,NA,5,5,6,1972,0,0,0,NA,0,NA,CRENSHAW,PACIFIC COAST HWY,285,NA,N,A,-,N,NA,NA,NA,NA,NA,NA,NA,NA,NA,Y,4,0,1,2,A,-,04,21703,NA,N,C,C,A,A,H,-,A,D,0,NA,NA,NA,NA,Y,NA,A,NA,0,0,1,0,0,0,0,0,0,-,-,NA,NA,LOS ANGELES,TORRANCE,-118.33319091796876,33.7921028137207
9445381,2022,2022-06-08,1972,2022-04-22,0903,22116,NA,5,5,6,1972,0,0,0,NA,0,NA,HAWTHORNE BL,190TH ST,487,S,N,A,-,Y,LA,7,107,-,-,3.58,H,-,S,N,4,0,1,2,A,-,08,22107,NA,N,B,-,A,A,H,-,A,D,0,NA,NA,NA,NA,Y,NA,A,NA,0,0,1,0,0,0,0,0,0,-,-,NA,NA,LOS ANGELES,TORRANCE,-118.35381317138672,33.85690689086914
9445385,2022,2022-06-08,1972,2022-04-08,2252,22166,NA,5,5,6,1972,0,0,0,NA,0,NA,PACIFIC COAST HWY,AIRPORT DR,442,W,N,A,-,Y,LA,7,1,-,-,14.42,H,-,S,Y,4,0,2,1,A,-,08,22107,NA,N,E,I,A,A,H,-,C,D,0,NA,NA,NA,NA,Y,NA,A,NA,0,0,2,0,0,0,0,0,0,-,-,NA,NA,LOS ANGELES,TORRANCE,-118.33035278320313,33.79000473022461
9445393,2022,2022-06-15,1944,2022-05-10,2237,382,M6,2,5,4,1944,0,0,0,NA,0,0M2,SEPULVEDA BL,33RD ST,6,S,N,A,-,Y,LA,7,1,-,-,23.701,I,5,S,Y,3,0,1,2,A,-,12,21453,A,N,D,C,A,A,H,-,C,A,0,NA,NA,NA,NA,Y,NA,A,07,0,1,0,0,0,0,0,0,0,-,-,33.899051666259766,-118.3960418701172,LOS ANGELES,MANHATTAN BEACH,-118.3961181640625,33.89901351928711
9445418,2022,2022-06-13,1972,2022-05-07,1827,21239,NA,6,5,6,1972,0,0,0,NA,0,NA,HAWTHORN BL,ARTESIA BL,0,NA,Y,A,-,Y,LA,7,107,-,-,4.696,I,5,N,Y,3,0,5,4,A,-,12,21453,A,N,D,C,A,A,H,-,A,A,0,NA,NA,NA,NA,Y,NA,A,NA,0,1,4,0,0,0,0,0,0,-,-,NA,NA,LOS ANGELES,TORRANCE,-118.35235595703124,33.87282180786133
9445422,2022,2022-06-13,1972,2022-05-10,1020,22097,NA,2,5,6,1972,0,0,0,NA,0,NA,HAWTHORNE BL,LOMITA BL,0,NA,Y,A,-,Y,LA,7,107,-,-,0.747,I,5,N,Y,3,0,2,2,C,-,18,NA,NA,N,D,C,A,A,H,-,A,A,0,NA,NA,NA,NA,Y,NA,-,-,0,1,1,0,0,0,0,0,0,-,-,NA,NA,LOS ANGELES,TORRANCE,-118.35099029541016,33.81587219238281
9445426,2022,2022-06-13,1972,2022-05-07,1252,21151,NA,6,5,6,1972,0,0,0,NA,0,NA,PACIFIC COAST HWY,SKYLINE DR,530,W,N,A,-,Y,LA,7,1,-,-,14.46,H,-,N,Y,3,0,1,2,A,-,07,21658,A,N,D,C,A,A,H,-,A,A,0,NA,NA,Y,NA,Y,NA,A,NA,0,1,0,0,0,0,0,0,1,-,-,NA,NA,LOS ANGELES,TORRANCE,-118.3308563232422,33.79045867919922
9445434,2022,2022-06-13,1942,2022-05-01,1640,40275,1176,7,5,7,1942,0,0,0,K,0,24TL52,RIVERSIDE DR,RT 5,0,NA,Y,A,-,Y,LA,7,5,-,-,21.859,R,4,N,Y,2,0,1,2,A,-,09,21801,A,N,D,G,A,A,H,-,A,D,0,NA,Y,NA,NA,Y,NA,A,01,1,0,0,0,0,0,1,0,0,-,NO,NA,NA,LOS ANGELES,LOS ANGELES,-118.2427978515625,34.09455108642578
9445437,2022,2022-06-15,1967,2022-05-25,1917,159,NA,3,5,2,1967,0,0,0,NA,0,SOUTH,RT 1,FREEMAN AV,0,NA,Y,A,-,Y,LA,7,1,-,-,4.321,I,5,N,Y,4,0,1,2,A,-,09,21801,A,F,D,C,A,A,H,-,A,D,0,NA,NA,NA,NA,Y,NA,A,07,0,0,1,0,0,0,0,0,0,-,-,NA,NA,LOS ANGELES,SIGNAL HILL,-118.15564727783205,33.789913177490234
9445454,2022,2022-06-21,1942,2022-02-25,1845,44685,1485,5,5,7,1942,0,0,0,N,0,14A76,LINCOLN BL,SEPULVEDA BL,20,W,N,A,-,Y,LA,7,1,-,-,27.405,I,5,N,Y,4,0,1,1,A,-,03,22350,NA,N,E,J,A,A,H,-,C,A,0,NA,NA,NA,NA,Y,NA,A,01,0,0,1,0,0,0,0,0,0,-,-,NA,NA,LOS ANGELES,LOS ANGELES,-118.39658355712892,33.952335357666016
9445455,2022,2022-06-07,1900,2022-04-08,2115,619845,2112,5,5,5,1943,0,0,0,NA,0,212T4,LONG BEACH BL,IMPERIAL HWY,0,NA,Y,A,-,N,NA,NA,NA,NA,NA,NA,NA,NA,NA,Y,4,0,1,2,A,-,12,21453,A,N,A,C,A,A,H,-,C,A,0,NA,NA,NA,NA,Y,NA,A,01,0,0,1,0,0,0,0,0,0,-,-,NA,NA,LOS ANGELES,LYNWOOD,-118.21165466308594,33.930503845214844
9445458,2022,2022-06-21,1942,2022-02-26,2329,21195,1496,6,5,7,1942,0,0,0,N,0,3A104,SEPULVEDA BL,CENTURY BL,0,NA,Y,A,-,Y,LA,7,1,-,-,26.962,I,5,N,Y,3,0,2,2,A,-,01,23152,A,N,D,C,A,A,H,-,C,A,0,NA,NA,NA,NA,Y,Y,A,08,0,1,1,0,0,0,0,0,0,-,-,NA,NA,LOS ANGELES,LOS ANGELES,-118.39611053466795,33.94554138183594
9445459,2022,2022-06-13,1956,2022-05-15,2250,1384,20,7,5,5,1956,0,0,0,NA,0,002,PACIFIC COAST HWY,GUADALUPE AV,125,S,N,-,-,Y,LA,7,1,-,-,20.34,H,-,S,NA,4,0,1,2,A,-,08,22107,NA,N,C,E,A,A,H,-,C,D,0,NA,NA,NA,NA,Y,NA,A,01,0,0,1,0,0,0,0,0,0,-,-,NA,NA,LOS ANGELES,REDONDO BEACH,-118.3889617919922,33.850425720214844
9445462,2022,2022-06-16,1900,2022-02-17,1641,536345,0973,4,5,4,1979,0,0,0,NA,0,92T1,FOUNTAIN AV,FULLER AV,74,N,N,A,-,N,NA,NA,NA,NA,NA,NA,NA,NA,NA,N,4,0,1,2,A,-,09,21801,A,N,B,C,A,A,H,-,A,A,0,NA,NA,NA,NA,Y,NA,A,01,0,0,1,0,0,0,0,0,0,-,-,34.05398941040039,-118.28585052490234,LOS ANGELES,WEST HOLLYWOOD,-118.35009765625,34.0943717956543
9445463,2022,2022-06-13,1942,2022-05-17,1505,32973,0215,2,5,7,1942,0,0,0,B,0,24TL21,SILVER LAKE BL,LONDON ST,300,W,N,A,-,Y,LA,7,101,-,-,3.688,R,4,S,N,4,0,1,2,A,-,11,21954,A,F,G,B,-,A,H,-,A,D,0,Y,NA,NA,NA,Y,NA,N,60,0,0,1,0,1,0,0,0,0,-,-,NA,NA,LOS ANGELES,LOS ANGELES,-118.2800064086914,34.076725006103516
9445466,2022,2022-06-13,1900,2022-02-17,1640,536345,0972,4,5,4,1979,0,0,0,NA,0,92T1,LA CIENEGA BL,ROSEWOOD AV,74,N,N,A,-,N,NA,NA,NA,NA,NA,NA,NA,NA,NA,N,3,0,1,2,A,-,04,21703,NA,N,C,C,A,A,H,-,A,D,0,NA,NA,Y,NA,Y,NA,C,02,0,1,0,0,0,0,0,0,1,-,-,34.04494857788086,-118.22354888916016,LOS ANGELES,WEST HOLLYWOOD,-118.37656402587892,34.08038330078125
9445470,2022,2022-06-21,1900,2022-03-06,0140,606099,0975,7,5,4,1979,0,0,0,NA,0,93T3,FAIRFAX AV,SANTA MONICA BL,0,NA,Y,A,-,N,NA,NA,NA,NA,NA,NA,NA,NA,NA,Y,3,0,4,3,A,-,12,21453,A,N,D,C,A,A,H,-,C,A,0,NA,NA,NA,NA,Y,NA,A,01,0,4,0,0,0,0,0,0,0,-,-,34.090850830078125,-118.36154174804688,LOS ANGELES,WEST HOLLYWOOD,-118.36147308349608,34.09083938598633
9445475,2022,2022-06-13,1941,2022-05-13,2129,10937,NA,5,5,7,1941,0,0,0,NA,0,NA,PACIFIC COAST HWY,PALMER CT,0,NA,Y,A,-,Y,LA,7,1,-,-,6.34,H,-,N,N,4,0,1,2,A,-,09,21804,A,F,D,G,A,A,H,-,C,D,0,NA,Y,NA,NA,Y,NA,A,NA,0,0,1,0,0,0,1,0,0,-,-,NA,NA,LOS ANGELES,LONG BEACH,-118.19056701660156,33.789920806884766
94454770,2024,2024-11-01,9535,2024-10-22,1535,023384,NA,2,2,9,1900,0,2,4,NA,2,014,CESAR E CHAVEZ AVE (3700 BLOCK),GAGE AVE,25,W,N,A,-,N,NA,NA,NA,NA,NA,NA,NA,NA,NA,N,4,0,1,4,A,-,03,22350,NA,N,C,C,A,A,H,-,A,A,0,NA,NA,NA,NA,Y,NA,A,01,0,0,1,0,0,0,0,0,0,-,-,34.04056930541992,-118.18482208251952,LOS ANGELES,UNINCORPORATED,-118.18473052978516,34.04051971435547
9445478,2022,2022-06-21,1900,2022-03-27,2221,623000,2607,7,5,6,1950,0,0,0,NA,0,265A,AVE S,47TH ST EAST,70,W,N,A,-,Y,LA,7,138,-,-,49.971,I,6,E,Y,4,0,1,3,A,-,08,22100,A,F,C,C,A,A,H,-,C,A,0,NA,NA,NA,NA,Y,NA,A,01,0,0,1,0,0,0,0,0,0,-,-,34.55815124511719,-118.04572296142578,LOS ANGELES,PALMDALE,-118.04535675048828,34.55806350708008
9445479,2022,2022-06-13,1941,2022-05-12,1630,11248,NA,4,5,7,1941,0,0,0,NA,0,NA,PACIFIC COAST HWY,CLARK AV,600,W,N,A,-,Y,LA,7,1,-,-,2.99,H,-,N,Y,3,0,2,2,A,-,08,22107,NA,N,D,C,A,A,H,-,A,D,0,NA,NA,NA,NA,Y,NA,A,NA,0,2,0,0,0,0,0,0,0,-,-,NA,NA,LOS ANGELES,LONG BEACH,-118.13561248779295,33.78507995605469
94454799,2024,2024-11-01,9575,2024-10-22,1858,023031,NA,2,2,7,1942,0,1,1,NA,2,053,I-5 N/B (GOLDEN STATE FREEWAY),VAN NUYS BLVD.,980,S,N,A,-,Y,LA,NA,5,NA,NA,38.324,H,NA,R,N,4,0,1,2,A,-,03,22350,NA,N,C,C,A,A,H,-,D,D,0,NA,NA,NA,NA,Y,NA,A,01,0,0,1,0,0,0,0,0,0,-,-,34.25468826293945,-118.4326629638672,LOS ANGELES,LOS ANGELES,-118.43274688720705,34.25463104248047
94454800,2024,2024-11-01,9530,2024-10-22,742,017755,NA,2,1,5,1977,0,1,1,NA,2,410,I-405 S/B (SAN DIEGO FREEWAY0,WILMINGTON AVE.,2575,N,N,A,-,Y,LA,NA,405,NA,NA,10.083,H,NA,L,Y,4,0,1,2,A,-,03,22350,NA,N,C,C,A,A,H,-,A,D,0,NA,NA,NA,NA,Y,NA,A,01,0,0,1,0,0,0,0,0,0,-,-,33.82651138305664,-118.25028228759766,LOS ANGELES,CARSON,-118.25031280517578,33.82645797729492
94454801,2024,2024-11-01,9535,2024-10-22,645,022842,NA,2,1,5,1943,0,1,1,NA,2,075,I-710 S/B (LONG BEACH FREEWAY),I-105  W/B (CENTURY FREEWAY),2112,N,N,A,-,Y,LA,NA,710,NA,R,16.12,H,NA,L,Y,4,0,2,2,A,-,03,22350,NA,N,C,C,A,A,H,-,A,D,0,NA,NA,NA,NA,Y,NA,A,01,0,0,2,0,0,0,0,0,0,-,-,33.91899108886719,-118.17887878417967,LOS ANGELES,LYNWOOD,-118.17891693115234,33.91899490356445
94454812,2024,2024-11-01,9575,2024-08-17,1555,023413,NA,6,2,7,1942,0,1,1,NA,2,053,I-5 N/B (GOLDEN STATE FREEWAY),VAN NUYS BLVD,384,N,N,A,-,Y,LA,NA,5,NA,NA,38.599,H,NA,R,Y,2,0,2,6,A,-,03,22350,NA,N,C,C,A,A,H,-,A,D,0,NA,NA,NA,Y,Y,NA,G,25,1,1,0,0,0,0,0,0,0,-,-,34.2576789855957,-118.43582916259766,LOS ANGELES,LOS ANGELES,-118.4359130859375,34.25762176513672
9445482,2022,2022-06-23,1942,2022-04-10,1325,40388,1901,7,5,7,1942,0,0,0,NA,0,26TL77,SIERRA HWY,RT 5,200,E,N,A,-,Y,LA,7,14,U,-,24.33,H,-,N,N,2,0,2,1,A,-,03,22350,NA,N,E,I,A,A,G,-,A,A,0,NA,NA,Y,NA,Y,NA,C,02,1,1,0,0,0,0,0,0,2,-,-,NA,NA,LOS ANGELES,LOS ANGELES,-118.50485229492188,34.33418273925781
9445483,2022,2022-06-10,1900,2022-05-03,0616,606099,0973,2,5,4,1979,0,0,0,NA,0,92T3,LA BREA AV,SANTA MONICA BL,0,NA,Y,A,-,N,NA,NA,NA,NA,NA,NA,NA,NA,NA,Y,3,0,1,2,A,-,09,21801,NA,N,D,C,A,A,H,-,A,A,0,NA,NA,NA,NA,Y,NA,A,07,0,1,0,0,0,0,0,0,0,-,-,34.09080123901367,-118.34407043457033,LOS ANGELES,WEST HOLLYWOOD,-118.34407806396484,34.09070587158203
94454834,2024,2024-11-01,9545,2024-10-29,1338,019414,NA,2,1,9,1900,0,1,3,NA,1,042,SR-138,165TH ST EAST,75,W,N,B,-,Y,LA,NA,138,NA,NA,63.661,H,NA,R,Y,4,0,1,2,A,-,03,22350,NA,N,C,C,A,A,H,-,A,A,0,NA,NA,NA,NA,Y,NA,A,01,0,0,1,0,0,0,0,0,0,-,-,34.50606918334961,-117.83577728271484,LOS ANGELES,UNINCORPORATED,-117.83577728271484,34.50604248046875
9445494,2022,2022-06-13,1900,2022-04-23,1620,629486,2603,6,5,6,1950,0,0,0,NA,0,263T1,PEARBLOSSOM HWY,30TH ST E,0,NA,Y,A,-,N,NA,NA,NA,NA,NA,NA,NA,NA,NA,Y,2,0,1,2,A,-,07,21658,A,N,C,C,A,A,H,-,A,A,0,NA,NA,Y,NA,Y,NA,C,02,1,0,0,0,0,0,0,0,1,-,-,34.541770935058594,-118.07366943359376,LOS ANGELES,PALMDALE,-118.07347106933594,34.54174041748047
94454946,2024,2024-11-01,9530,2024-10-22,1330,023824,NA,2,1,7,1942,0,1,1,NA,2,200,I-105 E/B (GLENN ANDERSON FWY),CENTRAL AVE.,1120,W,N,A,-,Y,LA,NA,105,NA,R,8.69,H,NA,R,Y,4,0,1,2,A,-,03,22350,NA,N,C,C,A,B,H,-,A,D,0,NA,NA,NA,NA,Y,NA,A,07,0,0,1,0,0,0,0,0,0,-,-,33.92729187011719,-118.25814819335938,LOS ANGELES,LOS ANGELES,-118.25817108154295,33.927425384521484
94454977,2024,2024-11-01,9590,2024-10-31,1127,021762,NA,4,1,7,1942,0,1,2,NA,2,073,US-101 S/B (HOLLYWOOD FREEWAY),SUNSET BLVD,100,S,N,A,-,Y,LA,NA,101,NA,NA,6.226,H,NA,L,N,3,0,3,3,A,-,03,22350,NA,N,C,C,A,A,H,-,A,D,0,NA,NA,NA,NA,Y,NA,A,08,0,1,2,0,0,0,0,0,0,-,-,34.0977897644043,-118.31446838378906,LOS ANGELES,LOS ANGELES,-118.31443786621094,34.09780502319336
9445498,2022,2022-06-13,1900,2022-04-10,0615,606099,0973,7,5,4,1979,0,0,0,NA,0,92T3,SANTA MONICA BL,LA BREA AV,22,W,N,A,-,N,NA,NA,NA,NA,NA,NA,NA,NA,NA,N,4,0,1,2,A,-,03,22350,NA,F,C,C,A,A,H,-,B,A,0,NA,NA,NA,NA,Y,NA,A,01,0,0,1,0,0,0,0,0,0,-,-,34.09064865112305,-118.34432983398438,LOS ANGELES,WEST HOLLYWOOD,-118.34415435791016,34.0906982421875