CASE_ID,ACCIDENT_YEAR,PROC_DATE,JURIS,COLLISION_DATE,COLLISION_TIME,OFFICER_ID,REPORTING_DISTRICT,DAY_OF_WEEK,CHP_SHIFT,POPULATION,CNTY_CITY_LOC,SPECIAL_COND,BEAT_TYPE,CHP_BEAT_TYPE,CITY_DIVISION_LAPD,CHP_BEAT_CLASS,BEAT_NUMBER,PRIMARY_RD,SECONDARY_RD,DISTANCE,DIRECTION,INTERSECTION,WEATHER_1,WEATHER_2,STATE_HWY_IND,CALTRANS_COUNTY,CALTRANS_DISTRICT,STATE_ROUTE,ROUTE_SUFFIX,POSTMILE_PREFIX,POSTMILE,LOCATION_TYPE,RAMP_INTERSECTION,SIDE_OF_HWY,TOW_AWAY,COLLISION_SEVERITY,NUMBER_KILLED,NUMBER_INJURED,PARTY_COUNT,PRIMARY_COLL_FACTOR,PCF_CODE_OF_VIOL,PCF_VIOL_CATEGORY,PCF_VIOLATION,PCF_VIOL_SUBSECTION,HIT_AND_RUN,TYPE_OF_COLLISION,MVIW,PED_ACTION,ROAD_SURFACE,ROAD_COND_1,ROAD_COND_2,LIGHTING,CONTROL_DEVICE,CHP_ROAD_TYPE,PEDESTRIAN_ACCIDENT,BICYCLE_ACCIDENT,MOTORCYCLE_ACCIDENT,TRUCK_ACCIDENT,NOT_PRIVATE_PROPERTY,ALCOHOL_INVOLVED,STWD_VEHTYPE_AT_FAULT,CHP_VEHTYPE_AT_FAULT,COUNT_SEVERE_INJ,COUNT_VISIBLE_INJ,COUNT_COMPLAINT_PAIN,COUNT_PED_KILLED,COUNT_PED_INJURED,COUNT_BICYCLIST_KILLED,COUNT_BICYCLIST_INJURED,COUNT_MC_KILLED,COUNT_MC_INJURED,PRIMARY_RAMP,SECONDARY_RAMP,LATITUDE,LONGITUDE,COUNTY,CITY,POINT_X,POINT_Y
9445650,2022,2022-05-27,1973,2022-03-10,1603,646,1973,4,5,1,1973,0,0,0,NA,0,002,FRUITLAND AV,S SOTOT ST,30,W,N,A,-,N,NA,NA,NA,NA,NA,NA,NA,NA,NA,Y,2,0,3,2,A,-,09,21801,A,N,A,C,A,A,H,-,B,A,0,NA,NA,NA,NA,Y,NA,-,NA,1,1,1,0,0,0,0,0,0,-,-,NA,NA,LOS ANGELES,VERNON,-118.21959686279295,33.99640655517578
94456509,2024,2024-11-04,9545,2024-10-26,1655,023770,NA,6,2,9,1900,0,3,5,NA,2,001,AVENUE L,42ND ST  W,685,W,N,A,-,N,NA,NA,NA,NA,NA,NA,NA,NA,NA,N,4,0,4,3,A,-,03,22350,NA,N,C,C,A,A,H,-,A,A,0,NA,NA,NA,NA,Y,NA,A,07,0,0,4,0,0,0,0,0,0,-,-,34.66022872924805,-118.20809936523438,LOS ANGELES,UNINCORPORATED,-118.20800018310548,34.660194396972656
9445651,2022,2022-05-24,1973,2022-03-11,0448,645,1973,5,5,1,1973,0,0,0,NA,0,003,SOUTH ATLANTIC BL,BANDINI BL,1552,N,N,A,-,N,NA,NA,NA,NA,NA,NA,NA,NA,NA,N,3,0,1,2,D,-,00,NA,NA,N,D,J,A,A,H,-,C,D,0,NA,Y,NA,NA,Y,NA,-,-,0,1,0,0,0,0,1,0,0,-,-,NA,NA,LOS ANGELES,VERNON,-118.17120361328124,34.00067901611328
94456519,2024,2024-11-04,9580,2024-11-01,1020,017973,NA,5,1,9,1900,0,3,5,NA,1,020,SCHUEREN N/O PIUMA,PIUMA RD,2100,N,N,A,-,N,NA,NA,NA,NA,NA,NA,NA,NA,NA,N,4,0,1,1,A,-,03,22350,NA,N,F,I,A,A,H,-,A,D,0,NA,NA,NA,NA,Y,NA,A,08,0,0,1,0,0,0,0,0,0,-,-,34.0748291015625,-118.65222930908205,LOS ANGELES,UNINCORPORATED,NA,NA
9445652,2022,2022-05-24,1973,2022-03-13,1857,661,1973,7,5,1,1973,0,0,0,NA,0,001,S ALAMEDA ST,E VERNON AV,25,N,N,A,-,N,NA,NA,NA,NA,NA,NA,NA,NA,NA,N,4,0,1,2,A,-,09,21801,NA,N,D,C,A,A,H,-,A,A,0,NA,NA,NA,NA,Y,NA,A,01,0,0,1,0,0,0,0,0,0,-,-,NA,NA,LOS ANGELES,VERNON,-118.23918914794922,34.003997802734375
9445653,2022,2022-06-29,1973,2022-03-20,2500,636,1973,7,5,1,1973,0,0,0,NA,0,001,SOTO ST,FRUITLAND AV,0,NA,Y,A,-,N,NA,NA,NA,NA,NA,NA,NA,NA,NA,N,4,0,2,2,A,-,09,21800,D,N,D,C,A,A,H,-,C,B,0,NA,NA,NA,NA,Y,NA,A,08,0,0,2,0,0,0,0,0,0,-,-,NA,NA,LOS ANGELES,VERNON,-118.21949768066406,33.99641036987305
94456536,2024,2024-11-04,9530,2024-10-23,1800,023590,NA,3,2,5,1943,0,1,1,NA,2,210,I-105 E/B (GLENN ANDERSON FWY),LONG BEACH BLVD.,2800,E,N,A,-,Y,LA,NA,105,NA,R,12.139,H,NA,R,Y,4,0,1,2,A,-,07,21658,A,N,F,A,A,A,H,-,A,D,0,NA,NA,Y,NA,Y,NA,A,07,0,0,1,0,0,0,0,0,1,-,-,33.920921325683594,-118.2011489868164,LOS ANGELES,LYNWOOD,-118.20117950439452,33.920867919921875
9445654,2022,2022-05-24,1973,2022-03-23,0758,612,1973,3,5,1,1973,0,0,0,NA,0,001,PACIFIC BL,FRUITLAND AV,10,S,N,A,-,N,NA,NA,NA,NA,NA,NA,NA,NA,NA,N,4,0,1,2,A,-,05,21650,1,N,D,G,A,A,H,-,A,A,0,NA,Y,NA,NA,Y,NA,L,04,0,0,1,0,0,0,1,0,0,-,-,NA,NA,LOS ANGELES,VERNON,-118.22527313232422,33.99629211425781
9445655,2022,2022-05-24,1973,2022-03-24,1308,655,01,4,5,1,1973,0,0,0,NA,0,001,VERNON AV,SOTO ST,20,E,N,A,-,N,NA,NA,NA,NA,NA,NA,NA,NA,NA,Y,4,0,2,2,A,-,12,21453,NA,N,D,C,A,A,H,-,A,A,0,NA,NA,NA,NA,Y,NA,A,01,0,0,2,0,0,0,0,0,0,-,-,NA,NA,LOS ANGELES,VERNON,-118.2196044921875,34.00545120239258
9445656,2022,2022-05-24,1973,2022-03-24,2212,623,1973,4,5,1,1973,0,0,0,NA,0,002,S DOWNEY RD DISTRICT BL,LEONIS BL,0,NA,Y,A,-,N,NA,NA,NA,NA,NA,NA,NA,NA,NA,Y,3,0,3,3,A,-,07,21658,A,F,E,I,A,A,H,-,C,A,0,NA,NA,NA,NA,Y,NA,A,07,0,3,0,0,0,0,0,0,0,-,-,NA,NA,LOS ANGELES,VERNON,-118.20474243164064,34.00028991699219
9445657,2022,2022-06-20,1973,2022-03-25,1548,646,1973,5,5,1,1973,0,0,0,NA,0,002,E VERNON AV,S SOTO ST,26,W,N,A,-,N,NA,NA,NA,NA,NA,NA,NA,NA,NA,Y,3,0,2,2,A,-,09,21801,A,N,A,C,A,A,H,-,A,A,0,NA,NA,NA,NA,Y,NA,A,01,0,1,1,0,0,0,0,0,0,-,-,NA,NA,LOS ANGELES,VERNON,-118.21975708007813,34.00544738769531
9445658,2022,2022-05-24,1973,2022-03-28,0501,654,1973,1,5,1,1973,0,0,0,NA,0,001,S SOTO ST,E VERNON AV,168,N,N,B,-,N,NA,NA,NA,NA,NA,NA,NA,NA,NA,N,4,0,1,2,A,-,09,21804,A,F,D,-,A,A,H,-,C,A,0,NA,Y,NA,NA,Y,NA,A,01,0,0,1,0,0,0,1,0,0,-,-,NA,NA,LOS ANGELES,VERNON,-118.2196807861328,34.00590896606445
9445659,2022,2022-05-24,1973,2022-03-29,0652,616,1973,2,5,1,1973,0,0,0,NA,0,001,S SANTA FE AV,E 55TH ST,0,NA,Y,A,-,N,NA,NA,NA,NA,NA,NA,NA,NA,NA,N,4,0,1,2,D,-,00,NA,NA,N,D,C,A,B,H,-,A,A,0,NA,NA,NA,NA,Y,NA,-,-,0,0,1,0,0,0,0,0,0,-,-,NA,NA,LOS ANGELES,VERNON,-118.23030853271484,33.99292755126953
94456597,2024,2024-11-04,9580,2024-11-01,400,023201,NA,5,3,9,1900,0,2,4,NA,1,127,MALIBU CANYON RD,TUNNEL,1056,N,N,A,-,N,NA,NA,NA,NA,NA,NA,NA,NA,NA,N,4,0,1,1,A,-,08,22107,NA,N,E,I,A,A,H,-,C,D,0,NA,NA,NA,NA,Y,NA,A,01,0,0,1,0,0,0,0,0,0,-,-,34.07347869873047,-118.7053680419922,LOS ANGELES,UNINCORPORATED,NA,NA
94456599,2024,2024-11-04,9535,2024-08-08,1640,023354,NA,4,2,5,1901,0,1,1,NA,2,421,I-10 W/B (SAN BERNARDINO FREEWAY),I-710 (LONG BEACH FREEWAY),1942,E,N,A,-,Y,LA,NA,10,NA,NA,21.765,H,NA,L,Y,4,0,2,3,A,-,08,22107,NA,M,D,C,A,A,H,-,A,D,0,NA,NA,NA,NA,Y,NA,A,01,0,0,2,0,0,0,0,0,0,-,-,34.064151763916016,-118.15947723388672,LOS ANGELES,ALHAMBRA,-118.15950775146484,34.064208984375
9445660,2022,2022-05-24,1928,2022-03-31,2343,50429,502,4,5,5,1928,0,0,0,NA,0,502,EL SEGUNDO BL,CRENSHAW BL,0,NA,Y,A,-,N,NA,NA,NA,NA,NA,NA,NA,NA,NA,Y,2,0,3,2,A,-,12,21453,A,N,D,C,A,A,H,-,C,A,0,NA,NA,NA,NA,Y,Y,A,01,3,0,0,0,0,0,0,0,0,-,-,33.916439056396484,-118.32642364501952,LOS ANGELES,HAWTHORNE,-118.32659912109376,33.91643524169922
94456612,2024,2024-11-04,9580,2024-11-01,210,022550,NA,5,3,7,1942,0,1,1,NA,2,404,I-405 N/B (SAN DIEGO FWY),SEPULVEDA BLVD,3960,S,N,A,-,Y,LA,NA,405,NA,NA,37.857,H,NA,R,Y,3,0,1,1,A,-,08,22107,NA,N,E,I,A,A,H,-,C,D,0,NA,NA,Y,NA,Y,NA,C,02,0,1,0,0,0,0,0,0,1,-,-,34.13785171508789,-118.47106170654295,LOS ANGELES,LOS ANGELES,-118.47104644775392,34.137847900390625
94456621,2024,2024-11-04,9580,2024-10-31,1410,023284,NA,4,2,7,1942,0,1,1,NA,2,407,I-405 S/B (SAN DIEGO FWY),ROSCOE BL,1478,N,N,A,-,Y,LA,NA,405,NA,NA,44.063,H,NA,L,Y,4,0,3,2,A,-,03,22350,NA,N,C,C,A,A,H,-,A,D,0,NA,NA,NA,NA,Y,NA,A,01,0,0,3,0,0,0,0,0,0,-,-,34.22560119628906,-118.4733428955078,LOS ANGELES,LOS ANGELES,-118.47327423095705,34.22560119628906
94456629,2024,2024-11-04,9530,2024-11-03,1705,023938,NA,7,2,9,1900,0,1,1,NA,2,120,I-110 N/B (HARBOR FREEWAY),CARSON ST.,318,S,N,A,-,Y,LA,NA,110,NA,NA,6.95,H,NA,R,Y,4,0,1,3,A,-,01,23152,A,N,C,C,A,A,H,-,C,D,0,NA,NA,NA,NA,Y,Y,A,01,0,0,1,0,0,0,0,0,0,-,-,33.83063888549805,-118.28720855712892,LOS ANGELES,UNINCORPORATED,-118.28723907470705,33.83063888549805
94456634,2024,2024-11-04,9530,2024-10-23,920,023862,NA,3,1,9,1900,0,3,5,NA,2,002,COMPTON BLVD. (BLOCK 15000),MAIN ST.,0,NA,Y,A,-,N,NA,NA,NA,NA,NA,NA,NA,NA,NA,Y,4,0,2,2,A,-,12,21453,A,N,D,C,A,A,H,-,A,A,0,NA,NA,NA,NA,Y,NA,D,22,0,0,2,0,0,0,0,0,0,-,-,33.894920349121094,-118.2764129638672,LOS ANGELES,UNINCORPORATED,-118.27630615234376,33.89488220214844
94456636,2024,2024-11-04,9575,2024-10-25,1830,021879,NA,5,2,6,1925,0,1,3,NA,2,042,SR-134 W/B (VENTURA FREEWAY) TO I-5 (GOLDEN STATE,SAN FERNANDO RD.,545,E,N,A,-,Y,LA,NA,134,NA,R,6.041,H,NA,L,Y,4,0,3,2,A,-,03,22350,NA,N,C,C,A,A,H,-,C,D,0,NA,NA,NA,NA,Y,NA,A,01,0,0,3,0,0,0,0,0,0,-,-,34.15441131591797,-118.27374267578124,LOS ANGELES,GLENDALE,-118.27371978759766,34.15434265136719
94456641,2024,2024-11-04,9530,2024-10-23,440,023456,NA,3,3,9,1900,0,3,5,NA,2,001,ZAMORA ST,92ND ST.,0,NA,Y,A,-,N,NA,NA,NA,NA,NA,NA,NA,NA,NA,N,4,0,1,2,A,-,09,21802,A,N,A,C,A,A,H,-,C,A,0,NA,NA,NA,NA,Y,NA,A,07,0,0,1,0,0,0,0,0,0,-,-,33.953369140625,-118.25169372558594,LOS ANGELES,UNINCORPORATED,-118.25164794921876,33.95330810546875
94456643,2024,2024-11-04,9590,2024-10-25,856,023892,NA,5,1,7,1942,0,1,1,NA,2,010,SR-110 N/B (ASP) TRANSITION TO I-5 N/B (GSF),SR-110 (ARROYO SECO PARKWAY),1056,N,N,A,-,Y,NA,NA,NA,NA,NA,NA,NA,NA,NA,N,3,0,2,3,A,-,03,22350,NA,F,C,2,A,A,H,-,A,D,0,NA,NA,NA,NA,Y,NA,-,99,0,2,0,0,0,0,0,0,0,-,-,34.08216094970703,-118.22818756103516,LOS ANGELES,LOS ANGELES,NA,NA
94456644,2024,2024-11-18,9525,2024-11-02,1825,022645,NA,6,2,5,1990,0,1,3,NA,2,613,SR-60 W/B (POMONA FWY),DIAMOND BAR BLVD,9134,E,N,B,-,Y,LA,NA,60,NA,R,27.395,H,NA,L,N,4,0,4,3,A,-,03,22350,NA,N,C,C,A,A,H,-,D,D,0,NA,NA,NA,NA,Y,NA,A,07,0,0,4,0,0,0,0,0,0,-,-,34.025840759277344,-117.7816925048828,LOS ANGELES,DIAMOND BAR,-117.78170776367188,34.02592086791992
94456664,2024,2024-11-04,9530,2024-10-23,704,023862,NA,3,1,9,1900,0,3,5,NA,2,002,108TH ST (BLOCK 2400),MONA BLVD.,30,E,N,A,-,N,NA,NA,NA,NA,NA,NA,NA,NA,NA,N,4,0,1,2,A,-,08,22107,NA,N,B,C,A,A,H,-,A,A,0,NA,NA,NA,Y,Y,NA,F,27,0,0,1,0,0,0,0,0,0,-,-,33.93687057495117,-118.22923278808594,LOS ANGELES,UNINCORPORATED,-118.22930908203124,33.93684768676758
94456679,2024,2024-11-04,9545,2024-10-05,1312,023381,NA,6,1,9,1900,0,3,5,NA,2,004,170TH ST  E,AVENUE T,1584,N,N,A,-,N,NA,NA,NA,NA,NA,NA,NA,NA,NA,Y,2,0,3,2,A,-,01,23152,A,N,B,C,A,A,H,-,A,D,0,NA,NA,NA,NA,Y,Y,A,07,1,0,2,0,0,0,0,0,0,-,-,34.54682922363281,-117.83373260498048,LOS ANGELES,UNINCORPORATED,-117.82694244384766,34.542301177978516
94456711,2024,2024-11-04,9580,2024-10-30,1725,021966,NA,3,2,7,1942,0,1,1,NA,2,404,I-405 N/B (SAN DIEGO FWY),SEPULVEDA BLVD,3050,S,N,A,-,Y,LA,NA,405,NA,NA,38.015,H,NA,R,N,4,0,2,2,A,-,03,22350,NA,N,C,C,A,A,H,-,A,D,0,NA,NA,NA,NA,Y,NA,A,07,0,0,2,0,0,0,0,0,0,-,-,34.1401481628418,-118.47100067138672,LOS ANGELES,LOS ANGELES,-118.47107696533205,34.140140533447266
94456714,2024,2024-11-04,9590,2024-10-25,1914,023259,NA,5,2,7,1942,0,1,2,NA,2,073,US-101 S/B (HOLLYWOOD FREEWAY),VERMONT AVE,80,N,N,A,-,Y,LA,NA,101,NA,NA,4.428,H,NA,L,N,4,0,1,2,A,-,03,22350,NA,N,C,C,A,A,H,-,C,D,0,NA,NA,NA,NA,Y,NA,A,07,0,0,1,0,0,0,0,0,0,-,-,34.079689025878906,-118.29213714599608,LOS ANGELES,LOS ANGELES,-118.29218292236328,34.07963562011719
94456733,2024,2024-11-04,9530,2024-10-23,640,024052,NA,3,1,7,1942,0,1,1,NA,2,110,I-110 S/B (HARBOR FREEWAY),120TH ST.,500,N,N,A,-,Y,LA,NA,110,NA,NA,13.369,H,NA,L,N,3,0,1,2,A,-,03,22350,NA,N,C,C,A,A,H,-,C,D,0,NA,NA,NA,NA,Y,NA,A,01,0,1,0,0,0,0,0,0,0,-,-,33.92224884033203,-118.28195190429688,LOS ANGELES,LOS ANGELES,-118.2817611694336,33.92219924926758
94456738,2024,2024-11-04,9580,2024-10-27,410,021475,NA,7,3,7,1942,0,1,2,NA,2,103,US-101 S/B (VENTURA FREEWAY),HAYVENHURST AVE,1584,S,N,A,-,Y,LA,NA,101,NA,NA,18.295,H,NA,L,Y,4,0,3,2,A,-,01,23152,A,N,B,C,A,A,H,-,D,D,0,NA,NA,NA,NA,Y,Y,A,01,0,0,3,0,0,0,0,0,0,-,-,34.165218353271484,-118.48681640625,LOS ANGELES,LOS ANGELES,-118.48681640625,34.16514205932617
94456745,2024,2024-11-04,9525,2024-10-30,1725,023283,NA,3,2,5,1926,0,1,1,NA,2,206,I-210 E/B (FOOTHILL FWY),LONE HILL AVENUE,1056,W,N,A,-,Y,LA,NA,210,NA,R,43.989,H,NA,R,Y,4,0,2,2,A,-,03,22350,NA,N,C,C,A,A,H,-,A,D,0,NA,NA,NA,NA,Y,NA,-,-,0,0,2,0,0,0,0,0,0,-,-,34.12099838256836,-117.83289337158205,LOS ANGELES,GLENDORA,-117.83289337158205,34.12100601196289
94456762,2024,2024-11-04,9530,2024-10-23,55,024092,NA,3,3,7,1941,0,1,1,NA,2,072,I -710 NORTHBOUND,I-405 N/B (SAN DIEGO FREEWAY),800,N,N,A,-,Y,LA,NA,710,NA,NA,9.759,H,NA,L,Y,3,0,1,1,A,-,08,22107,NA,N,E,I,A,A,H,-,C,D,0,NA,NA,NA,NA,Y,NA,A,01,0,1,0,0,0,0,0,0,0,-,-,33.83142852783203,-118.20909118652344,LOS ANGELES,LONG BEACH,-118.20889282226564,33.831451416015625
94456769,2024,2024-11-04,9545,2024-10-17,530,023733,NA,4,3,9,1900,0,3,5,NA,2,004,PALMDALE BLVD,170TH ST  E,0,NA,Y,A,-,N,NA,NA,NA,NA,NA,NA,NA,NA,NA,Y,2,0,4,2,A,-,12,22450,A,N,D,9,A,A,H,-,C,A,0,NA,NA,NA,NA,Y,NA,B,07,1,1,2,0,0,0,0,0,0,-,-,34.57992172241211,-117.82666015625,LOS ANGELES,UNINCORPORATED,-117.82666778564452,34.579925537109375
94456795,2024,2024-11-04,9530,2024-10-23,705,024052,NA,3,1,9,1900,0,1,1,NA,2,110,I-110 N/B (HARBOR FREEWAY),120TH ST.,90,S,N,A,-,Y,LA,NA,110,NA,NA,13.453,H,NA,R,Y,2,0,1,1,A,-,08,22107,NA,N,E,J,A,A,H,-,C,D,0,NA,NA,Y,NA,Y,NA,C,02,1,0,0,0,0,0,0,0,1,-,-,33.923439025878906,-118.28099822998048,LOS ANGELES,UNINCORPORATED,-118.28123474121094,33.923458099365234
94456804,2024,2024-11-04,9590,2024-10-26,2120,024031,NA,6,2,7,1942,0,1,1,NA,2,013,SR-110 S/B (ARROYO SECO PARKWAY) FROM AVENUE 52,AVENUE 52,50,S,N,A,-,Y,LA,NA,110,NA,NA,27.987,H,NA,L,N,4,0,1,2,A,-,03,22350,NA,N,C,C,A,A,H,-,D,A,0,NA,NA,NA,NA,Y,NA,A,01,0,0,1,0,0,0,0,0,0,-,-,34.10292053222656,-118.19751739501952,LOS ANGELES,LOS ANGELES,-118.1974868774414,34.10285568237305
94456814,2024,2024-11-04,9530,2024-10-21,1520,023843,NA,1,2,9,1900,0,3,5,NA,2,001,NADEAU STREET,ALAMEDA ST.,0,NA,Y,A,-,N,NA,NA,NA,NA,NA,NA,NA,NA,NA,N,3,0,1,2,A,-,09,21804,A,N,D,G,A,A,H,-,A,A,0,NA,Y,NA,NA,Y,NA,L,04,0,1,0,0,0,0,1,0,0,-,-,33.967369079589844,-118.23326873779295,LOS ANGELES,UNINCORPORATED,-118.23322296142578,33.96744918823242
94456858,2024,2024-11-04,9535,2024-10-24,235,023465,NA,4,3,9,1900,0,1,1,NA,2,650,I-605 N/B (SAN GABRIEL RIVER FREEWAY),SR-60 (POMONA FREEWAY),1350,N,N,A,-,Y,LA,NA,605,NA,R,17.657,H,NA,R,Y,4,0,1,2,A,-,04,21703,NA,N,C,C,A,A,D,-,C,D,0,NA,NA,NA,NA,Y,NA,D,22,0,0,1,0,0,0,0,0,0,-,-,34.036651611328125,-118.02362060546876,LOS ANGELES,UNINCORPORATED,-118.02359771728516,34.0366325378418
94456882,2024,2024-11-04,9545,2024-08-03,2207,023381,NA,6,3,6,1992,0,1,3,NA,2,011,STATE ROUTE 14 SOUTHBOUND,LANCASTER BOULEVARD,40,S,N,A,-,Y,LA,NA,14,NA,R,68.458,H,NA,L,Y,1,1,1,2,A,-,11,21954,A,N,G,B,D,A,D,-,D,D,0,Y,NA,NA,NA,Y,NA,N,60,0,0,1,1,0,0,0,0,0,-,-,34.6965217590332,-118.17024230957033,LOS ANGELES,LANCASTER,-118.17019653320313,34.6965217590332
94456902,2024,2024-11-04,9525,2024-10-23,1837,024045,NA,3,2,5,1926,0,1,1,NA,2,205,I-210 W/B (FOOTHILL FWY),GRAND AVE,2640,E,N,A,-,Y,LA,NA,210,NA,R,42.171,H,NA,L,N,4,0,1,2,D,-,00,NA,NA,N,C,C,A,A,H,-,A,D,0,NA,NA,NA,NA,Y,NA,-,-,0,0,1,0,0,0,0,0,0,-,-,34.11772918701172,-117.86369323730467,LOS ANGELES,GLENDORA,-117.86367797851564,34.11775588989258
94456909,2024,2024-11-04,9530,2024-10-27,407,023622,NA,7,3,7,1942,0,1,1,NA,2,200,I-105 W/B (GLENN ANDERSON FWY),I-110 (HARBOR FWY),2876,E,N,A,-,N,NA,NA,NA,NA,NA,NA,NA,NA,NA,Y,2,0,4,2,A,-,01,23152,A,N,C,C,A,A,H,-,C,D,0,NA,NA,NA,NA,Y,Y,A,07,2,1,1,0,0,0,0,0,0,-,-,33.92776107788086,-118.2706298828125,LOS ANGELES,LOS ANGELES,-118.27175903320313,33.92790222167969
94456928,2024,2024-11-04,9530,2024-09-22,1557,023562,NA,7,2,5,1915,0,1,3,NA,2,310,SR-91 W/B (ARTESIA FREEWAY),CENTRAL AVE,2640,W,N,A,-,Y,LA,NA,91,NA,R,7.915,H,NA,L,Y,3,0,1,2,A,-,07,21658,A,F,E,I,A,A,H,-,A,D,0,NA,NA,NA,NA,Y,NA,-,99,0,1,0,0,0,0,0,0,0,-,-,33.87363815307617,-118.25769805908205,LOS ANGELES,COMPTON,-118.25770568847656,33.87371826171875
94456939,2024,2024-11-04,9525,2024-10-28,509,024045,NA,1,3,6,1975,0,1,1,NA,2,106,I-10 E/B (SAN BERNARDINO FWY),VIA VERDE ST.,230,E,N,A,-,Y,LA,NA,10,NA,NA,40.513,H,NA,R,N,4,0,1,2,A,-,07,21658,A,N,D,C,A,A,H,-,B,D,0,NA,NA,NA,NA,Y,NA,-,-,0,0,1,0,0,0,0,0,0,-,-,34.0684814453125,-117.83881378173828,LOS ANGELES,WEST COVINA,-117.83877563476564,34.06856155395508
94456947,2024,2024-11-04,9580,2024-10-26,955,022776,NA,6,1,7,1942,0,1,2,NA,2,101,US-101 S/B (VENTURA FREEWAY),LAUREL CANYON BLVD,300,N,N,A,-,Y,LA,NA,101,NA,NA,12.928,H,NA,L,Y,4,0,1,2,A,-,08,22107,NA,N,B,C,A,A,H,-,A,D,0,NA,NA,NA,NA,Y,NA,A,07,0,0,1,0,0,0,0,0,0,-,-,34.154449462890625,-118.39762878417967,LOS ANGELES,LOS ANGELES,-118.39763641357422,34.154380798339844
94456951,2024,2024-11-04,9565,2024-10-16,1920,023951,NA,3,2,9,1900,0,3,5,NA,2,002,92ND ST.,VERMONT AVE.,370,E,N,A,-,N,NA,NA,NA,NA,NA,NA,NA,NA,NA,Y,4,0,1,5,A,-,06,21750,A,N,D,D,A,A,H,-,C,D,0,NA,NA,NA,NA,Y,NA,A,01,0,0,1,0,0,0,0,0,0,-,-,33.953369140625,-118.29324340820313,LOS ANGELES,UNINCORPORATED,-118.29067993164064,33.952781677246094
94456961,2024,2024-11-04,9590,2024-10-25,1445,023719,NA,5,2,7,1942,0,1,1,NA,2,085,I-5 S/B (GOLDEN STATE FREEWAY),SR-2 (GLENDALE FREEWAY),40,N,N,A,-,Y,LA,NA,5,NA,NA,22.577,H,NA,L,N,3,0,1,2,A,-,07,21658,A,N,B,C,A,A,H,-,A,D,0,NA,NA,Y,NA,Y,NA,A,08,0,1,0,0,0,0,0,0,1,-,-,34.10274124145508,-118.2502899169922,LOS ANGELES,LOS ANGELES,-118.25032806396484,34.10270690917969
94456999,2024,2024-11-04,9590,2024-10-15,2305,023946,NA,2,3,7,1942,0,1,1,NA,2,060,I-10 E/B FROM LA BREA AVENUE,LA BREA AVENUE,535,E,N,A,-,Y,LA,NA,10,NA,R,10.564,H,NA,R,Y,3,0,1,1,A,-,08,22107,NA,N,E,J,A,A,H,-,D,D,0,NA,NA,Y,NA,Y,NA,C,02,0,1,0,0,0,0,0,0,1,-,-,34.034088134765625,-118.3481674194336,LOS ANGELES,LOS ANGELES,-118.34818267822266,34.034305572509766
9445704,2022,2022-05-25,1942,2022-04-02,0220,44245,0645,6,5,7,1942,0,0,0,F,0,6A77W3,HIGHLAND AV,LELAND WY,45,N,N,A,-,N,NA,NA,NA,NA,NA,NA,NA,NA,NA,N,4,0,1,2,A,-,03,22350,NA,F,E,I,F,A,H,-,C,D,0,Y,NA,NA,NA,Y,NA,-,99,0,0,1,0,1,0,0,0,0,-,-,NA,NA,LOS ANGELES,LOS ANGELES,-118.3386459350586,34.09706497192383
94457055,2024,2024-12-02,9590,2024-10-26,151,023445,NA,6,3,7,1942,0,1,1,NA,2,060,I-10 E/B (SANTA MONICA FREEWAY),6TH AVE.,75,E,N,A,-,Y,LA,NA,10,NA,R,11.956,H,NA,R,N,4,0,2,3,A,-,07,21658,A,N,B,C,A,A,H,-,C,D,0,NA,NA,NA,NA,Y,NA,A,01,0,0,2,0,0,0,0,0,0,-,-,34.03572082519531,-118.32393646240234,LOS ANGELES,LOS ANGELES,-118.32394409179688,34.03573226928711
94457061,2024,2024-11-04,9590,2024-10-20,235,023522,NA,7,3,7,1942,0,1,2,NA,2,071,US-101 S/B (HOLLYWOOD FREEWAY),BONNIE BRAE ST,50,S,N,A,-,Y,LA,NA,101,NA,NA,2.701,H,NA,L,N,4,0,2,4,A,-,03,22350,NA,N,C,C,A,A,H,-,C,D,0,NA,NA,NA,NA,Y,NA,A,01,0,0,2,0,0,0,0,0,0,-,-,34.07080078125,-118.26441192626952,LOS ANGELES,LOS ANGELES,-118.26439666748048,34.070823669433594
94457064,2024,2024-11-04,9590,2024-10-31,800,021823,NA,4,1,7,1942,0,1,1,NA,2,053,I-110 S/B,WILSHIRE BLVD,150,N,N,A,-,Y,LA,NA,110,NA,NA,22.701,H,NA,L,N,4,0,1,2,A,-,03,22350,NA,N,C,C,A,A,H,-,A,D,0,NA,NA,NA,NA,Y,NA,D,22,0,0,1,0,0,0,0,0,0,-,-,34.05160903930664,-118.26065063476564,LOS ANGELES,LOS ANGELES,-118.26066589355467,34.0516242980957