CASE_ID,ACCIDENT_YEAR,PROC_DATE,JURIS,COLLISION_DATE,COLLISION_TIME,OFFICER_ID,REPORTING_DISTRICT,DAY_OF_WEEK,CHP_SHIFT,POPULATION,CNTY_CITY_LOC,SPECIAL_COND,BEAT_TYPE,CHP_BEAT_TYPE,CITY_DIVISION_LAPD,CHP_BEAT_CLASS,BEAT_NUMBER,PRIMARY_RD,SECONDARY_RD,DISTANCE,DIRECTION,INTERSECTION,WEATHER_1,WEATHER_2,STATE_HWY_IND,CALTRANS_COUNTY,CALTRANS_DISTRICT,STATE_ROUTE,ROUTE_SUFFIX,POSTMILE_PREFIX,POSTMILE,LOCATION_TYPE,RAMP_INTERSECTION,SIDE_OF_HWY,TOW_AWAY,COLLISION_SEVERITY,NUMBER_KILLED,NUMBER_INJURED,PARTY_COUNT,PRIMARY_COLL_FACTOR,PCF_CODE_OF_VIOL,PCF_VIOL_CATEGORY,PCF_VIOLATION,PCF_VIOL_SUBSECTION,HIT_AND_RUN,TYPE_OF_COLLISION,MVIW,PED_ACTION,ROAD_SURFACE,ROAD_COND_1,ROAD_COND_2,LIGHTING,CONTROL_DEVICE,CHP_ROAD_TYPE,PEDESTRIAN_ACCIDENT,BICYCLE_ACCIDENT,MOTORCYCLE_ACCIDENT,TRUCK_ACCIDENT,NOT_PRIVATE_PROPERTY,ALCOHOL_INVOLVED,STWD_VEHTYPE_AT_FAULT,CHP_VEHTYPE_AT_FAULT,COUNT_SEVERE_INJ,COUNT_VISIBLE_INJ,COUNT_COMPLAINT_PAIN,COUNT_PED_KILLED,COUNT_PED_INJURED,COUNT_BICYCLIST_KILLED,COUNT_BICYCLIST_INJURED,COUNT_MC_KILLED,COUNT_MC_INJURED,PRIMARY_RAMP,SECONDARY_RAMP,LATITUDE,LONGITUDE,COUNTY,CITY,POINT_X,POINT_Y
94470234,2024,2024-11-14,9525,2024-11-12,2335,022097,NA,2,3,9,1900,0,2,4,NA,2,022,SAN BERNARDINO RD.,SHADYDALE AVE,200,W,N,A,-,N,NA,NA,NA,NA,NA,NA,NA,NA,NA,N,2,0,1,2,A,-,03,22350,NA,F,C,G,A,A,H,-,C,D,0,NA,Y,NA,NA,Y,NA,A,01,1,0,0,0,0,0,1,0,0,-,-,34.089839935302734,-117.93302154541016,LOS ANGELES,UNINCORPORATED,-117.93347930908205,34.089759826660156
94470243,2024,2024-11-15,9550,2024-11-07,1915,023289,NA,4,2,9,1900,0,1,3,NA,2,602,SR-60 EASTBOUND,FULLERTON ROAD,300,E,N,A,-,Y,LA,NA,60,NA,NA,19.552,H,NA,R,Y,4,0,1,2,A,-,07,21658,A,N,B,C,A,A,H,-,C,D,0,NA,NA,NA,Y,Y,NA,G,25,0,0,1,0,0,0,0,0,0,-,-,33.99406814575195,-117.90392303466795,LOS ANGELES,UNINCORPORATED,-117.90392303466795,33.994075775146484
94470246,2024,2024-11-15,9535,2024-11-02,1805,023704,NA,6,2,9,1900,0,1,3,NA,2,620,SR-60 E/B,PARAMOUNT BLVD,5,W,N,C,-,Y,LA,NA,60,NA,R,7.767,H,NA,R,Y,3,0,2,1,A,-,08,22107,NA,N,F,D,A,B,H,-,B,D,0,NA,NA,NA,NA,Y,NA,-,-,0,2,0,0,0,0,0,0,0,-,-,34.035789489746094,-118.09290313720705,LOS ANGELES,UNINCORPORATED,-118.09294128417967,34.03590393066406
94470255,2024,2024-11-15,9535,2024-11-12,1225,017943,NA,2,1,9,1900,0,1,3,NA,2,621,SR-60 (POMONA FREEWAY) W/B,ROSEMEAD BLVD,1584,W,N,A,-,Y,LA,NA,60,NA,NA,9.2,H,NA,L,Y,4,0,1,2,A,-,08,22107,NA,N,E,8,A,A,H,-,A,D,0,NA,NA,NA,NA,Y,NA,A,01,0,0,1,0,0,0,0,0,0,-,-,34.041290283203125,-118.06964874267578,LOS ANGELES,UNINCORPORATED,-118.06964874267578,34.04137420654297
94470261,2024,2024-11-15,9525,2024-10-31,2214,023176,NA,4,3,5,1990,0,1,3,NA,2,601,SR-60 WB TO SR-57 SB TRANSITION RD,BREA CANYON RD,3168,W,N,A,-,Y,LA,NA,60,NA,R,23.563,H,NA,L,N,4,0,1,2,A,-,07,21658,A,F,B,C,A,A,H,-,D,D,0,NA,NA,NA,NA,Y,NA,-,-,0,0,1,0,0,0,0,0,0,-,-,34.002071380615234,-117.83486175537108,LOS ANGELES,DIAMOND BAR,-117.83485412597656,34.00204086303711
94470421,2024,2024-11-15,9590,2024-10-27,315,023348,NA,7,3,7,1942,0,1,2,NA,2,073,US-101 S/B (HOLLYWOOD FREEWAY),PILGRIMAGE BRIDGE,1000,N,N,A,-,Y,LA,NA,101,NA,NA,8.229,H,NA,L,N,3,0,2,3,A,-,03,22350,NA,F,C,C,A,A,H,-,C,A,0,NA,NA,NA,NA,Y,NA,-,99,0,1,1,0,0,0,0,0,0,-,-,34.117008209228516,-118.33738708496094,LOS ANGELES,LOS ANGELES,-118.33732604980467,34.11702346801758
94470670,2024,2024-11-15,9575,2024-11-04,1515,022336,NA,1,2,5,1902,0,1,1,NA,2,065,I-210 E/B (FOOTHILL FREEWAY),SANTA ANITA AVE.,1500,W,N,A,-,Y,LA,NA,210,NA,R,31.613,H,NA,R,Y,4,0,1,2,A,-,21,22106,NA,N,C,C,A,A,H,-,A,D,0,NA,NA,NA,NA,Y,NA,A,01,0,0,1,0,0,0,0,0,0,-,-,34.148189544677734,-118.03633880615234,LOS ANGELES,ARCADIA,-118.0363311767578,34.14826965332031
94470703,2024,2024-11-15,9540,2024-11-13,1005,019545,NA,3,1,9,1900,0,1,1,NA,2,507,I-5 SOUTHBOUND,CALGROVE BLVD,20,N,N,A,-,Y,LA,NA,5,NA,R,49.069,H,NA,L,Y,4,0,2,2,A,-,03,22350,NA,N,C,C,A,A,H,-,A,D,0,NA,NA,NA,NA,Y,NA,A,01,0,0,2,0,0,0,0,0,0,-,-,34.362579345703125,-118.5553970336914,LOS ANGELES,UNINCORPORATED,-118.55545043945313,34.36256790161133
94470710,2024,2024-11-15,9540,2024-11-14,620,019508,NA,4,1,6,1985,0,1,3,NA,1,145,SR-14 S/B,GOLDEN VALLEY RD,2640,N,N,A,-,Y,LA,NA,14,NA,R,30.235,H,NA,L,N,4,0,1,3,A,-,03,22350,NA,N,C,C,A,A,H,-,A,D,0,NA,NA,NA,NA,Y,NA,A,01,0,0,1,0,0,0,0,0,0,-,-,34.39704132080078,-118.46465301513672,LOS ANGELES,SANTA CLARITA,-118.46465301513672,34.39704132080078
94470716,2024,2024-11-15,9540,2024-11-14,630,019545,NA,4,1,9,1900,0,1,1,NA,2,507,I-5 SOUTHBOUND,MCBEAN PKY,1584,S,N,A,-,Y,LA,NA,5,NA,R,51.111,H,NA,L,Y,4,0,3,2,A,-,03,22350,NA,N,C,C,A,A,H,-,A,D,0,NA,NA,NA,NA,Y,NA,A,01,0,0,3,0,0,0,0,0,0,-,-,34.38962936401367,-118.57032775878906,LOS ANGELES,UNINCORPORATED,-118.57037353515624,34.38962173461914
94470724,2024,2024-11-15,9540,2024-11-08,1540,023847,NA,5,2,7,1942,0,1,1,NA,2,213,I-210 E/B (FOOTHILL FREEWAY),YARNELL ST,2112,W,N,A,-,Y,LA,NA,210,NA,R,0.534,H,NA,R,N,3,0,1,2,A,-,08,22107,NA,N,B,2,A,A,A,-,A,D,0,NA,NA,NA,NA,Y,NA,A,01,0,1,0,0,0,0,0,0,0,-,-,34.32046127319336,-118.48348999023438,LOS ANGELES,LOS ANGELES,-118.48348999023438,34.32046127319336
94470731,2024,2024-11-15,9575,2024-11-07,1210,022526,NA,4,1,6,1953,0,1,1,NA,2,063,I-210 E/B (FOOTHILL FREEWAY) TO I-210 E/B,ORANGE GROVE BOULEVARD,421,W,N,A,-,Y,LA,NA,210,NA,R,24.559,H,NA,R,N,4,0,1,2,A,-,03,22350,NA,N,C,C,A,A,H,-,A,D,0,NA,NA,NA,NA,Y,NA,A,01,0,0,1,0,0,0,0,0,0,-,-,34.155120849609375,-118.15786743164064,LOS ANGELES,PASADENA,-118.15770721435548,34.15516662597656
94470741,2024,2024-11-15,9580,2024-11-07,125,023155,NA,4,3,9,1900,0,3,5,NA,1,020,SCHUEREN ROAD,DRESSER ROAD,53,S,N,A,-,N,NA,NA,NA,NA,NA,NA,NA,NA,NA,N,4,0,2,1,A,-,08,22107,NA,N,F,I,A,A,H,-,D,D,0,NA,NA,NA,NA,Y,NA,A,01,0,0,2,0,0,0,0,0,0,-,-,34.075279235839844,-118.64492034912108,LOS ANGELES,UNINCORPORATED,-118.6445541381836,34.07583236694336
94470743,2024,2024-11-15,9580,2024-11-07,1055,023101,NA,4,1,7,1942,0,1,1,NA,2,405,I-405 S/B (SAN DIEGO FWY),VANOWEN ST,480,S,N,A,-,Y,LA,NA,405,NA,NA,41.782,H,NA,L,Y,4,0,1,2,A,-,03,22350,NA,N,C,C,A,A,H,-,A,D,0,NA,NA,NA,NA,Y,NA,A,01,0,0,1,0,0,0,0,0,0,-,-,34.19253921508789,-118.47435760498048,LOS ANGELES,LOS ANGELES,-118.47439575195313,34.19253921508789
94470749,2024,2024-12-06,9540,2024-10-23,1045,023751,NA,3,1,7,1942,0,1,1,NA,1,503,I-5 S/B,BALBOA BLVD,70,S,N,A,-,Y,LA,NA,5,NA,R,44.405,H,NA,L,N,3,0,1,3,A,-,03,22350,NA,N,C,C,A,D,H,-,A,D,0,NA,NA,NA,NA,Y,NA,A,07,0,1,0,0,0,0,0,0,0,-,-,34.320621490478516,-118.49594116210938,LOS ANGELES,LOS ANGELES,-118.49590301513672,34.32065963745117
94470752,2024,2024-11-15,9575,2024-11-07,1258,019538,NA,4,1,6,1912,0,1,1,NA,2,051,I-5 N/B (GOLDEN STATE FREEWAY),BUENA VISTA ST U/C,1000,S,N,A,-,Y,LA,NA,5,NA,NA,31.046,H,NA,R,N,4,0,2,2,A,-,07,21658,A,N,B,C,A,A,H,-,A,D,0,NA,NA,NA,Y,Y,NA,-,-,0,0,2,0,0,0,0,0,0,-,-,34.19694137573242,-118.3351821899414,LOS ANGELES,BURBANK,-118.33519744873048,34.19692611694336
94470764,2024,2024-11-15,9530,2024-11-13,45,022380,NA,3,3,7,1942,0,1,1,NA,2,110,I-110 S/B (HARBOR FREEWAY),GARDENA BLVD.,175,S,N,A,-,Y,LA,NA,110,NA,NA,10.463,H,NA,L,Y,3,0,1,1,A,-,01,23152,A,N,E,I,A,A,H,-,C,D,0,NA,NA,NA,NA,Y,Y,A,01,0,1,0,0,0,0,0,0,0,-,-,33.881248474121094,-118.2851104736328,LOS ANGELES,LOS ANGELES,-118.28512573242188,33.881248474121094
94470774,2024,2024-11-15,9545,2024-11-06,1625,016124,NA,3,2,9,1900,0,1,3,NA,1,042,STATE ROUTE 138,96TH STREET EAST,0,NA,Y,A,-,Y,LA,NA,138,NA,NA,56.169,H,NA,R,N,4,0,3,2,A,-,09,21802,A,N,D,C,A,A,H,-,B,A,0,NA,NA,NA,NA,Y,NA,A,01,0,0,3,0,0,0,0,0,0,-,-,34.521209716796875,-117.95813751220705,LOS ANGELES,UNINCORPORATED,-117.95813751220705,34.52113342285156
94470776,2024,2024-12-13,9545,2024-11-03,58,023770,NA,7,3,9,1900,0,1,3,NA,2,021,SR-14 N/B,AVENUE N,545,S,N,A,-,Y,LA,NA,14,NA,R,63.563,H,NA,R,Y,4,0,1,2,A,-,08,22107,NA,N,C,C,A,A,D,-,D,D,0,NA,NA,NA,NA,Y,NA,A,01,0,0,1,0,0,0,0,0,0,-,-,34.62955856323242,-118.15302276611328,LOS ANGELES,UNINCORPORATED,-118.15303802490234,34.62955856323242
94470796,2024,2024-11-15,9575,2024-11-07,1816,022110,NA,4,2,6,1925,0,1,1,NA,2,050,I-5 S/B FROM WESTERN AVENUE,WESTERN AVENUE,30,N,N,A,-,Y,LA,NA,5,NA,NA,27.863,H,NA,L,N,4,0,1,2,A,-,03,22350,NA,N,C,C,A,A,H,-,D,D,0,NA,NA,NA,NA,Y,NA,A,01,0,0,1,0,0,0,0,0,0,-,-,34.164588928222656,-118.29692840576172,LOS ANGELES,GLENDALE,-118.2968292236328,34.16469192504883
94470799,2024,2024-11-15,9530,2024-11-04,2350,021094,NA,1,3,6,1972,0,1,1,NA,2,400,I-405 S/B (SAN DIEGO FREEWAY),ARTESIA BLVD.,1200,S,N,A,-,Y,LA,NA,405,NA,NA,16.315,H,NA,L,N,4,0,1,1,C,-,18,NA,NA,N,E,I,A,A,H,-,D,D,0,NA,NA,NA,NA,Y,NA,-,-,0,0,1,0,0,0,0,0,0,-,-,33.869659423828125,-118.33985137939452,LOS ANGELES,TORRANCE,-118.33988189697266,33.86963653564453
94470800,2024,2024-11-15,9590,2024-11-04,1138,023892,NA,1,1,7,1942,0,1,1,NA,2,085,I-5 S/B (GOLDEN STATE FREEWAY),SUNNYNOOK PEDESTRIAN BRIDGE,300,S,N,A,-,Y,LA,NA,5,NA,NA,23.897,H,NA,L,N,3,0,1,2,A,-,07,21658,A,N,D,C,A,A,H,-,A,D,0,NA,NA,NA,Y,Y,NA,F,26,0,1,0,0,0,0,0,0,0,-,-,34.11463165283203,-118.2682876586914,LOS ANGELES,LOS ANGELES,-118.26821899414064,34.11465835571289
94470807,2024,2024-11-15,9590,2024-11-01,720,024024,NA,5,1,7,1942,0,1,3,NA,2,095,SR-2 S/B (GLENDALE FREEWAY),RIVERSIDE DRIVE,600,N,N,A,-,Y,LA,NA,2,NA,NA,15.151,H,NA,L,N,4,0,1,2,A,-,03,22350,NA,N,C,C,A,A,H,-,A,D,0,NA,NA,NA,NA,Y,NA,A,01,0,0,1,0,0,0,0,0,0,-,-,34.102718353271484,-118.25009155273438,LOS ANGELES,LOS ANGELES,-118.25006103515624,34.10271453857422
94470811,2024,2024-11-15,9575,2024-11-07,1855,022469,NA,4,2,6,1953,0,1,1,NA,2,064,I-210 E/B (FOOTHILL FREEWAY),CRAIG AVE,930,E,N,A,-,Y,LA,NA,210,NA,R,28.01,H,NA,R,N,4,0,1,2,A,-,03,22350,NA,N,C,C,A,A,H,-,C,D,0,NA,NA,NA,NA,Y,NA,A,01,0,0,1,0,0,0,0,0,0,-,-,34.15245056152344,-118.10304260253906,LOS ANGELES,PASADENA,-118.10304260253906,34.15237808227539
94470841,2024,2024-11-15,9545,2024-11-08,1700,023153,NA,5,2,9,1900,0,3,5,NA,2,003,SIERRA HWY,CROWN VALLEY RD,157,N,N,A,-,N,NA,NA,NA,NA,NA,NA,NA,NA,NA,N,4,0,1,2,A,-,09,21804,A,N,D,C,A,A,H,-,C,D,0,NA,NA,NA,NA,Y,NA,A,07,0,0,1,0,0,0,0,0,0,-,-,34.49298095703125,-118.19760894775392,LOS ANGELES,UNINCORPORATED,-118.1977767944336,34.49302291870117
94470855,2024,2024-11-15,9580,2024-11-04,2015,022717,NA,1,2,7,1942,0,1,2,NA,2,101,US-101 S/B (VENTURA FREEWAY),LAUREL CANYON BLVD,1848,S,N,A,-,Y,LA,NA,101,NA,NA,12.513,H,NA,L,N,4,0,1,2,A,-,03,22350,NA,N,C,C,A,A,H,-,C,D,0,NA,NA,NA,NA,Y,NA,A,01,0,0,1,0,0,0,0,0,0,-,-,34.15433120727539,-118.39037322998048,LOS ANGELES,LOS ANGELES,-118.39037322998048,34.15435791015625
94470877,2024,2024-11-15,9530,2024-11-04,1700,024052,NA,1,2,7,1942,0,1,1,NA,2,110,I-110 S/B (HARBOR FREEWAY),SR-91 E/B (ARTESIA FREEWAY),1500,S,N,A,-,Y,LA,NA,110,NA,NA,9.562,H,NA,L,Y,3,0,2,2,A,-,03,22350,NA,N,C,C,A,A,H,-,C,D,0,NA,NA,NA,NA,Y,NA,A,07,0,1,1,0,0,0,0,0,0,-,-,33.86832046508789,-118.28504180908205,LOS ANGELES,LOS ANGELES,-118.28506469726564,33.86832046508789
9447088,2022,2022-05-25,1900,2022-05-02,2200,633799,1510,1,5,5,1954,0,0,0,NA,0,1900,BEVERLY BL,ROSEMEAD BL,0,NA,Y,A,-,N,NA,NA,NA,NA,NA,NA,NA,NA,NA,Y,4,0,3,3,A,-,12,21453,A,N,A,D,A,B,H,-,C,B,0,NA,NA,NA,NA,Y,NA,A,01,0,0,3,0,0,0,0,0,0,-,-,34.01049041748047,-118.0809326171875,LOS ANGELES,PICO RIVERA,-118.08084106445313,34.01053237915039
94470887,2024,2024-11-15,9530,2024-11-03,335,023399,NA,7,3,5,1943,0,1,1,NA,2,210,I-105 E/B (GLENN ANDERSON FWY),LONG BEACH BLVD.,0.4,W,N,A,-,Y,LA,NA,105,NA,R,11.155,H,NA,R,Y,4,0,3,3,A,-,03,22350,NA,M,B,C,A,A,H,-,D,D,0,NA,NA,NA,NA,Y,NA,A,01,0,0,3,0,0,0,0,0,0,-,-,33.92747116088867,-118.21621704101564,LOS ANGELES,LYNWOOD,-118.21621704101564,33.9274787902832
94470912,2024,2024-11-15,9530,2024-11-04,645,020080,NA,1,1,7,1941,0,1,1,NA,2,071,I-710 N/B TO DEL AMO BLVD WB,DEL AMO BLVD.,556,N,N,A,-,Y,NA,NA,NA,NA,NA,NA,NA,NA,NA,N,4,0,1,1,A,-,03,22350,NA,N,F,A,A,A,H,-,A,D,0,NA,NA,Y,NA,Y,NA,C,02,0,0,1,0,0,0,0,0,1,-,-,33.8485107421875,-118.20487213134766,LOS ANGELES,LONG BEACH,-118.2052764892578,33.84809112548828
94470960,2024,2024-11-15,9530,2024-11-03,1140,023652,NA,7,1,7,1941,0,1,1,NA,2,072,I-710 N/B (LONG BEACH FREEWAY),WILLOW ST.,450,S,N,A,-,Y,LA,NA,710,NA,NA,7.793,H,NA,R,Y,3,0,1,1,A,-,03,22350,NA,N,F,I,A,A,H,-,A,D,0,NA,NA,NA,Y,Y,NA,G,27,0,1,0,0,0,0,0,0,0,-,-,33.80305099487305,-118.20709991455078,LOS ANGELES,LONG BEACH,-118.2072982788086,33.80303192138672
94470986,2024,2024-11-15,9530,2024-11-02,1525,023720,NA,6,2,9,1900,0,3,5,NA,2,001,SANTA FE AVE.,SALE PL.,0,NA,Y,A,-,N,NA,NA,NA,NA,NA,NA,NA,NA,NA,Y,4,0,2,2,A,-,09,21802,A,N,D,C,A,A,H,-,A,D,0,NA,NA,Y,NA,Y,NA,A,01,0,0,2,0,0,0,0,0,1,-,-,33.96305847167969,-118.2301788330078,LOS ANGELES,UNINCORPORATED,-118.23026275634766,33.96302032470703
9447099,2022,2022-05-25,1941,2022-05-01,0257,11524,NA,7,5,7,1941,0,0,0,NA,0,NA,14TH ST,OHIO AV,44,E,N,A,-,N,NA,NA,NA,NA,NA,NA,NA,NA,NA,Y,3,0,2,3,A,-,08,22107,NA,N,A,E,A,A,A,-,C,D,0,NA,NA,NA,NA,Y,NA,A,NA,0,1,1,0,0,0,0,0,0,-,-,NA,NA,LOS ANGELES,LONG BEACH,-118.15990447998048,33.78443908691406
94470995,2024,2024-11-15,9545,2024-11-14,913,023840,NA,4,1,9,1900,0,3,5,NA,2,002,30TH ST W,AVENUE M,634,S,N,A,-,N,NA,NA,NA,NA,NA,NA,NA,NA,NA,N,3,0,1,2,A,-,03,22350,NA,N,C,C,A,A,H,-,A,D,0,NA,NA,NA,NA,Y,NA,A,01,0,1,0,0,0,0,0,0,0,-,-,34.64387893676758,-118.18306732177734,LOS ANGELES,UNINCORPORATED,-118.18309020996094,34.643951416015625
94471013,2024,2024-11-15,9525,2024-11-13,1640,022772,NA,3,2,4,1905,0,1,1,NA,2,203,I-210 W/B FROM CITRUS AVE.,CITRUS AVE,528,W,N,A,-,Y,NA,NA,NA,NA,NA,NA,NA,NA,NA,Y,4,0,1,2,A,-,09,21801,A,N,D,G,A,A,H,-,A,D,0,NA,Y,NA,NA,Y,NA,A,01,0,0,1,0,0,0,1,0,0,-,-,34.121368408203125,-117.89279174804688,LOS ANGELES,AZUSA,-117.8901596069336,34.12120056152344
94471019,2024,2024-11-15,9540,2024-11-09,545,023847,NA,6,3,7,1942,0,1,1,NA,1,502,I-5 N/B (GOLDEN STATE FREEWAY),SAN FERNANDO RD,1320,S,N,A,-,Y,LA,NA,5,NA,R,43.612,H,NA,R,Y,3,0,1,2,A,-,03,22350,NA,N,C,2,A,A,H,-,B,D,0,NA,NA,NA,NA,Y,NA,A,01,0,1,0,0,0,0,0,0,0,-,-,34.31180953979492,-118.48709869384766,LOS ANGELES,LOS ANGELES,-118.4870834350586,34.31181716918945
9447103,2022,2022-05-26,1941,2022-05-02,1452,10951,NA,1,5,7,1941,0,0,0,NA,0,NA,WOODRUFF AV,CONANT ST,0,NA,Y,A,-,N,NA,NA,NA,NA,NA,NA,NA,NA,NA,Y,4,0,1,3,A,-,03,22350,NA,N,A,C,A,A,H,-,A,A,0,NA,NA,NA,NA,Y,NA,A,NA,0,0,1,0,0,0,0,0,0,-,-,NA,NA,LOS ANGELES,LONG BEACH,-118.1165771484375,33.82503128051758
94471035,2024,2024-11-15,9530,2024-11-02,1630,023562,NA,6,2,9,1900,0,3,5,NA,2,001,92ND ST.,ANZAC AVE.,0,NA,Y,B,-,N,NA,NA,NA,NA,NA,NA,NA,NA,NA,N,4,0,1,2,A,-,12,21453,A,N,D,G,A,A,H,-,A,A,0,NA,Y,NA,NA,Y,NA,L,04,0,0,1,0,0,0,1,0,0,-,-,33.95336151123047,-118.23739624023438,LOS ANGELES,UNINCORPORATED,-118.23744201660156,33.95328140258789
9447104,2022,2022-05-26,1941,2022-05-05,1703,11126,NA,4,5,7,1941,0,0,0,NA,0,NA,DEL AMO BL,LOCUST AV,0,NA,Y,A,-,N,NA,NA,NA,NA,NA,NA,NA,NA,NA,Y,4,0,1,2,A,-,08,22107,NA,N,D,C,A,A,H,-,A,A,0,NA,NA,NA,NA,Y,NA,A,NA,0,0,1,0,0,0,0,0,0,-,-,NA,NA,LOS ANGELES,LONG BEACH,-118.18978118896484,33.8464241027832
94471075,2024,2024-11-15,9565,2024-10-18,1531,021759,NA,5,2,9,1900,0,3,5,NA,2,005,FIJI WAY,LINCOLN AVE,0,NA,Y,A,-,N,NA,NA,NA,NA,NA,NA,NA,NA,NA,N,4,0,1,2,A,-,03,22350,NA,N,C,C,A,A,H,-,A,A,0,NA,NA,NA,NA,Y,NA,J,48,0,0,1,0,0,0,0,0,0,-,-,33.97827911376953,-118.43666839599608,LOS ANGELES,UNINCORPORATED,-118.43657684326172,33.978538513183594
94471097,2024,2024-11-15,9530,2024-11-04,1256,024013,NA,1,1,9,1900,0,3,5,NA,2,002,MAIN STREET (BLOCK 13900),139TH STREET,120,S,N,A,-,N,NA,NA,NA,NA,NA,NA,NA,NA,NA,Y,4,0,3,5,A,-,08,22107,NA,N,B,E,E,A,H,-,A,D,0,Y,NA,NA,NA,Y,NA,A,01,0,0,3,0,2,0,0,0,0,-,-,33.90557861328125,-118.27391815185548,LOS ANGELES,UNINCORPORATED,-118.27400207519533,33.90562057495117
94471098,2024,2024-11-15,9565,2024-11-04,1520,023177,NA,1,2,9,1900,0,2,4,NA,1,032,SLAUSON AVE,KENISTON AVE,0,NA,Y,A,-,N,NA,NA,NA,NA,NA,NA,NA,NA,NA,Y,4,0,2,2,A,-,09,21802,A,N,D,C,A,A,H,-,A,A,0,NA,NA,NA,NA,Y,NA,A,07,0,0,2,0,0,0,0,0,0,-,-,33.988990783691406,-118.34203338623048,LOS ANGELES,UNINCORPORATED,-118.3419952392578,33.988948822021484
94471110,2024,2024-12-20,9530,2024-11-03,800,023720,NA,7,1,9,1900,0,3,5,NA,2,005,CRENSHAW BLVD.,REDONDO BEACH BLVD.,10,N,N,A,-,N,NA,NA,NA,NA,NA,NA,NA,NA,NA,Y,4,0,1,4,A,-,03,22350,NA,N,B,C,A,A,H,-,A,A,0,NA,NA,NA,NA,Y,NA,A,01,0,0,1,0,0,0,0,0,0,-,-,33.88309860229492,-118.32662200927734,LOS ANGELES,UNINCORPORATED,-118.32653045654295,33.88292694091797
94471118,2024,2024-11-15,9530,2024-11-04,556,024092,NA,1,3,9,1900,0,3,5,NA,2,002,WILMINGTON AVENUE (11800 BLOCK ),120TH STREET,14,N,N,A,-,Y,NA,NA,NA,NA,NA,NA,NA,NA,NA,N,3,0,1,2,A,-,11,21950,B,N,B,B,B,A,H,-,B,A,0,Y,NA,NA,NA,Y,NA,N,60,0,1,0,0,1,0,0,0,0,-,-,33.92475128173828,-118.23902130126952,LOS ANGELES,UNINCORPORATED,-118.23914337158205,33.924659729003906
94471144,2024,2024-11-15,9580,2024-11-06,1903,021966,NA,3,2,7,1942,0,1,2,NA,2,105,US-101 S/B (VENTURA FREEWAY),SR-27 (TOPANGA CANYON BLVD.),1130,S,N,A,-,Y,LA,NA,101,NA,NA,25.124,H,NA,L,Y,4,0,1,3,A,-,03,22350,NA,N,C,C,A,A,H,-,D,D,0,NA,NA,NA,NA,Y,NA,A,01,0,0,1,0,0,0,0,0,0,-,-,34.170021057128906,-118.60198974609376,LOS ANGELES,LOS ANGELES,-118.60198211669922,34.1700553894043
94471154,2024,2024-11-15,9580,2024-11-06,2300,023142,NA,3,3,7,1942,0,1,1,NA,2,407,I-405 S/B (SAN DIEGO FWY),NORDHOFF ST,1320,N,N,A,-,Y,LA,NA,405,NA,NA,45.091,H,NA,L,Y,4,0,1,1,A,-,08,22107,NA,N,E,I,A,A,H,-,D,D,0,NA,NA,NA,NA,Y,NA,A,01,0,0,1,0,0,0,0,0,0,-,-,34.24053955078125,-118.47303009033205,LOS ANGELES,LOS ANGELES,-118.47312927246094,34.24053955078125
94471165,2024,2025-01-15,9565,2024-11-04,1300,023177,NA,1,1,5,1928,0,1,1,NA,2,060,I-405 S/B (SAN DEIGO FWY),ROSECRANS AVE,1165,N,N,A,-,Y,LA,NA,405,NA,NA,19.481,H,NA,L,N,4,0,1,3,A,-,03,22350,NA,N,C,C,A,A,H,-,A,D,0,NA,NA,NA,NA,Y,NA,D,22,0,0,1,0,0,0,0,0,0,-,-,33.905609130859375,-118.37050628662108,LOS ANGELES,HAWTHORNE,-118.37056732177734,33.905609130859375
94471177,2024,2024-11-15,9580,2024-11-12,830,023918,NA,2,1,7,1942,0,1,2,NA,2,103,US-101 S/B (VENTURA FREEWAY),VAN NUYS BLVD,3696,N,N,A,-,Y,LA,NA,101,NA,NA,16.646,H,NA,L,Y,4,0,2,2,A,-,08,22107,NA,N,C,C,A,A,H,-,A,D,0,NA,NA,NA,NA,Y,NA,A,07,0,0,2,0,0,0,0,0,0,-,-,34.15935134887695,-118.46086883544922,LOS ANGELES,LOS ANGELES,-118.46088409423828,34.159263610839844
9447119,2022,2022-05-26,1900,2022-05-03,1541,525413,2619,2,5,6,1950,0,0,0,NA,0,262T1,DIVISION ST,GAITANO DR,558,S,N,A,-,N,NA,NA,NA,NA,NA,NA,NA,NA,NA,N,3,0,1,2,A,-,08,22107,NA,N,A,G,A,A,H,-,A,D,0,NA,Y,NA,NA,Y,NA,L,04,0,1,0,0,0,0,1,0,0,-,-,34.60963821411133,-118.12995147705078,LOS ANGELES,PALMDALE,-118.12999725341795,34.609619140625