CASE_ID,ACCIDENT_YEAR,PROC_DATE,JURIS,COLLISION_DATE,COLLISION_TIME,OFFICER_ID,REPORTING_DISTRICT,DAY_OF_WEEK,CHP_SHIFT,POPULATION,CNTY_CITY_LOC,SPECIAL_COND,BEAT_TYPE,CHP_BEAT_TYPE,CITY_DIVISION_LAPD,CHP_BEAT_CLASS,BEAT_NUMBER,PRIMARY_RD,SECONDARY_RD,DISTANCE,DIRECTION,INTERSECTION,WEATHER_1,WEATHER_2,STATE_HWY_IND,CALTRANS_COUNTY,CALTRANS_DISTRICT,STATE_ROUTE,ROUTE_SUFFIX,POSTMILE_PREFIX,POSTMILE,LOCATION_TYPE,RAMP_INTERSECTION,SIDE_OF_HWY,TOW_AWAY,COLLISION_SEVERITY,NUMBER_KILLED,NUMBER_INJURED,PARTY_COUNT,PRIMARY_COLL_FACTOR,PCF_CODE_OF_VIOL,PCF_VIOL_CATEGORY,PCF_VIOLATION,PCF_VIOL_SUBSECTION,HIT_AND_RUN,TYPE_OF_COLLISION,MVIW,PED_ACTION,ROAD_SURFACE,ROAD_COND_1,ROAD_COND_2,LIGHTING,CONTROL_DEVICE,CHP_ROAD_TYPE,PEDESTRIAN_ACCIDENT,BICYCLE_ACCIDENT,MOTORCYCLE_ACCIDENT,TRUCK_ACCIDENT,NOT_PRIVATE_PROPERTY,ALCOHOL_INVOLVED,STWD_VEHTYPE_AT_FAULT,CHP_VEHTYPE_AT_FAULT,COUNT_SEVERE_INJ,COUNT_VISIBLE_INJ,COUNT_COMPLAINT_PAIN,COUNT_PED_KILLED,COUNT_PED_INJURED,COUNT_BICYCLIST_KILLED,COUNT_BICYCLIST_INJURED,COUNT_MC_KILLED,COUNT_MC_INJURED,PRIMARY_RAMP,SECONDARY_RAMP,LATITUDE,LONGITUDE,COUNTY,CITY,POINT_X,POINT_Y
9447987,2022,2022-09-14,1900,2022-08-18,1735,646171,2824,4,5,5,1915,0,0,0,NA,0,283T2,COMPTON BL,BURRIS AV,26,E,N,A,-,N,NA,NA,NA,NA,NA,NA,NA,NA,NA,N,4,0,2,3,A,-,04,21703,NA,N,C,C,A,A,H,-,A,D,0,NA,NA,NA,NA,Y,NA,A,01,0,0,2,0,0,0,0,0,0,-,-,33.96002960205078,-118.21005249023438,LOS ANGELES,COMPTON,-118.21150207519533,33.896018981933594
9447988,2022,2022-09-14,1900,2022-08-04,0029,656310,2833,4,5,5,1915,0,0,0,NA,0,281T1,ALONDRA BL,NESTOR AV,91,N,N,A,-,N,NA,NA,NA,NA,NA,NA,NA,NA,NA,Y,4,0,1,1,D,-,00,NA,NA,N,E,I,A,A,H,-,C,D,0,NA,NA,NA,NA,Y,NA,-,-,0,0,1,0,0,0,0,0,0,-,-,33.8885383605957,-118.24722290039064,LOS ANGELES,COMPTON,-118.24697113037108,33.88840103149414
9447989,2022,2022-09-14,1900,2022-08-04,1730,659092,2826,4,5,5,1915,0,0,0,NA,0,283T2,COMPTON BL,BULLIS RD,0,NA,Y,A,-,N,NA,NA,NA,NA,NA,NA,NA,NA,NA,Y,3,0,2,2,A,-,12,21452,A,N,D,C,A,A,H,-,A,A,0,NA,NA,NA,NA,Y,NA,A,01,0,1,1,0,0,0,0,0,0,-,-,33.89598846435547,-118.20658111572266,LOS ANGELES,COMPTON,-118.20659637451172,33.89601516723633
9447990,2022,2022-09-14,1900,2022-08-17,1830,655224,2844,3,5,5,1915,0,0,0,NA,0,283T1,ALONDRA BL,ALAMEDA ST EAST,0,NA,Y,A,-,N,NA,NA,NA,NA,NA,NA,NA,NA,NA,N,4,0,3,2,A,-,12,21453,A,N,D,C,A,A,H,-,A,A,0,NA,NA,NA,NA,Y,NA,A,01,0,0,3,0,0,0,0,0,0,-,-,33.8886604309082,-118.21875762939452,LOS ANGELES,COMPTON,-118.21874237060548,33.88859176635742
94479904,2024,2024-11-22,9580,2024-11-13,1840,020800,NA,3,2,7,1942,0,1,3,NA,2,118,SR-118 E/B (RONALD REAGAN FWY.),SR-27 (TOPANGA CYN. BLVD.),60,E,N,A,-,Y,NA,NA,NA,NA,NA,NA,NA,NA,NA,N,4,0,1,1,C,-,18,NA,NA,N,H,A,A,A,H,-,C,D,0,NA,NA,NA,NA,Y,NA,-,-,0,0,1,0,0,0,0,0,0,-,-,34.27722930908203,-118.60459136962892,LOS ANGELES,LOS ANGELES,-118.60285949707033,34.27701950073242
9447991,2022,2022-09-14,1900,2022-08-07,1740,645885,2814,7,5,5,1915,0,0,0,NA,0,NA,COMPTON BL,WILLOWBROOK AV,0,NA,Y,A,-,N,NA,NA,NA,NA,NA,NA,NA,NA,NA,N,4,0,2,2,A,-,09,21800,D,N,D,C,A,A,H,-,A,B,0,NA,NA,NA,NA,Y,NA,A,01,0,0,2,0,0,0,0,0,0,-,-,NA,NA,LOS ANGELES,COMPTON,-118.22438049316406,33.89598846435547
94479922,2024,2024-11-22,9545,2024-11-07,620,016124,NA,4,1,9,1900,0,3,5,NA,2,004,AVENUE E,120TH ST EAST,0,NA,Y,A,-,N,NA,NA,NA,NA,NA,NA,NA,NA,NA,N,3,0,1,2,A,-,09,21800,A,N,D,C,A,A,H,-,B,A,0,NA,NA,Y,NA,Y,NA,A,07,0,1,0,0,0,0,0,0,1,-,-,34.76382064819336,-117.91635131835938,LOS ANGELES,UNINCORPORATED,-117.91635131835938,34.76378631591797
94479926,2024,2024-11-22,9580,2024-11-14,2010,023758,NA,4,2,7,1942,0,1,1,NA,2,406,I-405 N/B TO NORDHOFF STREET,NORDHOFF ST,100,S,N,A,-,Y,LA,NA,405,NA,NA,44.7,H,NA,R,Y,4,0,1,3,A,-,03,22350,NA,N,C,C,A,A,H,-,C,D,0,NA,NA,NA,NA,Y,NA,A,01,0,0,1,0,0,0,0,0,0,-,-,34.234920501708984,-118.47264862060548,LOS ANGELES,LOS ANGELES,-118.47295379638672,34.234920501708984
9447995,2022,2022-09-15,1900,2022-08-27,1945,669714,0458,6,5,6,1949,0,0,0,NA,0,43T1,162ND ST,ELAINE AV,15,W,N,A,-,N,NA,NA,NA,NA,NA,NA,NA,NA,NA,N,4,0,1,2,A,-,10,21950,A,N,G,B,B,A,H,-,C,D,0,Y,NA,NA,NA,Y,Y,A,07,0,0,1,0,1,0,0,0,0,-,-,NA,NA,LOS ANGELES,NORWALK,-118.07723999023438,33.884002685546875
94479969,2024,2024-11-22,9575,2024-11-11,1755,023029,NA,1,2,6,1925,0,1,1,NA,2,050,I-5 S/B (GOLDEN STATE FREEWAY),ALLEN AVENUE,176,S,N,A,-,Y,LA,NA,5,NA,NA,28.112,H,NA,L,N,4,0,1,2,A,-,03,22350,NA,N,C,C,A,A,H,-,A,D,0,NA,NA,NA,NA,Y,NA,A,01,0,0,1,0,0,0,0,0,0,-,-,34.1669807434082,-118.30007934570313,LOS ANGELES,GLENDALE,-118.3000259399414,34.16702651977539
9447997,2022,2022-09-15,1900,2022-08-10,2240,602259,0452,3,5,6,1949,0,0,0,NA,0,43T1,PIONEER BL,ALLARD ST,0,NA,Y,A,-,N,NA,NA,NA,NA,NA,NA,NA,NA,NA,N,4,0,1,2,A,-,12,21453,A,N,D,C,A,A,H,-,C,A,0,NA,NA,NA,NA,Y,NA,A,01,0,0,1,0,0,0,0,0,0,-,-,NA,NA,LOS ANGELES,NORWALK,-118.08187866210938,33.92438507080078
94479975,2024,2024-11-22,9590,2024-11-15,1250,016230,NA,5,1,7,1942,0,1,1,NA,2,080,I-5 NB (GOLDEN STATE FREEWAY),7TH ST,94,N,N,A,-,Y,NA,NA,NA,NA,NA,NA,NA,NA,NA,N,4,0,1,2,A,-,08,22107,NA,N,C,C,A,A,H,-,A,D,0,NA,NA,NA,Y,Y,NA,A,01,0,0,1,0,0,0,0,0,0,-,-,34.034000396728516,-118.22006225585938,LOS ANGELES,LOS ANGELES,-118.22006988525392,34.03391647338867
94479976,2024,2024-11-22,9545,2024-11-13,1710,022910,NA,3,2,9,1900,0,3,5,NA,2,004,PALMDALE BOULEVARD,160TH STREET EAST,0,NA,Y,A,-,N,NA,NA,NA,NA,NA,NA,NA,NA,NA,Y,4,0,1,2,A,-,09,21802,A,N,D,C,A,A,H,-,E,D,0,NA,NA,NA,NA,Y,NA,A,01,0,0,1,0,0,0,0,0,0,-,-,34.57992935180664,-117.8444366455078,LOS ANGELES,UNINCORPORATED,-117.8444595336914,34.57990646362305
9447998,2022,2022-09-14,1900,2022-08-08,0054,624614,0481,1,5,6,1949,0,0,0,NA,0,43T1,IMPERIAL HWY,HOXIE AV,0,NA,Y,A,-,N,NA,NA,NA,NA,NA,NA,NA,NA,NA,Y,4,0,2,2,A,-,12,21453,A,N,D,C,A,A,H,-,C,A,0,NA,NA,NA,NA,Y,NA,A,01,0,0,2,0,0,0,0,0,0,-,-,NA,NA,LOS ANGELES,NORWALK,-118.1034698486328,33.91716766357422
9447999,2022,2022-09-15,1900,2022-08-18,2215,610211,0453,4,5,6,1949,0,0,0,NA,0,43T1E,FOSTER RD,FAIRFORD AV,0,NA,Y,A,-,N,NA,NA,NA,NA,NA,NA,NA,NA,NA,Y,4,0,4,2,A,-,12,22450,NA,N,D,C,A,A,H,-,C,A,0,NA,NA,NA,NA,Y,NA,A,01,0,0,4,0,0,0,0,0,0,-,-,NA,NA,LOS ANGELES,NORWALK,-118.09493255615234,33.90965270996094
94479996,2024,2024-11-22,9530,2024-11-05,805,023235,NA,2,1,9,1900,0,3,5,NA,2,003,ATLANTIC AVENUE,ROSECRANS AVENUE,0,NA,Y,A,-,N,NA,NA,NA,NA,NA,NA,NA,NA,NA,N,4,0,1,2,A,-,12,21453,A,N,D,C,A,A,H,-,A,A,0,NA,NA,NA,NA,Y,NA,A,01,0,0,1,0,0,0,0,0,0,-,-,33.90357971191406,-118.19390869140624,LOS ANGELES,UNINCORPORATED,-118.19393920898438,33.903568267822266
94479997,2024,2024-11-22,9575,2024-11-08,1710,022336,NA,5,2,9,1900,0,2,4,NA,2,012,FOOTHILL BLVD (3100 BLOCK),PENNSYLVANIA AVE.,245,E,N,A,-,N,NA,NA,NA,NA,NA,NA,NA,NA,NA,N,4,0,2,2,A,-,03,22350,NA,F,C,C,A,A,H,-,C,A,0,NA,NA,NA,NA,Y,NA,-,99,0,0,2,0,0,0,0,0,0,-,-,34.22917938232422,-118.24791717529295,LOS ANGELES,UNINCORPORATED,-118.2480239868164,34.22917556762695
9448000,2022,2022-09-14,1900,2022-08-11,0804,620765,0456,4,5,6,1949,0,0,0,NA,0,43T1,PIONEER BL,MAPLEDALE ST,0,NA,Y,A,-,N,NA,NA,NA,NA,NA,NA,NA,NA,NA,Y,3,0,1,3,A,-,09,21801,A,N,D,C,A,A,H,-,A,A,0,NA,NA,NA,NA,Y,NA,A,07,0,1,0,0,0,0,0,0,0,-,-,NA,NA,LOS ANGELES,NORWALK,-118.08280181884766,33.89849853515625
94480017,2024,2024-11-22,9550,2024-11-15,1540,023879,NA,5,2,6,1920,0,1,1,NA,2,151,I-105 E/B,LAKEWOOD BOULEVARD,350,W,N,A,-,Y,LA,NA,105,NA,R,15.685,H,NA,R,Y,3,0,3,5,A,-,03,22350,NA,M,C,C,A,A,H,-,A,D,0,NA,NA,NA,NA,Y,NA,A,01,0,1,2,0,0,0,0,0,0,-,-,33.91292953491211,-118.14218139648438,LOS ANGELES,DOWNEY,-118.14218139648438,33.912933349609375
94480019,2024,2024-11-22,9590,2024-11-13,1940,023548,NA,3,2,7,1942,0,1,S,NA,2,904,I-110 HARBOR FREEWAY S/B,108TH ST,500,S,N,A,-,Y,LA,NA,110,NA,NA,14.423,H,NA,L,Y,4,0,1,2,A,-,07,21658,A,N,B,C,A,A,H,-,C,D,0,NA,NA,NA,NA,Y,NA,A,01,0,0,1,0,0,0,0,0,0,-,-,33.93743896484375,-118.2802963256836,LOS ANGELES,LOS ANGELES,-118.28018951416016,33.93743896484375
9448003,2022,2022-05-31,1953,2022-04-19,1441,0347,1953,2,5,6,1953,0,0,0,NA,0,004,SIERRA MADRE VILLA,SIERRA MADRE BL,0,NA,Y,A,-,N,NA,NA,NA,NA,NA,NA,NA,NA,NA,Y,3,0,1,3,A,-,12,21453,A,N,B,C,A,A,H,-,A,A,0,NA,NA,NA,NA,Y,NA,D,22,0,1,0,0,0,0,0,0,0,-,-,NA,NA,LOS ANGELES,PASADENA,-118.08120727539064,34.16176986694336
94480058,2024,2024-11-22,9590,2024-11-09,510,023563,NA,6,3,7,1942,0,1,2,NA,2,071,US-101 S/B (SANTA ANA FREEWAY),ALAMEDA ST,680,S,N,A,-,Y,LA,NA,101,NA,NA,0.606,H,NA,L,Y,3,0,1,2,A,-,08,22107,NA,N,B,C,A,A,H,-,C,D,0,NA,NA,Y,NA,Y,NA,C,02,0,1,0,0,0,0,0,0,1,-,-,34.0537109375,-118.23567962646484,LOS ANGELES,LOS ANGELES,-118.23567962646484,34.053714752197266
94480074,2024,2024-11-22,9565,2024-11-12,1516,022576,NA,2,2,9,1900,0,1,1,NA,2,063,I-405 N/B TO WILSHIRE BLVD W/B,WILSHIRE BLVD,0,NA,Y,A,-,Y,NA,NA,NA,NA,NA,NA,NA,NA,NA,N,4,0,1,2,A,-,03,22350,NA,N,C,C,A,A,H,-,A,D,0,NA,NA,NA,NA,Y,NA,A,01,0,0,1,0,0,0,0,0,0,-,-,34.05686950683594,-118.45046997070313,LOS ANGELES,UNINCORPORATED,-118.45191955566406,34.05571365356445
9448011,2022,2022-06-06,1953,2022-03-30,1252,8091,1953,3,5,6,1953,0,0,0,NA,0,004,SIERRA MADRE VILLA AV,ESTADOS ST,0,NA,Y,A,-,N,NA,NA,NA,NA,NA,NA,NA,NA,NA,Y,3,0,2,2,A,-,01,23152,F,N,B,E,A,A,H,-,A,D,0,NA,NA,NA,Y,Y,NA,A,01,0,2,0,0,0,0,0,0,0,-,-,NA,NA,LOS ANGELES,PASADENA,-118.0822296142578,34.15256118774414
9448013,2022,2022-06-07,1953,2022-04-08,1039,1001,1953,5,5,6,1953,0,0,0,NA,0,005,FAIR OAKS AV,WALNUT ST,0,NA,Y,A,-,N,NA,NA,NA,NA,NA,NA,NA,NA,NA,N,4,0,2,2,A,-,09,21801,A,M,D,C,A,A,H,-,A,A,0,NA,NA,NA,NA,Y,NA,A,01,0,0,2,0,0,0,0,0,0,-,-,NA,NA,LOS ANGELES,PASADENA,-118.15052032470705,34.149600982666016
94480148,2024,2024-11-22,9575,2024-11-10,1135,023009,NA,7,1,9,1900,0,2,4,NA,2,310,BIG TUJUNGA CANYON RD,ALDER CREEK,6917,E,N,A,-,N,NA,NA,NA,NA,NA,NA,NA,NA,NA,N,2,0,1,1,A,-,03,22350,NA,N,E,8,A,A,H,-,A,D,0,NA,NA,Y,NA,Y,NA,C,02,1,0,0,0,0,0,0,0,1,-,-,34.279930114746094,-118.21453094482422,LOS ANGELES,UNINCORPORATED,NA,NA
94480205,2024,2024-11-22,9590,2024-11-15,1316,016230,NA,5,1,7,1942,0,1,1,NA,2,021,I-10 WB (SAN BERNARDINO FREEWAY) TO SOTO ST.,SOTO STREET,1110,E,N,A,-,Y,LA,NA,10,NA,NA,19.308,H,NA,L,Y,4,0,2,1,A,-,08,22107,NA,N,E,I,A,A,H,-,A,D,0,NA,NA,NA,NA,Y,NA,A,07,0,0,2,0,0,0,0,0,0,-,-,34.05564880371094,-118.19886016845705,LOS ANGELES,LOS ANGELES,-118.19881439208984,34.05549621582031
9448026,2021,2022-06-01,1900,2021-08-12,0747,525735,0250,4,5,4,1945,0,0,0,NA,0,028,57TH ST,PINE AV,0,NA,Y,A,-,N,NA,NA,NA,NA,NA,NA,NA,NA,NA,N,4,0,1,2,A,-,12,22450,A,N,D,C,A,A,H,-,A,A,0,NA,NA,NA,NA,Y,NA,D,22,0,0,1,0,0,0,0,0,0,-,-,NA,NA,LOS ANGELES,MAYWOOD,-118.18751525878906,33.98929977416992
9448030,2021,2022-08-10,1900,2021-08-17,1743,626638,0245,2,5,3,1914,0,0,0,NA,0,027,WASHINGTON BL,FITZGERALD AV,400,W,N,A,-,N,NA,NA,NA,NA,NA,NA,NA,NA,NA,Y,4,0,1,1,A,-,03,22350,NA,N,A,I,A,A,H,-,A,D,0,NA,NA,NA,Y,Y,NA,G,25,0,0,1,0,0,0,0,0,0,-,-,NA,NA,LOS ANGELES,COMMERCE,-118.16242980957033,34.00120162963867
94480315,2024,2024-11-22,9540,2024-11-16,730,023847,NA,6,1,9,1900,0,1,1,NA,1,503,I-5 S/B (GOLDEN STATE FREEWAY),SR-14 N/B,1848,N,N,A,-,Y,LA,NA,5,NA,R,46.001,H,NA,L,Y,3,0,1,2,A,-,03,22350,NA,N,C,C,A,A,H,-,A,D,0,NA,NA,NA,Y,Y,NA,A,01,0,1,0,0,0,0,0,0,0,-,-,34.33740997314453,-118.51396942138672,LOS ANGELES,UNINCORPORATED,-118.51394653320313,34.33744430541992
94480338,2024,2024-11-22,9565,2024-11-12,1103,022576,NA,2,1,7,1942,0,1,1,NA,2,063,I-405 S/B,CONSTITUTION AVE,1020,N,N,A,-,Y,LA,NA,405,NA,NA,32.094,H,NA,L,Y,2,0,1,1,A,-,08,22107,NA,N,E,I,A,A,H,-,A,D,0,NA,NA,NA,NA,Y,NA,A,08,1,0,0,0,0,0,0,0,0,-,-,34.062068939208984,-118.45771026611328,LOS ANGELES,LOS ANGELES,-118.45752716064452,34.06217575073242
9448039,2022,2022-11-01,1900,2022-05-05,0109,644585,1015,4,5,3,1995,0,0,0,NA,0,101,MALIBU CANYON RD,MALIBU KNOLLS RD,50,S,N,A,-,N,NA,NA,NA,NA,NA,NA,NA,NA,NA,Y,2,0,2,2,A,-,01,23153,A,N,B,D,A,A,H,-,C,D,0,NA,NA,NA,Y,Y,Y,-,-,1,1,0,0,0,0,0,0,0,-,-,34.04051971435547,-118.69760131835938,LOS ANGELES,MALIBU,-118.697265625,34.04063034057617
94480408,2024,2024-11-22,9565,2024-11-12,946,022576,NA,2,1,9,1900,0,1,1,NA,2,063,I-405 N/B,WILSHIRE BLVD,1250,S,N,A,-,Y,LA,NA,405,NA,NA,31.308,H,NA,R,N,4,0,1,2,A,-,03,22350,NA,N,C,C,A,A,H,-,A,D,0,NA,NA,NA,NA,Y,NA,A,01,0,0,1,0,0,0,0,0,0,-,-,34.05284118652344,-118.44957733154295,LOS ANGELES,UNINCORPORATED,-118.44969177246094,34.05280303955078
94480450,2024,2024-11-22,9565,2024-09-23,635,023757,NA,1,1,9,1900,0,3,5,NA,2,003,STOCKER ST.,LA CIENEGA BLVD.,50,E,N,B,-,N,NA,NA,NA,NA,NA,NA,NA,NA,NA,N,3,0,1,2,A,-,08,22100,NA,N,D,C,A,A,H,-,A,D,0,NA,NA,NA,NA,Y,NA,A,07,0,1,0,0,0,0,0,0,0,-,-,33.9982795715332,-118.36872100830078,LOS ANGELES,UNINCORPORATED,-118.36943817138672,33.99809646606445
94480452,2024,2024-11-22,9575,2024-11-14,1935,022502,NA,4,2,6,1912,0,1,1,NA,2,051,I-5 S/B (GOLDEN STATE FREEWAY) TO ALAMEDA AVE.,ALAMEDA AVENUE,500,N,N,A,-,Y,LA,NA,5,NA,NA,28.538,H,NA,L,N,4,0,2,2,A,-,03,22350,NA,N,C,2,A,A,H,-,C,D,0,NA,NA,NA,NA,Y,NA,A,01,0,0,2,0,0,0,0,0,0,-,-,34.17121887207031,-118.30564880371094,LOS ANGELES,BURBANK,-118.30553436279295,34.17128372192383
94480461,2024,2024-11-22,9580,2024-11-15,2000,023213,NA,5,2,7,1942,0,1,1,NA,2,406,I-405 N/B (SAN DIEGO FREEWAY),DEVONSHIRE ST,1700,S,N,B,-,Y,LA,NA,405,NA,NA,45.925,H,NA,R,N,3,0,3,2,A,-,08,22107,NA,N,E,I,A,A,H,-,C,D,0,NA,NA,NA,NA,Y,NA,A,01,0,2,1,0,0,0,0,0,0,-,-,34.252620697021484,-118.47229766845705,LOS ANGELES,LOS ANGELES,-118.47217559814452,34.252620697021484
9448048,2022,2022-06-03,1900,2022-04-25,0651,519902,2111,1,5,5,1943,0,0,0,NA,0,212T4,LONG BEACH BL,TWEEDY BL,0,NA,Y,A,-,N,NA,NA,NA,NA,NA,NA,NA,NA,NA,Y,3,0,1,2,A,-,08,22107,NA,N,D,C,A,A,H,-,A,A,0,NA,NA,NA,NA,Y,NA,D,22,0,1,0,0,0,0,0,0,0,-,-,NA,NA,LOS ANGELES,LYNWOOD,-118.21616363525392,33.94535446166992
94480573,2024,2024-11-22,9565,2024-11-11,1830,021808,NA,1,2,7,1942,0,1,1,NA,2,063,I-405 S/B (SAN DIEGO FWY.),SANTA MONICA BLVD.,1700,S,N,A,-,Y,LA,NA,405,NA,NA,30.543,H,NA,L,N,4,0,1,2,A,-,03,22350,NA,N,C,C,A,A,H,-,C,D,0,NA,NA,NA,NA,Y,NA,A,01,0,0,1,0,0,0,0,0,0,-,-,34.04310989379883,-118.44349670410156,LOS ANGELES,LOS ANGELES,-118.44348907470705,34.043113708496094
9448059,2022,2022-05-31,1953,2022-04-24,2121,1626,1953,7,5,6,1953,0,0,0,NA,0,002,FAIR OAKS AV,MOUNTAIN ST,0,NA,Y,A,-,N,NA,NA,NA,NA,NA,NA,NA,NA,NA,Y,3,0,4,2,A,-,09,21801,A,F,A,C,A,A,H,-,C,A,0,NA,NA,NA,NA,Y,NA,D,22,0,2,2,0,0,0,0,0,0,-,-,NA,NA,LOS ANGELES,PASADENA,-118.1506118774414,34.161460876464844
9448061,2022,2022-06-06,1900,2022-03-30,1130,648688,0243,3,5,3,1914,0,0,0,NA,0,27TD,WASHINGTON BL,BEDESSEN AV,0,NA,Y,A,-,N,NA,NA,NA,NA,NA,NA,NA,NA,NA,Y,3,0,1,2,A,-,09,21802,A,N,D,C,A,A,H,-,A,A,0,NA,NA,NA,Y,Y,NA,D,22,0,1,0,0,0,0,0,0,0,-,-,34.00553894042969,-118.17519378662108,LOS ANGELES,COMMERCE,-118.17523193359376,34.00553512573242
94480649,2024,2024-11-22,9565,2024-11-11,1710,020209,NA,1,2,7,1942,0,1,1,NA,2,062,INTERSTATE 405 SOUTHBOUND,VENICE BOULEVARD,1000,N,N,A,-,Y,LA,NA,405,NA,NA,28.155,H,NA,L,N,4,0,1,2,A,-,07,21658,A,N,F,A,A,A,H,-,C,D,0,NA,NA,Y,NA,Y,NA,A,07,0,0,1,0,0,0,0,0,1,-,-,34.01449966430664,-118.42037963867188,LOS ANGELES,LOS ANGELES,-118.42041015625,34.01448440551758
9448067,2022,2022-05-31,1953,2022-04-21,1603,7141,PASAD,4,5,6,1953,0,0,0,NA,0,003,HILL AV,MOUNTAIN ST,15,S,N,A,-,N,NA,NA,NA,NA,NA,NA,NA,NA,NA,Y,3,0,5,2,A,-,12,21453,A,N,A,C,A,A,H,-,A,A,0,NA,NA,NA,NA,Y,NA,A,07,0,4,1,0,0,0,0,0,0,-,-,NA,NA,LOS ANGELES,PASADENA,-118.12148284912108,34.16162872314453
94480697,2024,2024-11-22,9525,2024-11-09,1127,023085,NA,6,1,5,1906,0,1,1,NA,2,103,I-10 W/B (SAN BERNARDINO FWY),BALDWIN PARK BOULEVARD,1478,W,N,A,-,Y,LA,NA,10,NA,NA,32.505,H,NA,L,N,3,0,1,3,A,-,06,21750,A,N,B,C,A,A,H,-,A,A,0,NA,NA,Y,NA,Y,NA,C,02,0,1,0,0,0,0,0,0,1,-,-,34.06829833984375,-117.97679901123048,LOS ANGELES,BALDWIN PARK,-117.97679138183594,34.068275451660156
94480722,2024,2024-11-22,9550,2024-11-15,1815,024048,NA,5,2,9,1900,0,1,1,NA,2,650,I-605 SOUTHBOUND (SAN GABRIEL RIVER FREEWAY),SR-60 (POMONA FREEWAY),905,S,N,A,-,Y,LA,NA,605,NA,R,17.222,H,NA,L,Y,4,0,2,3,A,-,03,22350,NA,N,C,C,A,A,H,-,D,D,0,NA,NA,NA,NA,Y,NA,A,01,0,0,2,0,0,0,0,0,0,-,-,34.03215026855469,-118.02964019775392,LOS ANGELES,UNINCORPORATED,-118.02967834472656,34.03218460083008
9448077,2022,2022-06-06,1900,2022-03-24,1130,648688,0243,4,5,3,1914,0,0,0,NA,0,27TD,WASHINGTON BL,HEPWORTH AV,53,W,N,A,-,N,NA,NA,NA,NA,NA,NA,NA,NA,NA,N,4,0,2,2,A,-,21,22106,NA,N,C,C,A,A,H,-,A,A,0,NA,NA,NA,Y,Y,NA,G,27,0,0,2,0,0,0,0,0,0,-,-,34.00450134277344,-118.17218017578124,LOS ANGELES,COMMERCE,-118.1721420288086,34.004493713378906
94480793,2024,2024-11-22,9575,2024-11-09,2105,023126,NA,6,2,7,1942,0,1,1,NA,2,053,I-5 N/B (GOLDEN STATE FREEWAY),PAXTON ST.,592,N,N,A,-,Y,LA,NA,5,NA,NA,39.189,H,NA,R,N,4,0,1,2,A,-,07,21658,A,M,B,2,A,A,H,-,C,D,0,NA,NA,NA,NA,Y,NA,-,99,0,0,1,0,0,0,0,0,0,-,-,34.26454162597656,-118.4419403076172,LOS ANGELES,LOS ANGELES,-118.4418716430664,34.26457214355469
94480813,2024,2024-11-22,9575,2024-11-16,1230,022526,NA,6,1,6,1953,0,1,1,NA,2,063,I-210 E/B (FOOTHILL FREEWAY) TO I-210 E/B,ORANGE GROVE BOULEVARD,507,W,N,A,-,Y,LA,NA,210,NA,R,24.544,H,NA,R,N,4,0,4,3,A,-,03,22350,NA,N,C,C,A,A,H,-,A,D,0,NA,NA,NA,NA,Y,NA,A,01,0,0,4,0,0,0,0,0,0,-,-,34.155330657958984,-118.15794372558594,LOS ANGELES,PASADENA,-118.15779113769533,34.155372619628906
9448088,2022,2022-06-14,1942,2022-05-08,0205,44397,0916,7,5,7,1942,0,0,0,I,0,9A5,VANOWEN ST,RANCHITO AV,50,W,N,A,-,N,NA,NA,NA,NA,NA,NA,NA,NA,NA,Y,2,0,3,3,A,-,07,21658,NA,N,F,E,A,A,H,-,C,D,0,NA,NA,NA,NA,Y,NA,A,07,1,1,1,0,0,0,0,0,0,-,-,NA,NA,LOS ANGELES,LOS ANGELES,-118.4357681274414,34.193939208984375
94480880,2024,2024-11-22,9575,2024-11-16,1610,023031,NA,6,2,7,1942,0,1,1,NA,2,053,I-5 N/B (GOLDEN STATE FREEWAY),TERRA BELLA ST.,750,S,N,A,-,Y,LA,NA,5,NA,NA,37.826,H,NA,R,N,3,0,2,3,A,-,03,22350,NA,N,C,C,A,A,H,-,A,D,0,NA,NA,NA,NA,Y,NA,A,07,0,1,1,0,0,0,0,0,0,-,-,34.24925994873047,-118.42690277099608,LOS ANGELES,LOS ANGELES,-118.42701721191406,34.249176025390625
94480890,2024,2024-11-25,9550,2024-11-21,1855,023895,NA,4,2,5,1908,0,1,3,NA,2,091,SR-91 EB,LAKEWOOD BOULEVARD,100,W,N,A,-,Y,LA,NA,91,NA,R,14.576,H,NA,R,N,4,0,2,2,A,-,01,23152,A,N,C,C,A,A,H,-,D,D,0,NA,NA,NA,NA,Y,Y,A,07,0,0,2,0,0,0,0,0,0,-,-,33.87699890136719,-118.14334869384766,LOS ANGELES,BELLFLOWER,-118.14334869384766,33.87702560424805
94480894,2024,2024-11-25,9590,2024-11-14,1223,023946,NA,4,1,7,1942,0,1,2,NA,2,071,US-101 S/B (HOLLYWOOD FREEWAY),VIRGIL AVE,45,S,N,A,-,Y,LA,NA,101,NA,NA,4.08,H,NA,L,N,3,0,1,2,A,-,03,22350,NA,N,C,C,A,A,H,-,A,D,0,NA,NA,NA,Y,Y,NA,F,26,0,1,0,0,0,0,0,0,0,-,-,34.078121185302734,-118.28658294677734,LOS ANGELES,LOS ANGELES,-118.28658294677734,34.07809829711914