CASE_ID,ACCIDENT_YEAR,PROC_DATE,JURIS,COLLISION_DATE,COLLISION_TIME,OFFICER_ID,REPORTING_DISTRICT,DAY_OF_WEEK,CHP_SHIFT,POPULATION,CNTY_CITY_LOC,SPECIAL_COND,BEAT_TYPE,CHP_BEAT_TYPE,CITY_DIVISION_LAPD,CHP_BEAT_CLASS,BEAT_NUMBER,PRIMARY_RD,SECONDARY_RD,DISTANCE,DIRECTION,INTERSECTION,WEATHER_1,WEATHER_2,STATE_HWY_IND,CALTRANS_COUNTY,CALTRANS_DISTRICT,STATE_ROUTE,ROUTE_SUFFIX,POSTMILE_PREFIX,POSTMILE,LOCATION_TYPE,RAMP_INTERSECTION,SIDE_OF_HWY,TOW_AWAY,COLLISION_SEVERITY,NUMBER_KILLED,NUMBER_INJURED,PARTY_COUNT,PRIMARY_COLL_FACTOR,PCF_CODE_OF_VIOL,PCF_VIOL_CATEGORY,PCF_VIOLATION,PCF_VIOL_SUBSECTION,HIT_AND_RUN,TYPE_OF_COLLISION,MVIW,PED_ACTION,ROAD_SURFACE,ROAD_COND_1,ROAD_COND_2,LIGHTING,CONTROL_DEVICE,CHP_ROAD_TYPE,PEDESTRIAN_ACCIDENT,BICYCLE_ACCIDENT,MOTORCYCLE_ACCIDENT,TRUCK_ACCIDENT,NOT_PRIVATE_PROPERTY,ALCOHOL_INVOLVED,STWD_VEHTYPE_AT_FAULT,CHP_VEHTYPE_AT_FAULT,COUNT_SEVERE_INJ,COUNT_VISIBLE_INJ,COUNT_COMPLAINT_PAIN,COUNT_PED_KILLED,COUNT_PED_INJURED,COUNT_BICYCLIST_KILLED,COUNT_BICYCLIST_INJURED,COUNT_MC_KILLED,COUNT_MC_INJURED,PRIMARY_RAMP,SECONDARY_RAMP,LATITUDE,LONGITUDE,COUNTY,CITY,POINT_X,POINT_Y
94481775,2024,2024-11-25,9545,2024-11-11,1515,021360,NA,1,2,9,1900,0,1,3,NA,2,011,SR-14 N/B,AVENUE D,165,S,N,A,-,Y,LA,NA,14,NA,R,73.967,H,NA,R,Y,3,0,4,5,A,-,03,22350,NA,N,C,2,A,A,D,-,A,D,0,NA,NA,NA,NA,Y,NA,-,-,0,2,2,0,0,0,0,0,0,-,-,34.77642059326172,-118.17050933837892,LOS ANGELES,UNINCORPORATED,-118.1704559326172,34.77642059326172
94481810,2024,2024-11-25,9545,2024-11-15,1757,023619,NA,5,2,9,1900,0,3,5,NA,2,001,PINE CANYON ROAD,JUDAY FLATS MOUNTAINWAY,933,E,N,A,-,Y,NA,NA,NA,NA,NA,NA,NA,NA,NA,Y,4,0,1,1,A,-,03,22350,NA,N,E,I,A,A,H,-,D,D,0,NA,NA,NA,NA,Y,NA,A,07,0,0,1,0,0,0,0,0,0,-,-,34.6810417175293,-118.45986938476564,LOS ANGELES,UNINCORPORATED,-118.52567291259766,34.70243453979492
94481873,2024,2024-11-25,9590,2024-11-14,2133,024097,NA,4,2,7,1942,0,1,2,NA,2,071,US 101 NORTHBOUND (SANTA ANA FREEWAY),ALAMEDA ST,200,S,N,A,-,Y,LA,NA,101,NA,NA,0.618,H,NA,R,N,4,0,3,2,A,-,03,22350,NA,M,C,C,A,A,H,-,C,D,0,NA,NA,NA,NA,Y,NA,-,99,0,0,3,0,0,0,0,0,0,-,-,34.053829193115234,-118.23584747314452,LOS ANGELES,LOS ANGELES,-118.23585510253906,34.053863525390625
94481875,2024,2024-11-25,9590,2024-11-14,1938,023642,NA,4,2,7,1942,0,1,1,NA,2,010,SR-110 NORTHBOUND (ARROYO SECO PARKWAY),AVE 19,792,S,N,A,-,Y,LA,NA,110,NA,NA,25.412,H,NA,R,Y,4,0,1,4,A,-,08,22107,NA,N,B,2,A,A,H,-,C,D,0,NA,NA,NA,NA,Y,NA,A,08,0,0,1,0,0,0,0,0,0,-,-,34.07857131958008,-118.22808074951172,LOS ANGELES,LOS ANGELES,-118.22803497314452,34.078529357910156
94481880,2024,2024-11-25,9590,2024-11-14,720,023946,NA,4,1,7,1942,0,1,2,NA,2,070,US-101 N/B (SANTA ANA FREEWAY),CENTER STREET,625,S,N,A,-,Y,LA,NA,101,NA,NA,0.13,H,NA,R,N,4,0,1,3,A,-,03,22350,NA,N,C,C,A,A,H,-,A,D,0,NA,NA,NA,NA,Y,NA,D,22,0,0,1,0,0,0,0,0,0,-,-,34.053279876708984,-118.229248046875,LOS ANGELES,LOS ANGELES,-118.22926330566406,34.0532341003418
94481881,2024,2024-11-25,9590,2024-11-11,1615,023970,NA,1,2,7,1942,0,1,2,NA,2,071,US-101 S/B (HOLLYWOOD FREEWAY),BEAUDRY AVE,700,N,N,A,-,Y,LA,NA,101,NA,NA,1.901,H,NA,L,Y,4,0,1,3,A,-,07,21658,A,N,B,C,A,A,H,-,A,D,0,NA,NA,NA,Y,Y,NA,A,01,0,0,1,0,0,0,0,0,0,-,-,34.06536865234375,-118.25225830078124,LOS ANGELES,LOS ANGELES,-118.25221252441406,34.0654182434082
94481917,2024,2024-11-25,9590,2024-11-18,901,019958,NA,1,1,7,1942,0,1,2,NA,2,073,US-101 SOUTHBOUND (HOLLYWOOD FREEWAY),CAHUENGA BOULEVARD,25,S,N,B,-,Y,LA,NA,101,NA,NA,7.458,H,NA,L,N,4,0,1,2,A,-,07,21658,A,N,B,C,A,A,H,-,A,D,0,NA,NA,NA,Y,Y,NA,F,26,0,0,1,0,0,0,0,0,0,-,-,34.10757064819336,-118.33046722412108,LOS ANGELES,LOS ANGELES,-118.33042144775392,34.107627868652344
94481963,2024,2024-11-25,9535,2024-09-28,2315,022335,NA,6,3,5,1901,0,1,1,NA,2,420,I-10 EB (SAN BERNARDINO FREEWAY),ATLANTIC BOULEVARD,585,E,N,A,-,Y,LA,NA,10,NA,NA,23.451,H,NA,R,Y,3,0,5,3,A,-,01,23152,A,N,B,C,A,A,H,-,D,D,0,NA,NA,NA,NA,Y,Y,A,01,0,2,3,0,0,0,0,0,0,-,-,34.07133102416992,-118.13237762451172,LOS ANGELES,ALHAMBRA,-118.13237762451172,34.07133483886719
94482010,2024,2024-11-25,9535,2024-11-13,615,019857,NA,3,1,5,1959,0,1,1,NA,2,401,I-10 W/B (SAN BERNARDINO FREEWAY),SAN GABRIEL BLVD.,1056,W,N,A,-,Y,LA,NA,10,NA,NA,25.674,H,NA,L,Y,3,0,1,2,A,-,08,22107,NA,N,C,C,A,A,H,-,A,D,0,NA,NA,Y,NA,Y,NA,A,07,0,1,0,0,0,0,0,0,1,-,-,34.07210159301758,-118.09384918212892,LOS ANGELES,ROSEMEAD,-118.09384918212892,34.07216262817383
94482020,2024,2024-11-25,9580,2024-11-16,48,023607,NA,6,3,7,1942,0,1,2,NA,2,104,US-101 N/B (VENTURA FREEWAY),WINNETKA AVE,792,S,N,A,-,Y,LA,NA,101,NA,NA,23.117,H,NA,R,Y,4,0,7,3,A,-,17,22109,NA,N,C,C,A,A,H,-,D,D,0,NA,NA,NA,NA,Y,NA,A,07,0,0,7,0,0,0,0,0,0,-,-,34.172950744628906,-118.56828308105467,LOS ANGELES,LOS ANGELES,-118.56827545166016,34.17294692993164
9448207,2022,2022-05-31,1900,2022-04-11,1201,604233,0250,1,5,4,1945,0,0,0,NA,0,28T,ATLANTIC BL,55TH ST,50,W,N,A,-,N,NA,NA,NA,NA,NA,NA,NA,NA,NA,N,3,0,2,2,A,-,12,21453,A,M,D,C,A,A,H,-,A,A,0,NA,NA,NA,NA,Y,NA,A,01,0,1,1,0,0,0,0,0,0,-,-,33.99100875854492,-118.18496704101564,LOS ANGELES,MAYWOOD,-118.18498229980467,33.99100112915039
94482073,2024,2024-12-13,9525,2024-11-15,700,022689,NA,5,1,4,1913,0,1,1,NA,2,210,SR-210 E/B (FOOTHILL FWY),INDIAN HILL BLVD,250,W,N,A,-,Y,LA,NA,210,NA,R,50.41,H,NA,R,Y,3,0,1,2,A,-,08,22107,NA,N,E,E,A,A,H,-,A,D,0,NA,NA,NA,Y,Y,NA,D,22,0,1,0,0,0,0,0,0,0,-,-,34.1198616027832,-117.72119903564452,LOS ANGELES,CLAREMONT,-117.72119903564452,34.119998931884766
94482075,2024,2024-11-25,9575,2024-11-10,225,023236,NA,7,3,7,1942,0,1,1,NA,2,053,I-5 N/B (GOLDEN STATE FREEWAY) TO SR-118,PAXTON STREET,552,S,N,A,-,Y,LA,NA,5,NA,NA,38.961,H,NA,R,N,4,0,1,1,A,-,01,23152,A,N,E,I,A,A,H,-,D,D,0,NA,NA,NA,NA,Y,Y,A,08,0,0,1,0,0,0,0,0,0,-,-,34.26171875,-118.43981170654295,LOS ANGELES,LOS ANGELES,-118.43995666503906,34.26163864135742
94482098,2024,2024-11-25,9525,2024-11-18,835,018651,NA,1,1,9,1900,0,3,5,NA,2,003,AMAR RD.,ECHELON AVE,0,NA,Y,A,-,N,NA,NA,NA,NA,NA,NA,NA,NA,NA,Y,4,0,1,2,A,-,09,21801,A,N,D,C,A,A,H,-,A,D,0,NA,NA,NA,NA,Y,NA,-,-,0,0,1,0,0,0,0,0,0,-,-,34.03623962402344,-117.93460845947266,LOS ANGELES,UNINCORPORATED,-117.9345932006836,34.036190032958984
94482145,2024,2024-11-25,9590,2024-09-14,415,023548,NA,6,3,7,1942,0,1,1,NA,2,051,I-110 (HARBOR FREEWAY),VERNON AVENUE,300,N,N,A,-,Y,LA,NA,110,NA,NA,19.481,H,NA,R,Y,3,0,2,3,A,-,03,22350,NA,N,D,C,E,A,H,-,C,D,0,Y,NA,NA,NA,Y,NA,A,08,0,1,1,0,1,0,0,0,0,-,-,34.01079177856445,-118.2812271118164,LOS ANGELES,LOS ANGELES,-118.28092193603516,34.01078796386719
94482233,2024,2024-11-25,9535,2024-11-13,745,019056,NA,3,1,9,1900,0,2,4,NA,2,024,WHITTIER BLVD,HERBERT AVE,0,NA,Y,A,-,N,NA,NA,NA,NA,NA,NA,NA,NA,NA,N,3,0,1,2,A,-,10,21950,A,N,G,B,B,A,H,-,A,A,0,Y,NA,NA,NA,Y,NA,A,01,0,1,0,0,1,0,0,0,0,-,-,34.02389907836914,-118.18366241455078,LOS ANGELES,UNINCORPORATED,-118.18375396728516,34.02393341064453
94482259,2024,2024-11-25,9590,2024-11-16,1255,024031,NA,6,1,7,1942,0,1,3,NA,2,031,SR-60 W/B (POF) TO I-5 N/B (GSF),MARIETTA STREET,300,E,N,A,-,Y,LA,NA,60,NA,R,0.795,H,NA,L,N,4,0,2,3,A,-,03,22350,NA,F,C,C,A,A,H,-,A,D,0,NA,NA,NA,NA,Y,NA,-,99,0,0,2,0,0,0,0,0,0,-,-,34.02933883666992,-118.21160125732422,LOS ANGELES,LOS ANGELES,-118.21170043945313,34.029117584228516
94482271,2024,2024-11-25,9530,2024-11-12,1755,024052,NA,2,2,9,1900,0,3,5,NA,2,001,ALAMEDA ST.,74TH ST.,0,NA,Y,A,-,N,NA,NA,NA,NA,NA,NA,NA,NA,NA,N,4,0,2,2,A,-,12,21453,A,N,A,C,A,A,H,-,C,A,0,NA,NA,NA,NA,Y,NA,A,01,0,0,2,0,0,0,0,0,0,-,-,33.97298812866211,-118.23448944091795,LOS ANGELES,UNINCORPORATED,-118.23445129394533,33.972957611083984
94482325,2024,2024-11-25,9530,2024-06-16,155,022636,NA,7,3,9,1900,0,1,3,NA,2,310,STATE ROUTE 91 WESTBOUND TO SANTA FE AVENUE,SANTA FE AVENUE,348,W,N,A,-,Y,NA,NA,NA,NA,NA,NA,NA,NA,NA,Y,1,1,0,1,A,-,03,22350,NA,N,E,I,A,A,H,-,C,D,0,NA,NA,NA,NA,Y,NA,D,22,0,0,0,0,0,0,0,0,0,-,-,33.87522888183594,-118.21605682373048,LOS ANGELES,UNINCORPORATED,-118.21446228027344,33.87358093261719
94482341,2024,2024-11-25,9530,2024-11-10,515,023568,NA,7,3,9,1900,0,1,3,NA,2,310,SR-91 W/B (ARTESIA FREEWAY),SANTA FE AVE.,400,E,N,A,-,Y,LA,NA,91,NA,R,10.506,H,NA,L,Y,2,0,1,2,A,-,07,21658,A,F,B,C,A,A,H,-,D,D,0,NA,NA,NA,NA,Y,NA,-,99,1,0,0,0,0,0,0,0,0,-,-,33.8736686706543,-118.21273040771484,LOS ANGELES,UNINCORPORATED,-118.21273040771484,33.873634338378906
94482345,2024,2024-11-25,9530,2024-11-09,1725,023938,NA,6,2,7,1941,0,1,1,NA,2,071,I-710 N/B (LONG BEACH FREEWAY),WILLOW ST.,2059,N,N,A,-,Y,LA,NA,710,NA,NA,8.294,H,NA,R,N,3,0,1,2,A,-,03,22350,NA,N,C,C,A,A,H,-,B,D,0,NA,NA,Y,NA,Y,NA,C,02,0,1,0,0,0,0,0,0,1,-,-,33.81026077270508,-118.20684051513672,LOS ANGELES,LONG BEACH,-118.20689392089844,33.81026077270508
94482348,2024,2024-11-25,9590,2024-11-16,1340,023970,NA,6,1,7,1942,0,1,1,NA,2,080,I-5 N/B (GOLDEN STATE FREEWAY),7TH ST.,450,N,N,A,-,Y,LA,NA,5,NA,NA,17.005,H,NA,R,N,4,0,1,2,A,-,03,22350,NA,N,C,C,A,A,H,-,A,D,0,NA,NA,NA,NA,Y,NA,D,22,0,0,1,0,0,0,0,0,0,-,-,34.03504180908203,-118.22003173828124,LOS ANGELES,LOS ANGELES,-118.22025299072266,34.035099029541016
94482406,2024,2024-11-25,9550,2024-11-14,740,024082,NA,4,1,5,1919,0,1,1,NA,2,652,INTERSTATE 605 NORTHBOUND (SAN GABRIEL RIVER FREEW,STATE ROUTE 91,850,N,N,A,-,Y,LA,NA,605,NA,R,5.27,H,NA,R,N,4,0,1,2,A,-,03,22350,NA,N,C,C,A,A,H,-,A,D,0,NA,NA,NA,NA,Y,NA,A,01,0,0,1,0,0,0,0,0,0,-,-,33.879520416259766,-118.10333251953124,LOS ANGELES,CERRITOS,-118.10337066650392,33.87950897216797
94482409,2024,2024-11-25,9530,2024-11-11,1835,024052,NA,1,2,9,1900,0,1,1,NA,2,210,I-105 W/B (GLENN ANDERSON FWY),WILMINGTON AVE.,2000,E,N,A,-,Y,LA,NA,105,NA,R,9.4,H,NA,R,N,4,0,1,2,A,-,03,22350,NA,N,C,C,A,A,H,-,C,D,0,NA,NA,NA,NA,Y,NA,A,07,0,0,1,0,0,0,0,0,0,-,-,33.928489685058594,-118.24584197998048,LOS ANGELES,UNINCORPORATED,-118.24583435058594,33.928565979003906
94482446,2024,2024-11-25,9530,2024-11-15,1415,022438,NA,5,2,9,1900,0,1,1,NA,2,120,I-110 N/B (HARBOR FREEWAY),SEPULVEDA BOULEVARD,1802,N,N,A,-,Y,LA,NA,110,NA,NA,5.812,H,NA,R,N,4,0,1,2,A,-,03,22350,NA,N,C,C,A,A,H,-,A,D,0,NA,NA,NA,NA,Y,NA,A,01,0,0,1,0,0,0,0,0,0,-,-,33.814109802246094,-118.28732299804688,LOS ANGELES,UNINCORPORATED,-118.28717803955078,33.814109802246094
94482476,2024,2024-11-25,9590,2024-11-16,1633,023266,NA,6,2,7,1942,0,1,2,NA,2,073,US-101 NB (HOLLYWOOD FREEWAY),HOLLYWOOD BOULEVARD,154,N,N,A,-,Y,LA,NA,101,NA,NA,6.564,H,NA,R,N,4,0,3,2,A,-,03,22350,NA,N,C,C,A,A,H,-,C,D,0,NA,NA,NA,NA,Y,NA,-,99,0,0,3,0,0,0,0,0,0,-,-,34.10218811035156,-118.3170928955078,LOS ANGELES,LOS ANGELES,-118.3169403076172,34.10227584838867
94482607,2024,2025-03-18,9535,2024-11-13,1655,023384,NA,3,2,9,1900,0,2,4,NA,2,022,OLYMPIC BLVD,MCBRIDE AVE,0,NA,Y,A,-,N,NA,NA,NA,NA,NA,NA,NA,NA,NA,N,4,0,3,2,A,-,09,21801,A,N,D,C,A,A,H,-,B,A,0,NA,NA,NA,NA,Y,NA,A,01,0,0,3,0,0,0,0,0,0,-,-,34.018798828125,-118.17025756835938,LOS ANGELES,UNINCORPORATED,-118.17027282714844,34.01875686645508
9448261,2022,2022-06-28,1942,2022-05-07,2120,43893,1235,6,5,7,1942,0,0,0,L,0,12X4,S NORMANDIE AV,W 62ND ST,70,S,N,A,-,N,NA,NA,NA,NA,NA,NA,NA,NA,NA,Y,4,0,1,2,A,-,03,22350,NA,N,B,C,A,A,H,-,C,A,0,NA,NA,NA,NA,Y,NA,A,01,0,0,1,0,0,0,0,0,0,-,-,NA,NA,LOS ANGELES,LOS ANGELES,-118.30026245117188,33.98303985595703
9448263,2022,2022-06-13,1942,2022-05-08,2225,41917,1241,7,5,7,1942,0,0,0,L,0,18A49,CRENSHAW BL,67TH ST,25,S,N,A,-,N,NA,NA,NA,NA,NA,NA,NA,NA,NA,Y,4,0,1,2,A,-,03,22350,NA,F,D,C,A,A,H,-,C,D,0,NA,NA,NA,NA,Y,Y,-,99,0,0,1,0,0,0,0,0,0,-,-,NA,NA,LOS ANGELES,LOS ANGELES,-118.33087921142578,33.97806167602539
9448264,2022,2022-07-07,1942,2022-05-15,1920,36981,0584,7,5,7,1942,0,0,0,E,0,PATROL,PASEO DEL MAR,EMILY ST,50,E,N,A,-,N,NA,NA,NA,NA,NA,NA,NA,NA,NA,Y,2,0,2,2,A,-,08,22107,NA,N,D,C,A,A,H,-,A,D,0,NA,NA,Y,NA,Y,NA,A,01,2,0,0,0,0,0,0,0,2,-,-,NA,NA,LOS ANGELES,LOS ANGELES,-118.30232238769533,33.711612701416016
9448265,2022,2022-06-28,1942,2022-05-08,1950,44343,1248,7,5,7,1942,0,0,0,L,0,12A39,FLORENCE AV,HOOVER ST,0,NA,Y,A,-,N,NA,NA,NA,NA,NA,NA,NA,NA,NA,Y,3,0,4,3,A,-,12,21453,NA,N,D,C,A,A,H,-,C,A,0,NA,NA,NA,NA,Y,NA,A,01,0,1,3,0,0,0,0,0,0,-,-,NA,NA,LOS ANGELES,LOS ANGELES,-118.287109375,33.974639892578125
9448266,2022,2022-06-13,1942,2022-05-07,2250,41488,1263,6,5,7,1942,0,0,0,L,0,12Z7,WESTERN AV,MANCHESTER AV,0,NA,Y,A,-,N,NA,NA,NA,NA,NA,NA,NA,NA,NA,Y,3,0,1,2,A,-,09,21801,NA,N,A,C,A,A,H,-,C,A,0,NA,NA,NA,NA,Y,NA,A,01,0,1,0,0,0,0,0,0,0,-,-,NA,NA,LOS ANGELES,LOS ANGELES,-118.30900573730467,33.95996856689453
9448267,2022,2022-06-13,1942,2022-05-13,0730,33599,0321,5,5,7,1942,0,0,0,C,0,25TL23,OBAMA BL,RIDGELEY RD,0,NA,Y,A,-,N,NA,NA,NA,NA,NA,NA,NA,NA,NA,N,4,0,1,2,A,-,09,21802,A,N,D,C,A,A,H,-,A,A,0,NA,NA,NA,NA,Y,NA,-,NA,0,0,1,0,0,0,0,0,0,-,-,NA,NA,LOS ANGELES,LOS ANGELES,-118.36466217041016,34.02156448364258
9448268,2022,2022-06-13,1942,2022-05-12,1430,38577,0307,4,5,7,1942,0,0,0,C,0,25MX83,CRENSHAW BL,ADAMS BL,150,S,N,A,-,N,NA,NA,NA,NA,NA,NA,NA,NA,NA,N,3,0,2,3,A,-,03,22350,A,F,C,C,A,A,H,-,A,A,0,NA,NA,NA,NA,Y,NA,-,99,0,2,0,0,0,0,0,0,0,-,-,NA,NA,LOS ANGELES,LOS ANGELES,-118.33509826660156,34.03217697143555
9448269,2022,2022-06-21,1942,2022-05-12,2200,41068,0217,4,5,7,1942,0,0,0,B,0,24T31,TEMPLE ST,UNION AV,0,NA,Y,A,-,N,NA,NA,NA,NA,NA,NA,NA,NA,NA,N,3,0,1,2,A,-,08,22107,NA,F,B,C,A,A,H,-,C,D,0,NA,NA,NA,NA,Y,NA,A,01,0,1,0,0,0,0,0,0,0,-,-,NA,NA,LOS ANGELES,LOS ANGELES,-118.26319885253906,34.06869125366211
94482691,2024,2024-11-25,9580,2024-11-19,1030,023848,NA,2,1,7,1942,0,1,1,NA,2,406,I-405 N/B (SAN DIEGO FWY),NORDHOFF ST,1000,N,N,A,-,Y,LA,NA,405,NA,NA,45.118,H,NA,R,Y,3,0,3,4,A,-,03,22350,NA,N,C,C,A,A,H,-,A,D,0,NA,NA,NA,NA,Y,NA,D,22,0,3,0,0,0,0,0,0,0,-,-,34.240928649902344,-118.47283935546876,LOS ANGELES,LOS ANGELES,-118.47289276123048,34.240928649902344
9448270,2022,2022-06-14,1942,2022-05-13,2055,41747,033,5,5,7,1942,0,0,0,C,0,25T31,CRENSHAW BL,JEFFERSON BL,75,N,N,A,-,N,NA,NA,NA,NA,NA,NA,NA,NA,NA,N,3,0,3,2,A,-,08,22107,NA,F,B,C,A,A,H,-,C,A,0,NA,NA,NA,NA,Y,NA,-,99,0,3,0,0,0,0,0,0,0,-,-,NA,NA,LOS ANGELES,LOS ANGELES,-118.33511352539064,34.025787353515625
94482822,2024,2024-11-25,9550,2024-11-17,1515,023329,NA,7,2,7,1941,0,1,1,NA,2,652,I-605 NORTHBOUND,WARDLOW ROAD,500,N,N,A,-,Y,LA,NA,605,NA,R,0.882,H,NA,R,Y,3,0,1,3,A,-,03,22350,NA,N,C,C,A,A,H,-,A,D,0,NA,NA,NA,NA,Y,NA,A,01,0,1,0,0,0,0,0,0,0,-,-,33.819068908691406,-118.08129119873048,LOS ANGELES,LONG BEACH,-118.081298828125,33.819068908691406
94482884,2024,2024-11-25,9530,2024-07-31,2100,022122,NA,3,2,7,1942,0,1,1,NA,2,120,INTERSTATE 110 NORTHBOUND (HARBOR FREEWAY),L STREET,544,S,N,A,-,Y,LA,NA,110,NA,NA,3.595,H,NA,R,Y,1,1,0,2,A,-,11,21954,A,N,G,B,E,A,H,-,E,D,0,Y,NA,NA,NA,Y,NA,N,60,0,0,0,1,0,0,0,0,0,-,-,33.7836799621582,-118.28067016601564,LOS ANGELES,LOS ANGELES,-118.28073120117188,33.78367233276367
94482893,2024,2024-11-25,9530,2024-08-26,950,018745,NA,1,1,7,1941,0,1,1,NA,2,430,INTERSTATE 405 SOUTHBOUND (SAN DIEGO FREEWAY),REDONDO AVENUE,238,N,N,A,-,Y,LA,NA,405,NA,NA,3.887,H,NA,L,Y,1,1,0,5,A,-,03,22350,NA,N,C,C,A,A,H,-,A,D,0,NA,NA,NA,NA,Y,NA,A,01,0,0,0,0,0,0,0,0,0,-,-,33.807159423828125,-118.15225982666016,LOS ANGELES,LONG BEACH,-118.15226745605467,33.80711364746094
94482894,2024,2024-11-25,9550,2024-11-13,715,022982,NA,3,1,6,1949,0,1,1,NA,2,652,I-605 S/B,ALONDRA BLVD.,200,S,N,A,-,Y,LA,NA,605,NA,R,5.71,H,NA,L,Y,4,0,1,3,A,-,03,22350,NA,N,C,C,A,A,H,-,A,D,0,NA,NA,NA,NA,Y,NA,A,01,0,0,1,0,0,0,0,0,0,-,-,33.885860443115234,-118.10440063476564,LOS ANGELES,NORWALK,-118.1045150756836,33.88585662841797
94482900,2024,2024-11-25,9535,2024-11-14,709,023930,NA,4,1,9,1900,0,1,1,NA,2,421,I-10 W/B H.O.T. (SAN BERNARDINO FREEWAY),I-710 (LONG BEACH FREEWAY),1500,E,N,A,-,Y,LA,NA,10,NA,NA,21.721,H,NA,L,N,3,0,1,2,A,-,08,22107,NA,N,C,C,A,A,H,-,A,D,0,NA,NA,Y,NA,Y,NA,A,01,0,1,0,0,0,0,0,0,1,-,-,34.063751220703125,-118.16015625,LOS ANGELES,UNINCORPORATED,-118.16026306152344,34.06393051147461
94482901,2024,2024-11-25,9550,2024-11-13,1903,023879,NA,3,2,9,1900,0,3,5,NA,2,002,IMPERIAL HIGHWAY W/B,MEYER ROAD,0,NA,Y,A,-,N,NA,NA,NA,NA,NA,NA,NA,NA,NA,Y,4,0,1,2,A,-,09,21801,A,F,D,C,A,A,H,-,E,A,0,NA,NA,NA,NA,Y,NA,-,99,0,0,1,0,0,0,0,0,0,-,-,33.91716003417969,-118.03385925292967,LOS ANGELES,UNINCORPORATED,-118.03386688232422,33.91712188720703
94482964,2024,2024-11-25,9535,2024-11-14,740,023258,NA,4,1,9,1900,0,3,5,NA,2,001,TOWNSEND AVENUE,CESAR E. CHAVEZ AVE.,0,NA,Y,A,-,N,NA,NA,NA,NA,NA,NA,NA,NA,NA,Y,4,0,1,3,A,-,09,21802,A,N,D,C,A,A,H,-,A,A,0,NA,NA,NA,NA,Y,NA,A,07,0,0,1,0,0,0,0,0,0,-,-,34.04050827026367,-118.188232421875,LOS ANGELES,UNINCORPORATED,-118.1882095336914,34.04051208496094
94482971,2024,2024-11-25,9550,2024-11-17,2120,023627,NA,7,2,9,1900,0,1,1,NA,2,650,I-605 SB,DAVENRICH ST,30,S,N,A,-,Y,LA,NA,605,NA,R,9.946,H,NA,L,Y,4,0,1,2,A,-,03,22350,NA,N,C,C,A,A,H,-,C,D,0,NA,NA,Y,NA,Y,NA,C,02,0,0,1,0,0,0,0,0,1,-,-,33.945648193359375,-118.09442138671876,LOS ANGELES,UNINCORPORATED,-118.09441375732422,33.945648193359375
94482999,2024,2024-11-25,9550,2024-11-13,1516,024020,NA,3,2,5,1976,0,1,1,NA,2,650,I-605 SOUTHBOUND,ROSE HILLS ROAD,900,N,N,A,-,Y,LA,NA,605,NA,R,15.745,H,NA,L,N,4,0,1,2,A,-,03,22350,NA,N,C,C,A,A,H,-,A,D,0,NA,NA,NA,NA,Y,NA,A,07,0,0,1,0,0,0,0,0,0,-,-,34.019561767578125,-118.05033111572266,LOS ANGELES,WHITTIER,-118.0503387451172,34.01957321166992
94483002,2024,2024-11-25,9550,2024-11-16,945,022982,NA,6,1,5,1919,0,1,3,NA,2,092,SR-91 W/B,NORWALK BOULEVARD,200,W,N,A,-,Y,LA,NA,91,NA,R,18.408,H,NA,L,N,4,0,2,3,A,-,03,22350,NA,N,C,A,A,A,H,-,A,D,0,NA,NA,NA,Y,Y,NA,D,22,0,0,2,0,0,0,0,0,0,-,-,33.87664031982422,-118.07695770263672,LOS ANGELES,CERRITOS,-118.07695770263672,33.876529693603516
94483029,2024,2024-11-25,9535,2024-11-14,1040,023258,NA,4,1,9,1900,0,3,5,NA,2,001,CITY TERRACE DRIVE,EASTERN AVE.,150,W,N,A,-,N,NA,NA,NA,NA,NA,NA,NA,NA,NA,Y,3,0,3,2,A,-,03,22350,NA,N,A,C,A,A,H,-,A,D,0,NA,NA,NA,NA,Y,NA,A,01,0,1,2,0,0,0,0,0,0,-,-,34.057769775390625,-118.17254638671876,LOS ANGELES,UNINCORPORATED,-118.17262268066406,34.057777404785156
94483076,2024,2024-11-25,9535,2024-11-14,1140,018633,NA,4,1,9,1900,0,2,4,NA,2,014,WHITTIER BLVD. (5400 BLOCK),BELDEN AVE,70,E,N,A,-,N,NA,NA,NA,NA,NA,NA,NA,NA,NA,Y,4,0,1,2,A,-,09,21804,A,N,D,C,A,A,H,-,A,D,0,NA,NA,NA,NA,Y,NA,A,07,0,0,1,0,0,0,0,0,0,-,-,34.01926040649414,-118.15216064453124,LOS ANGELES,UNINCORPORATED,-118.15220642089844,34.01932907104492
94483078,2024,2024-11-25,9550,2024-11-16,800,023127,NA,6,1,5,1908,0,1,3,NA,2,091,STATE ROUTE 91 EASTBOUND,CLARK AVENUE,685,E,N,A,-,Y,LA,NA,91,NA,R,15.251,H,NA,R,Y,3,0,1,2,A,-,08,22107,NA,N,B,C,A,A,H,-,A,D,0,NA,NA,NA,NA,Y,NA,A,01,0,1,0,0,0,0,0,0,0,-,-,33.87649154663086,-118.13169097900392,LOS ANGELES,BELLFLOWER,-118.1317138671875,33.876426696777344