CASE_ID,ACCIDENT_YEAR,PROC_DATE,JURIS,COLLISION_DATE,COLLISION_TIME,OFFICER_ID,REPORTING_DISTRICT,DAY_OF_WEEK,CHP_SHIFT,POPULATION,CNTY_CITY_LOC,SPECIAL_COND,BEAT_TYPE,CHP_BEAT_TYPE,CITY_DIVISION_LAPD,CHP_BEAT_CLASS,BEAT_NUMBER,PRIMARY_RD,SECONDARY_RD,DISTANCE,DIRECTION,INTERSECTION,WEATHER_1,WEATHER_2,STATE_HWY_IND,CALTRANS_COUNTY,CALTRANS_DISTRICT,STATE_ROUTE,ROUTE_SUFFIX,POSTMILE_PREFIX,POSTMILE,LOCATION_TYPE,RAMP_INTERSECTION,SIDE_OF_HWY,TOW_AWAY,COLLISION_SEVERITY,NUMBER_KILLED,NUMBER_INJURED,PARTY_COUNT,PRIMARY_COLL_FACTOR,PCF_CODE_OF_VIOL,PCF_VIOL_CATEGORY,PCF_VIOLATION,PCF_VIOL_SUBSECTION,HIT_AND_RUN,TYPE_OF_COLLISION,MVIW,PED_ACTION,ROAD_SURFACE,ROAD_COND_1,ROAD_COND_2,LIGHTING,CONTROL_DEVICE,CHP_ROAD_TYPE,PEDESTRIAN_ACCIDENT,BICYCLE_ACCIDENT,MOTORCYCLE_ACCIDENT,TRUCK_ACCIDENT,NOT_PRIVATE_PROPERTY,ALCOHOL_INVOLVED,STWD_VEHTYPE_AT_FAULT,CHP_VEHTYPE_AT_FAULT,COUNT_SEVERE_INJ,COUNT_VISIBLE_INJ,COUNT_COMPLAINT_PAIN,COUNT_PED_KILLED,COUNT_PED_INJURED,COUNT_BICYCLIST_KILLED,COUNT_BICYCLIST_INJURED,COUNT_MC_KILLED,COUNT_MC_INJURED,PRIMARY_RAMP,SECONDARY_RAMP,LATITUDE,LONGITUDE,COUNTY,CITY,POINT_X,POINT_Y
9448643,2022,2022-06-07,1942,2022-04-30,0200,40376,0643,6,5,7,1942,0,0,0,F,0,6A45,HOLLYWOOD BL,VISTA ST,300,E,N,A,-,N,NA,NA,NA,NA,NA,NA,NA,NA,NA,Y,3,0,1,3,A,-,01,23152,A,N,C,C,A,A,H,-,C,D,0,NA,NA,NA,NA,Y,Y,A,01,0,1,0,0,0,0,0,0,0,-,-,NA,NA,LOS ANGELES,LOS ANGELES,-118.35089874267578,34.10163116455078
9448645,2022,2022-06-07,1942,2022-04-13,0630,41126,0637,3,5,7,1942,0,0,0,F,0,27TL27,GOWTER ST,HOLLYWOOD BL,100,N,N,A,-,N,NA,NA,NA,NA,NA,NA,NA,NA,NA,Y,2,0,1,2,A,-,01,23152,A,N,G,B,D,A,H,-,A,A,0,Y,NA,NA,NA,Y,Y,A,01,1,0,0,0,1,0,0,0,0,-,-,NA,NA,LOS ANGELES,LOS ANGELES,-118.32239532470705,34.101924896240234
94486457,2024,2024-11-27,9575,2024-11-18,2331,023410,NA,1,3,7,1942,0,1,1,NA,2,052,I-5 N/B (GOLDEN STATE FREEWAY),HOLLYWOOD WAY,942,N,N,A,-,Y,LA,NA,5,NA,NA,32.551,H,NA,R,Y,4,0,5,4,A,-,08,22107,NA,N,B,2,A,A,H,-,C,D,0,NA,NA,NA,NA,Y,NA,A,01,0,0,5,0,0,0,0,0,0,-,-,34.21419143676758,-118.35083770751952,LOS ANGELES,LOS ANGELES,-118.35079956054688,34.2142219543457
9448646,2022,2022-06-07,1942,2022-04-24,0255,33844,6A15W,7,5,7,1942,0,0,0,NA,0,0636,HOLLYWOOD BL,WILCOX AV,40,E,N,A,-,N,NA,NA,NA,NA,NA,NA,NA,NA,NA,Y,3,0,1,3,A,-,01,23152,A,M,B,E,A,A,H,-,C,D,0,NA,NA,NA,NA,Y,Y,A,01,0,1,0,0,0,0,0,0,0,-,-,NA,NA,LOS ANGELES,LOS ANGELES,-118.33091735839844,34.101593017578125
9448647,2022,2022-06-07,1942,2022-04-24,1525,39217,1994,7,5,7,1942,0,0,0,NA,0,26TL73,VAN NUYS BL,LANARK ST,0,NA,Y,A,-,N,NA,NA,NA,NA,NA,NA,NA,NA,NA,Y,4,0,1,2,A,-,09,21801,A,N,D,C,A,A,H,-,A,A,0,NA,NA,NA,NA,Y,NA,A,01,0,0,1,0,0,0,0,0,0,-,-,NA,NA,LOS ANGELES,LOS ANGELES,-118.44876098632813,34.21796417236328
9448648,2022,2022-06-07,1942,2022-04-13,0220,43822,26T55,3,5,7,1942,0,0,0,NA,0,1999,WOODMAN AV,LANARK AV,22,N,N,A,-,N,NA,NA,NA,NA,NA,NA,NA,NA,NA,Y,2,0,1,1,A,-,03,22350,NA,N,E,I,A,A,H,-,C,A,0,NA,NA,NA,NA,Y,NA,A,01,1,0,0,0,0,0,0,0,0,-,-,NA,NA,LOS ANGELES,LOS ANGELES,-118.43209838867188,34.219478607177734
9448649,2022,2022-06-07,1942,2022-04-18,1745,34561,1994,1,5,7,1942,0,0,0,NA,0,26TL74,VAN NUYS BL,LANARK ST,0,NA,Y,A,-,N,NA,NA,NA,NA,NA,NA,NA,NA,NA,Y,2,0,2,2,A,-,09,21801,A,N,D,C,A,A,H,-,A,A,0,NA,NA,NA,NA,Y,NA,A,01,1,1,0,0,0,0,0,0,0,-,-,NA,NA,LOS ANGELES,LOS ANGELES,-118.44876098632813,34.21796417236328
9448650,2022,2022-06-07,1942,2022-04-24,1920,38314,1998,7,5,7,1942,0,0,0,NA,0,26T35W,WOODMAN AV,SATICOY ST,0,NA,Y,A,-,N,NA,NA,NA,NA,NA,NA,NA,NA,NA,Y,2,0,5,2,A,-,09,21801,A,N,D,C,A,A,H,-,A,A,0,NA,NA,NA,NA,Y,NA,A,01,1,3,1,0,0,0,0,0,0,-,-,NA,NA,LOS ANGELES,LOS ANGELES,-118.43115997314452,34.20945739746094
9448651,2022,2022-06-07,1942,2022-04-24,1500,38996,1984,7,5,7,1942,0,0,0,NA,0,26TL76,ROSCOE BL,WILLIS AV,0,NA,Y,A,-,N,NA,NA,NA,NA,NA,NA,NA,NA,NA,Y,3,0,3,2,D,-,00,NA,NA,N,A,C,A,A,H,-,A,A,0,NA,NA,NA,NA,Y,NA,-,-,0,3,0,0,0,0,0,0,0,-,-,NA,NA,LOS ANGELES,LOS ANGELES,-118.45532989501952,34.221492767333984
9448652,2022,2022-06-07,1942,2022-04-18,0555,37590,1974,1,5,7,1942,0,0,0,NA,0,26TL26,VAN NUYS BL,OSBORNE ST,20,S,N,A,-,N,NA,NA,NA,NA,NA,NA,NA,NA,NA,N,2,0,1,2,A,-,11,21950,B,N,G,B,B,A,H,-,B,A,0,Y,NA,NA,NA,Y,NA,N,60,1,0,0,0,1,0,0,0,0,-,-,NA,NA,LOS ANGELES,LOS ANGELES,-118.45024871826172,34.233036041259766
94486522,2024,2024-11-27,9525,2024-11-26,1029,017506,NA,2,1,5,1926,0,1,1,NA,2,205,I-210 W/B (FOOTHILL FWY),SUNFLOWER AVE.,1000,W,N,A,-,Y,LA,NA,210,NA,R,42.844,H,NA,L,Y,3,0,4,5,A,-,03,22350,NA,N,C,C,A,A,H,-,A,D,0,NA,NA,NA,NA,Y,NA,A,07,0,2,2,0,0,0,0,0,0,-,-,34.11772918701172,-117.85208129882813,LOS ANGELES,GLENDORA,-117.85208129882813,34.117713928222656
94486533,2024,2024-11-27,9525,2024-11-26,1135,019291,NA,2,1,5,1990,0,1,3,NA,2,571,SR-57 S/B (ORANGE FWY),SUNSET CROSSING RD,1320,S,N,A,-,Y,LA,NA,57,NA,R,4.721,H,NA,L,N,4,0,2,2,A,-,04,21703,NA,N,C,C,A,A,H,-,A,D,0,NA,NA,NA,NA,Y,NA,A,08,0,0,2,0,0,0,0,0,0,-,-,34.02518081665039,-117.81256866455078,LOS ANGELES,DIAMOND BAR,-117.81261444091795,34.025184631347656
9448654,2022,2022-06-07,1942,2022-04-20,1225,39154,0941,3,5,7,1942,0,0,0,I,0,26TL44,BURBANK BL,KESTER AV,123,E,N,A,-,N,NA,NA,NA,NA,NA,NA,NA,NA,NA,Y,4,0,1,1,A,-,03,22350,NA,N,E,I,A,A,H,-,A,D,0,NA,NA,NA,NA,Y,NA,A,07,0,0,1,0,0,0,0,0,0,-,-,NA,NA,LOS ANGELES,LOS ANGELES,-118.45704650878906,34.17211151123047
9448655,2022,2022-06-07,1942,2022-04-01,2130,40383,0939,5,5,7,1942,0,0,0,I,0,26Q42W,OXNARD ST,FULTON AV,343,E,N,A,-,N,NA,NA,NA,NA,NA,NA,NA,NA,NA,N,2,0,2,2,A,-,11,21954,A,N,G,B,D,A,H,-,C,D,0,Y,NA,NA,NA,Y,NA,N,60,1,0,1,0,1,0,0,0,0,-,-,NA,NA,LOS ANGELES,LOS ANGELES,-118.42137908935548,34.17939376831055
94486557,2024,2024-11-27,9550,2024-11-20,2230,023053,NA,3,3,9,1900,0,2,4,NA,1,042,COLIMA ROAD,HACIENDA BOULEVARD,0,NA,Y,A,-,N,NA,NA,NA,NA,NA,NA,NA,NA,NA,N,4,0,1,2,A,-,12,21453,A,F,D,C,A,A,H,-,C,A,0,NA,NA,NA,NA,Y,NA,-,99,0,0,1,0,0,0,0,0,0,-,-,33.9813117980957,-117.97313690185548,LOS ANGELES,UNINCORPORATED,-117.97308349609376,33.98124694824219
9448656,2022,2022-06-07,1942,2022-04-23,1120,42344,0952,6,5,7,1942,0,0,0,I,0,26TL46,VAN NUYS BL,MAGNOLIA BL,0,NA,Y,A,-,N,NA,NA,NA,NA,NA,NA,NA,NA,NA,Y,2,0,1,2,A,-,09,21801,A,N,D,C,A,A,H,-,A,A,0,NA,NA,Y,NA,Y,NA,A,01,1,0,0,0,0,0,0,0,1,-,-,NA,NA,LOS ANGELES,LOS ANGELES,-118.44871520996094,34.16487121582031
94486569,2024,2024-11-27,9575,2024-11-21,1205,022085,NA,4,1,9,1900,0,3,5,NA,2,001,MONTROSE AVE (2400 BLOCK),BRIGGS AVE,50,W,N,A,-,N,NA,NA,NA,NA,NA,NA,NA,NA,NA,N,4,0,1,1,C,-,18,NA,NA,N,B,J,A,A,H,-,A,D,0,NA,NA,NA,NA,Y,NA,-,-,0,0,1,0,0,0,0,0,0,-,-,34.21139144897461,-118.23238372802734,LOS ANGELES,UNINCORPORATED,-118.23229217529295,34.211212158203125
9448657,2022,2022-06-13,1942,2022-04-19,0750,36755,0939,2,5,7,1942,0,0,0,I,0,26TL18,COLDWATER CANYON,BURBANK BL,0,NA,Y,A,-,N,NA,NA,NA,NA,NA,NA,NA,NA,NA,Y,4,0,2,4,A,-,09,21801,A,N,A,C,A,A,H,-,A,A,0,NA,NA,NA,NA,Y,NA,A,01,0,0,2,0,0,0,0,0,0,-,-,NA,NA,LOS ANGELES,LOS ANGELES,-118.41373443603516,34.17212677001953
9448658,2022,2022-06-07,1942,2022-04-15,2225,44057,0989,5,5,7,1942,0,0,0,I,0,9A89,VENTURA BL,SUNNYSLOPE AV,0,NA,Y,A,-,N,NA,NA,NA,NA,NA,NA,NA,NA,NA,Y,4,0,2,7,A,-,01,23152,A,N,D,E,-,A,H,-,C,-,0,Y,NA,NA,NA,Y,Y,A,01,0,0,2,0,2,0,0,0,0,-,-,NA,NA,LOS ANGELES,LOS ANGELES,-118.42713928222656,34.147342681884766
9448659,2022,2022-06-07,1942,2022-04-29,0825,41514,1024,5,5,7,1942,0,0,0,J,0,26TL23,RESEDA BL,KITTRIDGE ST,0,NA,Y,A,-,N,NA,NA,NA,NA,NA,NA,NA,NA,NA,Y,2,0,2,2,A,-,12,21453,A,N,D,C,A,A,H,-,A,A,0,NA,NA,NA,NA,Y,NA,A,01,1,0,1,0,0,0,0,0,0,-,-,NA,NA,LOS ANGELES,LOS ANGELES,-118.53603363037108,34.190460205078125
9448660,2022,2022-06-07,1942,2022-04-28,2230,43759,1034,4,5,7,1942,0,0,0,J,0,10A21,LINDLEY AV,VANOWEN ST,0,NA,Y,A,-,N,NA,NA,NA,NA,NA,NA,NA,NA,NA,N,4,0,1,2,A,-,10,21950,NA,N,D,G,A,A,H,-,C,A,0,NA,Y,NA,NA,Y,NA,-,-,0,0,1,0,0,0,1,0,0,-,-,NA,NA,LOS ANGELES,LOS ANGELES,-118.52729034423828,34.193870544433594
9448661,2022,2022-06-02,1913,2022-04-26,1758,4321,31,2,5,4,1913,0,0,0,NA,0,NA,CLAREMONT BL,6TH ST,0,NA,Y,A,-,N,NA,NA,NA,NA,NA,NA,NA,NA,NA,Y,3,0,2,2,A,-,09,21801,A,N,D,C,A,A,H,-,A,A,0,NA,NA,NA,NA,Y,NA,A,01,0,1,1,0,0,0,0,0,0,-,-,NA,NA,LOS ANGELES,CLAREMONT,-117.70301055908205,34.09954071044922
9448662,2022,2022-06-02,1913,2022-04-06,1654,3977,POMON,3,5,4,1913,0,0,0,NA,0,002,ARROW HWY,ELDER DR,33,E,N,A,-,N,NA,NA,NA,NA,NA,NA,NA,NA,NA,Y,3,0,1,2,A,-,03,22350,NA,N,C,C,A,A,H,-,A,D,0,NA,NA,Y,NA,Y,NA,C,02,0,1,0,0,0,0,0,0,1,-,-,NA,NA,LOS ANGELES,CLAREMONT,-117.70999908447266,34.09169006347656
9448663,2022,2022-06-03,1913,2022-04-29,1705,4298,45,5,5,4,1913,0,0,0,NA,0,003,FOOTHILL BL,MOUNTAIN AV,26,S,N,A,-,N,NA,NA,NA,NA,NA,NA,NA,NA,NA,Y,3,0,3,3,A,-,12,21453,A,N,D,C,A,A,H,-,A,A,0,NA,NA,NA,NA,Y,NA,A,01,0,1,2,0,0,0,0,0,0,-,-,NA,NA,LOS ANGELES,CLAREMONT,-117.72901153564452,34.10697937011719
9448664,2022,2022-06-02,1913,2022-04-08,1901,4085,NA,5,5,4,1913,0,0,0,NA,0,NA,ARROW HWY,INDIAN HILL BL,0,NA,Y,A,-,N,NA,NA,NA,NA,NA,NA,NA,NA,NA,Y,4,0,1,2,D,-,00,NA,NA,N,D,G,A,A,H,-,A,A,0,NA,Y,NA,NA,Y,NA,-,-,0,0,1,0,0,0,1,0,0,-,-,NA,NA,LOS ANGELES,CLAREMONT,-117.71937561035156,34.090370178222656
9448665,2022,2022-06-03,1913,2022-04-21,1220,4259,21,4,5,4,1913,0,0,0,NA,0,NA,S INDIAN HILL BL,AUTO CENTER DR,0,NA,Y,A,-,N,NA,NA,NA,NA,NA,NA,NA,NA,NA,Y,4,0,2,3,A,-,12,21453,A,N,D,C,A,A,H,-,A,A,0,NA,NA,NA,NA,Y,NA,A,01,0,0,2,0,0,0,0,0,0,-,-,NA,NA,LOS ANGELES,CLAREMONT,-117.71935272216795,34.08066940307617
9448666,2022,2022-06-03,1913,2022-04-21,1826,4259,28,4,5,4,1913,0,0,0,NA,0,NA,MILLS AV,6TH ST,0,NA,Y,A,-,N,NA,NA,NA,NA,NA,NA,NA,NA,NA,N,3,0,1,2,A,-,12,21453,A,N,G,B,B,A,H,-,A,A,0,Y,NA,NA,NA,Y,NA,A,01,0,1,0,0,1,0,0,0,0,-,-,NA,NA,LOS ANGELES,CLAREMONT,-117.70709228515624,34.099613189697266
9448667,2022,2022-06-03,1913,2022-04-20,1512,3977,01,3,5,4,1913,0,0,0,NA,0,NA,AUTO CENTER DR,INDIAN HILL BL,870,W,N,A,-,N,NA,NA,NA,NA,NA,NA,NA,NA,NA,Y,4,0,1,2,A,-,09,21801,NA,N,D,C,A,A,H,-,A,D,0,NA,NA,NA,NA,Y,NA,A,01,0,0,1,0,0,0,0,0,0,-,-,NA,NA,LOS ANGELES,CLAREMONT,-117.7221908569336,34.08083724975586
94486672,2024,2024-11-27,9545,2024-11-21,820,018862,NA,4,1,9,1900,0,3,5,NA,2,003,SIERRA HWY,SANTIAGO RD,0,NA,Y,A,-,N,NA,NA,NA,NA,NA,NA,NA,NA,NA,Y,4,0,1,2,A,-,12,22450,A,M,D,C,A,A,H,-,A,A,0,NA,NA,NA,NA,Y,NA,A,07,0,0,1,0,0,0,0,0,0,-,-,34.48973083496094,-118.16187286376952,LOS ANGELES,UNINCORPORATED,-118.16185760498048,34.48977279663086
9448668,2022,2022-06-02,1913,2022-04-21,0455,4084,7,4,5,4,1913,0,0,0,NA,0,NA,ARROW HWY,TOWNE CENTER DR,522,E,N,A,-,N,NA,NA,NA,NA,NA,NA,NA,NA,NA,Y,3,0,1,3,A,-,00,22235,NA,N,C,E,A,A,H,-,C,D,0,NA,NA,NA,NA,Y,NA,A,01,0,1,0,0,0,0,0,0,0,-,-,NA,NA,LOS ANGELES,CLAREMONT,-117.73314666748048,34.0903205871582
9448669,2022,2022-06-02,1913,2022-04-11,0351,4294,70,1,5,4,1913,0,0,0,NA,0,NA,MOUNT BALDY RD,FLAT RIVER,853,E,N,B,-,N,NA,NA,NA,NA,NA,NA,NA,NA,NA,Y,3,0,1,1,A,-,01,23152,A,N,E,I,A,A,H,-,D,D,0,NA,NA,NA,NA,Y,Y,A,01,0,1,0,0,0,0,0,0,0,-,-,NA,NA,LOS ANGELES,CLAREMONT,-117.68856811523438,34.15205764770508
9448670,2022,2022-06-09,1913,2022-04-19,1830,4321,56,2,5,4,1913,0,0,0,NA,0,NA,TOWNE AV,RT 210,95,S,N,A,-,Y,LA,7,210,-,R,49.686,R,4,E,N,4,0,1,2,A,-,03,22350,NA,F,C,C,A,A,H,-,A,A,0,NA,NA,NA,NA,Y,NA,A,01,0,0,1,0,0,0,0,0,0,-,EO,NA,NA,LOS ANGELES,CLAREMONT,-117.73381805419922,34.12024688720703
94486701,2024,2024-11-27,9525,2024-11-26,1205,024045,NA,2,1,3,1921,0,1,1,NA,2,201,I-210 W/B (FOOTHILL FWY),BUENA VISTA ST.,2500,E,N,B,-,Y,LA,NA,210,NA,R,35.728,H,NA,L,N,4,0,1,2,A,-,03,22350,NA,N,C,C,A,A,H,-,A,D,0,NA,NA,NA,NA,Y,NA,A,01,0,0,1,0,0,0,0,0,0,-,-,34.1356086730957,-117.96929931640624,LOS ANGELES,DUARTE,-117.96929931640624,34.13562774658203
9448671,2022,2022-06-03,1900,2022-04-23,1800,499039,1510,6,5,5,1954,0,0,0,NA,0,151T2,PARAMOUNT BL,TILMONT AV,0,NA,Y,A,-,N,NA,NA,NA,NA,NA,NA,NA,NA,NA,Y,4,0,1,2,A,-,09,21804,NA,N,D,C,A,A,C,H,A,A,0,NA,NA,NA,NA,Y,NA,A,01,0,0,1,0,0,0,0,0,0,-,-,33.96968078613281,-118.10096740722656,LOS ANGELES,PICO RIVERA,-118.0858154296875,34.01323318481445
9448672,2022,2022-06-03,1913,2022-04-01,1600,4259,28,5,5,4,1913,0,0,0,NA,0,NA,ARROW HWY,NOTRE DAME RD,481,W,N,A,-,N,NA,NA,NA,NA,NA,NA,NA,NA,NA,Y,4,0,1,3,A,-,03,22350,NA,N,C,C,A,A,H,-,A,A,0,NA,NA,NA,NA,Y,NA,A,01,0,0,1,0,0,0,0,0,0,-,-,NA,NA,LOS ANGELES,CLAREMONT,-117.72352600097656,34.09038543701172
9448673,2022,2022-06-02,1900,2022-04-26,1650,430275,1514,2,5,5,1954,0,0,0,NA,0,151T2,ROSEMEAD BL,CATHERINE ST,14,N,N,A,-,N,NA,NA,NA,NA,NA,NA,NA,NA,NA,Y,3,0,1,1,A,-,08,22107,NA,N,E,I,A,A,H,-,A,A,0,NA,NA,NA,NA,Y,NA,A,07,0,1,0,0,0,0,0,0,0,-,-,33.997398376464844,-118.08439636230467,LOS ANGELES,PICO RIVERA,-118.08460998535156,33.99760437011719
9448674,2022,2022-06-03,1900,2022-04-16,2205,626569,1513,6,5,5,1954,0,0,0,NA,0,151F,ROSEMEAD BL,BEXLEY DR,132,S,N,A,-,N,NA,NA,NA,NA,NA,NA,NA,NA,NA,Y,2,0,1,2,A,-,08,22107,NA,N,C,D,A,A,H,-,C,A,0,NA,NA,NA,NA,Y,NA,A,01,1,0,0,0,0,0,0,0,0,-,-,33.59421157836914,-118.05108642578124,LOS ANGELES,PICO RIVERA,-118.08659362792967,33.99491500854492
94486756,2024,2024-11-27,9575,2024-11-20,830,021772,NA,3,1,7,1942,0,1,1,NA,2,053,I-5 S/B (GOLDEN STATE FREEWAY),HOLLYWOOD WAY,0.3,N,N,A,-,Y,LA,NA,5,NA,NA,32.66,H,NA,L,N,4,0,1,3,A,-,03,22350,NA,N,C,C,A,A,H,-,A,D,0,NA,NA,NA,NA,Y,NA,I,09,0,0,1,0,0,0,0,0,0,-,-,34.21516036987305,-118.35218811035156,LOS ANGELES,LOS ANGELES,-118.35221099853516,34.21514129638672
94486760,2024,2024-11-27,9550,2024-10-21,1625,024057,NA,1,2,7,1941,0,1,3,NA,2,090,SR-91 EASTBOUND,ATLANTIC AVE,70,E,N,A,-,Y,LA,NA,91,NA,R,12.126,H,NA,R,N,4,0,1,2,A,-,08,22107,NA,F,B,C,A,A,H,-,A,D,0,NA,NA,Y,NA,Y,NA,A,01,0,0,1,0,0,0,0,0,1,-,-,33.876808166503906,-118.18569946289064,LOS ANGELES,LONG BEACH,-118.18569946289064,33.8766975402832
94486770,2024,2024-11-27,9575,2024-11-20,855,024027,NA,3,1,7,1942,0,1,3,NA,2,043,SR-134 W/B (VENTURA FREEWAY),I - 5 (GOLDEN STATE FREEWAY),350,E,N,A,-,Y,LA,NA,134,NA,R,5.174,H,NA,L,Y,4,0,2,2,A,-,03,22350,NA,N,C,C,A,A,H,-,A,D,0,NA,NA,NA,NA,Y,NA,A,01,0,0,2,0,0,0,0,0,0,-,-,34.155208587646484,-118.28775787353516,LOS ANGELES,LOS ANGELES,-118.28773498535156,34.1552734375
94486782,2024,2024-11-27,9575,2024-11-21,910,024027,NA,4,1,6,1953,0,1,1,NA,2,064,I-210 W/B (FOOTHILL FREEWAY),ALLEN AVE,370,W,N,A,-,Y,LA,NA,210,NA,R,27.342,H,NA,L,Y,4,0,1,3,A,-,03,22350,NA,N,C,C,A,A,H,-,A,D,0,NA,NA,NA,Y,Y,NA,F,26,0,0,1,0,0,0,0,0,0,-,-,34.15266036987305,-118.11467742919922,LOS ANGELES,PASADENA,-118.11467742919922,34.15256118774414
94486806,2024,2024-11-27,9575,2024-11-21,1725,022502,NA,4,2,7,1942,0,1,1,NA,2,052,I-5 N/B (GOLDEN STATE FREEWAY),LAUREL CANYON BLVD,1100,S,N,A,-,Y,LA,NA,5,NA,NA,35.724,H,NA,R,Y,4,0,1,3,A,-,03,22350,NA,N,C,C,A,A,H,-,A,D,0,NA,NA,NA,NA,Y,NA,A,01,0,0,1,0,0,0,0,0,0,-,-,34.230960845947266,-118.39948272705078,LOS ANGELES,LOS ANGELES,-118.39948272705078,34.230960845947266
94486810,2024,2024-11-27,9550,2024-09-07,520,023732,NA,6,3,4,1936,0,1,1,NA,2,501,I-5 SB,ARTESIA BOULEVARD,2640,N,N,A,-,Y,LA,NA,5,NA,NA,0.479,H,NA,L,Y,4,0,1,3,A,-,07,21658,A,M,B,C,A,A,H,-,A,D,0,NA,NA,NA,NA,Y,NA,A,01,0,0,1,0,0,0,0,0,0,-,-,33.878231048583984,-118.01844787597656,LOS ANGELES,LA MIRADA,-118.01837158203124,33.878334045410156
94486818,2024,2024-11-27,9525,2024-11-27,1318,019291,NA,3,1,5,1926,0,1,1,NA,2,215,I-210 W/B (FOOTHILL FWY),SUNFLOWER AVE,1584,W,N,B,-,Y,LA,NA,210,NA,R,42.858,H,NA,L,N,4,0,2,2,A,-,04,21703,NA,N,C,C,A,A,H,-,A,D,0,NA,NA,NA,NA,Y,NA,A,07,0,0,2,0,0,0,0,0,0,-,-,34.11766052246094,-117.8518295288086,LOS ANGELES,GLENDORA,-117.8518295288086,34.117713928222656
9448682,2022,2022-06-07,1972,2022-04-16,1101,18876,NA,6,5,6,1972,0,0,0,NA,0,NA,ANZA AV,ANZA AV 23300,0,NA,Y,A,-,N,NA,NA,NA,NA,NA,NA,NA,NA,NA,Y,3,0,1,3,A,-,08,22107,NA,N,B,-,A,A,H,-,A,D,0,NA,NA,NA,NA,Y,Y,A,NA,0,1,0,0,0,0,0,0,0,-,-,NA,NA,LOS ANGELES,TORRANCE,NA,NA
94486820,2024,2024-11-27,9525,2024-11-26,910,023933,NA,2,1,9,1900,0,3,5,NA,2,003,TEMPLE AVE,VALINDA AVE,5,W,N,B,-,N,NA,NA,NA,NA,NA,NA,NA,NA,NA,N,4,0,1,2,A,-,10,21950,A,N,G,B,B,A,H,-,A,A,0,Y,NA,NA,NA,Y,NA,A,01,0,0,1,0,1,0,0,0,0,-,-,34.026580810546875,-117.92755889892578,LOS ANGELES,UNINCORPORATED,-117.92739868164064,34.02647399902344
94486825,2024,2024-11-27,9575,2024-11-22,930,021772,NA,5,1,7,1942,0,1,3,NA,2,043,SR-134 W/B TO I-5 N/B,LOS ANGELES RIVER,2089,W,N,A,-,Y,LA,NA,5,NA,NA,26.906,H,NA,R,Y,4,0,1,2,A,-,03,22350,NA,N,C,C,A,A,H,-,A,D,0,NA,NA,NA,NA,Y,NA,-,-,0,0,1,0,0,0,0,0,0,-,-,34.1539306640625,-118.28662109375,LOS ANGELES,LOS ANGELES,-118.28668212890624,34.15383529663086
94486833,2024,2024-11-28,9525,2024-11-24,2318,023414,NA,7,3,4,1913,0,1,1,NA,2,209,SR-210 W/B (FOOTHILL FWY),TOWNE AVE,1056,E,N,A,-,Y,LA,NA,210,NA,R,49.86,H,NA,L,N,3,0,1,2,A,-,07,21658,A,N,B,2,A,A,H,-,C,D,0,NA,NA,Y,NA,Y,NA,C,02,0,1,0,0,0,0,0,0,1,-,-,34.120391845703125,-117.7307586669922,LOS ANGELES,CLAREMONT,-117.7307586669922,34.12039566040039
9448708,2022,2022-06-03,1953,2022-04-27,1258,7449,1953,3,5,6,1953,0,0,0,NA,0,005,WALNUT ST,CATALINA AV,0,NA,Y,A,-,N,NA,NA,NA,NA,NA,NA,NA,NA,NA,Y,4,0,1,2,A,-,12,21453,A,N,D,C,A,A,H,-,A,A,0,NA,NA,NA,NA,Y,NA,A,01,0,0,1,0,0,0,0,0,0,-,-,NA,NA,LOS ANGELES,PASADENA,-118.1294403076172,34.149600982666016
94487089,2024,2024-11-28,9540,2024-11-26,2035,023508,NA,2,2,6,1985,0,1,1,NA,2,506,I-5 N/B,LYONS AVE,100,S,N,C,-,Y,LA,NA,5,NA,R,49.814,H,NA,R,Y,4,0,2,2,A,-,03,22350,NA,N,C,C,A,B,H,-,C,D,0,NA,NA,NA,NA,Y,NA,A,01,0,0,2,0,0,0,0,0,0,-,-,34.372161865234375,-118.56121826171876,LOS ANGELES,SANTA CLARITA,-118.56118011474608,34.37217712402344
94487099,2024,2024-11-28,9580,2024-11-23,2340,023725,NA,6,3,7,1942,0,1,2,NA,2,102,US-101 N/B (VENTURA FREEWAY),SEPULVEDA BLVD,2000,S,N,A,-,Y,LA,NA,101,NA,NA,16.469,H,NA,R,N,4,0,5,3,A,-,03,22350,NA,N,C,C,A,B,H,-,D,D,0,NA,NA,NA,NA,Y,Y,-,-,0,0,5,0,0,0,0,0,0,-,-,34.15882873535156,-118.45790100097656,LOS ANGELES,LOS ANGELES,-118.45793151855467,34.15876770019531
9448712,2022,2022-06-03,1955,2022-04-12,2006,42194,51,2,5,6,1955,0,0,0,NA,0,001,HAMILTON BL,4TH ST,0,NA,Y,A,-,N,NA,NA,NA,NA,NA,NA,NA,NA,NA,NA,4,0,1,2,A,-,03,22350,NA,F,G,B,D,A,H,-,C,D,0,Y,NA,NA,NA,Y,Y,A,01,0,0,1,0,1,0,0,0,0,-,-,34.05570983886719,-117.76319885253906,LOS ANGELES,POMONA,-117.7631607055664,34.0556755065918
94487124,2024,2025-05-21,9580,2024-11-19,550,023836,NA,2,3,7,1942,0,1,2,NA,2,103,US-101 S/B (VENTURA FREEWAY),HASKELL AVE,2640,N,N,A,-,Y,LA,NA,101,NA,NA,18.224,H,NA,L,Y,4,0,5,4,A,-,03,22350,NA,N,C,C,A,A,H,-,A,D,0,NA,NA,NA,NA,Y,NA,A,01,0,0,5,0,0,0,0,0,0,-,-,34.16511917114258,-118.48560333251952,LOS ANGELES,LOS ANGELES,-118.48560333251952,34.1651611328125
94487126,2024,2024-11-28,9580,2024-11-19,2120,022550,NA,2,2,7,1942,0,1,3,NA,2,118,SR-118 E/B (RONALD REAGAN FWY.),DE SOTO AVE,200,E,N,A,-,Y,LA,NA,118,NA,R,2.731,H,NA,R,Y,4,0,1,2,A,-,01,23152,A,N,B,C,A,A,H,-,D,D,0,NA,NA,NA,NA,Y,Y,A,08,0,0,1,0,0,0,0,0,0,-,-,34.27341079711914,-118.58946228027344,LOS ANGELES,LOS ANGELES,-118.58946228027344,34.27338409423828