CASE_ID,ACCIDENT_YEAR,PROC_DATE,JURIS,COLLISION_DATE,COLLISION_TIME,OFFICER_ID,REPORTING_DISTRICT,DAY_OF_WEEK,CHP_SHIFT,POPULATION,CNTY_CITY_LOC,SPECIAL_COND,BEAT_TYPE,CHP_BEAT_TYPE,CITY_DIVISION_LAPD,CHP_BEAT_CLASS,BEAT_NUMBER,PRIMARY_RD,SECONDARY_RD,DISTANCE,DIRECTION,INTERSECTION,WEATHER_1,WEATHER_2,STATE_HWY_IND,CALTRANS_COUNTY,CALTRANS_DISTRICT,STATE_ROUTE,ROUTE_SUFFIX,POSTMILE_PREFIX,POSTMILE,LOCATION_TYPE,RAMP_INTERSECTION,SIDE_OF_HWY,TOW_AWAY,COLLISION_SEVERITY,NUMBER_KILLED,NUMBER_INJURED,PARTY_COUNT,PRIMARY_COLL_FACTOR,PCF_CODE_OF_VIOL,PCF_VIOL_CATEGORY,PCF_VIOLATION,PCF_VIOL_SUBSECTION,HIT_AND_RUN,TYPE_OF_COLLISION,MVIW,PED_ACTION,ROAD_SURFACE,ROAD_COND_1,ROAD_COND_2,LIGHTING,CONTROL_DEVICE,CHP_ROAD_TYPE,PEDESTRIAN_ACCIDENT,BICYCLE_ACCIDENT,MOTORCYCLE_ACCIDENT,TRUCK_ACCIDENT,NOT_PRIVATE_PROPERTY,ALCOHOL_INVOLVED,STWD_VEHTYPE_AT_FAULT,CHP_VEHTYPE_AT_FAULT,COUNT_SEVERE_INJ,COUNT_VISIBLE_INJ,COUNT_COMPLAINT_PAIN,COUNT_PED_KILLED,COUNT_PED_INJURED,COUNT_BICYCLIST_KILLED,COUNT_BICYCLIST_INJURED,COUNT_MC_KILLED,COUNT_MC_INJURED,PRIMARY_RAMP,SECONDARY_RAMP,LATITUDE,LONGITUDE,COUNTY,CITY,POINT_X,POINT_Y
94489162,2024,2024-12-02,9575,2024-11-29,220,022084,NA,5,3,7,1942,0,2,S,NA,2,904,COMMERCE AVENUE (9800 BLOCK),FOOTHILL BOULEVARD,21,S,N,A,-,N,NA,NA,NA,NA,NA,NA,NA,NA,NA,Y,3,0,1,1,A,-,01,23152,A,N,E,8,A,A,H,-,C,A,0,NA,NA,NA,NA,Y,Y,A,07,0,1,0,0,0,0,0,0,0,-,-,34.24850845336914,-118.28865051269533,LOS ANGELES,LOS ANGELES,-118.2885971069336,34.248573303222656
9448921,2022,2022-06-10,1942,2022-05-13,1315,36755,0941,5,5,7,1942,0,0,0,I,0,26TL46,BURBANK BL,RT 405,350,W,N,A,-,N,NA,NA,NA,NA,NA,NA,NA,NA,NA,Y,2,0,2,2,C,-,18,NA,NA,N,D,C,A,A,H,-,A,A,0,NA,NA,NA,NA,Y,NA,-,-,1,1,0,0,0,0,0,0,0,-,-,NA,NA,LOS ANGELES,LOS ANGELES,-118.46869659423828,34.17219161987305
9448922,2022,2022-06-08,1942,2022-05-21,1315,32973,0285,6,5,7,1942,0,0,0,B,0,24TL21,11TH PL,BURLINGTON AV,0,NA,Y,A,-,N,NA,NA,NA,NA,NA,NA,NA,NA,NA,N,4,0,1,2,A,-,12,22450,A,F,D,C,A,A,H,-,A,A,0,NA,NA,NA,NA,Y,NA,-,99,0,0,1,0,0,0,0,0,0,-,-,NA,NA,LOS ANGELES,LOS ANGELES,-118.2779541015625,34.04806137084961
9448923,2022,2022-06-08,1942,2022-05-16,1722,38996,0981,1,5,7,1942,0,0,0,I,0,26TL76,VENTURA BL,LEMONA AV,250,W,N,A,-,N,NA,NA,NA,NA,NA,NA,NA,NA,NA,Y,3,0,2,4,A,-,09,21801,NA,N,D,C,F,A,H,-,A,D,0,Y,NA,NA,NA,Y,NA,A,01,0,2,0,0,1,0,0,0,0,-,-,NA,NA,LOS ANGELES,LOS ANGELES,-118.46043395996094,34.15285110473633
94489237,2024,2024-12-02,9565,2024-11-16,1836,023091,NA,6,2,7,1942,0,1,1,NA,2,062,I-405 S/B,PICO BLVD,5,N,N,A,-,Y,LA,NA,405,NA,NA,29.925,H,NA,L,N,4,0,1,3,A,-,03,22350,NA,N,C,C,A,A,H,-,C,D,0,NA,NA,NA,NA,Y,NA,A,01,0,0,1,0,0,0,0,0,0,-,-,34.0354118347168,-118.43802642822266,LOS ANGELES,LOS ANGELES,-118.43805694580078,34.035400390625
9448924,2022,2022-06-08,1942,2022-05-09,0410,44097,0969,1,5,7,1942,0,0,0,I,0,9A37,COLDWATER CANYON AV,LA MAIDA ST,171,N,N,A,-,N,NA,NA,NA,NA,NA,NA,NA,NA,NA,Y,4,0,1,2,A,-,01,23152,A,N,B,E,A,A,H,-,C,D,0,NA,NA,NA,NA,Y,Y,A,08,0,0,1,0,0,0,0,0,0,-,-,NA,NA,LOS ANGELES,LOS ANGELES,-118.41378784179688,34.159000396728516
9448925,2022,2022-06-08,1942,2022-05-22,1800,40972,0948,7,5,7,1942,0,0,0,I,0,26T37,BURBANK BL,FULTON AV,5,W,N,A,-,N,NA,NA,NA,NA,NA,NA,NA,NA,NA,Y,2,0,1,2,A,-,09,21801,A,N,D,C,A,A,H,-,A,A,0,NA,NA,NA,NA,Y,NA,A,01,1,0,0,0,0,0,0,0,0,-,-,NA,NA,LOS ANGELES,LOS ANGELES,-118.42252349853516,34.172119140625
9448926,2022,2022-06-08,1942,2022-05-24,2020,43822,1515,2,5,7,1942,0,0,0,O,0,26T35,LANKERSHIM BL,KITTRIDGE ST,178,S,N,A,-,N,NA,NA,NA,NA,NA,NA,NA,NA,NA,N,2,0,1,2,A,-,11,21955,NA,F,G,B,D,A,H,-,D,D,0,Y,NA,NA,NA,Y,NA,N,60,1,0,0,0,1,0,0,0,0,-,-,NA,NA,LOS ANGELES,LOS ANGELES,-118.38780212402344,34.18980026245117
94489266,2024,2024-12-02,9565,2024-11-16,1855,023757,NA,6,2,9,1900,0,3,5,NA,2,004,EL SEGUNDO BLVD,I-405,0,NA,Y,A,-,N,NA,NA,NA,NA,NA,NA,NA,NA,NA,Y,3,0,1,2,A,-,12,21453,A,N,D,C,A,A,H,-,B,A,0,NA,NA,NA,NA,Y,NA,A,07,0,1,0,0,0,0,0,0,0,-,-,33.916351318359375,-118.3686981201172,LOS ANGELES,UNINCORPORATED,-118.37014770507813,33.91632080078125
9448927,2022,2022-06-08,1942,2022-05-03,0740,41138,1951,2,5,7,1942,0,0,0,NA,0,19A61,SEPULVEDA BL,SAN JOSE ST,0,NA,Y,A,-,N,NA,NA,NA,NA,NA,NA,NA,NA,NA,Y,4,0,1,2,A,-,09,21804,NA,N,D,C,A,A,H,-,A,A,0,NA,NA,NA,NA,Y,NA,-,NA,0,0,1,0,0,0,0,0,0,-,-,NA,NA,LOS ANGELES,LOS ANGELES,-118.46743774414064,34.260902404785156
9448928,2022,2022-06-08,1942,2022-05-11,2350,44469,1962,3,5,7,1942,0,0,0,NA,0,19A75,LEMONA AV,PLUMMER ST,350,N,N,A,-,N,NA,NA,NA,NA,NA,NA,NA,NA,NA,Y,2,0,1,1,A,-,08,22107,NA,N,A,I,A,A,H,-,C,D,0,NA,NA,NA,NA,Y,NA,A,01,1,0,0,0,0,0,0,0,0,-,-,NA,NA,LOS ANGELES,LOS ANGELES,-118.4587631225586,34.24367141723633
9448929,2022,2022-06-08,1942,2022-05-22,0230,40730,1132,7,5,7,1942,0,0,0,K,0,11A1W3,ROWENA AV,W LAKE DR,30,E,N,A,-,N,NA,NA,NA,NA,NA,NA,NA,NA,NA,N,3,0,1,2,A,-,03,22350,NA,F,C,E,A,A,H,-,C,A,0,NA,NA,NA,NA,Y,NA,A,01,0,1,0,0,0,0,0,0,0,-,-,NA,NA,LOS ANGELES,LOS ANGELES,NA,NA
9448930,2022,2022-06-08,1942,2022-05-16,0815,34420,1945,1,5,7,1942,0,0,0,NA,0,26M27,ARIETA AV,CHATSWORTH DR,0,NA,Y,A,-,N,NA,NA,NA,NA,NA,NA,NA,NA,NA,Y,3,0,3,2,A,-,12,21453,A,N,D,C,A,A,H,-,A,A,0,NA,NA,NA,NA,Y,NA,A,01,0,3,0,0,0,0,0,0,0,-,-,NA,NA,LOS ANGELES,LOS ANGELES,-118.4541473388672,34.269813537597656
94489306,2024,2025-02-13,9565,2024-11-16,1955,023757,NA,6,2,9,1900,0,3,5,NA,2,003,LA BREA AVE.,STOCKER ST.,190,S,N,A,-,N,NA,NA,NA,NA,NA,NA,NA,NA,NA,N,3,0,1,2,A,-,08,22107,NA,N,B,C,A,A,H,-,C,A,0,NA,NA,NA,NA,Y,NA,-,-,0,1,0,0,0,0,0,0,0,-,-,33.996490478515625,-118.35797119140624,LOS ANGELES,UNINCORPORATED,-118.35807037353516,33.996524810791016
9448931,2022,2022-06-08,1942,2022-05-19,1400,44881,0469,4,5,7,1942,0,0,0,D,0,4A71,3RD ST,INDIANA AV,50,W,N,A,-,N,NA,NA,NA,NA,NA,NA,NA,NA,NA,N,3,0,1,2,B,-,22,NA,NA,N,G,B,-,A,H,-,A,D,0,Y,NA,NA,NA,Y,NA,A,01,0,1,0,0,1,0,0,0,0,-,-,NA,NA,LOS ANGELES,LOS ANGELES,-118.19254302978516,34.033233642578125
94489320,2024,2024-12-02,9565,2024-11-17,915,023620,NA,7,1,7,1942,0,1,1,NA,2,063,I-405 S/B,CONSTITUTION AVE,1373,N,N,A,-,Y,LA,NA,405,NA,NA,32.163,H,NA,L,Y,3,0,2,2,A,-,03,22350,NA,N,B,2,A,A,H,-,A,D,0,NA,NA,NA,NA,Y,NA,A,01,0,2,0,0,0,0,0,0,0,-,-,34.0629997253418,-118.45822143554688,LOS ANGELES,LOS ANGELES,-118.45823669433594,34.06298828125
94489329,2024,2024-12-02,9565,2024-11-16,2105,024108,NA,6,2,5,1965,0,1,1,NA,2,081,I-10 E/B (SANTA MONICA FWY.),20TH ST,110,E,N,A,-,Y,LA,NA,10,NA,R,3.094,H,NA,R,N,4,0,2,2,A,-,03,22350,NA,F,C,C,A,A,H,-,B,D,0,NA,NA,NA,NA,Y,Y,-,99,0,0,2,0,0,0,0,0,0,-,-,34.02334976196289,-118.47328948974608,LOS ANGELES,SANTA MONICA,-118.47328948974608,34.02335739135742
9448933,2022,2022-06-08,1942,2022-05-20,0325,41602,RD111,5,5,7,1942,0,0,0,NA,0,11A37,PIEDMONT AV,AVENUE 60,0,NA,Y,C,-,N,NA,NA,NA,NA,NA,NA,NA,NA,NA,N,4,0,1,6,A,-,12,22450,A,F,D,C,A,B,H,-,C,A,0,NA,NA,NA,NA,Y,Y,A,01,0,0,1,0,0,0,0,0,0,-,-,NA,NA,LOS ANGELES,LOS ANGELES,-118.19078063964844,34.112430572509766
9448934,2022,2022-06-08,1942,2022-05-22,0150,42599,1147,7,5,7,1942,0,0,0,K,0,11A37,GRANADA ST,CYPRESS AV,0,NA,Y,A,-,N,NA,NA,NA,NA,NA,NA,NA,NA,NA,Y,4,0,1,2,A,-,09,21801,A,F,B,C,A,A,H,-,D,D,0,NA,NA,NA,NA,Y,NA,-,99,0,0,1,0,0,0,0,0,0,-,-,NA,NA,LOS ANGELES,LOS ANGELES,-118.22882080078124,34.09587097167969
9448935,2022,2022-06-08,1942,2022-05-15,0115,42599,11481,7,5,7,1942,0,0,0,K,0,11A37,FIGUEROA ST,WOODSIDE DR,0,NA,N,A,-,N,NA,NA,NA,NA,NA,NA,NA,NA,NA,Y,3,0,2,2,A,-,03,22350,NA,N,D,J,A,A,H,-,C,A,0,NA,NA,NA,NA,Y,NA,A,01,0,2,0,0,0,0,0,0,0,-,-,NA,NA,LOS ANGELES,LOS ANGELES,-118.20546722412108,34.09810256958008
9448936,2022,2022-06-08,1942,2022-05-22,2120,42876,1346,7,5,7,1942,0,0,0,M,0,24T31,VERNON AV,HOOPER AV,470,W,N,A,-,N,NA,NA,NA,NA,NA,NA,NA,NA,NA,N,2,0,1,2,A,-,11,21954,A,F,G,B,D,A,H,-,C,D,0,Y,NA,NA,NA,Y,NA,N,60,1,0,0,0,1,0,0,0,0,-,-,NA,NA,LOS ANGELES,LOS ANGELES,-118.2536849975586,34.003902435302734
9448938,2022,2022-06-08,1942,2022-05-21,0050,40325,0195,6,5,7,1942,0,0,0,A,0,24T34,MAIN ST,WASHINGTON BL,0,NA,Y,A,-,N,NA,NA,NA,NA,NA,NA,NA,NA,NA,N,4,0,1,2,A,-,10,21950,A,F,G,B,B,A,H,-,C,A,0,Y,NA,NA,NA,Y,NA,-,99,0,0,1,0,1,0,0,0,0,-,-,NA,NA,LOS ANGELES,LOS ANGELES,-118.26466369628906,34.03096389770508
94489380,2024,2024-12-02,9565,2024-11-17,820,023778,NA,7,1,6,1933,0,1,1,NA,2,060,I-405 S/B,LA CIENEGA BOULEVARD,50,S,N,A,-,Y,LA,NA,405,NA,NA,23.547,H,NA,L,Y,4,0,1,2,A,-,07,21658,A,N,C,2,A,A,H,-,A,D,0,NA,NA,NA,NA,Y,NA,A,01,0,0,1,0,0,0,0,0,0,-,-,33.96424102783203,-118.37021636962892,LOS ANGELES,INGLEWOOD,-118.37026977539064,33.964229583740234
94489385,2024,2024-12-02,9530,2024-11-17,32,023622,NA,7,3,9,1900,0,3,5,NA,2,002,AVALON BLVD,ALONDRA BLVD.,0,NA,Y,A,-,N,NA,NA,NA,NA,NA,NA,NA,NA,NA,Y,3,0,3,3,A,-,01,23152,A,N,D,2,A,A,H,-,C,A,0,NA,NA,NA,NA,Y,Y,A,01,0,1,2,0,0,0,0,0,0,-,-,33.88608169555664,-118.26531219482422,LOS ANGELES,UNINCORPORATED,-118.26544189453124,33.8860969543457
9448940,2022,2022-06-08,1942,2022-05-20,1515,41419,0162,5,5,7,1942,0,0,0,A,0,24MQ46,FIGUEROA ST,8TH ST,104,S,N,A,-,N,NA,NA,NA,NA,NA,NA,NA,NA,NA,N,4,0,1,2,A,-,07,21658,A,N,D,C,A,A,H,-,A,D,0,NA,NA,NA,NA,Y,NA,-,-,0,0,1,0,0,0,0,0,0,-,-,NA,NA,LOS ANGELES,LOS ANGELES,-118.26141357421876,34.04771423339844
9448941,2022,2022-06-09,1900,2022-05-07,2335,642584,2843,6,5,5,1915,0,0,0,NA,0,281T1,COMPTON BL,LONG BEACH BL,90,W,N,A,-,N,NA,NA,NA,NA,NA,NA,NA,NA,NA,Y,4,0,2,4,A,-,03,22350,NA,N,B,C,A,A,H,-,C,A,0,NA,NA,NA,NA,Y,NA,A,01,0,0,2,0,0,0,0,0,0,-,-,33.896018981933594,-118.20841979980467,LOS ANGELES,COMPTON,-118.20832824707033,33.89603042602539
9448942,2022,2022-06-09,1900,2022-05-04,2325,656310,2840,3,5,5,1915,0,0,0,NA,0,281T1,ALAMEDA ST,GREENLEAF BL,0,NA,Y,A,-,N,NA,NA,NA,NA,NA,NA,NA,NA,NA,Y,4,0,2,2,A,-,09,21800,D,N,D,C,A,-,D,-,E,B,0,NA,NA,NA,NA,Y,NA,A,01,0,0,2,0,0,0,0,0,0,-,-,33.88127136230469,-118.21807861328124,LOS ANGELES,COMPTON,-118.21810150146484,33.881229400634766
9448943,2022,2022-06-09,1900,2022-05-15,2145,645885,2834,7,5,5,1915,0,0,0,NA,0,283T1P,CENTRAL AV,ARTESIA BL NORTH,0,NA,Y,A,-,N,NA,NA,NA,NA,NA,NA,NA,NA,NA,N,4,0,2,2,D,-,00,NA,NA,N,D,C,A,A,H,-,C,A,0,NA,NA,NA,NA,Y,NA,-,-,0,0,2,0,0,0,0,0,0,-,-,NA,NA,LOS ANGELES,COMPTON,-118.24862670898438,33.872779846191406
94489434,2024,2024-12-02,9530,2024-11-30,2341,023562,NA,6,3,7,1942,0,1,1,NA,2,110,I-110 N/B (HARBOR FREEWAY),I-105 E/B (GLENN ANDERSON FWY),1700,S,N,A,-,Y,LA,NA,110,NA,NA,13.482,H,NA,R,N,4,0,2,2,A,-,01,23152,A,N,D,C,A,A,H,-,C,D,0,NA,NA,NA,NA,Y,Y,A,01,0,0,2,0,0,0,0,0,0,-,-,33.92388153076172,-118.28108215332033,LOS ANGELES,LOS ANGELES,-118.28118896484376,33.923885345458984
9448944,2022,2022-06-09,1900,2022-05-01,0450,646171,2821,7,5,5,1915,0,0,0,NA,0,282T1,ALAMEDA ST,ORIS ST,15,S,N,A,-,N,NA,NA,NA,NA,NA,NA,NA,NA,NA,Y,4,0,1,2,A,-,05,21651,A,F,A,C,A,A,H,-,C,D,0,NA,NA,NA,NA,Y,NA,A,01,0,0,1,0,0,0,0,0,0,-,-,33.90871810913086,-118.22235870361328,LOS ANGELES,COMPTON,-118.22240447998048,33.90876007080078
9448946,2022,2022-06-09,1900,2022-05-02,1559,645885,2811,1,5,5,1915,0,0,0,NA,0,283T1P,COMPTON BL,CENTRAL AV,150,E,N,A,-,N,NA,NA,NA,NA,NA,NA,NA,NA,NA,N,4,0,3,3,A,-,03,22350,NA,N,C,C,A,A,H,-,A,D,0,NA,NA,NA,NA,Y,NA,A,01,0,0,3,0,0,0,0,0,0,-,-,NA,NA,LOS ANGELES,COMPTON,-118.25146484375,33.895816802978516
9448951,2022,2022-06-21,1941,2022-05-14,1709,11365,NA,6,5,7,1941,0,0,0,NA,0,NA,OCEAN BL,BENNET AV,12,E,N,A,-,N,NA,NA,NA,NA,NA,NA,NA,NA,NA,Y,4,0,1,2,A,-,09,21804,A,N,D,C,A,A,H,-,A,A,0,NA,NA,NA,NA,Y,Y,A,NA,0,0,1,0,0,0,0,0,0,-,-,NA,NA,LOS ANGELES,LONG BEACH,-118.14411926269533,33.758689880371094
94489511,2024,2024-12-02,9550,2024-11-18,1545,024105,NA,1,2,9,1900,0,3,5,NA,2,002,SANTA GERTRUDES AVE.,LEFFINGWELL RD.,1346,S,N,A,-,N,NA,NA,NA,NA,NA,NA,NA,NA,NA,Y,4,0,2,2,A,-,03,22350,NA,N,C,E,A,A,H,-,A,D,0,NA,NA,NA,NA,Y,NA,A,07,0,0,2,0,0,0,0,0,0,-,-,33.927520751953125,-117.99436950683594,LOS ANGELES,UNINCORPORATED,-117.99441528320313,33.927650451660156
9448952,2022,2022-06-09,1941,2022-05-12,0639,11338,NA,4,5,7,1941,0,0,0,NA,0,NA,ANAHEIM ST,WALNUT AV,0,NA,Y,A,-,N,NA,NA,NA,NA,NA,NA,NA,NA,NA,Y,4,0,2,3,A,-,12,21453,A,N,D,C,A,A,H,-,B,A,0,NA,NA,NA,NA,Y,NA,A,NA,0,0,2,0,0,0,0,0,0,-,-,NA,NA,LOS ANGELES,LONG BEACH,-118.1719970703125,33.78260803222656
94489526,2024,2024-12-02,9575,2024-11-11,605,021970,NA,1,1,6,1953,0,1,1,NA,2,065,I-210 E/B (FOOTHILL FREEWAY),SAN GABRIEL BLVD,250,E,N,A,-,Y,LA,NA,210,NA,R,28.599,H,NA,R,N,4,0,2,4,C,-,18,NA,NA,N,C,2,A,A,H,-,B,D,0,NA,NA,NA,Y,Y,NA,-,-,0,0,2,0,0,0,0,0,0,-,-,34.152099609375,-118.09278106689452,LOS ANGELES,PASADENA,-118.09278869628906,34.152069091796875
9448954,2022,2022-06-09,1941,2022-05-10,2109,11244,NA,2,5,7,1941,0,0,0,NA,0,NA,OCEAN BL,10TH PL,0,NA,Y,A,-,N,NA,NA,NA,NA,NA,NA,NA,NA,NA,Y,4,0,1,4,D,-,00,NA,NA,F,H,C,A,A,H,-,C,D,0,NA,NA,NA,NA,Y,NA,-,-,0,0,1,0,0,0,0,0,0,-,-,NA,NA,LOS ANGELES,LONG BEACH,-118.17337036132813,33.76513671875
94489549,2024,2024-12-02,9575,2024-11-20,725,021795,NA,3,1,5,1902,0,1,1,NA,2,065,I-210 W/B (FOOTHILL FREEWAY),SANTA ANITA AVE.,650,E,N,A,-,Y,LA,NA,210,NA,R,32.032,H,NA,L,N,4,0,2,2,A,-,03,22350,NA,N,C,C,A,A,H,-,A,D,0,NA,NA,NA,NA,Y,NA,A,01,0,0,2,0,0,0,0,0,0,-,-,34.14710998535156,-118.02957916259766,LOS ANGELES,ARCADIA,-118.02954864501952,34.147159576416016
94489550,2024,2024-12-02,9590,2024-11-18,1048,015575,NA,1,1,6,1953,0,1,1,NA,2,014,SR-110 N/B (ARROYO SECO PARKWAY),FREMONT AVENUE,300,S,N,A,-,Y,LA,NA,110,NA,NA,30.943,H,NA,R,Y,3,0,1,2,A,-,03,22350,NA,N,C,C,A,A,H,-,A,A,0,NA,NA,Y,Y,Y,NA,C,02,0,1,0,0,0,0,0,0,1,-,-,34.11906814575195,-118.154296875,LOS ANGELES,PASADENA,-118.154296875,34.119056701660156
94489557,2024,2024-12-02,9530,2024-11-19,1507,017860,NA,2,2,7,1941,0,1,1,NA,2,420,I-405 S/B (SAN DIEGO FREEWAY),CALIFORNIA AVE.,24,N,N,A,-,Y,LA,NA,405,NA,NA,5.648,H,NA,L,N,4,0,1,2,A,-,03,22350,NA,N,C,C,A,A,H,-,A,D,0,NA,NA,NA,NA,Y,NA,A,08,0,0,1,0,0,0,0,0,0,-,-,33.814300537109375,-118.18089294433594,LOS ANGELES,LONG BEACH,-118.18089294433594,33.814178466796875
94489558,2024,2024-12-02,9590,2024-11-26,905,016230,NA,2,1,7,1942,0,1,2,NA,2,042,US-101 NB (SAF),1ST STREET,834,N,N,B,-,Y,LA,NA,101,NA,S,1.04,H,NA,R,N,4,0,1,2,A,-,21,22106,NA,N,C,C,A,A,H,-,A,D,0,NA,NA,NA,Y,Y,NA,F,27,0,0,1,0,0,0,0,0,0,-,-,34.049591064453125,-118.2223663330078,LOS ANGELES,LOS ANGELES,-118.22235870361328,34.04959487915039
94489569,2024,2024-12-02,9575,2024-11-21,2110,023072,NA,4,2,9,1900,0,2,4,NA,2,082,HUNTINGTON DRIVE,SAN GABRIEL BOULEVARD,0,NA,Y,A,-,N,NA,NA,NA,NA,NA,NA,NA,NA,NA,Y,4,0,1,2,A,-,12,21453,A,N,D,C,A,A,H,-,A,A,0,NA,NA,NA,NA,Y,NA,A,01,0,0,1,0,0,0,0,0,0,-,-,34.12691879272461,-118.0907974243164,LOS ANGELES,UNINCORPORATED,-118.09101104736328,34.1268310546875
9448957,2022,2022-06-09,1956,2022-05-18,0919,1335,12,3,5,5,1956,0,0,0,NA,0,001,PROSPECT AV,RUBY ST,35,S,N,B,-,N,NA,NA,NA,NA,NA,NA,NA,NA,NA,Y,4,0,1,2,A,-,03,22350,NA,N,C,C,A,A,H,-,A,D,0,NA,NA,NA,NA,Y,NA,A,07,0,0,1,0,0,0,0,0,0,-,-,33.83319854736328,-118.37606048583984,LOS ANGELES,REDONDO BEACH,-118.37593841552734,33.83310317993164
94489571,2024,2024-12-02,9550,2024-10-13,1514,023879,NA,7,2,9,1900,0,2,4,NA,1,023,MULBERRY DRIVE,MILLS AVENUE,15,N,N,A,-,N,NA,NA,NA,NA,NA,NA,NA,NA,NA,N,3,0,1,2,D,-,00,NA,NA,N,D,G,A,A,H,-,A,A,0,NA,Y,NA,NA,Y,NA,-,-,0,1,0,0,0,0,1,0,0,-,-,33.942901611328125,-118.02742004394533,LOS ANGELES,UNINCORPORATED,-118.02767181396484,33.94289016723633
94489575,2024,2024-12-02,9550,2024-11-21,1830,023329,NA,4,2,5,1919,0,1,3,NA,2,092,SR-91 WESTBOUND TO CARMENITA ROAD,CARMENITA ROAD,100,E,N,A,-,Y,NA,NA,NA,NA,NA,NA,NA,NA,NA,N,4,0,1,2,A,-,03,22350,NA,N,C,C,A,A,H,-,D,A,0,NA,NA,NA,NA,Y,NA,A,01,0,0,1,0,0,0,0,0,0,-,-,33.86507034301758,-118.04582977294922,LOS ANGELES,CERRITOS,-118.04617309570313,33.86402130126953
9448958,2022,2022-06-09,1956,2022-05-22,1438,1381,43,7,5,5,1956,0,0,0,NA,0,003,MACKAY LN,GRANT AV,0,NA,Y,A,-,N,NA,NA,NA,NA,NA,NA,NA,NA,NA,Y,4,0,1,2,A,-,12,21453,A,N,D,C,A,A,H,-,A,A,0,NA,NA,NA,NA,Y,NA,A,07,0,0,1,0,0,0,0,0,0,-,-,33.8690299987793,-118.36853790283205,LOS ANGELES,REDONDO BEACH,-118.36853790283205,33.86903381347656
94489583,2024,2024-12-02,9530,2024-11-19,743,024076,NA,2,1,7,1942,0,1,1,NA,2,200,I-105 E/B (GLENN ANDERSON FWY),CENTRAL,1000,W,N,A,-,Y,LA,NA,105,NA,R,8.453,H,NA,R,Y,4,0,1,2,A,-,08,22107,NA,N,C,C,A,A,H,-,A,D,0,NA,NA,NA,NA,Y,NA,A,08,0,0,1,0,0,0,0,0,0,-,-,33.927268981933594,-118.26238250732422,LOS ANGELES,LOS ANGELES,-118.26238250732422,33.92730712890625
94489585,2024,2024-12-02,9530,2024-11-19,747,023235,NA,2,1,9,1900,0,3,5,NA,2,001,COMPTON AVE.,70TH STREET,0,NA,Y,A,-,N,NA,NA,NA,NA,NA,NA,NA,NA,NA,N,4,0,1,2,A,-,10,21950,A,N,G,B,D,A,H,-,A,D,0,Y,NA,NA,NA,Y,NA,A,01,0,0,1,0,1,0,0,0,0,-,-,33.97637939453125,-118.24758911132813,LOS ANGELES,UNINCORPORATED,-118.24768829345705,33.97638702392578
9448959,2022,2022-06-09,1956,2022-05-19,1543,1335,76,4,5,5,1956,0,0,0,NA,0,002,TORRANCE BL,BROADWAY,0,NA,Y,B,-,N,NA,NA,NA,NA,NA,NA,NA,NA,NA,Y,4,0,1,2,A,-,12,22450,A,N,D,C,A,A,H,-,A,D,0,NA,NA,NA,NA,Y,NA,A,07,0,0,1,0,0,0,0,0,0,-,-,33.838218688964844,-118.38680267333984,LOS ANGELES,REDONDO BEACH,-118.3867416381836,33.83829879760742
94489592,2024,2024-12-02,9575,2024-11-22,1815,023072,NA,5,2,3,1991,0,1,1,NA,2,063,I-210 E/B (FOOTHILL FREEWAY),LA CRESCENTA AVENUE,437,E,N,A,-,Y,LA,NA,210,NA,R,17.475,H,NA,R,N,4,0,2,2,A,-,03,22350,NA,N,C,C,A,A,H,-,C,D,0,NA,NA,NA,NA,Y,NA,A,07,0,0,2,0,0,0,0,0,0,-,-,34.21773147583008,-118.23860931396484,LOS ANGELES,LA CANADA-FLINTRIDGE,-118.23859405517578,34.217750549316406
9448960,2022,2022-06-09,1956,2022-05-21,2115,1360,1,6,5,5,1956,0,0,0,NA,0,001,ESPLANADE,PASEO DE LA PLAYA,0,NA,Y,A,-,N,NA,NA,NA,NA,NA,NA,NA,NA,NA,Y,4,0,1,2,A,-,01,23153,A,N,D,C,A,A,H,-,C,D,0,NA,NA,NA,NA,Y,Y,A,01,0,0,1,0,0,0,0,0,0,-,-,33.81610107421875,-118.3905029296875,LOS ANGELES,REDONDO BEACH,-118.38961029052734,33.81528091430664
94489603,2024,2024-12-02,9575,2024-11-22,1910,023072,NA,5,2,6,1953,0,1,1,NA,2,063,I-210 E/B (FOOTHILL FREEWAY),ARROYO BOULEVARD,308,E,N,A,-,Y,LA,NA,210,NA,R,22.565,H,NA,R,Y,4,0,3,2,A,-,08,22107,NA,N,C,2,A,A,H,-,C,D,0,NA,NA,NA,NA,Y,NA,A,01,0,0,3,0,0,0,0,0,0,-,-,34.18040084838867,-118.16812896728516,LOS ANGELES,PASADENA,-118.16811370849608,34.180419921875
94489612,2024,2024-12-02,9530,2024-11-19,650,024092,NA,2,1,9,1900,0,3,5,NA,2,002,BROADWAY,135TH ST.,0,NA,Y,A,-,N,NA,NA,NA,NA,NA,NA,NA,NA,NA,Y,3,0,1,4,A,-,12,21453,A,F,D,C,A,A,H,-,A,A,0,NA,NA,NA,NA,Y,NA,A,08,0,1,0,0,0,0,0,0,0,-,-,33.90951919555664,-118.27848052978516,LOS ANGELES,UNINCORPORATED,-118.27841186523438,33.909156799316406
94489615,2024,2024-12-02,9530,2024-11-19,630,024119,NA,2,1,9,1900,0,1,1,NA,2,120,I-110 S/B (HARBOR FREEWAY),223RD STREET,70,N,N,A,-,Y,LA,NA,110,NA,NA,6.544,H,NA,L,Y,4,0,1,2,A,-,07,21658,A,F,B,C,A,A,H,-,A,D,0,NA,NA,NA,NA,Y,NA,-,99,0,0,1,0,0,0,0,0,0,-,-,33.82474899291992,-118.28752899169922,LOS ANGELES,UNINCORPORATED,-118.28749847412108,33.82474899291992