CASE_ID,ACCIDENT_YEAR,PROC_DATE,JURIS,COLLISION_DATE,COLLISION_TIME,OFFICER_ID,REPORTING_DISTRICT,DAY_OF_WEEK,CHP_SHIFT,POPULATION,CNTY_CITY_LOC,SPECIAL_COND,BEAT_TYPE,CHP_BEAT_TYPE,CITY_DIVISION_LAPD,CHP_BEAT_CLASS,BEAT_NUMBER,PRIMARY_RD,SECONDARY_RD,DISTANCE,DIRECTION,INTERSECTION,WEATHER_1,WEATHER_2,STATE_HWY_IND,CALTRANS_COUNTY,CALTRANS_DISTRICT,STATE_ROUTE,ROUTE_SUFFIX,POSTMILE_PREFIX,POSTMILE,LOCATION_TYPE,RAMP_INTERSECTION,SIDE_OF_HWY,TOW_AWAY,COLLISION_SEVERITY,NUMBER_KILLED,NUMBER_INJURED,PARTY_COUNT,PRIMARY_COLL_FACTOR,PCF_CODE_OF_VIOL,PCF_VIOL_CATEGORY,PCF_VIOLATION,PCF_VIOL_SUBSECTION,HIT_AND_RUN,TYPE_OF_COLLISION,MVIW,PED_ACTION,ROAD_SURFACE,ROAD_COND_1,ROAD_COND_2,LIGHTING,CONTROL_DEVICE,CHP_ROAD_TYPE,PEDESTRIAN_ACCIDENT,BICYCLE_ACCIDENT,MOTORCYCLE_ACCIDENT,TRUCK_ACCIDENT,NOT_PRIVATE_PROPERTY,ALCOHOL_INVOLVED,STWD_VEHTYPE_AT_FAULT,CHP_VEHTYPE_AT_FAULT,COUNT_SEVERE_INJ,COUNT_VISIBLE_INJ,COUNT_COMPLAINT_PAIN,COUNT_PED_KILLED,COUNT_PED_INJURED,COUNT_BICYCLIST_KILLED,COUNT_BICYCLIST_INJURED,COUNT_MC_KILLED,COUNT_MC_INJURED,PRIMARY_RAMP,SECONDARY_RAMP,LATITUDE,LONGITUDE,COUNTY,CITY,POINT_X,POINT_Y
94503081,2024,2024-12-13,9530,2024-12-06,2215,023688,NA,5,3,7,1942,0,1,S,NA,2,904,I-110 S/B (HARBOR FREEWAY),51ST STREET,640,N,N,A,-,Y,LA,NA,110,NA,NA,19.283,H,NA,L,Y,4,0,1,1,A,-,08,22107,NA,N,E,I,A,A,H,-,D,D,0,NA,NA,NA,NA,Y,NA,A,07,0,0,1,0,0,0,0,0,0,-,-,34.007789611816406,-118.28130340576172,LOS ANGELES,LOS ANGELES,-118.28110504150392,34.00778579711914
94503117,2024,2024-12-13,9580,2024-12-04,1939,021966,NA,3,2,7,1942,0,1,1,NA,2,404,I-405 N/B (SAN DIEGO FWY),SEPULVEDA BLVD,2955,S,N,A,-,Y,LA,NA,405,NA,NA,38.029,H,NA,R,N,4,0,2,3,A,-,03,22350,NA,N,C,C,A,A,H,-,D,D,0,NA,NA,NA,NA,Y,NA,A,01,0,0,2,0,0,0,0,0,0,-,-,34.140350341796875,-118.47106170654295,LOS ANGELES,LOS ANGELES,-118.47110748291016,34.14034652709961
94503125,2024,2024-12-13,9535,2024-12-03,1515,023420,NA,2,2,9,1900,0,3,5,NA,2,002,FAIRFIELD ST,HENDRICKS AVE,0,NA,Y,A,-,N,NA,NA,NA,NA,NA,NA,NA,NA,NA,N,4,0,1,2,A,-,09,21801,A,N,D,C,A,A,H,-,A,A,0,NA,NA,NA,NA,Y,NA,A,01,0,0,1,0,0,0,0,0,0,-,-,34.0122184753418,-118.14122009277344,LOS ANGELES,UNINCORPORATED,-118.14121246337892,34.0121955871582
94503151,2024,2024-12-13,9580,2024-11-27,1844,022717,NA,3,2,7,1942,0,1,1,NA,2,404,I-405 N/B (SAN DIEGO FWY),SEPULVEDA BLVD,430,S,N,A,-,Y,LA,NA,405,NA,NA,38.508,H,NA,R,N,4,0,2,3,A,-,03,22350,NA,N,C,C,A,A,H,-,C,D,0,NA,NA,NA,NA,Y,NA,A,01,0,0,2,0,0,0,0,0,0,-,-,34.14714813232422,-118.46993255615234,LOS ANGELES,LOS ANGELES,-118.4699249267578,34.14714813232422
94503154,2024,2024-12-13,9580,2024-11-28,1520,022717,NA,4,2,7,1942,0,1,1,NA,2,406,I-405 N/B (SAN DIEGO FWY),ROSCOE BLVD,1320,S,N,A,-,Y,LA,NA,405,NA,NA,43.51,H,NA,R,N,4,0,2,4,A,-,08,22107,NA,N,B,C,A,A,H,-,A,D,0,NA,NA,NA,NA,Y,NA,A,01,0,0,2,0,0,0,0,0,0,-,-,34.21757888793945,-118.4731216430664,LOS ANGELES,LOS ANGELES,-118.4731216430664,34.21757888793945
94503166,2024,2024-12-13,9580,2024-12-02,1545,022717,NA,1,2,7,1942,0,1,1,NA,2,407,I-405 S/B (SAN DIEGO FWY),PLUMMER ST,115,S,N,A,-,Y,LA,NA,405,NA,NA,45.22,H,NA,L,N,4,0,1,2,A,-,03,22350,NA,M,C,C,A,A,H,-,A,D,0,NA,NA,NA,NA,Y,NA,A,01,0,0,1,0,0,0,0,0,0,-,-,34.24238967895508,-118.47318267822266,LOS ANGELES,LOS ANGELES,-118.47311401367188,34.24238967895508
9450318,2022,2022-07-08,1942,2022-05-04,2030,43581,0205,3,5,7,1942,0,0,0,B,0,2A45W3,SUNSET BL,OCCIDENTAL BL,0,NA,Y,A,-,N,NA,NA,NA,NA,NA,NA,NA,NA,NA,Y,2,0,1,2,A,-,09,21801,A,N,B,C,A,A,H,-,C,D,0,NA,NA,Y,NA,Y,NA,A,01,1,0,0,0,0,0,0,0,1,-,-,NA,NA,LOS ANGELES,LOS ANGELES,-118.27207946777344,34.08203887939453
94503187,2024,2024-12-13,9540,2024-12-01,1814,023747,NA,7,2,6,1985,0,1,1,NA,2,500,I-5 N/B(GOLDEN STATE FREEWAY),ROXFORD ST,1584,S,N,A,-,Y,LA,NA,5,NA,NA,42.326,H,NA,R,Y,4,0,1,3,A,-,03,22350,NA,M,C,C,A,A,H,-,C,D,0,NA,NA,NA,NA,Y,NA,-,99,0,0,1,0,0,0,0,0,0,-,-,34.29964065551758,-118.47599792480467,LOS ANGELES,SANTA CLARITA,-118.47599029541016,34.299644470214844
94503193,2024,2024-12-13,9530,2024-12-07,1147,024076,NA,6,1,7,1942,0,1,1,NA,2,110,I-110 S/B (HARBOR FREEWAY),ROSECRANS AVE.,100,S,N,A,-,Y,LA,NA,110,NA,NA,11.868,H,NA,L,N,4,0,1,2,A,-,03,22350,NA,N,C,C,A,A,H,-,A,D,0,NA,NA,NA,NA,Y,NA,A,01,0,0,1,0,0,0,0,0,0,-,-,33.901588439941406,-118.28688049316406,LOS ANGELES,LOS ANGELES,-118.2867431640625,33.901588439941406
9450320,2021,2022-06-18,1942,2021-10-24,0120,42286,0636,7,5,7,1942,0,0,0,F,0,27T31W,VINE ST,HOLLYWOOD BL,184,S,N,A,-,N,NA,NA,NA,NA,NA,NA,NA,NA,NA,Y,4,0,2,2,A,-,01,23152,A,N,C,C,A,A,H,-,C,A,0,NA,NA,NA,NA,Y,Y,A,01,0,0,2,0,0,0,0,0,0,-,-,NA,NA,LOS ANGELES,LOS ANGELES,-118.32672119140624,34.101097106933594
94503204,2024,2024-12-13,9580,2024-12-05,1835,021966,NA,4,2,7,1942,0,1,1,NA,2,405,I-405 S/B (SAN DIEGO FWY),US-101 N/B (VENTURA FREEWAY),1675,N,N,A,-,Y,LA,NA,405,NA,NA,39.828,H,NA,L,Y,4,0,4,3,A,-,03,22350,NA,N,C,C,A,A,H,-,C,D,0,NA,NA,NA,NA,Y,NA,A,01,0,0,4,0,0,0,0,0,0,-,-,34.165828704833984,-118.46981811523438,LOS ANGELES,LOS ANGELES,-118.4697036743164,34.16581726074219
94503221,2024,2024-12-13,9580,2024-12-08,1725,022551,NA,7,2,3,1994,0,1,2,NA,2,109,US-101 S/B (VENTURA FREEWAY),PALO COMADO CANYON RD,950,N,N,A,-,Y,LA,NA,101,NA,NA,33.884,H,NA,L,Y,4,0,3,3,A,-,03,22350,NA,N,B,C,A,A,H,-,A,D,0,NA,NA,NA,NA,Y,NA,A,01,0,0,3,0,0,0,0,0,0,-,-,34.14305114746094,-118.7414093017578,LOS ANGELES,AGOURA HILLS,-118.7414093017578,34.14306640625
9450323,2022,2022-06-23,1900,2022-05-11,1250,646171,2812,3,5,5,1915,0,0,0,NA,0,282T1,CENTRAL AV,EL SEGUNDO BL,25,S,N,A,-,N,NA,NA,NA,NA,NA,NA,NA,NA,NA,Y,4,0,1,4,A,-,03,22350,NA,N,C,C,A,A,H,-,A,A,0,NA,NA,NA,Y,Y,NA,A,01,0,0,1,0,0,0,0,0,0,-,-,33.91619110107422,-118.25437927246094,LOS ANGELES,COMPTON,-118.2543716430664,33.916290283203125
9450324,2022,2022-06-23,1902,2022-05-12,0745,682,32,4,5,5,1902,0,0,0,NA,0,005,E LIVE OAK AV,6TH AV,0,NA,Y,A,-,N,NA,NA,NA,NA,NA,NA,NA,NA,NA,Y,4,0,1,2,A,-,12,21453,A,N,D,C,A,A,H,-,A,A,0,NA,NA,NA,NA,Y,NA,A,07,0,0,1,0,0,0,0,0,0,-,-,NA,NA,LOS ANGELES,ARCADIA,-118.01834869384766,34.10919952392578
9450325,2022,2022-10-03,1942,2022-05-10,1400,41316,1991,2,5,7,1942,0,0,0,NA,0,26TL25,ROSCOE BL,SEPULVEDA BL,75,E,N,A,-,N,NA,NA,NA,NA,NA,NA,NA,NA,NA,N,4,0,1,2,A,-,21,22106,NA,N,C,C,A,A,H,-,A,D,0,NA,NA,NA,NA,Y,NA,D,22,0,0,1,0,0,0,0,0,0,-,-,NA,NA,LOS ANGELES,LOS ANGELES,-118.46749114990234,34.221397399902344
9450330,2022,2022-06-22,1942,2022-05-06,1430,39395,0146,5,5,7,1942,0,0,0,A,0,24TL52,5TH ST,MAPLE AV,0,NA,Y,A,-,N,NA,NA,NA,NA,NA,NA,NA,NA,NA,N,3,0,1,2,A,-,08,22107,NA,N,B,C,A,A,H,-,A,D,0,NA,NA,NA,NA,Y,NA,A,01,0,1,0,0,0,0,0,0,0,-,-,NA,NA,LOS ANGELES,LOS ANGELES,-118.24652099609376,34.045379638671875
9450332,2022,2022-06-22,1900,2022-05-03,1445,645885,2811,2,5,5,1915,0,0,0,NA,0,283T1,ROSECRANS AV,PAULSEN AV,150,W,N,A,-,N,NA,NA,NA,NA,NA,NA,NA,NA,NA,N,3,0,3,2,A,-,03,22350,NA,N,C,C,A,A,H,-,A,D,0,NA,NA,NA,NA,Y,NA,J,48,0,3,0,0,0,0,0,0,0,-,-,33.90325927734375,-118.23674011230467,LOS ANGELES,COMPTON,-118.23672485351564,33.90337371826172
9450333,2022,2022-06-22,1942,2022-05-11,0445,43432,0333,3,5,7,1942,0,0,0,C,0,25T33W,CRENSHAW BL,JEFFERSON BL,0,NA,Y,A,-,N,NA,NA,NA,NA,NA,NA,NA,NA,NA,Y,4,0,1,2,A,-,03,22350,NA,N,D,C,A,A,H,-,C,A,0,NA,NA,NA,NA,Y,NA,A,07,0,0,1,0,0,0,0,0,0,-,-,NA,NA,LOS ANGELES,LOS ANGELES,-118.33510589599608,34.02558135986328
9450334,2022,2022-06-22,1942,2022-05-25,0720,38050,0111,3,5,7,1942,0,0,0,A,0,24TL2W,GRAND AV,CESAR E CHAVEZ AV,195,N,N,A,-,N,NA,NA,NA,NA,NA,NA,NA,NA,NA,N,4,0,1,2,A,-,08,22107,NA,N,B,E,A,A,H,-,A,D,0,NA,NA,NA,NA,Y,NA,I,20,0,0,1,0,0,0,0,0,0,-,-,NA,NA,LOS ANGELES,LOS ANGELES,-118.24341583251952,34.061004638671875
9450335,2022,2022-07-06,1900,2022-05-10,1025,519902,2112,2,5,5,1943,0,0,0,NA,0,212T4,ABBOTT RD,OTIS ST,0,NA,Y,A,-,N,NA,NA,NA,NA,NA,NA,NA,NA,NA,N,4,0,2,2,D,-,00,NA,NA,N,D,C,A,A,H,-,A,A,0,NA,NA,NA,NA,Y,NA,-,-,0,0,2,0,0,0,0,0,0,-,-,NA,NA,LOS ANGELES,LYNWOOD,-118.19853973388672,33.93539810180664
9450336,2022,2022-06-22,1900,2022-05-10,2054,519502,0533,2,5,5,1959,0,0,0,NA,0,53T1EM,SAN GABRIEL BL,NEWMARK AV,149,S,N,A,-,N,NA,NA,NA,NA,NA,NA,NA,NA,NA,Y,4,0,4,2,A,-,01,23153,A,N,C,C,A,A,H,-,C,D,0,NA,NA,NA,NA,Y,Y,A,01,0,0,4,0,0,0,0,0,0,-,-,34.05949020385742,-118.09046936035156,LOS ANGELES,ROSEMEAD,-118.09056854248048,34.05950164794922
94503371,2024,2024-12-13,9565,2024-12-03,1219,016074,NA,2,1,7,1942,0,1,1,NA,2,064,I-405 S/B (SAN DIEGO FWY),GETTY CENTER DR,1000,S,N,A,-,Y,LA,NA,405,NA,NA,34.135,H,NA,L,N,4,0,1,2,A,-,03,22350,NA,N,C,C,A,A,H,-,A,D,0,NA,NA,NA,NA,Y,NA,A,08,0,0,1,0,0,0,0,0,0,-,-,34.087371826171875,-118.47537994384766,LOS ANGELES,LOS ANGELES,-118.47528839111328,34.087379455566406
9450338,2022,2022-06-22,1942,2022-05-31,1535,39395,NA,2,5,7,1942,0,0,0,NA,0,24TL56,ALVARADO ST,8TH ST,0,NA,Y,A,-,N,NA,NA,NA,NA,NA,NA,NA,NA,NA,Y,4,0,1,2,A,-,09,21806,NA,N,D,C,A,A,H,-,A,A,0,NA,NA,NA,NA,Y,NA,D,22,0,0,1,0,0,0,0,0,0,-,-,NA,NA,LOS ANGELES,LOS ANGELES,-118.27783966064452,34.054893493652344
94503425,2024,2024-12-13,9550,2024-12-05,1840,024048,NA,4,2,3,1964,0,1,1,NA,2,501,I-5 NORTHBOUND (SANTA ANA FREEWAY),CARMENITA ROAD,1845,S,N,A,-,Y,LA,NA,5,NA,NA,2.078,H,NA,R,N,3,0,1,2,A,-,08,22107,NA,F,C,C,A,A,H,-,D,D,0,NA,NA,NA,NA,Y,NA,-,99,0,1,0,0,0,0,0,0,0,-,-,33.89099884033203,-118.04157257080078,LOS ANGELES,SANTA FE SPRINGS,-118.04156494140624,33.89101028442383
9450347,2022,2022-07-06,1909,2022-03-17,0047,601,NA,4,5,4,1909,0,0,0,NA,0,NA,FLORENCE AV,JABONERIA RD,29,W,N,A,-,N,NA,NA,NA,NA,NA,NA,NA,NA,NA,Y,4,0,1,2,A,-,00,38300,NA,N,A,E,A,A,H,-,C,A,0,NA,NA,NA,NA,Y,NA,A,01,0,0,1,0,0,0,0,0,0,-,-,NA,NA,LOS ANGELES,BELL GARDENS,-118.15787506103516,33.96708679199219
94503495,2024,2024-12-13,9565,2024-12-03,936,023735,NA,2,1,7,1942,0,1,1,NA,2,061,I-405 S/B,CENTINELA AVE,210,S,N,A,-,Y,LA,NA,405,NA,NA,25.225,H,NA,L,N,3,0,1,3,A,-,03,22350,NA,N,C,C,A,A,H,-,A,D,0,NA,NA,NA,NA,Y,NA,A,01,0,1,0,0,0,0,0,0,0,-,-,33.978939056396484,-118.39205932617188,LOS ANGELES,LOS ANGELES,-118.39205932617188,33.978939056396484
94503597,2024,2024-12-13,9550,2024-12-10,745,018854,NA,2,1,9,1900,0,1,1,NA,2,651,IINTERSTATE 605 SOUTHBOUND,PECK ROAD,2482,S,N,A,-,Y,LA,NA,605,NA,R,16.178,H,NA,L,N,4,0,1,5,A,-,03,22350,NA,N,C,C,A,A,H,-,A,D,0,NA,NA,NA,NA,Y,NA,A,01,0,0,1,0,0,0,0,0,0,-,-,34.02333068847656,-118.04425048828124,LOS ANGELES,UNINCORPORATED,-118.04428100585938,34.02336120605469
94503637,2024,2024-12-13,9590,2024-12-06,1100,023764,NA,5,1,7,1942,0,1,1,NA,2,050,I-110 NB (HARBOR FREEWAY),MANCHESTER AVENUE,1500,S,N,A,-,Y,LA,NA,110,NA,NA,15.668,H,NA,R,N,4,0,1,2,A,-,03,22350,NA,N,C,C,A,A,H,-,A,D,0,NA,NA,Y,NA,Y,NA,C,02,0,0,1,0,0,0,0,0,1,-,-,33.955379486083984,-118.28067016601564,LOS ANGELES,LOS ANGELES,-118.28070831298828,33.955379486083984
94503664,2024,2024-12-13,9545,2024-12-08,1750,023153,NA,7,2,9,1900,0,1,3,NA,2,021,SR-14 S/B,RANCHO VISTA BLVD,792,S,N,A,-,Y,LA,NA,14,NA,R,61.163,H,NA,L,N,4,0,1,2,A,-,07,21658,A,N,B,C,A,A,H,-,A,D,0,NA,NA,NA,Y,Y,NA,A,07,0,0,1,0,0,0,0,0,0,-,-,34.599361419677734,-118.13976287841795,LOS ANGELES,UNINCORPORATED,-118.13972473144533,34.599395751953125
94503693,2024,2024-12-13,9565,2024-12-03,1920,021951,NA,2,2,7,1942,0,1,1,NA,2,062,I-405 S/B,OLYMPIC BLVD.,460,S,N,A,-,Y,LA,NA,405,NA,NA,30.098,H,NA,L,Y,4,0,1,3,A,-,03,22350,NA,F,C,C,A,A,H,-,C,D,0,NA,NA,NA,NA,Y,NA,A,01,0,0,1,0,0,0,0,0,0,-,-,34.0377311706543,-118.43920135498048,LOS ANGELES,LOS ANGELES,-118.43917083740234,34.03773880004883
94503703,2024,2024-12-13,9525,2024-12-10,755,024046,NA,2,1,4,1905,0,1,1,NA,2,215,I-210 W/B (FOOTHILL FWY),CITRUS AVE,2376,E,N,A,-,Y,LA,NA,210,NA,R,41.062,H,NA,L,N,3,0,1,2,A,-,03,22350,NA,N,C,C,A,A,H,-,A,D,0,NA,NA,NA,NA,Y,NA,D,22,0,1,0,0,0,0,0,0,0,-,-,34.12099838256836,-117.88217163085938,LOS ANGELES,AZUSA,-117.88217163085938,34.12104415893555
94503780,2024,2024-12-13,9565,2024-12-03,935,023735,NA,2,1,9,1900,0,1,1,NA,2,061,I-405 S/B,CENTINELA AVENUE,160,S,N,A,-,Y,LA,NA,405,NA,NA,25.254,H,NA,L,N,3,0,1,4,A,-,03,22350,NA,N,C,C,A,A,H,-,A,D,0,NA,NA,NA,NA,Y,NA,-,-,0,1,0,0,0,0,0,0,0,-,-,33.97924041748047,-118.39238739013672,LOS ANGELES,UNINCORPORATED,-118.39241027832033,33.979225158691406
94503801,2024,2024-12-13,9590,2024-12-04,740,023764,NA,3,1,7,1942,0,1,2,NA,2,072,US-101 NB (HOLLYWOOD FREEWAY),GOWER STREET,450,S,N,A,-,Y,LA,NA,101,NA,NA,6.788,H,NA,R,N,4,0,1,3,A,-,07,21658,A,M,B,C,A,A,H,-,A,D,0,NA,NA,NA,Y,Y,NA,-,99,0,0,1,0,0,0,0,0,0,-,-,34.10416030883789,-118.32012176513672,LOS ANGELES,LOS ANGELES,-118.3201141357422,34.10417938232422
9450382,2022,2022-07-01,1942,2022-06-01,1525,40928,1621,3,5,7,1942,0,0,0,P,0,16X36,LAUREL CANYON BL,PAXTON ST,0,NA,Y,A,-,N,NA,NA,NA,NA,NA,NA,NA,NA,NA,Y,4,0,2,2,A,-,09,21806,A,N,D,C,A,A,H,-,A,A,0,NA,NA,NA,NA,Y,NA,A,07,0,0,2,0,0,0,0,0,0,-,-,NA,NA,LOS ANGELES,LOS ANGELES,-118.4384536743164,34.26473617553711
9450386,2022,2022-06-25,1925,2022-06-02,1440,21995,249,4,5,6,1925,0,0,0,NA,0,003,COLORADO ST,KENWOOD ST,140,NA,N,A,-,N,NA,NA,NA,NA,NA,NA,NA,NA,NA,Y,4,0,1,2,B,-,22,NA,NA,N,B,C,A,A,H,-,A,D,0,NA,NA,NA,NA,Y,NA,J,48,0,0,1,0,0,0,0,0,0,-,-,34.14263153076172,-118.2513427734375,LOS ANGELES,GLENDALE,-118.25131988525392,34.142608642578125
94503869,2024,2024-12-13,9525,2024-12-05,754,022770,NA,4,1,4,1905,0,1,1,NA,2,204,I-210 E/B (FOOTHILL FWY),VERNON AVENUE,1056,E,N,A,-,Y,LA,NA,210,NA,R,39.175,H,NA,R,Y,3,0,1,4,A,-,03,22350,NA,N,C,C,A,A,H,-,A,D,0,NA,NA,NA,NA,Y,NA,A,01,0,1,0,0,0,0,0,0,0,-,-,34.12385940551758,-117.91368865966795,LOS ANGELES,AZUSA,-117.9136962890625,34.12385940551758
9450387,2022,2022-07-01,1942,2022-06-11,0250,30083,0191,6,5,7,1942,0,0,0,A,0,24TL32,VENICE BL,FIGUEROA ST,36,E,N,A,-,N,NA,NA,NA,NA,NA,NA,NA,NA,NA,N,3,0,1,2,A,-,04,21703,A,N,C,C,A,A,H,-,D,D,0,NA,NA,NA,NA,Y,NA,J,48,0,1,0,0,0,0,0,0,0,-,-,NA,NA,LOS ANGELES,LOS ANGELES,-118.26994323730467,34.037471771240234
94503884,2024,2024-12-13,9525,2024-11-14,1425,021166,NA,4,2,4,1913,0,1,1,NA,2,210,SR-210 E/B (FOOTHILL FWY),MONTE VISTA AVE,987,W,N,A,-,Y,LA,NA,210,NA,R,51.521,H,NA,R,N,4,0,1,2,A,-,03,22350,NA,M,C,C,A,A,H,-,A,D,0,NA,NA,NA,NA,Y,NA,-,99,0,0,1,0,0,0,0,0,0,-,-,34.119869232177734,-117.70184326171876,LOS ANGELES,CLAREMONT,-117.70185089111328,34.11997985839844
94503889,2024,2024-12-13,9525,2024-12-01,2343,023899,NA,7,3,9,1900,0,1,3,NA,1,024,SR-39 (SAN GABRIEL CANYON RD.),SIERRA MADRE AVE,47731,S,N,A,-,Y,LA,NA,39,NA,NA,28.975,H,NA,R,Y,4,0,2,1,A,-,08,22107,NA,N,E,I,A,A,H,-,D,D,0,NA,NA,NA,NA,Y,NA,A,01,0,0,2,0,0,0,0,0,0,-,-,34.26264190673828,-117.85108184814452,LOS ANGELES,UNINCORPORATED,-117.85108947753906,34.26262283325195
9450389,2022,2022-07-01,1900,2022-06-07,1358,620906,2317,2,5,5,1919,0,0,0,NA,0,230G5,ARTESIA BL,BLOOMFIELD AV,0,NA,Y,A,-,N,NA,NA,NA,NA,NA,NA,NA,NA,NA,Y,3,0,2,2,A,-,09,21806,A,N,D,C,A,A,H,-,A,A,0,NA,NA,NA,NA,Y,NA,A,01,0,2,0,0,0,0,0,0,0,-,-,33.87321853637695,-118.06378173828124,LOS ANGELES,CERRITOS,-118.06394958496094,33.87306594848633
94503897,2024,2024-12-16,9590,2024-08-14,1229,021848,NA,3,1,7,1942,0,1,1,NA,2,500,INTERSTATE 110 NORTHBOUND (HARBOR FREEWAY) EXPRESS,SLAUSON AVENUE (SOUTH ROAD EDGE),66,N,N,A,-,Y,LA,NA,110,NA,NA,17.989,H,NA,R,N,1,1,0,2,A,-,11,21954,A,N,G,B,E,A,H,-,A,D,0,Y,NA,NA,NA,Y,NA,N,60,0,0,0,1,0,0,0,0,0,-,-,33.98915100097656,-118.2803192138672,LOS ANGELES,LOS ANGELES,-118.28040313720705,33.98915100097656
9450403,2022,2022-06-03,1900,2022-04-20,1440,472724,0642,3,5,6,1985,0,0,0,NA,0,64T1,COPPER HILL DR,SECO CANYON RD,330,E,N,A,-,N,NA,NA,NA,NA,NA,NA,NA,NA,NA,Y,3,0,2,3,A,-,09,21804,A,M,A,C,A,A,H,-,A,D,0,NA,NA,NA,NA,Y,NA,-,99,0,1,1,0,0,0,0,0,0,-,-,34.46015930175781,-118.53340911865234,LOS ANGELES,SANTA CLARITA,-118.53331756591795,34.460140228271484
9450404,2022,2022-06-03,1900,2022-04-21,1438,476466,0612,4,5,6,1985,0,0,0,NA,0,61T1,SOLEDAD CANYON RD,WHITES CANYON RD,0,W,N,A,-,N,NA,NA,NA,NA,NA,NA,NA,NA,NA,Y,4,0,1,3,D,-,00,NA,NA,M,C,C,A,A,H,-,A,A,0,NA,NA,NA,NA,Y,NA,-,-,0,0,1,0,0,0,0,0,0,-,-,NA,NA,LOS ANGELES,SANTA CLARITA,-118.47216796875,34.41572189331055
94504047,2024,2024-12-16,9535,2024-12-04,2010,022812,NA,3,2,9,1900,0,3,5,NA,2,001,RAMONA BLVD,EASTERN AVE,0,NA,Y,A,-,N,NA,NA,NA,NA,NA,NA,NA,NA,NA,N,4,0,2,2,A,-,08,22107,NA,N,D,C,A,A,H,-,C,A,0,NA,NA,NA,NA,Y,NA,A,01,0,0,2,0,0,0,0,0,0,-,-,34.059669494628906,-118.17298889160156,LOS ANGELES,UNINCORPORATED,-118.17285919189452,34.059574127197266
9450405,2022,2022-06-03,1900,2022-04-21,1205,472724,0642,4,5,6,1985,0,0,0,NA,0,64T1,NEWHALL RANCH RD,MCBEAN PKWY,23,E,N,A,-,N,NA,NA,NA,NA,NA,NA,NA,NA,NA,Y,4,0,1,2,A,-,08,22107,NA,N,C,C,A,A,H,-,A,D,0,NA,NA,NA,NA,Y,NA,A,07,0,0,1,0,0,0,0,0,0,-,-,34.43109130859375,-118.55735778808594,LOS ANGELES,SANTA CLARITA,-118.55767822265624,34.431304931640625
94504057,2024,2024-12-16,9535,2024-09-22,1032,023372,NA,7,1,1,1973,0,1,1,NA,2,072,I-710 (LONG BEACH FREEWAY) N/B,ATLANTIC BLVD.,800,S,N,A,-,Y,LA,NA,710,NA,NA,21.766,H,NA,R,Y,4,0,1,2,A,-,07,21658,A,N,B,C,A,A,H,-,A,D,0,NA,NA,NA,NA,Y,NA,A,07,0,0,1,0,0,0,0,0,0,-,-,33.99549865722656,-118.17677307128906,LOS ANGELES,VERNON,-118.17681884765624,33.9954948425293
9450406,2022,2022-06-03,1900,2022-04-20,1842,476466,0617,3,5,6,1985,0,0,0,NA,0,61T1,LOST CANYON RD,CANYON PARK BL,0,NA,Y,A,-,N,NA,NA,NA,NA,NA,NA,NA,NA,NA,Y,2,0,3,2,A,-,08,22107,NA,N,D,C,A,A,H,-,A,D,0,NA,NA,NA,NA,Y,NA,A,08,1,1,1,0,0,0,0,0,0,-,-,34.40607833862305,-118.44692993164064,LOS ANGELES,SANTA CLARITA,-118.44696807861328,34.40610122680664
94504065,2024,2024-12-16,9535,2024-12-05,1530,022269,NA,4,2,5,1906,0,1,1,NA,2,651,I-605 S/B (SAN GABRIEL RIVER FWY),I-10,2000,S,N,A,-,Y,LA,NA,605,NA,R,19.848,H,NA,L,N,3,0,1,2,A,-,03,22350,NA,N,C,C,A,A,H,-,A,D,0,NA,NA,NA,NA,Y,NA,A,01,0,1,0,0,0,0,0,0,0,-,-,34.060218811035156,-118.00131225585938,LOS ANGELES,BALDWIN PARK,-118.00140380859376,34.06024169921875
9450407,2022,2022-06-03,1900,2022-04-27,2300,642948,0986,3,5,4,1979,0,0,0,NA,0,93T4,SUNSET BL,N LA CIENEGA BL,21,NA,N,A,-,N,NA,NA,NA,NA,NA,NA,NA,NA,NA,Y,2,0,2,2,A,-,09,21801,A,N,A,C,A,A,H,-,C,A,0,NA,NA,NA,NA,Y,NA,A,01,1,1,0,0,0,0,0,0,0,-,-,34.0943603515625,-118.37638092041016,LOS ANGELES,WEST HOLLYWOOD,-118.37638092041016,34.0943489074707
9450408,2022,2022-06-03,1900,2022-04-20,1520,633798,0972,3,5,4,1979,0,0,0,NA,0,93O,BEVERLY BL,WETHERLY DR,0,NA,Y,A,-,N,NA,NA,NA,NA,NA,NA,NA,NA,NA,N,3,0,2,3,A,-,03,22350,NA,N,C,C,A,A,H,-,A,A,0,NA,NA,NA,NA,Y,NA,A,01,0,2,0,0,0,0,0,0,0,-,-,NA,NA,LOS ANGELES,WEST HOLLYWOOD,-118.38874053955078,34.077186584472656
9450409,2022,2022-06-03,1900,2022-04-11,1655,636542,0975,1,5,4,1979,0,0,0,NA,0,093,FAIRFAX AV,ROMAINE ST,0,NA,Y,A,-,N,NA,NA,NA,NA,NA,NA,NA,NA,NA,Y,3,0,4,3,A,-,03,22350,NA,N,A,D,A,A,H,-,A,D,0,NA,NA,NA,NA,Y,NA,A,01,0,1,3,0,0,0,0,0,0,-,-,34.08869934082031,-118.36139678955078,LOS ANGELES,WEST HOLLYWOOD,-118.3615493774414,34.08877944946289