CASE_ID,ACCIDENT_YEAR,PROC_DATE,JURIS,COLLISION_DATE,COLLISION_TIME,OFFICER_ID,REPORTING_DISTRICT,DAY_OF_WEEK,CHP_SHIFT,POPULATION,CNTY_CITY_LOC,SPECIAL_COND,BEAT_TYPE,CHP_BEAT_TYPE,CITY_DIVISION_LAPD,CHP_BEAT_CLASS,BEAT_NUMBER,PRIMARY_RD,SECONDARY_RD,DISTANCE,DIRECTION,INTERSECTION,WEATHER_1,WEATHER_2,STATE_HWY_IND,CALTRANS_COUNTY,CALTRANS_DISTRICT,STATE_ROUTE,ROUTE_SUFFIX,POSTMILE_PREFIX,POSTMILE,LOCATION_TYPE,RAMP_INTERSECTION,SIDE_OF_HWY,TOW_AWAY,COLLISION_SEVERITY,NUMBER_KILLED,NUMBER_INJURED,PARTY_COUNT,PRIMARY_COLL_FACTOR,PCF_CODE_OF_VIOL,PCF_VIOL_CATEGORY,PCF_VIOLATION,PCF_VIOL_SUBSECTION,HIT_AND_RUN,TYPE_OF_COLLISION,MVIW,PED_ACTION,ROAD_SURFACE,ROAD_COND_1,ROAD_COND_2,LIGHTING,CONTROL_DEVICE,CHP_ROAD_TYPE,PEDESTRIAN_ACCIDENT,BICYCLE_ACCIDENT,MOTORCYCLE_ACCIDENT,TRUCK_ACCIDENT,NOT_PRIVATE_PROPERTY,ALCOHOL_INVOLVED,STWD_VEHTYPE_AT_FAULT,CHP_VEHTYPE_AT_FAULT,COUNT_SEVERE_INJ,COUNT_VISIBLE_INJ,COUNT_COMPLAINT_PAIN,COUNT_PED_KILLED,COUNT_PED_INJURED,COUNT_BICYCLIST_KILLED,COUNT_BICYCLIST_INJURED,COUNT_MC_KILLED,COUNT_MC_INJURED,PRIMARY_RAMP,SECONDARY_RAMP,LATITUDE,LONGITUDE,COUNTY,CITY,POINT_X,POINT_Y
94507404,2024,2024-12-17,9530,2024-12-09,1600,023862,NA,1,2,9,1900,0,3,5,NA,2,006,WEST LOMITA BOULEVARD (700 BLOCK),VERMONT AVE.,1000,E,N,A,-,N,NA,NA,NA,NA,NA,NA,NA,NA,NA,N,2,0,2,1,A,-,08,22107,NA,N,E,I,A,A,H,-,B,A,0,NA,NA,NA,NA,Y,NA,A,07,1,1,0,0,0,0,0,0,0,-,-,33.79785919189453,-118.28729248046876,LOS ANGELES,UNINCORPORATED,-118.28759765625,33.797821044921875
94507406,2024,2024-12-17,9575,2024-12-09,1842,022336,NA,1,2,6,1953,0,1,1,NA,2,064,I-210 E/B (FOOTHILL FREEWAY),SIERRA BONITA AVE.,335,E,N,A,-,Y,LA,NA,210,NA,R,27.258,H,NA,R,Y,4,0,1,2,A,-,03,22350,NA,N,C,C,A,A,H,-,D,D,0,NA,NA,NA,NA,Y,NA,D,22,0,0,1,0,0,0,0,0,0,-,-,34.15216064453125,-118.11612701416016,LOS ANGELES,PASADENA,-118.11613464355467,34.15224075317383
94507470,2024,2024-12-17,9530,2024-12-11,1030,024013,NA,3,1,9,1900,0,3,5,NA,2,006,NORMANDIE AVE.,SEPULVEDA BLVD.,0,NA,Y,A,-,N,NA,NA,NA,NA,NA,NA,NA,NA,NA,N,3,0,1,2,A,-,09,21801,A,N,D,C,A,A,H,-,A,A,0,NA,NA,NA,NA,Y,NA,A,01,0,1,0,0,0,0,0,0,0,-,-,33.81317901611328,-118.29830169677734,LOS ANGELES,UNINCORPORATED,-118.29820251464844,33.813026428222656
94507482,2024,2024-12-17,9575,2024-12-09,1440,023029,NA,1,2,9,1900,0,2,4,NA,2,013,PENNSYLVANIA AVENUE,ALTURA AVENUE,0,NA,Y,A,-,N,NA,NA,NA,NA,NA,NA,NA,NA,NA,Y,4,0,1,2,A,-,12,21453,A,N,D,C,A,A,H,-,A,A,0,NA,NA,NA,NA,Y,NA,-,-,0,0,1,0,0,0,0,0,0,-,-,34.22494888305664,-118.24862670898438,LOS ANGELES,UNINCORPORATED,-118.24870300292967,34.22500228881836
94507496,2024,2024-12-17,9550,2024-05-19,235,023064,NA,7,3,3,1964,0,1,1,NA,2,650,INTERSTATE 605 NORTHBOUND,TELEGRAPH ROAD,795,S,N,B,-,Y,LA,NA,605,NA,R,10.119,H,NA,R,Y,1,1,0,1,A,-,08,22107,NA,N,E,I,A,A,H,-,C,D,0,NA,NA,NA,NA,Y,NA,A,01,0,0,0,0,0,0,0,0,0,-,-,33.94779968261719,-118.09284210205078,LOS ANGELES,SANTA FE SPRINGS,-118.09291076660156,33.94783020019531
94507498,2024,2024-12-17,9530,2024-12-11,1600,022438,NA,3,2,7,1941,0,1,1,NA,2,430,I-405 N/B (SAN DIEGO FREEWAY),REDONDO AVE.,1225,S,N,A,-,Y,LA,NA,405,NA,NA,3.595,H,NA,R,N,4,0,1,3,A,-,03,22350,NA,N,C,C,A,A,H,-,A,D,0,NA,NA,NA,NA,Y,NA,A,01,0,0,1,0,0,0,0,0,0,-,-,33.80665969848633,-118.1472625732422,LOS ANGELES,LONG BEACH,-118.14727020263672,33.80661392211914
94507508,2024,2024-12-17,9530,2024-12-16,1705,022454,NA,1,2,7,1941,0,1,1,NA,2,071,I-710 S/B (LONG BEACH FREEWAY),208TH ST.,215,N,N,A,-,Y,NA,NA,NA,NA,NA,NA,NA,NA,NA,Y,4,0,1,2,A,-,03,22350,NA,N,C,C,A,A,H,-,B,D,0,NA,NA,NA,NA,Y,NA,A,01,0,0,1,0,0,0,0,0,0,-,-,33.84019088745117,-118.28730010986328,LOS ANGELES,LONG BEACH,-118.20728302001952,33.8400764465332
94507542,2024,2024-12-17,9530,2024-12-11,850,024013,NA,3,1,9,1900,0,3,5,NA,2,006,DEL AMO BLVD. (700 BLOCK),VERMONT AVE.,370,E,N,A,-,N,NA,NA,NA,NA,NA,NA,NA,NA,NA,Y,4,0,1,2,A,-,08,22107,NA,N,C,E,A,A,H,-,A,D,0,NA,NA,NA,Y,Y,NA,A,01,0,0,1,0,0,0,0,0,0,-,-,33.84627151489258,-118.2890167236328,LOS ANGELES,UNINCORPORATED,-118.28917694091795,33.84626007080078
94507558,2024,2024-12-17,9525,2024-12-16,855,024088,NA,1,1,6,1955,0,1,3,NA,2,572,SR-57 N/B (ORANGE FWY),TEMPLE AVE.,315,S,N,A,-,Y,NA,NA,NA,NA,NA,NA,NA,NA,NA,Y,3,0,1,1,A,-,03,22350,NA,N,F,0,A,A,H,-,A,D,0,NA,NA,Y,NA,Y,NA,C,02,0,1,0,0,0,0,0,0,1,-,-,34.041629791259766,-117.80030822753906,LOS ANGELES,POMONA,-117.80103302001952,34.042667388916016
94507576,2024,2024-12-17,9530,2024-12-12,605,024013,NA,4,1,9,1900,0,1,1,NA,2,110,I-110 S/B TO I-405,190TH STREET,20,N,N,A,-,Y,LA,NA,110,NA,NA,9.082,H,NA,L,Y,4,0,1,3,A,-,07,21658,A,M,B,C,A,A,H,-,B,D,0,NA,NA,NA,Y,Y,NA,A,07,0,0,1,0,0,0,0,0,0,-,-,33.86125946044922,-118.28540802001952,LOS ANGELES,UNINCORPORATED,-118.2851791381836,33.86128234863281
94507583,2024,2024-12-17,9575,2024-12-09,1735,022469,NA,1,2,7,1942,0,1,3,NA,2,041,SR-134 W/B (VENTURA FREEWAY),FIGUEROA ST,530,W,N,A,-,Y,LA,NA,134,NA,R,11.349,H,NA,L,Y,3,0,2,2,A,-,08,22107,NA,N,D,C,A,A,H,-,C,D,0,NA,NA,NA,NA,Y,NA,D,22,0,1,1,0,0,0,0,0,0,-,-,34.14371871948242,-118.18720245361328,LOS ANGELES,LOS ANGELES,-118.18720245361328,34.14372253417969
94507595,2024,2024-12-17,9530,2024-12-13,1620,023938,NA,5,2,9,1900,0,3,5,NA,2,001,FLORENCE AVE,ROSEBERRY AVE,0,NA,Y,A,-,N,NA,NA,NA,NA,NA,NA,NA,NA,NA,Y,4,0,1,2,A,-,09,21801,A,N,D,C,A,A,H,-,A,A,0,NA,NA,NA,NA,Y,NA,A,01,0,0,1,0,0,0,0,0,0,-,-,33.97468185424805,-118.23255157470705,LOS ANGELES,UNINCORPORATED,-118.23255157470705,33.9747314453125
94507617,2024,2024-12-17,9530,2024-12-13,2135,023399,NA,5,2,9,1900,0,3,5,NA,2,001,FLORENCE AVE.,SANTA FE AVE.,0,NA,Y,A,-,N,NA,NA,NA,NA,NA,NA,NA,NA,NA,N,4,0,2,2,A,-,12,21453,A,N,D,C,A,A,H,-,C,A,0,NA,NA,NA,NA,Y,NA,-,-,0,0,2,0,0,0,0,0,0,-,-,33.97468948364258,-118.23033905029295,LOS ANGELES,UNINCORPORATED,-118.23029327392578,33.9747314453125
94507620,2024,2024-12-17,9530,2024-12-17,1230,021089,NA,2,1,9,1900,0,3,5,NA,2,005,CRENSHAW BLVD. SOUTH (15000 BLOCK),154TH ST.,20,N,N,A,-,N,NA,NA,NA,NA,NA,NA,NA,NA,NA,N,4,0,1,2,A,-,03,22350,NA,N,C,C,A,A,H,-,A,A,0,NA,NA,NA,NA,Y,NA,D,22,0,0,1,0,0,0,0,0,0,-,-,33.891170501708984,-118.32660675048828,LOS ANGELES,UNINCORPORATED,-118.3265380859375,33.891075134277344
9450765,2022,2022-06-16,1942,2022-05-24,1416,42926,0157,2,5,7,1942,0,0,0,A,0,24TL56,TOWNE AV,5TH ST,400,S,N,A,-,N,NA,NA,NA,NA,NA,NA,NA,NA,NA,Y,4,0,1,4,A,-,21,22106,NA,N,B,C,A,A,H,-,A,D,0,NA,NA,NA,NA,Y,Y,A,01,0,0,1,0,0,0,0,0,0,-,-,NA,NA,LOS ANGELES,LOS ANGELES,-118.24275970458984,34.042152404785156
94507653,2024,2024-12-17,9530,2024-12-17,616,018745,NA,2,1,6,1972,0,1,1,NA,2,400,I-405 N/B (SAN DIEGO FREEWAY),VAN NESS AVE.,792,S,N,A,-,Y,LA,NA,405,NA,NA,14.779,H,NA,R,Y,4,0,1,2,A,-,03,22350,NA,N,C,C,A,A,H,-,C,D,0,NA,NA,NA,NA,Y,NA,A,01,0,0,1,0,0,0,0,0,0,-,-,33.861228942871094,-118.3153076171875,LOS ANGELES,TORRANCE,-118.31526947021484,33.861324310302734
94507673,2024,2024-12-17,9590,2024-12-06,1200,018345,NA,5,1,7,1942,0,1,1,NA,2,061,I-10 WESTBOUND (SANTA MONICA FREEWAY) COLLECTOR RD,GRAMERCY PL.,370,W,N,A,-,Y,LA,NA,10,NA,R,12.496,H,NA,L,N,4,0,1,3,A,-,03,22350,NA,N,C,C,A,A,H,-,A,D,0,NA,NA,NA,Y,Y,NA,F,26,0,0,1,0,0,0,0,0,0,-,-,34.03730010986328,-118.31466674804688,LOS ANGELES,LOS ANGELES,-118.3146514892578,34.0371208190918
94507687,2024,2024-12-17,9530,2024-12-17,1210,018745,NA,2,1,4,1939,0,1,1,NA,2,400,I-405 N/B (SAN DIEGO FREEWAY),166TH ST.,100,N,N,A,-,Y,LA,NA,405,NA,NA,17.179,H,NA,R,N,4,0,1,2,A,-,03,22350,NA,N,C,C,A,A,H,-,A,D,0,NA,NA,NA,NA,Y,NA,A,01,0,0,1,0,0,0,0,0,0,-,-,33.88037109375,-118.34751129150392,LOS ANGELES,LAWNDALE,-118.34745025634766,33.880401611328125
94507698,2024,2024-12-17,9590,2024-12-05,2305,021122,NA,4,3,7,1942,0,1,2,NA,2,072,US-101 N/B (HOLLYWOOD FREEWAY) (HOF),NORTH ROAD EDGE OF SUNSET BOULEVARD,50,S,N,A,-,Y,LA,NA,101,NA,NA,6.243,H,NA,R,Y,3,0,1,2,A,-,03,22350,NA,N,C,C,A,A,H,-,C,D,0,NA,NA,NA,NA,Y,NA,A,01,0,1,0,0,0,0,0,0,0,-,-,34.09806823730469,-118.31434631347656,LOS ANGELES,LOS ANGELES,-118.31437683105467,34.09805679321289
94507704,2024,2024-12-17,9550,2024-12-07,1235,023895,NA,6,1,4,1974,0,1,3,NA,2,602,SR-60 E/B,FAIRWAY DRIVE,600,W,N,A,-,Y,LA,NA,60,NA,R,21.109,H,NA,R,N,4,0,2,3,A,-,03,22350,NA,N,C,C,A,A,H,-,A,D,0,NA,NA,NA,NA,Y,NA,D,22,0,0,2,0,0,0,0,0,0,-,-,33.9952507019043,-117.87689208984376,LOS ANGELES,WALNUT,-117.87687683105467,33.99519729614258
94507707,2024,2024-12-17,9530,2024-12-17,755,018745,NA,2,1,9,1900,0,3,5,NA,2,005,YUKON AVE. (15400 BLOCK),154TH ST.,15,S,N,A,-,N,NA,NA,NA,NA,NA,NA,NA,NA,NA,Y,4,0,1,2,A,-,09,21801,A,N,A,C,A,A,H,-,A,D,0,NA,NA,NA,NA,Y,NA,A,01,0,0,1,0,0,0,0,0,0,-,-,33.89091873168945,-118.33577728271484,LOS ANGELES,UNINCORPORATED,-118.33579254150392,33.890968322753906
9450771,2022,2022-06-16,1942,2022-05-21,1915,41144,1361,6,5,7,1942,0,0,0,M,0,0W5,W 47TH ST,MAIN ST,350,W,N,A,-,N,NA,NA,NA,NA,NA,NA,NA,NA,NA,Y,3,0,1,2,A,-,08,22107,NA,F,D,E,A,A,H,-,B,D,0,NA,NA,NA,NA,Y,NA,-,99,0,1,0,0,0,0,0,0,0,-,-,NA,NA,LOS ANGELES,LOS ANGELES,-118.27513122558594,34.00103759765625
94507717,2024,2024-12-17,9530,2024-12-16,955,024013,NA,1,1,9,1900,0,1,1,NA,2,210,I-105 E/B (GLENN ANDERSON FWY),WILMINGTON AVE.,500,E,N,A,-,Y,LA,NA,105,NA,R,9.895,H,NA,R,Y,4,0,1,3,A,-,03,22350,NA,N,C,C,A,A,H,-,A,D,0,NA,NA,NA,NA,Y,NA,A,01,0,0,1,0,0,0,0,0,0,-,-,33.928070068359375,-118.23731994628906,LOS ANGELES,UNINCORPORATED,-118.23731994628906,33.92805099487305
9450772,2022,2022-08-24,1942,2022-05-23,1850,37143,0265,1,5,7,1942,0,0,0,B,0,24MQ57,8TH ST,WESTLAKE AV,40,E,N,A,-,N,NA,NA,NA,NA,NA,NA,NA,NA,NA,N,2,0,1,2,A,-,05,21460,A,F,B,G,A,A,H,-,-,D,0,NA,Y,NA,NA,Y,NA,A,07,1,0,0,0,0,0,1,0,0,-,-,NA,NA,LOS ANGELES,LOS ANGELES,-118.27655029296876,34.0543098449707
94507728,2024,2024-12-17,9590,2024-12-05,1625,018538,NA,4,2,7,1942,0,1,1,NA,2,051,I-110 S/B (HARBOR FWY.),43RD STREET,550,N,N,A,-,Y,LA,NA,110,NA,NA,19.245,H,NA,L,N,3,0,1,3,A,-,03,22350,NA,N,B,C,A,A,H,-,B,D,0,NA,NA,Y,NA,Y,NA,C,02,0,1,0,0,0,0,0,0,1,-,-,34.00722122192383,-118.28121948242188,LOS ANGELES,LOS ANGELES,-118.28111267089844,34.00722122192383
9450773,2022,2022-06-16,1942,2022-05-24,1815,21713,0166,2,5,7,1942,0,0,0,A,0,24TL52,SAN PEDRO,6TH,40,S,N,A,-,N,NA,NA,NA,NA,NA,NA,NA,NA,NA,Y,3,0,1,2,A,-,03,22350,NA,F,C,C,A,A,H,-,A,D,0,NA,NA,NA,NA,Y,Y,A,07,0,1,0,0,0,0,0,0,0,-,-,NA,NA,LOS ANGELES,LOS ANGELES,-118.2453384399414,34.04216384887695
9450774,2022,2022-06-16,1942,2022-05-25,1855,39062,1351,3,5,7,1942,0,0,0,M,0,24T31,VERNON AV,GRAND AV,0,NA,Y,A,-,N,NA,NA,NA,NA,NA,NA,NA,NA,NA,N,3,0,1,2,A,-,09,21804,B,F,H,G,A,A,H,-,A,A,0,NA,Y,NA,NA,Y,NA,-,99,0,1,0,0,0,0,1,0,0,-,-,NA,NA,LOS ANGELES,LOS ANGELES,-118.280517578125,34.0037727355957
9450775,2022,2022-06-16,1942,2022-05-25,2035,36698,1352,3,5,7,1942,0,0,0,M,0,24T34W,VERNON AV,MAIN ST,100,E,N,A,-,N,NA,NA,NA,NA,NA,NA,NA,NA,NA,Y,4,0,2,3,A,-,03,22350,NA,F,C,C,A,A,H,-,C,D,0,NA,NA,NA,NA,Y,NA,A,01,0,0,2,0,0,0,0,0,0,-,-,NA,NA,LOS ANGELES,LOS ANGELES,-118.27400970458984,34.00382995605469
94507754,2024,2024-12-17,9590,2024-12-05,1528,022444,NA,4,2,7,1942,0,1,1,NA,2,064,I-10 E/B (SANTA MONICA FREEWAY),SANTA FE AVENUE,1340,E,N,A,-,Y,LA,NA,10,NA,NA,17.962,H,NA,R,N,4,0,1,2,A,-,07,21658,A,N,B,C,A,A,H,-,A,D,0,NA,NA,NA,NA,Y,NA,-,-,0,0,1,0,0,0,0,0,0,-,-,34.02909851074219,-118.22569274902344,LOS ANGELES,LOS ANGELES,-118.22572326660156,34.02920913696289
9450776,2022,2022-06-28,1976,2022-05-15,0546,556,NA,7,5,5,1976,0,0,0,NA,0,002,WHITTIER BL,PENN ST,0,NA,Y,A,-,Y,LA,7,72,-,-,4.856,I,5,N,Y,4,0,3,2,A,-,09,21801,A,N,D,C,A,A,H,-,B,D,0,NA,NA,NA,NA,Y,NA,A,07,0,0,3,0,0,0,0,0,0,-,-,NA,NA,LOS ANGELES,WHITTIER,-118.0468292236328,33.97544860839844
9450777,2022,2022-06-16,1976,2022-05-10,1425,424,1976,2,5,5,1976,0,0,0,NA,0,002,SANTA FE SPRINGS RD,PUTNAM ST,0,NA,Y,A,-,N,NA,NA,NA,NA,NA,NA,NA,NA,NA,Y,3,0,2,2,A,-,09,21802,A,N,D,C,A,A,H,-,A,A,0,NA,NA,NA,NA,Y,NA,A,01,0,2,0,0,0,0,0,0,0,-,-,NA,NA,LOS ANGELES,WHITTIER,-118.04329681396484,33.96635055541992
94507777,2024,2024-12-17,9530,2024-12-15,625,023456,NA,7,1,7,1941,0,1,1,NA,2,071,I-710 S/B TO SR-91 E/B,SR-91,2067,N,N,A,-,Y,LA,NA,710,NA,NA,13.388,H,NA,L,Y,3,0,2,2,A,-,01,23152,A,N,C,2,A,A,H,-,D,D,0,NA,NA,NA,NA,Y,Y,A,01,0,1,1,0,0,0,0,0,0,-,-,33.88145065307617,-118.19196319580078,LOS ANGELES,LONG BEACH,-118.19182586669922,33.88142395019531
94507780,2024,2024-12-17,9575,2024-12-09,1100,024142,NA,1,1,7,1942,0,1,3,NA,2,070,SR-118 E/B (RONALD REAGAN FREEWAY),HERRICK AVE.,1000,W,N,A,-,Y,LA,NA,118,NA,R,12.789,H,NA,R,N,4,0,1,2,A,-,03,22350,NA,N,C,C,A,A,H,-,A,D,0,NA,NA,NA,Y,Y,NA,G,25,0,0,1,0,0,0,0,0,0,-,-,34.27616882324219,-118.42381286621094,LOS ANGELES,LOS ANGELES,-118.4238510131836,34.276206970214844
94507787,2024,2024-12-17,9575,2024-12-10,925,024142,NA,2,1,7,1942,0,1,1,NA,2,052,I-5 S/B (GOLDEN STATE FREEWAY),HOLLYWOOD WAY,550,N,N,A,-,Y,LA,NA,5,NA,NA,32.479,H,NA,L,N,4,0,2,2,A,-,03,22350,NA,N,C,C,A,A,H,-,A,D,0,NA,NA,NA,NA,Y,NA,A,01,0,0,2,0,0,0,0,0,0,-,-,34.213218688964844,-118.35001373291016,LOS ANGELES,LOS ANGELES,-118.34996032714844,34.21326446533203
94507789,2023,2024-12-17,9535,2023-12-26,13,022812,NA,2,3,9,1900,0,2,4,NA,2,022,OLYMPIC BOULEVARD (5000 BLOCK),VANCOUVER AVENUE,28,W,N,A,-,N,NA,NA,NA,NA,NA,NA,NA,NA,NA,Y,1,1,3,7,A,-,01,23153,F,N,B,C,A,A,H,-,C,A,0,NA,NA,NA,NA,Y,NA,A,01,0,1,2,0,0,0,0,0,0,-,-,34.016788482666016,-118.16116333007813,LOS ANGELES,UNINCORPORATED,-118.16110229492188,34.01683807373047
94507792,2024,2024-12-17,9530,2024-11-09,1424,023456,NA,6,2,7,1941,0,1,1,NA,2,073,INTERSTATE 710 NORTHBOUND (INTERNATIONAL GATEWAY B,PIER S STREET,200,N,N,A,-,Y,LA,NA,710,NA,R,4.006,H,NA,R,Y,1,1,1,2,A,-,03,22350,NA,N,C,C,A,A,H,-,A,A,0,NA,NA,NA,NA,Y,NA,A,07,0,0,1,0,0,0,0,0,0,-,-,33.76171112060547,-118.2294464111328,LOS ANGELES,LONG BEACH,-118.22943115234376,33.76167297363281
94507812,2024,2024-12-17,9550,2024-12-07,2100,022600,NA,6,2,9,1900,0,2,4,NA,1,052,COLIMA ROAD,DESIRE AVENUE,100,E,N,A,-,N,NA,NA,NA,NA,NA,NA,NA,NA,NA,N,3,0,2,2,A,-,03,22350,NA,N,C,C,A,A,H,-,C,D,0,NA,NA,NA,NA,Y,NA,A,07,0,2,0,0,0,0,0,0,0,-,-,33.98788833618164,-117.89682006835938,LOS ANGELES,UNINCORPORATED,-117.89614868164064,33.98783493041992
94507814,2024,2024-12-17,9575,2024-12-10,1804,021538,NA,2,2,6,1912,0,1,3,NA,2,044,SR-134 E/B (VENTURA FREEWAY),BUENA VISTA ST.,350,E,N,A,-,Y,LA,NA,134,NA,NA,3.02,H,NA,R,Y,4,0,3,2,A,-,03,22350,NA,N,C,C,A,A,H,-,C,D,0,NA,NA,NA,NA,Y,NA,D,22,0,0,3,0,0,0,0,0,0,-,-,34.153839111328125,-118.32469177246094,LOS ANGELES,BURBANK,-118.32469940185548,34.15387725830078
94507822,2024,2024-12-17,9550,2024-12-08,345,022600,NA,7,3,1,1932,0,1,3,NA,2,600,STATE ROUTE 60 WESTBOUND,CROSSROADS PARKWAY,50,S,N,A,-,Y,LA,NA,60,NA,NA,12.612,H,NA,L,Y,4,0,1,1,A,-,08,22107,NA,N,E,8,A,A,H,-,C,D,0,NA,NA,NA,NA,Y,NA,A,01,0,0,1,0,0,0,0,0,0,-,-,34.02936935424805,-118.01283264160156,LOS ANGELES,INDUSTRY,-118.01283264160156,34.02919387817383
94507827,2024,2024-12-17,9575,2024-12-10,1900,022469,NA,2,2,6,1953,0,1,1,NA,2,064,I-210 W/B (FOOTHILL FREEWAY),EL MOLINO AVE,92,W,N,A,-,Y,LA,NA,210,NA,R,26.041,H,NA,L,Y,4,0,1,2,A,-,07,21658,A,M,B,C,A,A,H,-,C,D,0,NA,NA,NA,NA,Y,NA,-,99,0,0,1,0,0,0,0,0,0,-,-,34.15201950073242,-118.13738250732422,LOS ANGELES,PASADENA,-118.13738250732422,34.1519889831543
94508101,2024,2024-12-18,9525,2024-12-06,1435,023630,NA,5,2,4,1905,0,1,1,NA,2,203,I-210 W/B (FOOTHILL FWY),IRWINDALE AVENUE,2640,E,N,A,-,Y,LA,NA,210,NA,R,38.374,H,NA,L,Y,4,0,1,4,A,-,07,21658,A,N,B,C,A,A,H,-,A,A,0,NA,NA,NA,NA,Y,NA,A,07,0,0,1,0,0,0,0,0,0,-,-,34.129920959472656,-117.92501831054688,LOS ANGELES,AZUSA,-117.92499542236328,34.12995529174805
94508106,2024,2024-12-18,9525,2024-12-10,1745,024164,NA,2,2,1,1934,0,1,1,NA,2,652,I-605 N/B TO I-210 E/B,I-210 E/B (FOOTHILL FWY),1056,S,N,A,-,Y,LA,NA,605,NA,NA,25.388,H,NA,R,Y,3,0,1,3,A,-,08,22107,NA,N,B,C,A,A,H,-,C,D,0,NA,NA,Y,NA,Y,NA,C,02,0,1,0,0,0,0,0,0,1,-,-,34.12881851196289,-117.9613800048828,LOS ANGELES,IRWINDALE,-117.96137237548828,34.12881088256836
94508110,2024,2024-12-18,9525,2024-12-16,750,024153,NA,1,1,6,1975,0,1,1,NA,2,106,I-10 W/B (SAN BERNARDINO FWY),CITRUS ST,1000,E,N,A,-,Y,LA,NA,10,NA,NA,37.777,H,NA,L,N,4,0,1,2,A,-,03,22350,NA,N,C,C,A,A,H,-,A,D,0,NA,NA,NA,Y,Y,NA,G,25,0,0,1,0,0,0,0,0,0,-,-,34.07207107543945,-117.8852996826172,LOS ANGELES,WEST COVINA,-117.8852996826172,34.0720329284668
94508112,2024,2024-12-18,9525,2024-12-16,1925,024162,NA,1,2,6,1955,0,1,1,NA,2,109,I-10 E/B TO TOWNE AVE,TOWNE AVE,10,W,N,A,-,Y,NA,NA,NA,NA,NA,NA,NA,NA,NA,N,4,0,1,2,A,-,03,22350,NA,N,C,C,A,A,H,-,C,A,0,NA,NA,NA,NA,Y,NA,A,01,0,0,1,0,0,0,0,0,0,-,-,34.077301025390625,-117.74215698242188,LOS ANGELES,POMONA,-117.73986053466795,34.078819274902344
94508117,2024,2024-12-18,9530,2024-06-16,335,022708,NA,7,3,9,1900,0,1,1,NA,2,120,INTERSTATE 110 SOUTHBOUND (HARBOR FREEWAY),CARSON STREET,400,S,N,A,-,Y,LA,NA,110,NA,NA,6.901,H,NA,L,N,1,1,0,2,A,-,11,21954,A,F,G,B,D,A,H,-,D,D,0,Y,NA,NA,NA,Y,NA,N,60,0,0,0,1,0,0,0,0,0,-,-,33.82994842529297,-118.2875518798828,LOS ANGELES,UNINCORPORATED,-118.28749084472656,33.82994842529297
94508119,2024,2024-12-18,9530,2024-09-29,1037,023580,NA,7,1,9,1900,0,3,5,NA,2,001,FLORENCE AVENUE (1700 BLOCK),GRAHAM AVENUE,175,W,N,A,-,N,NA,NA,NA,NA,NA,NA,NA,NA,NA,Y,1,1,0,2,A,-,01,23152,A,N,G,B,F,A,H,-,A,D,0,Y,NA,NA,NA,Y,Y,A,01,0,0,0,1,0,0,0,0,0,-,-,33.974769592285156,-118.24346160888672,LOS ANGELES,UNINCORPORATED,-118.24335479736328,33.974788665771484
94508127,2024,2024-12-18,9580,2024-12-05,1548,022572,NA,4,2,7,1942,0,1,2,NA,2,107,US-101 S/B (VENTURA FREEWAY),PARKWAY CALABASAS,500,N,N,A,-,Y,LA,NA,101,NA,NA,28.423,H,NA,L,N,4,0,1,2,A,-,09,21804,A,N,B,C,A,A,H,-,A,D,0,NA,NA,Y,Y,Y,NA,C,02,0,0,1,0,0,0,0,0,1,-,-,34.15243911743164,-118.65418243408205,LOS ANGELES,LOS ANGELES,-118.65420532226564,34.15249252319336
94508130,2024,2024-12-18,9530,2024-11-20,1710,021902,NA,3,2,9,1900,0,3,5,NA,2,006,NORMANDIE AVE.,OAKHEATH DR.,0,NA,Y,A,-,N,NA,NA,NA,NA,NA,NA,NA,NA,NA,N,4,0,1,2,D,-,00,NA,NA,N,D,C,A,A,H,-,A,A,0,NA,NA,NA,NA,Y,NA,-,-,0,0,1,0,0,0,0,0,0,-,-,33.80989074707031,-118.29839324951172,LOS ANGELES,UNINCORPORATED,-118.29837799072266,33.80986022949219
94508134,2024,2024-12-18,9535,2024-12-06,1354,021381,NA,5,1,5,1959,0,1,1,NA,2,400,I-10 (SAN BERNARDINO FREEWAY) E/B,ROSEMEAD BLVD,1525,W,N,A,-,Y,LA,NA,10,NA,NA,26.559,H,NA,R,N,4,0,1,3,A,-,03,22350,NA,N,C,C,A,A,H,-,A,D,0,NA,NA,NA,NA,Y,NA,A,07,0,0,1,0,0,0,0,0,0,-,-,34.07197952270508,-118.0782470703125,LOS ANGELES,ROSEMEAD,-118.0782470703125,34.0720100402832
94508151,2024,2025-01-13,9530,2024-12-04,1045,023797,NA,3,1,9,1900,0,3,5,NA,2,001,ALAMEDA ST.,92ND ST.,0,NA,Y,A,-,N,NA,NA,NA,NA,NA,NA,NA,NA,NA,Y,4,0,1,3,A,-,12,21453,A,N,B,C,A,A,H,-,A,A,0,NA,NA,NA,NA,Y,NA,A,01,0,0,1,0,0,0,0,0,0,-,-,33.95330810546875,-118.23023223876952,LOS ANGELES,UNINCORPORATED,-118.22963714599608,33.95330810546875