CASE_ID,ACCIDENT_YEAR,PROC_DATE,JURIS,COLLISION_DATE,COLLISION_TIME,OFFICER_ID,REPORTING_DISTRICT,DAY_OF_WEEK,CHP_SHIFT,POPULATION,CNTY_CITY_LOC,SPECIAL_COND,BEAT_TYPE,CHP_BEAT_TYPE,CITY_DIVISION_LAPD,CHP_BEAT_CLASS,BEAT_NUMBER,PRIMARY_RD,SECONDARY_RD,DISTANCE,DIRECTION,INTERSECTION,WEATHER_1,WEATHER_2,STATE_HWY_IND,CALTRANS_COUNTY,CALTRANS_DISTRICT,STATE_ROUTE,ROUTE_SUFFIX,POSTMILE_PREFIX,POSTMILE,LOCATION_TYPE,RAMP_INTERSECTION,SIDE_OF_HWY,TOW_AWAY,COLLISION_SEVERITY,NUMBER_KILLED,NUMBER_INJURED,PARTY_COUNT,PRIMARY_COLL_FACTOR,PCF_CODE_OF_VIOL,PCF_VIOL_CATEGORY,PCF_VIOLATION,PCF_VIOL_SUBSECTION,HIT_AND_RUN,TYPE_OF_COLLISION,MVIW,PED_ACTION,ROAD_SURFACE,ROAD_COND_1,ROAD_COND_2,LIGHTING,CONTROL_DEVICE,CHP_ROAD_TYPE,PEDESTRIAN_ACCIDENT,BICYCLE_ACCIDENT,MOTORCYCLE_ACCIDENT,TRUCK_ACCIDENT,NOT_PRIVATE_PROPERTY,ALCOHOL_INVOLVED,STWD_VEHTYPE_AT_FAULT,CHP_VEHTYPE_AT_FAULT,COUNT_SEVERE_INJ,COUNT_VISIBLE_INJ,COUNT_COMPLAINT_PAIN,COUNT_PED_KILLED,COUNT_PED_INJURED,COUNT_BICYCLIST_KILLED,COUNT_BICYCLIST_INJURED,COUNT_MC_KILLED,COUNT_MC_INJURED,PRIMARY_RAMP,SECONDARY_RAMP,LATITUDE,LONGITUDE,COUNTY,CITY,POINT_X,POINT_Y
94508979,2024,2024-12-18,9530,2024-12-17,1615,017860,NA,2,2,7,1941,0,1,1,NA,2,420,I-405 N/B (SAN DIEGO FREEWAY),I-710,860,N,N,A,-,Y,LA,NA,405,NA,NA,7.78,H,NA,R,N,4,0,1,2,A,-,03,22350,NA,N,C,C,A,A,H,-,A,D,0,NA,NA,NA,NA,Y,NA,A,07,0,0,1,0,0,0,0,0,0,-,-,33.82646942138672,-118.21067810058594,LOS ANGELES,LONG BEACH,-118.21068572998048,33.826515197753906
94508995,2024,2024-12-18,9530,2024-12-16,1615,024013,NA,1,2,7,1942,0,1,1,NA,2,200,I-105 W/B (GLENN ANDERSON FWY),MAIN ST.,760,E,N,A,-,Y,LA,NA,105,NA,R,7.933,H,NA,L,Y,3,0,1,2,A,-,03,22350,NA,N,C,C,A,A,H,-,A,D,0,NA,NA,NA,NA,Y,NA,A,01,0,1,0,0,0,0,0,0,0,-,-,33.927799224853516,-118.27130889892578,LOS ANGELES,LOS ANGELES,-118.27130889892578,33.927799224853516
94509033,2024,2024-12-18,9535,2024-12-06,1520,024077,NA,5,2,5,1948,0,1,1,NA,2,070,I-710 N/B (LONG BEACH FREEWAY),FLORAL DR.,100,N,N,A,-,Y,LA,NA,710,NA,NA,25.726,H,NA,R,N,4,0,1,2,A,-,03,22350,NA,N,C,C,A,A,H,-,A,D,0,NA,NA,NA,NA,Y,NA,D,22,0,0,1,0,0,0,0,0,0,-,-,34.05078125,-118.1650390625,LOS ANGELES,MONTEREY PARK,-118.1650390625,34.05078125
94509148,2024,2024-12-18,9530,2024-12-08,1040,023457,NA,7,1,9,1900,0,3,5,NA,2,005,MARINE AVE. (3200 BLOCK),LEMOLI AVE.,285,E,N,A,-,N,NA,NA,NA,NA,NA,NA,NA,NA,NA,N,3,0,1,2,A,-,21,22106,NA,N,H,G,A,A,H,-,A,D,0,NA,Y,NA,NA,Y,NA,M,91,0,1,0,0,0,0,1,0,0,-,-,33.89469909667969,-118.3297882080078,LOS ANGELES,UNINCORPORATED,-118.32993316650392,33.89466857910156
94509298,2024,2024-12-18,9535,2024-12-06,1225,022842,NA,5,1,5,1915,0,1,1,NA,2,075,I-710 S/B (LONG BEACH FREEWAY),ALONDRA BOULEVARD,1426,S,N,A,-,Y,LA,NA,710,NA,NA,14.23,H,NA,L,N,4,0,1,2,A,-,03,22350,NA,N,C,C,A,A,H,-,A,D,0,NA,NA,NA,Y,Y,NA,-,-,0,0,1,0,0,0,0,0,0,-,-,33.893131256103516,-118.1882781982422,LOS ANGELES,COMPTON,-118.1881866455078,33.89311981201172
9450930,2022,2022-06-15,1941,2022-05-21,1017,6321,NA,6,5,7,1941,0,0,0,NA,0,NA,BROADWAY,E LOMA,8,W,N,A,-,N,NA,NA,NA,NA,NA,NA,NA,NA,NA,N,4,0,1,2,A,-,09,21802,A,N,D,C,A,A,H,-,A,D,0,NA,NA,NA,NA,Y,NA,A,NA,0,0,1,0,0,0,0,0,0,-,-,NA,NA,LOS ANGELES,LONG BEACH,-118.15028381347656,33.76445007324219
9450931,2022,2022-06-15,1941,2022-05-21,1210,10147,NA,6,5,7,1941,0,0,0,NA,0,NA,ATLANTIC AV,31ST ST,250,S,N,A,-,N,NA,NA,NA,NA,NA,NA,NA,NA,NA,Y,4,0,1,5,A,-,03,22350,NA,N,B,C,A,A,H,-,A,A,0,NA,NA,NA,NA,Y,NA,A,NA,0,0,1,0,0,0,0,0,0,-,-,NA,NA,LOS ANGELES,LONG BEACH,-118.18502807617188,33.81279373168945
94509329,2024,2024-12-18,9575,2024-12-11,1728,022469,NA,3,2,6,1925,0,1,3,NA,2,042,SR-134 W/B (VENTURA FREEWAY),CONCORD ST,260,E,N,A,-,Y,LA,NA,134,NA,R,6.248,H,NA,L,Y,4,0,2,4,A,-,03,22350,NA,N,C,2,A,A,H,-,B,D,0,NA,NA,NA,NA,Y,NA,-,-,0,0,2,0,0,0,0,0,0,-,-,34.155208587646484,-118.27020263671876,LOS ANGELES,GLENDALE,-118.27017211914064,34.15513229370117
9450933,2022,2022-06-14,1941,2022-05-16,1805,11523,NA,1,5,7,1941,0,0,0,NA,0,NA,MARINA DR,STUDEBAKER RD,270,S,N,A,-,N,NA,NA,NA,NA,NA,NA,NA,NA,NA,Y,3,0,1,1,D,-,00,NA,NA,N,H,A,A,A,H,-,A,D,0,NA,NA,Y,NA,Y,NA,-,-,0,1,0,0,0,0,0,0,1,-,-,NA,NA,LOS ANGELES,LONG BEACH,-118.10775756835938,33.7525749206543
94509331,2024,2024-12-18,9535,2024-11-27,1608,024077,NA,3,2,9,1900,0,1,1,NA,2,650,I-605 N/B (SAN GABRIEL RIVER FREEWAY),GOLF COURSE PEDESTRIAN UNDERCROSSING,227,S,N,A,-,Y,LA,NA,605,NA,R,18.688,H,NA,R,N,4,0,1,2,A,-,07,21658,A,N,B,C,A,A,H,-,B,D,0,NA,NA,NA,NA,Y,NA,A,08,0,0,1,0,0,0,0,0,0,-,-,34.04473114013672,-118.00955963134766,LOS ANGELES,UNINCORPORATED,-118.009521484375,34.04471206665039
9450934,2022,2022-06-14,1941,2022-05-17,1759,6116,NA,2,5,7,1941,0,0,0,NA,0,NA,AUTRY AV,S MONTAIR AV,52,S,N,A,-,N,NA,NA,NA,NA,NA,NA,NA,NA,NA,Y,4,0,1,3,A,-,01,23152,NA,N,A,C,A,A,H,-,A,D,0,NA,NA,NA,NA,Y,Y,D,NA,0,0,1,0,0,0,0,0,0,-,-,NA,NA,LOS ANGELES,LONG BEACH,-118.1272430419922,33.845787048339844
9450935,2022,2022-06-14,1941,2022-05-17,1645,11271,NA,2,5,7,1941,0,0,0,NA,0,NA,ALAMITOS AV,7TH ST,50,N,N,A,-,N,NA,NA,NA,NA,NA,NA,NA,NA,NA,Y,4,0,2,2,A,-,03,22350,NA,N,B,C,A,A,H,-,A,D,0,NA,NA,NA,NA,Y,NA,-,-,0,0,2,0,0,0,0,0,0,-,-,NA,NA,LOS ANGELES,LONG BEACH,-118.18016052246094,33.775474548339844
94509357,2024,2024-12-19,9530,2024-12-16,252,023688,NA,1,3,9,1900,0,1,1,NA,2,210,INTERSTATE 105 EASTBOUND (GLENN ANDERSON FREEWAY),WILMINGTON AVENUE,1003,W,N,A,-,Y,LA,NA,105,NA,R,9.57,H,NA,R,Y,3,0,2,1,A,-,08,22107,NA,N,E,I,A,A,H,-,D,D,0,NA,NA,NA,NA,Y,NA,J,48,0,2,0,0,0,0,0,0,0,-,-,33.92829895019531,-118.24301147460938,LOS ANGELES,UNINCORPORATED,-118.24300384521484,33.92839431762695
94509377,2024,2025-09-09,9590,2024-12-12,1125,024196,NA,4,1,7,1942,0,1,1,NA,2,064,I-10 E/B (SANTA MONICA FREEWAY),LOS ANGELES STREET,1600,E,N,A,-,Y,LA,NA,10,NA,NA,15.948,H,NA,R,N,4,0,1,2,A,-,07,21658,A,N,C,C,A,A,H,-,A,D,0,NA,NA,NA,Y,Y,NA,F,26,0,0,1,0,0,0,0,0,0,-,-,34.030120849609375,-118.2574462890625,LOS ANGELES,LOS ANGELES,-118.25741577148438,34.030174255371094
9450938,2022,2022-06-14,1972,2022-05-22,1206,21239,NA,7,5,6,1972,0,0,0,NA,0,NA,REDONDO BEACH BL,AINSWORTH AV,150,W,N,A,-,N,NA,NA,NA,NA,NA,NA,NA,NA,NA,N,4,0,1,2,A,-,09,21804,B,N,D,C,A,A,H,-,A,D,0,NA,NA,Y,NA,Y,NA,O,NA,0,0,1,0,0,0,0,0,1,-,-,NA,NA,LOS ANGELES,TORRANCE,-118.3400421142578,33.87855529785156
94509382,2024,2024-12-19,9540,2024-12-10,1715,022225,NA,2,2,7,1942,0,1,1,NA,1,405,I-405 S/B (SAN DIEGO FREEWAY),RINALDI STREET,40,S,N,A,-,Y,LA,NA,405,NA,NA,47.754,H,NA,L,Y,3,0,2,3,A,-,03,22350,NA,N,B,2,A,A,H,-,C,D,0,NA,NA,NA,Y,Y,NA,G,25,0,1,1,0,0,0,0,0,0,-,-,34.27886962890625,-118.46993255615234,LOS ANGELES,LOS ANGELES,-118.46991729736328,34.27886962890625
9450939,2022,2022-06-14,1972,2022-05-11,1718,21239,NA,3,5,6,1972,0,0,0,NA,0,NA,195TH ST,VAN NESS AV,0,NA,Y,A,-,N,NA,NA,NA,NA,NA,NA,NA,NA,NA,N,3,0,1,2,A,-,09,21453,B,N,D,G,A,A,H,-,A,A,0,NA,Y,NA,NA,Y,NA,A,NA,0,1,0,0,0,0,1,0,0,-,-,NA,NA,LOS ANGELES,TORRANCE,-118.31777191162108,33.8541374206543
9450940,2022,2022-06-14,1972,2022-05-10,0919,22176,NA,2,5,6,1972,0,0,0,NA,0,NA,YUKON AV,170TH ST,125,N,N,A,-,N,NA,NA,NA,NA,NA,NA,NA,NA,NA,N,3,0,1,2,A,-,09,21804,A,N,H,G,A,A,H,-,A,D,0,NA,Y,NA,NA,Y,NA,L,NA,0,1,0,0,0,0,1,0,0,-,-,NA,NA,LOS ANGELES,TORRANCE,-118.3351821899414,33.876983642578125
9450941,2022,2022-06-16,1972,2022-05-12,1515,21239,NA,4,5,6,1972,0,0,0,NA,0,NA,CRENSHAW BL,ARTESIA BL,250,S,N,A,-,N,NA,NA,NA,NA,NA,NA,NA,NA,NA,Y,4,0,1,2,A,-,09,21801,A,N,D,C,A,A,H,-,A,A,0,NA,NA,NA,NA,Y,NA,A,NA,0,0,1,0,0,0,0,0,0,-,-,NA,NA,LOS ANGELES,TORRANCE,-118.32649230957033,33.87211608886719
9450942,2022,2022-06-16,1972,2022-05-04,1151,22097,NA,3,5,6,1972,0,0,0,NA,0,NA,MADRONA AV,SPENCER ST,0,NA,Y,A,-,N,NA,NA,NA,NA,NA,NA,NA,NA,NA,NA,3,0,2,2,A,-,12,21453,A,N,D,C,A,A,H,-,A,A,0,NA,NA,NA,NA,Y,NA,A,NA,0,1,1,0,0,0,0,0,0,-,-,NA,NA,LOS ANGELES,TORRANCE,-118.34482574462892,33.84511184692383
9450943,2022,2022-06-16,1972,2022-05-19,1230,18059,NA,4,5,6,1972,0,0,0,NA,0,NA,190TH,VAN NESS,0,NA,Y,B,-,N,NA,NA,NA,NA,NA,NA,NA,NA,NA,Y,4,0,1,2,A,-,12,21453,A,N,D,C,A,A,H,-,A,A,0,NA,NA,NA,NA,Y,NA,A,NA,0,0,1,0,0,0,0,0,0,-,-,NA,NA,LOS ANGELES,TORRANCE,-118.31781768798828,33.85835266113281
9450944,2022,2022-06-16,1972,2022-05-10,1423,15554,NA,2,5,6,1972,0,0,0,NA,0,NA,190TH,FALDA,100,W,N,A,-,N,NA,NA,NA,NA,NA,NA,NA,NA,NA,Y,4,0,1,2,A,-,03,22350,NA,N,C,C,A,A,H,-,A,D,0,NA,NA,NA,NA,Y,NA,A,NA,0,0,1,0,0,0,0,0,0,-,-,NA,NA,LOS ANGELES,TORRANCE,-118.33016967773438,33.85831069946289
9450945,2022,2022-06-16,1972,2022-05-07,1509,21239,NA,6,5,6,1972,0,0,0,NA,0,NA,TORRANCE BL,ANZA AV,175,W,N,A,-,N,NA,NA,NA,NA,NA,NA,NA,NA,NA,Y,3,0,3,3,A,-,09,21804,A,N,D,C,A,A,H,-,A,A,0,NA,NA,NA,NA,Y,NA,A,NA,0,1,2,0,0,0,0,0,0,-,-,NA,NA,LOS ANGELES,TORRANCE,-118.36295318603516,33.83757019042969
9450946,2022,2022-06-16,1972,2022-05-04,0750,21877,NA,3,5,6,1972,0,0,0,NA,0,NA,WESTERN AV,DEL AMO BL,0,NA,Y,A,-,N,NA,NA,NA,NA,NA,NA,NA,NA,NA,Y,4,0,2,2,A,-,09,21801,A,N,D,C,A,A,H,-,A,A,0,NA,NA,NA,NA,Y,NA,A,NA,0,0,2,0,0,0,0,0,0,-,-,NA,NA,LOS ANGELES,TORRANCE,-118.3093032836914,33.846839904785156
9450947,2022,2022-06-16,1972,2022-05-11,0908,22097,NA,3,5,6,1972,0,0,0,NA,0,NA,VAN NESS AV,190TH ST,0,NA,Y,A,-,N,NA,NA,NA,NA,NA,NA,NA,NA,NA,Y,4,0,1,4,A,-,12,21453,A,N,D,C,A,A,H,-,A,A,0,NA,NA,NA,NA,Y,NA,A,NA,0,0,1,0,0,0,0,0,0,-,-,NA,NA,LOS ANGELES,TORRANCE,-118.31781768798828,33.85835266113281
9450948,2022,2022-06-27,1972,2022-05-07,1540,22182,NA,6,5,6,1972,0,0,0,NA,0,NA,WESTERN AV,ARTESIA BL,435,S,N,A,-,N,NA,NA,NA,NA,NA,NA,NA,NA,NA,N,4,0,1,2,A,-,09,21804,A,N,D,C,A,A,H,-,A,D,0,NA,NA,NA,NA,Y,NA,A,NA,0,0,1,0,0,0,0,0,0,-,-,NA,NA,LOS ANGELES,TORRANCE,-118.30915832519533,33.87175750732422
9450949,2022,2022-06-16,1972,2022-05-11,1300,15554,NA,3,5,6,1972,0,0,0,NA,0,NA,TORRANCE,MAPLE,0,NA,Y,A,-,N,NA,NA,NA,NA,NA,NA,NA,NA,NA,Y,3,0,1,2,A,-,03,22350,NA,N,C,C,A,A,H,-,A,D,0,NA,NA,Y,NA,Y,NA,C,NA,0,1,0,0,0,0,0,0,1,-,-,NA,NA,LOS ANGELES,TORRANCE,-118.34004974365234,33.83625411987305
94509490,2024,2024-12-19,9550,2024-11-27,2310,022855,NA,3,3,9,1900,0,2,4,NA,1,051,FULLERTON ROAD,MESCAL STREET,6,S,N,A,-,N,NA,NA,NA,NA,NA,NA,NA,NA,NA,N,2,0,1,2,A,-,11,21456,B,N,G,B,B,A,H,-,C,A,0,Y,NA,NA,NA,Y,NA,N,60,1,0,0,0,1,0,0,0,0,-,-,33.97639083862305,-117.90959167480467,LOS ANGELES,UNINCORPORATED,-117.90984344482422,33.97649383544922
94509492,2024,2024-12-19,9550,2024-12-02,1715,023825,NA,1,2,7,1941,0,1,1,NA,2,652,I-605 N/B,WARDLOW RD,300,N,N,A,-,Y,LA,NA,605,NA,R,0.848,H,NA,R,N,4,0,1,2,A,-,03,22350,NA,N,C,C,A,A,H,-,A,D,0,NA,NA,NA,NA,Y,NA,A,01,0,0,1,0,0,0,0,0,0,-,-,33.818580627441406,-118.08129119873048,LOS ANGELES,LONG BEACH,-118.081298828125,33.818580627441406
9450950,2022,2022-06-16,1972,2022-05-06,1953,21239,NA,5,5,6,1972,0,0,0,NA,0,NA,GARNET ST,AVIS AV,100,W,N,A,-,N,NA,NA,NA,NA,NA,NA,NA,NA,NA,Y,4,0,1,3,A,-,09,21804,A,N,D,C,A,A,H,-,C,A,0,NA,NA,NA,NA,Y,NA,A,NA,0,0,1,0,0,0,0,0,0,-,-,NA,NA,LOS ANGELES,TORRANCE,-118.34613800048828,33.84320068359375
94509541,2024,2024-12-19,9540,2024-12-08,1155,023847,NA,7,1,7,1942,0,1,1,NA,2,500,I-5 N/B (GOLDEN STATE FREEWAY),ROXFORD ST,528,S,N,A,-,Y,NA,NA,NA,NA,NA,NA,NA,NA,NA,N,3,0,1,1,A,-,08,22107,NA,N,A,I,A,A,H,-,A,D,0,NA,NA,NA,NA,Y,NA,A,07,0,1,0,0,0,0,0,0,0,-,-,34.30229187011719,-118.4780731201172,LOS ANGELES,LOS ANGELES,-118.47921752929688,34.30302047729492
94509547,2024,2024-12-19,9540,2024-12-10,530,024146,NA,2,3,6,1985,0,1,3,NA,2,149,SR-14 S/B,VIA PRINCESSA,1056,S,N,A,-,Y,LA,NA,14,NA,R,31.141,H,NA,L,N,4,0,2,2,A,-,03,22350,NA,N,C,C,A,A,H,-,D,D,0,NA,NA,NA,NA,Y,NA,D,22,0,0,2,0,0,0,0,0,0,-,-,34.40446853637695,-118.45160675048828,LOS ANGELES,SANTA CLARITA,-118.45165252685548,34.40452194213867
94509549,2024,2024-12-19,9540,2024-12-10,620,024146,NA,2,1,6,1985,0,1,3,NA,1,145,SR-14 S/B,NEWHALL AVE,2640,S,N,A,-,Y,LA,NA,14,NA,R,26.508,H,NA,L,Y,4,0,3,4,A,-,03,22350,NA,N,C,C,A,A,H,-,B,D,0,NA,NA,NA,NA,Y,NA,D,22,0,0,3,0,0,0,0,0,0,-,-,34.357791900634766,-118.50659942626952,LOS ANGELES,SANTA CLARITA,-118.50666046142578,34.3577880859375
94509553,2024,2024-12-19,9540,2024-12-10,1715,021190,NA,2,2,9,1900,0,1,3,NA,2,126,SR-126,WOLCOTT WAY,0,NA,Y,A,-,Y,LA,NA,126,NA,R,3.557,H,NA,R,Y,4,0,1,3,A,-,09,21800,D,F,D,D,A,A,H,-,D,B,0,NA,NA,NA,NA,Y,NA,A,01,0,0,1,0,0,0,0,0,0,-,-,34.425758361816406,-118.63787841796876,LOS ANGELES,UNINCORPORATED,-118.63778686523438,34.42552947998047
94509555,2024,2024-12-19,9540,2024-12-11,635,024145,NA,3,1,9,1900,0,2,4,NA,1,202,SOLEDAD CANYON RD,BOOTLEGGER CANYON RD,7392,S,N,A,-,N,NA,NA,NA,NA,NA,NA,NA,NA,NA,Y,3,0,1,2,A,-,08,22107,NA,N,A,D,A,A,H,-,A,D,0,NA,NA,NA,NA,Y,NA,A,01,0,1,0,0,0,0,0,0,0,-,-,34.438621520996094,-118.24764251708984,LOS ANGELES,UNINCORPORATED,-118.20577239990234,34.449440002441406
94509557,2024,2025-01-13,9540,2024-12-15,350,022923,NA,7,3,7,1942,0,1,1,NA,2,210,I-210 WESTBOUND,SAYRE STREET,600,W,N,A,-,Y,LA,NA,210,NA,R,3.72,H,NA,L,Y,4,0,1,2,A,-,08,22107,NA,N,B,E,A,A,C,-,D,D,0,NA,NA,NA,Y,Y,NA,A,07,0,0,1,0,0,0,0,0,0,-,-,34.31229019165039,-118.43418884277344,LOS ANGELES,LOS ANGELES,-118.43423461914064,34.312252044677734
94509561,2024,2024-12-19,9535,2024-12-09,1705,022017,NA,1,2,5,1901,0,1,1,NA,2,420,INTERSTATE 10 E/B (SAN BERNARDINO FREEWAY),NEW AVENUE,1000,W,N,A,-,Y,LA,NA,10,NA,NA,24.696,H,NA,R,N,4,0,1,2,A,-,03,22350,NA,N,C,C,A,A,H,-,B,D,0,NA,NA,NA,NA,Y,NA,A,01,0,0,1,0,0,0,0,0,0,-,-,34.071678161621094,-118.11068725585938,LOS ANGELES,ALHAMBRA,-118.11068725585938,34.0716438293457
94509562,2024,2024-12-19,9530,2024-08-18,2250,022708,NA,7,3,5,1977,0,1,1,NA,2,410,INTERSTATE 405 NORTHBOUND (SAN DIEGO FREEWAY),CARSON STREET,2123,S,N,A,-,Y,LA,NA,405,NA,NA,10.139,H,NA,R,N,1,1,0,2,A,-,11,21954,A,N,G,B,D,A,H,-,C,D,0,Y,NA,NA,NA,Y,NA,N,60,0,0,0,1,0,0,0,0,0,-,-,33.827178955078125,-118.25108337402344,LOS ANGELES,CARSON,-118.25110626220705,33.82715606689453
94509572,2024,2024-12-19,9525,2024-12-14,1530,022655,NA,6,2,6,1955,0,1,1,NA,2,119,I-10 W/B (SAN BERNARDINO FWY),WHITE AVE,600,W,N,A,-,Y,LA,NA,10,NA,NA,44.994,H,NA,L,Y,3,0,2,1,A,-,08,22107,NA,N,E,8,A,A,H,-,A,D,0,NA,NA,NA,NA,Y,NA,A,01,0,2,0,0,0,0,0,0,0,-,-,34.07102966308594,-117.76448822021484,LOS ANGELES,POMONA,-117.76448059082033,34.071067810058594
9450958,2022,2022-06-21,1902,2022-05-17,0752,756,13,2,5,5,1902,0,0,0,NA,0,003,BALDWIN AV,RT 210,0,NA,Y,B,-,Y,LA,7,210,-,R,30.66,R,4,E,Y,4,0,1,2,A,-,12,21453,A,N,D,C,A,A,H,-,A,A,0,NA,NA,NA,NA,Y,NA,-,-,0,0,1,0,0,0,0,0,0,-,-,NA,NA,LOS ANGELES,ARCADIA,-118.05297088623048,34.1486701965332
9450959,2022,2022-06-21,1902,2022-05-24,1136,779,9,2,5,5,1902,0,0,0,NA,0,001,BALDWIN AV,RT 210,0,NA,Y,A,-,Y,LA,7,210,-,R,30.949,R,4,E,Y,3,0,1,2,D,-,00,NA,NA,N,D,C,A,A,H,-,A,A,0,NA,NA,NA,NA,Y,NA,-,-,0,1,0,0,0,0,0,0,0,-,EO,NA,NA,LOS ANGELES,ARCADIA,-118.0480499267578,34.148704528808594
94509593,2024,2024-12-19,9525,2024-12-12,0,024088,NA,4,3,5,1926,0,1,1,NA,2,207,I-210 W/B (FOOTHILL FWY),LONE HILL AVE.,500,E,N,A,-,Y,LA,NA,210,NA,R,44.478,H,NA,L,N,4,0,1,2,A,-,08,22107,NA,N,C,C,A,A,H,-,C,D,0,NA,NA,NA,Y,Y,NA,A,01,0,0,1,0,0,0,0,0,0,-,-,34.12065124511719,-117.82431030273438,LOS ANGELES,GLENDORA,-117.82431030273438,34.12065505981445
9450960,2022,2022-06-16,1902,2022-05-25,1511,752,17,3,5,5,1902,0,0,0,NA,0,004,BALDWIN AV,HUNTINGTON DR,0,NA,Y,A,-,N,NA,NA,NA,NA,NA,NA,NA,NA,NA,N,3,0,1,2,A,-,11,21456,A,N,D,G,A,A,H,-,A,A,0,NA,Y,NA,NA,Y,NA,L,04,0,1,0,0,0,0,1,0,0,-,-,NA,NA,LOS ANGELES,ARCADIA,-118.05460357666016,34.13157272338867
94509609,2024,2024-12-19,9530,2024-11-27,150,023237,NA,3,3,6,1972,0,1,1,NA,2,400,I-405 N/B (SAN DIEGO FREEWAY),HAWTHORNE BLVD.,100,S,N,C,-,Y,LA,NA,405,NA,NA,17.56,H,NA,R,Y,4,0,1,3,A,-,03,22350,NA,N,E,I,A,B,H,-,C,D,0,NA,NA,NA,Y,Y,NA,D,22,0,0,1,0,0,0,0,0,0,-,-,33.884578704833984,-118.35204315185548,LOS ANGELES,TORRANCE,-118.35214233398438,33.884483337402344
94509613,2024,2024-12-19,9530,2024-12-09,1941,024092,NA,1,2,7,1942,0,1,1,NA,2,110,I-110 N/B (HARBOR FREEWAY),ROSECRANS AVE.,45,S,N,A,-,Y,LA,NA,110,NA,NA,11.878,H,NA,R,Y,4,0,1,3,A,-,03,22350,NA,N,C,C,A,A,H,-,C,D,0,NA,NA,NA,NA,Y,NA,A,07,0,0,1,0,0,0,0,0,0,-,-,33.90174102783203,-118.28630065917967,LOS ANGELES,LOS ANGELES,-118.28651428222656,33.90174102783203
94509653,2024,2024-12-19,9525,2024-12-16,2100,024046,NA,1,2,9,1900,0,1,3,NA,1,024,SR-39 (SAN GABRIEL CANYON RD.),MPM 22.63,53,N,N,A,-,Y,LA,NA,39,NA,NA,22.59,H,NA,R,Y,4,0,2,1,A,-,08,22107,NA,N,E,I,A,A,H,-,D,D,0,NA,NA,NA,NA,Y,NA,A,01,0,0,2,0,0,0,0,0,0,-,-,34.207908630371094,-117.8654327392578,LOS ANGELES,UNINCORPORATED,-117.86544799804688,34.20790481567383
94509658,2024,2024-12-19,9525,2024-12-16,2113,024045,NA,1,2,6,1975,0,1,1,NA,2,106,I-10 E/B (SAN BERNARDINO FWY),GRAND AVE.,225,E,N,A,-,Y,LA,NA,10,NA,NA,38.56,H,NA,R,N,3,0,3,2,A,-,03,22350,NA,N,C,C,A,A,H,-,C,D,0,NA,NA,NA,NA,Y,NA,A,01,0,2,1,0,0,0,0,0,0,-,-,34.07170104980469,-117.87165832519533,LOS ANGELES,WEST COVINA,-117.87165832519533,34.07170104980469
94509666,2024,2024-12-19,9530,2024-12-08,1235,023938,NA,7,1,9,1900,0,3,5,NA,2,001,MAIE AVE. (1600 BLOCK),90TH ST.,20,S,N,A,-,N,NA,NA,NA,NA,NA,NA,NA,NA,NA,N,3,0,1,2,A,-,08,22107,NA,M,G,B,E,A,H,-,A,A,0,Y,NA,NA,NA,Y,NA,-,99,0,1,0,0,1,0,0,0,0,-,-,33.95534896850586,-118.24411010742188,LOS ANGELES,UNINCORPORATED,-118.24414825439452,33.95515441894531
94509716,2024,2024-12-19,9525,2024-12-17,1120,019291,NA,2,1,6,1955,0,1,1,NA,2,110,I-10 E/B (SAN BERNARDINO FWY),INDIAN HILL BLVD,1056,E,N,A,-,Y,LA,NA,10,NA,NA,47.986,H,NA,R,N,4,0,1,2,C,-,18,NA,NA,M,C,C,A,A,H,-,A,D,0,NA,NA,NA,NA,Y,NA,-,-,0,0,1,0,0,0,0,0,0,-,-,34.08174133300781,-117.71514892578124,LOS ANGELES,POMONA,-117.71514892578124,34.08171844482422
94509719,2024,2024-12-19,9540,2024-12-09,1600,023229,NA,1,2,6,1985,0,1,1,NA,2,506,I-5 NORTHBOUND,RYE CANYON RD,98,S,N,A,-,Y,LA,NA,5,NA,R,54.155,H,NA,R,Y,3,0,2,2,A,-,07,21658,A,M,B,2,A,A,H,-,A,D,0,NA,NA,NA,NA,Y,NA,A,01,0,1,1,0,0,0,0,0,0,-,-,34.43096160888672,-118.58779144287108,LOS ANGELES,SANTA CLARITA,-118.58777618408205,34.43096923828125
94509723,2024,2024-12-19,9565,2024-12-08,1750,023951,NA,7,2,9,1900,0,1,3,NA,2,070,SR-90 W/B,HANNUM AVENUE,150,W,N,A,-,Y,LA,NA,90,NA,NA,3.07,H,NA,L,N,3,0,2,2,A,-,03,22350,NA,N,C,C,A,A,H,-,C,D,0,NA,NA,NA,NA,Y,NA,A,01,0,2,0,0,0,0,0,0,0,-,-,33.987728118896484,-118.3918914794922,LOS ANGELES,UNINCORPORATED,-118.39187622070313,33.98768615722656
94509735,2024,2024-12-19,9540,2024-08-11,210,023639,NA,7,3,7,1942,0,1,1,NA,2,550,I-5 NORTHBOUND,BALBOA BLVD.,370,N,N,A,-,Y,LA,NA,5,NA,R,44.747,H,NA,R,Y,3,0,1,1,A,-,01,23152,A,M,E,J,A,A,H,-,D,D,0,NA,NA,NA,NA,Y,Y,A,01,0,1,0,0,0,0,0,0,0,-,-,34.323638916015625,-118.50074005126952,LOS ANGELES,LOS ANGELES,-118.50069427490234,34.323692321777344