CASE_ID,ACCIDENT_YEAR,PROC_DATE,JURIS,COLLISION_DATE,COLLISION_TIME,OFFICER_ID,REPORTING_DISTRICT,DAY_OF_WEEK,CHP_SHIFT,POPULATION,CNTY_CITY_LOC,SPECIAL_COND,BEAT_TYPE,CHP_BEAT_TYPE,CITY_DIVISION_LAPD,CHP_BEAT_CLASS,BEAT_NUMBER,PRIMARY_RD,SECONDARY_RD,DISTANCE,DIRECTION,INTERSECTION,WEATHER_1,WEATHER_2,STATE_HWY_IND,CALTRANS_COUNTY,CALTRANS_DISTRICT,STATE_ROUTE,ROUTE_SUFFIX,POSTMILE_PREFIX,POSTMILE,LOCATION_TYPE,RAMP_INTERSECTION,SIDE_OF_HWY,TOW_AWAY,COLLISION_SEVERITY,NUMBER_KILLED,NUMBER_INJURED,PARTY_COUNT,PRIMARY_COLL_FACTOR,PCF_CODE_OF_VIOL,PCF_VIOL_CATEGORY,PCF_VIOLATION,PCF_VIOL_SUBSECTION,HIT_AND_RUN,TYPE_OF_COLLISION,MVIW,PED_ACTION,ROAD_SURFACE,ROAD_COND_1,ROAD_COND_2,LIGHTING,CONTROL_DEVICE,CHP_ROAD_TYPE,PEDESTRIAN_ACCIDENT,BICYCLE_ACCIDENT,MOTORCYCLE_ACCIDENT,TRUCK_ACCIDENT,NOT_PRIVATE_PROPERTY,ALCOHOL_INVOLVED,STWD_VEHTYPE_AT_FAULT,CHP_VEHTYPE_AT_FAULT,COUNT_SEVERE_INJ,COUNT_VISIBLE_INJ,COUNT_COMPLAINT_PAIN,COUNT_PED_KILLED,COUNT_PED_INJURED,COUNT_BICYCLIST_KILLED,COUNT_BICYCLIST_INJURED,COUNT_MC_KILLED,COUNT_MC_INJURED,PRIMARY_RAMP,SECONDARY_RAMP,LATITUDE,LONGITUDE,COUNTY,CITY,POINT_X,POINT_Y
94515220,2024,2024-12-24,9525,2024-12-18,840,024099,NA,3,1,9,1900,0,3,5,NA,2,004,NELSON AVENUE (13400 E BLOCK),VINELAND AVENUE (300 N BLOCK),12,E,N,A,-,N,NA,NA,NA,NA,NA,NA,NA,NA,NA,N,3,0,1,2,A,-,21,22106,NA,N,C,C,A,A,H,-,A,A,0,NA,NA,NA,NA,Y,NA,A,07,0,1,0,0,0,0,0,0,0,-,-,34.049930572509766,-117.99037933349608,LOS ANGELES,UNINCORPORATED,-117.99048614501952,34.04996109008789
94515243,2024,2024-12-24,9590,2024-12-20,925,018345,NA,5,1,7,1942,0,1,3,NA,2,031,SR-60 WESTBOUND (POMONA FREEWAY),MARIETTA ST.,250,E,N,A,-,Y,LA,NA,60,NA,R,0.779,H,NA,L,N,4,0,1,2,A,-,03,22350,NA,N,C,C,A,A,H,-,A,D,0,NA,NA,NA,NA,Y,NA,A,08,0,0,1,0,0,0,0,0,0,-,-,34.029178619384766,-118.21198272705078,LOS ANGELES,LOS ANGELES,-118.21196746826172,34.029205322265625
94515285,2024,2024-12-24,9540,2024-12-16,830,023229,NA,1,1,9,1900,0,1,1,NA,2,508,I-5 NORTHBOUND,HASLEY CANYON RD,2074,N,N,A,-,Y,LA,NA,5,NA,R,56.994,H,NA,R,Y,3,0,2,4,A,-,03,22350,NA,N,C,C,A,A,H,-,A,D,0,NA,NA,NA,NA,Y,NA,D,22,0,1,1,0,0,0,0,0,0,-,-,34.46171188354492,-118.61505126953124,LOS ANGELES,UNINCORPORATED,-118.6151123046875,34.461708068847656
94515326,2024,2025-02-27,9590,2024-12-14,1830,024097,NA,6,2,7,1942,0,1,2,NA,2,043,US 101 SOUTHBOUND (SANTA ANA FREEWAY),4TH STREET,200,N,N,A,-,Y,LA,NA,101,NA,S,0.775,H,NA,L,N,4,0,1,3,A,-,07,21658,A,M,B,C,A,A,H,-,C,D,0,NA,NA,NA,NA,Y,NA,-,99,0,0,1,0,0,0,0,0,0,-,-,34.045318603515625,-118.22122192382813,LOS ANGELES,LOS ANGELES,-118.22119903564452,34.045318603515625
94515335,2024,2024-12-24,9545,2024-12-16,1305,020244,NA,1,1,9,1900,0,3,5,NA,2,002,ELIZABETH LAKE RD,MESQUITE RD,15,E,N,A,-,N,NA,NA,NA,NA,NA,NA,NA,NA,NA,N,4,0,2,2,A,-,03,22350,NA,N,C,C,A,A,H,-,A,A,0,NA,NA,NA,NA,Y,NA,A,01,0,0,2,0,0,0,0,0,0,-,-,34.5871696472168,-118.15450286865234,LOS ANGELES,UNINCORPORATED,-118.15470886230467,34.58713912963867
94515378,2024,2024-12-24,9525,2024-12-20,940,022012,NA,5,1,5,1990,0,1,3,NA,2,601,SR-60 W/B (POMONA FWY),BREA CANYON RD,965,W,N,A,-,Y,LA,NA,60,NA,R,22.787,H,NA,L,N,4,0,1,2,A,-,03,22350,NA,N,C,C,A,A,H,-,A,D,0,NA,NA,NA,NA,Y,NA,A,01,0,0,1,0,0,0,0,0,0,-,-,34.000038146972656,-117.84831237792967,LOS ANGELES,DIAMOND BAR,-117.84829711914064,33.999969482421875
94515384,2024,2025-02-11,9575,2024-12-14,1455,023395,NA,6,2,6,1912,0,1,S,NA,2,904,SR-134 W/B (VENTURA FREEWAY),RIVERSIDE DR.,180,E,N,A,-,Y,LA,NA,134,NA,NA,2.952,H,NA,L,N,4,0,4,3,A,-,07,21658,A,N,B,2,A,A,H,-,A,D,0,NA,NA,NA,NA,Y,NA,A,01,0,0,4,0,0,0,0,0,0,-,-,34.15386962890625,-118.32569122314452,LOS ANGELES,BURBANK,-118.32569122314452,34.15387725830078
94515395,2024,2024-12-24,9580,2024-12-17,1242,024167,NA,2,1,7,1942,0,1,2,NA,2,104,US-101 N/B (VENTURA FREEWAY),RESEDA BLVD,1160,S,N,A,-,Y,LA,NA,101,NA,NA,21.028,H,NA,R,N,3,0,2,2,A,-,08,22107,NA,M,B,C,A,A,H,-,A,D,0,NA,NA,NA,NA,Y,NA,A,07,0,2,0,0,0,0,0,0,0,-,-,34.17203140258789,-118.53214263916016,LOS ANGELES,LOS ANGELES,-118.53211212158205,34.172080993652344
94515399,2024,2024-12-24,9540,2024-12-17,1547,021657,NA,2,2,7,1942,0,1,1,NA,2,406,I-405 N/B (SAN DIEGO FREEWAY),RINALDI ST,30,N,N,A,-,Y,LA,NA,405,NA,NA,47.766,H,NA,R,N,4,0,1,2,A,-,04,21703,NA,N,C,C,A,A,H,-,A,D,0,NA,NA,NA,Y,Y,NA,F,26,0,0,1,0,0,0,0,0,0,-,-,34.279029846191406,-118.46971893310548,LOS ANGELES,LOS ANGELES,-118.46967315673828,34.279022216796875
94515401,2024,2024-12-24,9540,2024-12-16,745,023691,NA,1,1,9,1900,0,2,4,NA,1,204,BOUQUET CANYON RD,FOREST RTE 6N07,5280,N,N,A,-,N,NA,NA,NA,NA,NA,NA,NA,NA,NA,Y,4,0,1,1,A,-,03,22350,NA,N,E,I,A,A,H,-,A,D,0,NA,NA,NA,NA,Y,NA,A,01,0,0,1,0,0,0,0,0,0,-,-,34.54220962524414,-118.43753051757813,LOS ANGELES,UNINCORPORATED,NA,NA
94515428,2024,2024-12-24,9590,2024-12-19,1145,024196,NA,4,1,7,1942,0,1,1,NA,2,081,I-5 S/B (GOLDEN STATE FREEWAY),BOYLE AVE O/C,250,N,N,A,-,Y,NA,NA,NA,NA,NA,NA,NA,NA,NA,N,4,0,1,1,A,-,08,22107,NA,N,E,I,A,A,H,-,A,D,0,NA,NA,NA,NA,Y,NA,-,-,0,0,1,0,0,0,0,0,0,-,-,34.03255844116211,-118.22061920166016,LOS ANGELES,LOS ANGELES,-118.21955108642578,34.03938293457031
9451543,2022,2022-05-27,1900,2022-04-10,1128,630453,1322,7,5,5,1935,0,0,0,NA,0,132T1,SOUTH ST,WOODRUFF AV,30,E,N,A,-,N,NA,NA,NA,NA,NA,NA,NA,NA,NA,N,4,0,1,2,A,-,04,21703,NA,N,C,C,A,A,H,-,A,D,0,NA,NA,NA,NA,Y,NA,A,07,0,0,1,0,0,0,0,0,0,-,-,NA,NA,LOS ANGELES,LAKEWOOD,-118.11697387695313,33.858280181884766
9451544,2022,2022-05-27,1900,2022-04-02,1600,642100,1334,6,5,5,1908,0,0,0,NA,0,133,CLARK AV,FLOWER ST,200,N,N,A,-,N,NA,NA,NA,NA,NA,NA,NA,NA,NA,Y,3,0,1,2,A,-,04,21703,NA,N,C,C,A,A,H,-,A,A,0,NA,NA,NA,NA,Y,NA,A,01,0,1,0,0,0,0,0,0,0,-,-,NA,NA,LOS ANGELES,BELLFLOWER,-118.13395690917967,33.882598876953125
94515446,2024,2024-12-24,9575,2024-12-17,1305,022469,NA,2,1,6,1912,0,1,1,NA,2,051,I-5 S/B (GOLDEN STATE FREEWAY),MAGNOLIA BLVD,420,N,N,A,-,Y,LA,NA,5,NA,NA,29.477,H,NA,L,N,3,0,1,2,A,-,08,22107,NA,N,C,2,A,A,H,-,A,D,0,NA,NA,Y,NA,Y,NA,C,02,0,1,0,0,0,0,0,0,1,-,-,34.18199920654297,-118.31488037109376,LOS ANGELES,BURBANK,-118.31484222412108,34.18201446533203
9451545,2022,2022-05-27,1900,2022-04-11,1118,656182,1322,1,5,5,1935,0,0,0,NA,0,DAY132,HEDDA ST,PENNSWOOD AV,0,NA,Y,B,-,N,NA,NA,NA,NA,NA,NA,NA,NA,NA,N,4,0,2,2,A,-,09,21802,A,N,D,C,A,A,H,-,A,A,0,NA,NA,NA,NA,Y,NA,A,01,0,0,2,0,0,0,0,0,0,-,-,NA,NA,LOS ANGELES,LAKEWOOD,-118.13664245605467,33.86412811279297
9451546,2022,2022-05-27,1900,2022-04-10,1810,618671,1335,7,5,5,1908,0,0,0,NA,0,133T1,CLARK AV,CEDAR ST,190,S,N,A,-,N,NA,NA,NA,NA,NA,NA,NA,NA,NA,Y,4,0,3,2,A,-,08,22102,NA,N,A,C,A,A,H,-,B,D,0,NA,NA,NA,NA,Y,NA,A,01,0,0,3,0,0,0,0,0,0,-,-,33.870548248291016,-118.13385772705078,LOS ANGELES,BELLFLOWER,-118.13388061523438,33.87062072753906
94515463,2024,2024-12-24,9545,2024-12-17,610,020244,NA,2,1,9,1900,0,3,5,NA,2,003,ANGELES FOREST HWY,JUNIPER RIDGE LN,0,NA,Y,A,-,N,NA,NA,NA,NA,NA,NA,NA,NA,NA,N,4,0,1,2,A,-,09,21804,A,N,D,C,A,A,H,-,D,D,0,NA,NA,NA,Y,Y,NA,A,07,0,0,1,0,0,0,0,0,0,-,-,34.47349166870117,-118.11560821533205,LOS ANGELES,UNINCORPORATED,-118.11557769775392,34.473411560058594
9451547,2022,2022-06-29,1900,2022-04-11,1039,650428,1337,1,5,5,1908,0,0,0,NA,0,133T2,BELLFLOWER BL,ALONDRA BL,0,NA,Y,A,-,N,NA,NA,NA,NA,NA,NA,NA,NA,NA,Y,3,0,1,3,A,-,12,21453,A,N,D,C,A,A,H,-,A,A,0,NA,NA,NA,NA,Y,NA,-,-,0,1,0,0,0,0,0,0,0,-,-,NA,NA,LOS ANGELES,BELLFLOWER,-118.12530517578124,33.889347076416016
9451548,2022,2022-05-27,1900,2022-04-07,1803,650428,1334,4,5,5,1908,0,0,0,NA,0,133T1,FLOWER ST,VIRGINIA AV,0,NA,Y,A,-,N,NA,NA,NA,NA,NA,NA,NA,NA,NA,N,4,0,1,2,A,-,09,21801,A,N,D,C,A,A,H,-,A,A,0,NA,NA,NA,NA,Y,NA,A,01,0,0,1,0,0,0,0,0,0,-,-,NA,NA,LOS ANGELES,BELLFLOWER,-118.13832092285156,33.882022857666016
9451549,2022,2022-05-27,1900,2022-04-08,1525,654688,1351,5,5,3,1927,0,0,0,NA,0,135B,223RD ST,NORWALK BL,0,NA,Y,A,-,N,NA,NA,NA,NA,NA,NA,NA,NA,NA,Y,4,0,1,2,A,-,08,22107,NA,N,D,C,A,A,H,-,A,A,0,NA,NA,Y,NA,Y,NA,C,03,0,0,1,0,0,0,0,0,1,-,-,NA,NA,LOS ANGELES,HAWAIIAN GARDENS,-118.07192993164064,33.82598876953125
9451550,2022,2022-05-27,1900,2022-04-13,1040,652731,1326,3,5,5,1935,0,0,0,NA,0,132B,SNOWDEN AV,DROXFORD ST,0,NA,Y,A,-,N,NA,NA,NA,NA,NA,NA,NA,NA,NA,NA,3,0,1,2,A,-,08,22103,NA,N,D,C,A,A,H,-,A,D,0,NA,NA,NA,NA,Y,NA,A,07,0,1,0,0,0,0,0,0,0,-,-,NA,NA,LOS ANGELES,LAKEWOOD,-118.11212158203124,33.860618591308594
9451551,2022,2022-05-27,1900,2022-04-16,1210,632490,1328,6,5,5,1935,0,0,0,NA,0,132T1,BLOOMFIELD AV,DEL AMO BL,0,NA,Y,A,-,N,NA,NA,NA,NA,NA,NA,NA,NA,NA,Y,3,0,1,2,A,-,09,21801,A,N,D,C,A,A,H,-,A,A,0,NA,NA,NA,NA,Y,NA,A,07,0,1,0,0,0,0,0,0,0,-,-,NA,NA,LOS ANGELES,LAKEWOOD,-118.06351470947266,33.84611129760742
94515518,2024,2024-12-24,9575,2024-12-16,1400,024136,NA,1,2,6,1953,0,1,1,NA,2,064,I-210 W/B (FOOTHILL FREEWAY),LAKE AVE,600,E,N,A,-,Y,LA,NA,210,NA,R,26.467,H,NA,L,Y,4,0,2,2,A,-,03,22350,NA,N,C,C,A,A,H,-,A,A,0,NA,NA,NA,NA,Y,NA,A,01,0,0,2,0,0,0,0,0,0,-,-,34.15193176269531,-118.12993621826172,LOS ANGELES,PASADENA,-118.12993621826172,34.1519660949707
94515519,2024,2024-12-24,9590,2024-12-23,930,015575,NA,1,1,7,1942,0,1,1,NA,2,083,I-5 S/B (GOLDEN STATE FREEWAY),ELMGROVE STREET,981,N,N,A,-,Y,LA,NA,5,NA,NA,21.192,H,NA,L,Y,4,0,1,1,A,-,08,22107,NA,N,E,I,A,A,H,-,A,D,0,NA,NA,NA,NA,Y,NA,D,22,0,0,1,0,0,0,0,0,0,-,-,34.08740997314453,-118.23504638671876,LOS ANGELES,LOS ANGELES,-118.23497772216795,34.08749008178711
9451552,2022,2022-05-27,1900,2022-04-14,0730,625912,1351,4,5,3,1927,0,0,0,NA,0,134A,NORWALK BL,214TH ST,10,S,N,A,-,N,NA,NA,NA,NA,NA,NA,NA,NA,NA,Y,3,0,1,2,A,-,09,21801,A,N,A,C,A,A,H,-,A,A,0,NA,NA,NA,NA,Y,NA,A,07,0,1,0,0,0,0,0,0,0,-,-,NA,NA,LOS ANGELES,HAWAIIAN GARDENS,-118.07203674316406,33.83506393432617
94515525,2024,2024-12-24,9590,2024-12-17,755,023863,NA,2,1,7,1942,0,1,2,NA,2,043,US-101 S/B (SAF) TO I-10 E/B (SBF),CESAR CHAVEZ AVENUE,300,N,N,A,-,Y,LA,NA,10,NA,S,0.06,H,NA,R,N,4,0,1,1,A,-,08,22107,NA,N,E,I,A,A,H,-,A,D,0,NA,NA,NA,NA,Y,NA,A,01,0,0,1,0,0,0,0,0,0,-,-,34.05276107788086,-118.22353363037108,LOS ANGELES,LOS ANGELES,-118.22350311279295,34.052730560302734
9451553,2022,2022-05-27,1900,2022-04-13,1745,629510,1368,3,5,5,1952,0,0,0,NA,0,136A,ALONDRA BL,INDIANA AV,0,NA,Y,A,-,N,NA,NA,NA,NA,NA,NA,NA,NA,NA,Y,4,0,1,2,A,-,03,22350,NA,N,C,C,A,A,H,-,A,A,0,NA,NA,NA,NA,Y,NA,A,01,0,0,1,0,0,0,0,0,0,-,-,NA,NA,LOS ANGELES,PARAMOUNT,-118.15345764160156,33.88916778564453
9451554,2022,2022-05-27,1900,2022-04-13,0600,624371,1331,3,5,5,1908,0,0,0,NA,0,133D,ROSECRANS AV,SAN GABRIEL RIVERBED,0,NA,Y,A,-,N,NA,NA,NA,NA,NA,NA,NA,NA,NA,N,4,0,1,2,A,-,09,21801,A,N,D,C,A,A,H,-,A,D,0,NA,NA,NA,NA,Y,NA,A,01,0,0,1,0,0,0,0,0,0,-,-,33.90201950073242,-118.10858154296876,LOS ANGELES,BELLFLOWER,-118.10533142089844,33.901981353759766
94515540,2024,2024-12-24,9525,2024-12-20,800,022770,NA,5,1,5,1926,0,1,1,NA,2,205,I-210 W/B (FOOTHILL FWY),GRAND AVE,0.54,W,N,A,-,Y,LA,NA,210,NA,R,41.082,H,NA,L,Y,4,0,2,4,A,-,03,22350,NA,N,C,C,A,A,H,-,A,D,0,NA,NA,NA,NA,Y,NA,A,07,0,0,2,0,0,0,0,0,0,-,-,34.121028900146484,-117.88182830810548,LOS ANGELES,GLENDORA,-117.88182830810548,34.12105178833008
94515546,2024,2024-12-24,9575,2024-12-14,1900,023395,NA,6,2,7,1942,0,1,S,NA,2,904,SR-134 E/B (VENTURA FREEWAY),RIVERSIDE DR,1056,W,N,A,-,Y,LA,NA,134,NA,NA,4.583,H,NA,R,N,4,0,2,2,A,-,03,22350,NA,M,C,C,A,A,H,-,C,D,0,NA,NA,NA,NA,Y,NA,-,99,0,0,2,0,0,0,0,0,0,-,-,34.15568923950195,-118.29788208007813,LOS ANGELES,LOS ANGELES,-118.29786682128906,34.15573501586914
9451555,2022,2022-05-27,1900,2022-04-12,2030,627590,1337,2,5,5,1908,0,0,0,NA,0,133T2,ALONDRA BL,BELLFLOWER BL,0,NA,Y,A,-,N,NA,NA,NA,NA,NA,NA,NA,NA,NA,Y,2,0,3,3,A,-,01,23153,A,N,D,C,B,A,H,-,C,A,0,Y,NA,NA,NA,Y,Y,A,01,1,0,2,0,1,0,0,0,0,-,-,NA,NA,LOS ANGELES,BELLFLOWER,-118.12530517578124,33.889347076416016
94515555,2024,2024-12-24,9550,2024-12-10,1249,022298,NA,2,1,7,1941,0,1,1,NA,2,653,I-605 SOUTHBOUND TO WILLOW STREET,WILLOW STREET,1220,N,N,A,-,Y,NA,NA,NA,NA,NA,NA,NA,NA,NA,Y,3,0,1,1,A,-,08,22107,NA,N,E,8,A,A,H,-,A,D,0,NA,NA,NA,NA,Y,NA,A,07,0,1,0,0,0,0,0,0,0,-,-,33.806331634521484,-118.08226013183594,LOS ANGELES,LONG BEACH,NA,NA
9451556,2022,2022-05-27,1900,2022-04-12,0700,647537,1363,2,5,5,1952,0,0,0,NA,0,136A,SOMERSET BL,ORANGE AV,0,NA,Y,A,-,N,NA,NA,NA,NA,NA,NA,NA,NA,NA,Y,4,0,1,2,A,-,12,21453,A,N,A,C,A,A,H,-,A,A,0,NA,NA,NA,NA,Y,NA,A,01,0,0,1,0,0,0,0,0,0,-,-,NA,NA,LOS ANGELES,PARAMOUNT,-118.17752075195313,33.896278381347656
94515560,2024,2024-12-24,9525,2024-12-20,1820,022925,NA,5,2,6,1955,0,1,3,NA,2,071,SR-71 S/B (CHINO VALLEY FWY),MISSION BLVD,1584,N,N,A,-,Y,LA,NA,71,NA,NA,1.272,H,NA,L,N,4,0,1,2,A,-,03,22350,NA,N,C,C,A,A,H,-,C,D,0,NA,NA,NA,NA,Y,NA,A,01,0,0,1,0,0,0,0,0,0,-,-,34.05752182006836,-117.7852020263672,LOS ANGELES,POMONA,-117.78514099121094,34.057559967041016
9451557,2022,2022-06-02,1900,2022-04-08,1937,610045,1369,5,5,5,1952,0,0,0,NA,0,136E,ALONDRA BL,LAKEWOOD BL,324,W,N,A,-,N,NA,NA,NA,NA,NA,NA,NA,NA,NA,N,4,0,1,2,D,-,00,NA,NA,N,A,G,A,A,H,-,A,D,0,NA,Y,NA,NA,Y,NA,-,-,0,0,1,0,0,0,1,0,0,-,-,NA,NA,LOS ANGELES,PARAMOUNT,-118.14369201660156,33.889320373535156
94515579,2024,2024-12-24,9550,2024-12-10,1000,024048,NA,2,1,7,1941,0,1,3,NA,2,090,SR-91 EASTBOUND (ARTESIA FREEWAY),PARAMOUNT BOULEVARD,240,E,N,A,-,Y,LA,NA,91,NA,R,13.67,H,NA,R,Y,4,0,2,5,A,-,03,22350,NA,N,C,C,A,A,H,-,A,D,0,NA,NA,NA,NA,Y,NA,A,08,0,0,2,0,0,0,0,0,0,-,-,33.87623977661133,-118.15901947021484,LOS ANGELES,LONG BEACH,-118.15901184082033,33.8762092590332
9451558,2022,2022-06-22,1900,2022-04-26,1735,648577,1332,2,5,5,1952,0,0,0,NA,0,133F1,LAKEWOOD BL,SOMERSET BL,358,S,N,A,-,N,NA,NA,NA,NA,NA,NA,NA,NA,NA,Y,3,0,1,2,A,-,06,21755,NA,N,B,C,A,A,H,-,A,D,0,NA,NA,Y,NA,Y,NA,C,02,0,1,0,0,0,0,0,0,1,-,-,33.895511627197266,-118.14846801757813,LOS ANGELES,PARAMOUNT,-118.14266204833984,33.895538330078125
9451559,2022,2022-05-27,1900,2022-04-22,1452,407852,1321,5,5,5,1935,0,0,0,NA,0,132T1,WOODRUFF AV,DEL AMO BL,15,N,N,A,-,N,NA,NA,NA,NA,NA,NA,NA,NA,NA,Y,4,0,2,2,A,-,03,22350,NA,N,D,C,A,A,H,-,A,A,0,NA,NA,NA,NA,Y,NA,A,01,0,0,2,0,0,0,0,0,0,-,-,NA,NA,LOS ANGELES,LAKEWOOD,-118.11643981933594,33.847023010253906
9451560,2022,2022-05-27,1900,2022-04-22,0952,656182,1322,5,5,5,1935,0,0,0,NA,0,132DAY,ASHWORTH ST,WHITEWOOD AV,0,NA,Y,A,-,N,NA,NA,NA,NA,NA,NA,NA,NA,NA,N,3,0,1,2,A,-,09,21802,A,N,H,C,A,A,H,-,A,A,0,NA,NA,Y,NA,Y,NA,A,01,0,1,0,0,0,0,0,0,1,-,-,NA,NA,LOS ANGELES,LAKEWOOD,-118.13580322265624,33.86784744262695
9451561,2022,2022-05-27,1900,2022-04-16,1130,622105,2608,6,5,6,1950,0,0,0,NA,0,263T1,AVENUE S,30TH ST EAST,0,NA,Y,A,-,N,NA,NA,NA,NA,NA,NA,NA,NA,NA,N,3,0,1,2,A,-,03,22350,NA,N,C,C,A,A,H,-,A,A,0,NA,NA,NA,NA,Y,NA,A,07,0,1,0,0,0,0,0,0,0,-,-,34.580238342285156,-118.07604217529295,LOS ANGELES,PALMDALE,-118.07627105712892,34.558128356933594
9451562,2022,2022-06-22,1900,2022-04-16,1604,622105,2617,6,5,6,1950,0,0,0,NA,0,262T1,ASTUTO DR,RANCHO VISTA BL,0,NA,Y,A,-,N,NA,NA,NA,NA,NA,NA,NA,NA,NA,N,3,0,1,2,A,-,08,22107,NA,N,D,E,A,A,H,-,A,D,0,NA,NA,NA,NA,Y,NA,A,01,0,1,0,0,0,0,0,0,0,-,-,34.619380950927734,-118.2165985107422,LOS ANGELES,PALMDALE,-118.21638488769533,34.61933517456055
9451563,2022,2022-05-27,1900,2022-04-15,1030,625597,2607,5,5,6,1950,0,0,0,NA,0,264T1,AVENUE R-14,70TH ST WEST,415,W,N,A,-,N,NA,NA,NA,NA,NA,NA,NA,NA,NA,N,3,0,1,1,A,-,03,22350,NA,N,H,A,A,A,H,-,A,D,0,NA,NA,NA,NA,Y,NA,A,07,0,1,0,0,0,0,0,0,0,-,-,34.56145095825195,-118.00991821289064,LOS ANGELES,PALMDALE,NA,NA
94515630,2024,2024-12-24,9575,2024-12-14,2055,023395,NA,6,2,6,1912,0,1,S,NA,2,904,SR-134 E/B (VENTURA FREEWAY),PASS AVE,1056,W,N,A,-,Y,LA,NA,134,NA,NA,1.58,H,NA,R,N,4,0,2,2,A,-,08,22107,NA,M,B,C,A,A,H,-,A,D,0,NA,NA,NA,NA,Y,NA,-,99,0,0,2,0,0,0,0,0,0,-,-,34.153541564941406,-118.34912872314452,LOS ANGELES,BURBANK,-118.34912872314452,34.15353775024414
94515634,2024,2025-03-25,9590,2024-12-15,315,023319,NA,7,3,7,1942,0,1,2,NA,2,072,US-101 N/B (HOLLYWOOD FREEWAY),BARHAM BLVD.,160,S,N,A,-,Y,LA,NA,101,NA,NA,9.184,H,NA,R,N,3,0,1,2,C,-,18,NA,NA,N,B,C,A,A,H,-,C,D,0,NA,NA,NA,NA,Y,NA,-,-,0,1,0,0,0,0,0,0,0,-,-,34.128379821777344,-118.34658050537108,LOS ANGELES,LOS ANGELES,-118.34648895263672,34.12844467163086
9451564,2022,2022-05-27,1900,2022-04-12,0724,510899,2608,2,5,6,1950,0,0,0,NA,0,262T1,20TH ST EAST,AVENUE Q-13,102,N,N,A,-,N,NA,NA,NA,NA,NA,NA,NA,NA,NA,Y,3,0,2,2,A,-,08,22107,NA,N,A,C,A,A,H,-,A,D,0,NA,NA,NA,NA,Y,NA,A,01,0,2,0,0,0,0,0,0,0,-,-,34.575618743896484,-118.0940399169922,LOS ANGELES,PALMDALE,-118.09427642822266,34.587711334228516
9451565,2022,2022-05-27,1900,2022-04-09,1850,626632,2607,6,5,6,1950,0,0,0,NA,0,264T1,AVENUE R,60TH ST EAST,9,W,N,A,F,N,NA,NA,NA,NA,NA,NA,NA,NA,NA,Y,3,0,2,2,A,-,12,21453,A,N,D,C,A,A,H,-,B,A,0,NA,NA,NA,NA,Y,NA,A,01,0,1,1,0,0,0,0,0,0,-,-,34.57249069213867,-118.0229263305664,LOS ANGELES,PALMDALE,-118.0229263305664,34.57246017456055
9451566,2022,2022-05-27,1900,2022-04-27,1158,552336,2623,3,5,6,1950,0,0,0,NA,0,263T1,AVENUE O,110TH ST EAST,4616,E,N,A,-,N,NA,NA,NA,NA,NA,NA,NA,NA,NA,Y,4,0,1,1,A,-,08,22107,NA,N,F,A,A,A,H,-,A,D,0,NA,NA,NA,NA,Y,NA,A,01,0,0,1,0,0,0,0,0,0,-,-,34.616798400878906,-117.91861724853516,LOS ANGELES,PALMDALE,-117.9187240600586,34.616722106933594
9451567,2022,2022-05-31,1900,2022-04-28,1755,514671,2607,4,5,6,1950,0,0,0,NA,0,264T1,AVENUE R,47TH ST EAST,150,W,N,A,-,N,NA,NA,NA,NA,NA,NA,NA,NA,NA,N,4,0,1,2,A,-,09,21804,A,N,D,C,A,A,H,-,A,D,0,NA,NA,NA,NA,Y,NA,A,01,0,0,1,0,0,0,0,0,0,-,-,34.57268142700195,-118.0457000732422,LOS ANGELES,PALMDALE,-118.04549407958984,34.57283020019531
9451568,2022,2022-05-31,1900,2022-04-24,2046,625597,2619,7,5,6,1950,0,0,0,NA,0,263T1,TIERRA SUBIDA AV,RAYBURN RD,0,NA,Y,A,-,N,NA,NA,NA,NA,NA,NA,NA,NA,NA,Y,4,0,2,2,A,-,09,21453,C,N,D,C,A,A,H,-,C,A,0,NA,NA,NA,NA,Y,NA,A,01,0,0,2,0,0,0,0,0,0,-,-,34.569698333740234,-118.13919830322266,LOS ANGELES,PALMDALE,-118.1392822265625,34.56990051269531
94515686,2024,2024-12-24,9590,2024-12-23,1040,023252,NA,1,1,7,1942,0,1,1,NA,2,050,I-110 N/B (HARBOR FREEWAY),COLDEN AVENUE,270,S,N,A,-,Y,LA,NA,110,NA,NA,15.178,H,NA,R,N,4,0,1,2,A,-,03,22350,NA,N,C,C,A,A,H,-,A,D,0,NA,NA,NA,NA,Y,NA,A,01,0,0,1,0,0,0,0,0,0,-,-,33.94837188720703,-118.27938842773438,LOS ANGELES,LOS ANGELES,-118.27940368652344,33.948368072509766
9451569,2022,2022-05-31,1900,2022-04-08,0055,625432,0629,5,5,6,1985,0,0,0,NA,0,62T1,LYONS AV,AVENIDA ENTRANA,69,E,N,A,-,N,NA,NA,NA,NA,NA,NA,NA,NA,NA,N,3,0,1,1,A,-,01,23152,A,N,E,I,A,A,H,-,C,D,0,NA,NA,NA,NA,Y,Y,A,01,0,1,0,0,0,0,0,0,0,-,-,34.37895965576172,-118.5526885986328,LOS ANGELES,SANTA CLARITA,-118.55276489257813,34.379150390625