CASE_ID,ACCIDENT_YEAR,PROC_DATE,JURIS,COLLISION_DATE,COLLISION_TIME,OFFICER_ID,REPORTING_DISTRICT,DAY_OF_WEEK,CHP_SHIFT,POPULATION,CNTY_CITY_LOC,SPECIAL_COND,BEAT_TYPE,CHP_BEAT_TYPE,CITY_DIVISION_LAPD,CHP_BEAT_CLASS,BEAT_NUMBER,PRIMARY_RD,SECONDARY_RD,DISTANCE,DIRECTION,INTERSECTION,WEATHER_1,WEATHER_2,STATE_HWY_IND,CALTRANS_COUNTY,CALTRANS_DISTRICT,STATE_ROUTE,ROUTE_SUFFIX,POSTMILE_PREFIX,POSTMILE,LOCATION_TYPE,RAMP_INTERSECTION,SIDE_OF_HWY,TOW_AWAY,COLLISION_SEVERITY,NUMBER_KILLED,NUMBER_INJURED,PARTY_COUNT,PRIMARY_COLL_FACTOR,PCF_CODE_OF_VIOL,PCF_VIOL_CATEGORY,PCF_VIOLATION,PCF_VIOL_SUBSECTION,HIT_AND_RUN,TYPE_OF_COLLISION,MVIW,PED_ACTION,ROAD_SURFACE,ROAD_COND_1,ROAD_COND_2,LIGHTING,CONTROL_DEVICE,CHP_ROAD_TYPE,PEDESTRIAN_ACCIDENT,BICYCLE_ACCIDENT,MOTORCYCLE_ACCIDENT,TRUCK_ACCIDENT,NOT_PRIVATE_PROPERTY,ALCOHOL_INVOLVED,STWD_VEHTYPE_AT_FAULT,CHP_VEHTYPE_AT_FAULT,COUNT_SEVERE_INJ,COUNT_VISIBLE_INJ,COUNT_COMPLAINT_PAIN,COUNT_PED_KILLED,COUNT_PED_INJURED,COUNT_BICYCLIST_KILLED,COUNT_BICYCLIST_INJURED,COUNT_MC_KILLED,COUNT_MC_INJURED,PRIMARY_RAMP,SECONDARY_RAMP,LATITUDE,LONGITUDE,COUNTY,CITY,POINT_X,POINT_Y
94515694,2024,2024-12-24,9545,2024-12-15,2134,023608,NA,7,2,6,1950,0,1,3,NA,2,021,SR-14 S/B,10TH ST  W,1310,N,N,A,-,Y,LA,NA,14,NA,R,62.04,H,NA,L,N,3,0,2,1,A,-,08,22107,NA,N,E,8,A,A,D,-,C,D,0,NA,NA,NA,NA,Y,NA,A,01,0,1,1,0,0,0,0,0,0,-,-,34.60792922973633,-118.15106964111328,LOS ANGELES,PALMDALE,-118.15105438232422,34.607940673828125
9451570,2022,2022-05-31,1900,2022-04-08,1943,647475,0629,5,5,6,1985,0,0,0,NA,0,62T1,LYONS AV,PEACHLAND AV,0,NA,Y,A,-,N,NA,NA,NA,NA,NA,NA,NA,NA,NA,N,3,0,1,2,A,-,05,21650,1,N,D,G,A,A,H,-,C,A,0,NA,Y,NA,NA,Y,NA,L,04,0,1,0,0,0,0,1,0,0,-,-,NA,NA,LOS ANGELES,SANTA CLARITA,-118.54696655273438,34.379459381103516
9451571,2022,2022-05-31,1900,2022-04-18,1258,623588,0622,1,5,6,1985,0,0,0,NA,0,62T1,ORCHARD VILLAGE RD,MILL VALLEY RD,0,NA,Y,A,-,N,NA,NA,NA,NA,NA,NA,NA,NA,NA,N,4,0,1,2,D,-,00,NA,NA,N,D,C,A,A,H,-,A,A,0,NA,NA,NA,NA,Y,NA,-,-,0,0,1,0,0,0,0,0,0,-,-,34.392601013183594,-118.55016326904295,LOS ANGELES,SANTA CLARITA,-118.55017852783205,34.39253616333008
9451572,2022,2022-05-31,1900,2022-04-08,2006,476466,0631,5,5,6,1985,0,0,0,NA,0,61T1,LOTUSGARDEN DR,GARDENIA PARK DR,226,S,N,A,-,N,NA,NA,NA,NA,NA,NA,NA,NA,NA,N,3,0,2,3,A,-,10,21950,A,N,D,B,E,A,H,-,C,D,0,Y,NA,NA,NA,Y,NA,A,01,0,2,0,0,2,0,0,0,0,-,-,34.430320739746094,-118.40409088134766,LOS ANGELES,SANTA CLARITA,-118.40483856201172,34.43135452270508
9451573,2022,2022-05-31,1900,2022-04-11,1545,480768,0643,1,5,6,1985,0,0,0,NA,0,64T1,GOLDEN VALLEY RD,NEWHALL RANCH RD,143,E,N,A,-,N,NA,NA,NA,NA,NA,NA,NA,NA,NA,Y,4,0,2,2,A,-,03,22350,NA,N,C,C,A,A,H,-,A,D,0,NA,NA,NA,NA,Y,NA,A,07,0,0,2,0,0,0,0,0,0,-,-,34.42655944824219,-118.50670623779295,LOS ANGELES,SANTA CLARITA,-118.507080078125,34.42719650268555
94515802,2024,2024-12-24,9575,2024-12-18,1730,022336,NA,3,2,7,1942,0,1,1,NA,2,061,I-210 E/B (FOOTHILL FREEWAY),FOOTHILL BLVD.,2214,E,N,A,-,Y,LA,NA,210,NA,R,8.285,H,NA,R,Y,4,0,2,2,A,-,03,22350,NA,N,C,C,A,A,C,-,D,D,0,NA,NA,NA,Y,Y,NA,G,25,0,0,2,0,0,0,0,0,0,-,-,34.273929595947266,-118.37335205078124,LOS ANGELES,LOS ANGELES,-118.37335205078124,34.27394485473633
94515843,2024,2024-12-25,9575,2024-12-23,1730,024158,NA,1,2,7,1942,0,1,1,NA,2,050,I-5 S/B (GOLDEN STATE FREEWAY),ZOO DR.,1135,S,N,A,-,Y,LA,NA,5,NA,NA,26.242,H,NA,L,Y,4,0,1,3,A,-,01,23152,A,N,C,C,A,A,H,-,C,D,0,NA,NA,NA,NA,Y,Y,A,01,0,0,1,0,0,0,0,0,0,-,-,34.14739990234375,-118.2795181274414,LOS ANGELES,LOS ANGELES,-118.27940368652344,34.147422790527344
9451588,2022,2022-06-01,1900,2022-05-07,1730,655340,2608,6,5,6,1950,0,0,0,NA,0,262T1,AVENUE S,20TH ST EAST,0,NA,Y,A,-,N,NA,NA,NA,NA,NA,NA,NA,NA,NA,Y,4,0,1,3,A,-,03,22350,NA,N,C,C,A,A,H,-,A,A,0,NA,NA,NA,NA,Y,NA,A,08,0,0,1,0,0,0,0,0,0,-,-,34.558311462402344,-118.09322357177734,LOS ANGELES,PALMDALE,-118.09413909912108,34.55825424194336
9451589,2022,2022-06-01,1900,2022-05-04,2000,544121,2607,3,5,6,1950,0,0,0,NA,0,264T1,AVENUE S,60TH ST EAST,0,NA,Y,A,-,N,NA,NA,NA,NA,NA,NA,NA,NA,NA,Y,3,0,2,2,A,-,09,21801,A,N,D,C,A,A,H,-,B,D,0,NA,NA,NA,NA,Y,NA,A,01,0,1,1,0,0,0,0,0,0,-,-,34.55799865722656,-118.0228271484375,LOS ANGELES,PALMDALE,-118.02281951904295,34.55796432495117
9451590,2022,2022-06-01,1900,2022-05-03,0730,514671,2617,2,5,6,1950,0,0,0,NA,0,261T1,AVENUE N,55TH ST WEST,0,NA,Y,A,-,N,NA,NA,NA,NA,NA,NA,NA,NA,NA,N,3,0,1,2,A,-,21,22106,NA,N,C,C,A,A,H,-,A,A,0,NA,NA,NA,NA,Y,NA,A,08,0,1,0,0,0,0,0,0,0,-,-,34.63098907470703,-118.22737121582033,LOS ANGELES,PALMDALE,-118.22760009765624,34.630855560302734
94516177,2024,2024-12-26,9590,2024-12-20,600,022091,NA,5,1,7,1942,0,1,1,NA,2,083,I-5 S/B (GOLDEN STATE FREEWAY),19TH STREET,105,S,N,A,-,Y,LA,NA,5,NA,NA,20.572,H,NA,L,N,3,0,1,2,A,-,07,21658,A,N,B,C,A,A,H,-,A,D,0,NA,NA,NA,NA,Y,NA,A,01,0,1,0,0,0,0,0,0,0,-,-,34.08238983154297,-118.22599792480467,LOS ANGELES,LOS ANGELES,-118.22597503662108,34.08245849609375
94516182,2024,2024-12-26,9590,2024-11-30,2200,023549,NA,6,3,7,1942,0,1,1,NA,2,063,I-10 W/B (SANTA MONICA FREEWAY) (SMF),LOS ANGELES STREET,30,E,N,A,-,Y,LA,NA,10,NA,NA,15.642,H,NA,L,N,3,0,1,1,A,-,08,22107,NA,N,E,I,A,A,H,-,C,D,0,NA,NA,NA,NA,Y,NA,A,01,0,1,0,0,0,0,0,0,0,-,-,34.03192901611328,-118.26213073730467,LOS ANGELES,LOS ANGELES,-118.2620849609375,34.032005310058594
94516185,2024,2024-12-26,9530,2024-12-16,1546,017755,NA,1,2,5,1977,0,1,1,NA,2,410,I-405 S/B (SAN DIEGO FREEWAY),CARSON ST.,819,N,N,A,-,Y,LA,NA,405,NA,NA,10.735,H,NA,L,Y,3,0,2,4,A,-,07,21658,A,N,B,C,A,A,H,-,A,D,0,NA,NA,Y,NA,Y,NA,A,07,0,1,1,0,0,0,0,0,2,-,-,33.83369064331055,-118.25791168212892,LOS ANGELES,CARSON,-118.25799560546876,33.83363342285156
94516187,2024,2024-12-26,9530,2024-12-12,1630,023673,NA,4,2,7,1941,0,1,1,NA,2,071,I-710 S/B (LONG BEACH FREEWAY),LONG BEACH BLVD.,1500,S,N,A,-,Y,LA,NA,710,NA,NA,11.693,H,NA,L,N,4,0,1,2,A,-,03,22350,NA,N,C,C,A,A,H,-,C,D,0,NA,NA,NA,NA,Y,NA,A,01,0,0,1,0,0,0,0,0,0,-,-,33.858558654785156,-118.20189666748048,LOS ANGELES,LONG BEACH,-118.20215606689452,33.85869598388672
94516194,2024,2024-12-26,9590,2024-11-27,1739,023394,NA,3,2,7,1942,0,1,2,NA,2,071,US-101 S/B (HOLLYWOOD FREEWAY),GLENDALE BLVD,285,N,N,B,-,Y,LA,NA,101,NA,NA,2.564,H,NA,L,N,4,0,1,2,A,-,03,22350,NA,M,C,C,A,A,H,-,B,D,0,NA,NA,NA,NA,Y,NA,-,99,0,0,1,0,0,0,0,0,0,-,-,34.06980895996094,-118.26226043701172,LOS ANGELES,LOS ANGELES,-118.2621841430664,34.06996154785156
94516197,2024,2024-12-26,9590,2024-12-21,940,024222,NA,6,1,7,1942,0,1,1,NA,2,061,I-10 W/B (SANTA MONICA FREEWAY),CRENSHAW BOULEVARD,800,E,N,A,-,Y,LA,NA,10,NA,R,11.545,H,NA,L,N,4,0,1,2,A,-,03,22350,NA,N,C,C,A,A,H,-,A,D,0,NA,NA,NA,NA,Y,NA,A,01,0,0,1,0,0,0,0,0,0,-,-,34.035240173339844,-118.33104705810548,LOS ANGELES,LOS ANGELES,-118.3310546875,34.03529739379883
94516204,2024,2024-12-26,9530,2024-12-10,2045,024119,NA,2,2,5,1943,0,1,1,NA,2,210,I-105 E/B (GLENN ANDERSON FWY),WILLOWBROOK AVE.,360,E,N,A,-,Y,LA,NA,105,NA,R,9.968,H,NA,R,N,4,0,1,2,A,-,07,21658,A,M,B,C,A,A,H,-,C,D,0,NA,NA,NA,NA,Y,NA,-,99,0,0,1,0,0,0,0,0,0,-,-,33.92795181274414,-118.2360382080078,LOS ANGELES,LYNWOOD,-118.2360382080078,33.927974700927734
94516275,2024,2024-12-26,9590,2024-12-16,1140,023892,NA,1,1,7,1942,0,1,1,NA,2,083,I-5 S/B (GOLDEN STATE FREEWAY),RIVERSIDE DRIVE,760,S,N,A,-,Y,LA,NA,5,NA,NA,21.801,H,NA,L,N,4,0,2,2,A,-,07,21658,A,F,B,C,A,A,H,-,A,D,0,NA,NA,NA,NA,Y,NA,-,99,0,0,2,0,0,0,0,0,0,-,-,34.09381103515625,-118.24244689941406,LOS ANGELES,LOS ANGELES,-118.24240112304688,34.093841552734375
94516381,2024,2024-12-26,9590,2024-12-16,750,023946,NA,1,1,7,1942,0,1,1,NA,2,052,I-110 N/B (HARBOR FREEWAY),23RD STREET,320,S,N,A,-,Y,LA,NA,110,NA,NA,21.001,H,NA,R,N,3,0,2,2,A,-,03,22350,NA,N,C,2,A,A,H,-,A,D,0,NA,NA,NA,NA,Y,NA,A,01,0,1,1,0,0,0,0,0,0,-,-,34.03178024291992,-118.27449798583984,LOS ANGELES,LOS ANGELES,-118.27445220947266,34.03178405761719
9451639,2022,2022-06-01,1941,2022-05-03,0917,11568,NA,2,5,7,1941,0,0,0,NA,0,NA,HARBOR AV,HARBOR AV 6675,0,NA,N,A,-,N,NA,NA,NA,NA,NA,NA,NA,NA,NA,N,4,0,1,2,A,-,21,22106,NA,F,D,C,A,A,H,-,A,D,0,NA,NA,NA,NA,Y,NA,A,NA,0,0,1,0,0,0,0,0,0,-,-,NA,NA,LOS ANGELES,LONG BEACH,-118.27391815185548,34.03823471069336
94516391,2024,2024-12-26,9580,2024-12-21,330,023607,NA,6,3,7,1942,0,1,2,NA,2,100,US-101 N/B (VENTURA FREEWAY),TUJUNGA AVE,0,NA,Y,A,-,Y,LA,NA,101,NA,NA,11.893,H,NA,R,Y,3,0,1,1,A,-,01,23152,A,N,A,I,A,A,H,-,D,D,0,NA,NA,NA,NA,Y,Y,A,01,0,1,0,0,0,0,0,0,0,-,-,34.154510498046875,-118.37925720214844,LOS ANGELES,LOS ANGELES,-118.37925720214844,34.15460205078125
9451640,2022,2022-07-20,1941,2022-05-06,2207,11230,NA,5,5,7,1941,0,0,0,NA,0,NA,DEL AMO BL,PACIFIC AV,0,NA,Y,A,-,N,NA,NA,NA,NA,NA,NA,NA,NA,NA,N,4,0,1,3,A,-,00,20001,NA,N,D,C,A,A,H,-,C,A,0,NA,NA,NA,NA,Y,Y,A,NA,0,0,1,0,0,0,0,0,0,-,-,NA,NA,LOS ANGELES,LONG BEACH,-118.19807434082033,33.846588134765625
94516405,2024,2024-12-26,9580,2024-12-16,1928,023395,NA,1,2,9,1900,0,3,5,NA,1,020,RAMBLA PACIFICO RD,HUME RD,50,S,N,A,-,N,NA,NA,NA,NA,NA,NA,NA,NA,NA,N,4,0,1,2,A,-,08,22107,NA,N,B,3,A,A,H,-,D,D,0,NA,NA,NA,NA,Y,NA,A,07,0,0,1,0,0,0,0,0,0,-,-,34.04990005493164,-118.64501953125,LOS ANGELES,UNINCORPORATED,-118.6449737548828,34.04981231689453
9451641,2022,2022-06-01,1941,2022-05-06,0218,11553,NA,5,5,7,1941,0,0,0,NA,0,NA,EAST 4TH ST,CHERRY AV,0,NA,Y,A,-,N,NA,NA,NA,NA,NA,NA,NA,NA,NA,Y,4,0,1,2,A,-,09,21801,A,N,D,C,A,A,H,-,C,A,0,NA,NA,Y,NA,Y,NA,A,NA,0,0,1,0,0,0,0,0,1,-,-,NA,NA,LOS ANGELES,LONG BEACH,-118.16767120361328,33.7717170715332
94516413,2024,2024-12-26,9535,2024-12-16,1015,022105,NA,1,1,5,1901,0,1,1,NA,2,420,I-10 W/B FROM NEW AVENUE,NEW AVE,150,W,N,A,-,Y,LA,NA,10,NA,NA,24.808,H,NA,L,Y,3,0,1,2,A,-,09,21803,A,N,B,C,A,A,H,-,A,A,0,NA,NA,NA,NA,Y,NA,A,01,0,1,0,0,0,0,0,0,0,-,-,34.07212829589844,-118.10875701904295,LOS ANGELES,ALHAMBRA,-118.10875701904295,34.071990966796875
9451642,2022,2022-06-01,1941,2022-05-04,1511,10833,NA,3,5,7,1941,0,0,0,NA,0,NA,LOS COYOTES DIAG,OUTER TRAFFIC CIR,0,NA,Y,A,-,N,NA,NA,NA,NA,NA,NA,NA,NA,NA,N,3,0,1,2,A,-,08,22107,NA,N,A,C,A,A,H,-,A,A,0,NA,NA,NA,NA,Y,NA,A,NA,0,1,0,0,0,0,0,0,0,-,-,NA,NA,LOS ANGELES,LONG BEACH,NA,NA
9451646,2022,2022-06-01,1926,2022-05-10,1750,0082,NA,2,5,5,1926,0,0,0,NA,0,002,GRAND AV,MAUNA LOA AV,0,NA,Y,A,-,N,NA,NA,NA,NA,NA,NA,NA,NA,NA,Y,3,0,2,2,A,-,12,21453,A,N,D,C,A,A,H,-,A,A,0,NA,NA,NA,NA,Y,NA,A,01,0,1,1,0,0,0,0,0,0,-,-,34.125091552734375,-117.87272644042967,LOS ANGELES,GLENDORA,-117.87272644042967,34.125091552734375
9451647,2022,2022-06-01,1926,2022-05-11,0713,0126,NA,3,5,5,1926,0,0,0,NA,0,001,BENNETT AV,GRAND AV,0,NA,Y,A,-,N,NA,NA,NA,NA,NA,NA,NA,NA,NA,N,3,0,1,2,A,-,11,21950,B,N,G,B,C,-,H,-,A,A,0,Y,NA,NA,NA,Y,NA,N,60,0,1,0,0,1,0,0,0,0,-,-,34.13969039916992,-117.87264251708984,LOS ANGELES,GLENDORA,-117.87265014648438,34.13962936401367
9451650,2022,2022-06-01,1976,2022-05-04,2211,492,NA,3,5,5,1976,0,0,0,NA,0,003,OCEAN VIEW AV,MAR VISTA ST,20,S,N,A,-,N,NA,NA,NA,NA,NA,NA,NA,NA,NA,Y,4,0,1,2,A,-,01,23152,A,N,B,E,A,A,H,-,C,A,0,NA,NA,Y,NA,Y,Y,C,02,0,0,1,0,0,0,0,0,1,-,-,NA,NA,LOS ANGELES,WHITTIER,-118.01250457763672,33.96463394165039
94516518,2024,2024-12-26,9535,2024-12-16,2120,022797,NA,1,2,9,1900,0,1,3,NA,2,601,SR-60 W/B FROM 3RD STREET,3RD STREET,100,N,N,A,-,Y,NA,NA,NA,NA,NA,NA,NA,NA,NA,N,4,0,1,2,A,-,08,22107,NA,N,B,C,A,A,H,-,C,D,0,NA,NA,NA,NA,Y,NA,A,01,0,0,1,0,0,0,0,0,0,-,-,34.03369903564453,-118.1828384399414,LOS ANGELES,UNINCORPORATED,-118.18087005615234,34.03341293334961
9451655,2022,2022-06-01,1900,2022-05-09,2120,640413,1628,1,5,5,1977,0,0,0,NA,0,167T1,AVALON BL,CENTER DR,0,NA,Y,A,-,N,NA,NA,NA,NA,NA,NA,NA,NA,NA,N,4,0,1,2,D,-,00,NA,NA,N,B,-,A,A,H,-,C,A,0,NA,NA,NA,NA,Y,NA,-,-,0,0,1,0,0,0,0,0,0,-,-,33.83066177368164,-118.26363372802734,LOS ANGELES,CARSON,NA,NA
9451656,2022,2022-06-10,1900,2022-05-05,1709,623539,1610,4,5,5,1977,0,0,0,NA,0,164T1,MAIN ST,RT 110,144,N,N,A,-,N,NA,NA,NA,NA,NA,NA,NA,NA,NA,N,3,0,1,2,A,-,05,21650,1,N,D,C,A,A,H,-,A,D,0,NA,Y,NA,NA,Y,NA,L,04,0,1,0,0,0,0,1,0,0,-,-,33.874149322509766,-118.2753677368164,LOS ANGELES,CARSON,-121.26744842529295,38.64240264892578
94516594,2024,2024-12-26,9540,2024-12-25,1510,023229,NA,3,2,7,1942,0,1,1,NA,1,502,I-5 NORTHBOUND,SAN FERNANDO RD,1339,N,N,A,-,Y,LA,NA,5,NA,R,45.2,H,NA,R,N,4,0,1,2,A,-,07,21658,A,M,B,C,A,A,H,-,A,D,0,NA,NA,NA,NA,Y,NA,-,99,0,0,1,0,0,0,0,0,0,-,-,34.328880310058594,-118.50523376464844,LOS ANGELES,LOS ANGELES,-118.5053253173828,34.32884979248047
94516608,2024,2024-12-26,9580,2024-12-14,1745,022746,NA,6,2,7,1942,0,1,1,NA,2,407,I-405 S/B (SAN DIEGO FWY) TO NORDHOFF ST.,NORDHOFF ST,100,N,N,A,-,Y,NA,NA,NA,NA,NA,NA,NA,NA,NA,Y,4,0,1,2,A,-,01,23152,A,N,C,C,A,A,H,-,D,D,0,NA,NA,NA,NA,Y,Y,A,01,0,0,1,0,0,0,0,0,0,-,-,34.23598861694336,-118.4735107421875,LOS ANGELES,LOS ANGELES,-118.47317504882813,34.234195709228516
94516651,2024,2024-12-26,9540,2024-12-10,1950,022721,NA,2,2,7,1942,0,1,1,NA,1,502,I-5 N/B,SR-14,1500,S,N,A,-,Y,LA,NA,5,NA,R,45.35,H,NA,R,Y,3,0,1,2,A,-,07,21658,A,N,C,2,A,A,H,-,C,D,0,NA,NA,NA,NA,Y,NA,A,01,0,1,0,0,0,0,0,0,0,-,-,34.33086013793945,-118.50630950927734,LOS ANGELES,LOS ANGELES,-118.5063247680664,34.33085632324219
94516665,2024,2024-12-26,9540,2024-12-12,1644,023179,NA,4,2,9,1900,0,1,1,NA,2,507,I-5 (SB) FROM MCBEAN PKWY,MCBEAN PKWY,776,S,N,A,-,Y,LA,NA,5,NA,R,51.594,H,NA,R,Y,3,0,1,2,A,-,03,22350,NA,N,C,C,A,A,H,-,A,A,0,NA,NA,NA,NA,Y,NA,A,01,0,1,0,0,0,0,0,0,0,-,-,34.396331787109375,-118.57144165039064,LOS ANGELES,UNINCORPORATED,-118.57159423828124,34.396305084228516
94516674,2024,2024-12-26,9540,2024-12-15,1645,023706,NA,7,2,7,1942,0,1,1,NA,1,502,I-5 N/B,BALBOA BLVD,372,N,N,A,-,Y,LA,NA,5,NA,R,44.505,H,NA,R,Y,3,0,1,2,A,-,03,22350,NA,M,C,C,A,A,H,-,A,D,0,NA,NA,NA,NA,Y,NA,A,01,0,1,0,0,0,0,0,0,0,-,-,34.321651458740234,-118.49726104736328,LOS ANGELES,LOS ANGELES,-118.49723052978516,34.321685791015625
94516685,2024,2024-12-26,9540,2024-12-16,205,022404,NA,1,3,9,1900,0,1,1,NA,2,512,I-5 S/B (GOLDEN STATE FREEWAY),VISTA DEL LAGO,13464,S,N,A,-,Y,LA,NA,5,NA,R,71.758,H,NA,L,Y,3,0,2,1,A,-,08,22107,NA,N,E,I,A,A,H,-,D,D,0,NA,NA,NA,NA,Y,NA,A,01,0,1,1,0,0,0,0,0,0,-,-,34.63528060913086,-118.739990234375,LOS ANGELES,UNINCORPORATED,-118.73995208740234,34.63536834716797
94516699,2024,2024-12-26,9540,2024-12-17,1715,020918,NA,2,2,9,1900,0,1,3,NA,2,127,SR-126 (HENRY MAYO DR.),CHIQUITO CANYON RD.,4013,E,N,A,-,Y,LA,NA,126,NA,R,3.153,H,NA,R,Y,4,0,1,2,A,-,08,22107,NA,N,A,2,A,A,H,-,D,D,0,NA,NA,NA,NA,Y,NA,A,01,0,0,1,0,0,0,0,0,0,-,-,34.42449188232422,-118.64463043212892,LOS ANGELES,UNINCORPORATED,-118.64464569091795,34.424320220947266
94516727,2024,2024-12-26,9545,2024-12-17,720,020244,NA,2,1,6,1950,0,1,3,NA,2,021,SR-14 S/B,AVENUE S,2112,N,N,A,-,Y,LA,NA,14,NA,R,58.601,H,NA,L,Y,3,0,2,1,A,-,08,22107,NA,N,E,I,A,A,H,-,A,D,0,NA,NA,NA,NA,Y,NA,A,07,0,1,1,0,0,0,0,0,0,-,-,34.563899993896484,-118.13324737548828,LOS ANGELES,PALMDALE,-118.13314056396484,34.563907623291016
94516731,2024,2024-12-26,9545,2024-12-16,600,020140,NA,1,1,6,1950,0,1,3,NA,2,021,SR-14 N/B,AVENUE O-8,390,S,N,A,-,Y,LA,NA,14,NA,R,62.053,H,NA,R,Y,4,0,1,1,A,-,01,23152,A,N,E,8,A,A,D,-,C,D,0,NA,NA,NA,NA,Y,Y,A,01,0,0,1,0,0,0,0,0,0,-,-,34.608211517333984,-118.15093994140624,LOS ANGELES,PALMDALE,-118.15096282958984,34.60819625854492
94516773,2024,2024-12-26,9575,2024-12-14,1816,023388,NA,6,2,9,1900,0,2,S,NA,2,904,ANGELES FOREST HIGHWAY,SOUTH EDGE OF HIDDEN SPRINGS TUNNEL,510,S,N,A,-,N,NA,NA,NA,NA,NA,NA,NA,NA,NA,N,4,0,1,2,A,-,03,22350,NA,N,A,2,A,A,H,-,D,D,0,NA,NA,NA,NA,Y,NA,A,01,0,0,1,0,0,0,0,0,0,-,-,34.312538146972656,-118.13629913330078,LOS ANGELES,UNINCORPORATED,-118.19568634033205,33.86088943481445
94516813,2024,2024-12-26,9545,2024-12-17,1450,020244,NA,2,2,9,1900,0,3,5,NA,2,003,CEDRAL ST,ESCONDIDO CANYON RD,0,NA,Y,A,-,N,NA,NA,NA,NA,NA,NA,NA,NA,NA,N,3,0,2,2,A,-,09,21802,A,N,D,C,A,A,H,-,A,A,0,NA,NA,NA,NA,Y,NA,A,07,0,1,1,0,0,0,0,0,0,-,-,34.48965072631836,-118.21543884277344,LOS ANGELES,UNINCORPORATED,NA,NA
94516829,2023,2024-12-26,9530,2023-12-25,2235,022716,NA,1,3,9,1900,0,3,5,NA,2,001,COMPTON AVENUE (8100 BLOCK),82ND STREET,150,S,N,A,-,N,NA,NA,NA,NA,NA,NA,NA,NA,NA,Y,1,1,1,2,A,-,01,23152,F,N,A,C,A,A,H,-,C,D,0,NA,NA,NA,NA,Y,NA,A,01,1,0,0,0,0,0,0,0,0,-,-,33.96464157104492,-118.24771118164064,LOS ANGELES,UNINCORPORATED,-118.24767303466795,33.964599609375
94516832,2024,2024-12-26,9580,2024-12-24,1600,023284,NA,2,2,7,1942,0,1,1,NA,2,404,I-405 N/B (SAN DIEGO FWY),SEPULVEDA BLVD,255,S,N,A,-,Y,LA,NA,405,NA,NA,38.538,H,NA,R,N,4,0,1,2,A,-,03,22350,NA,N,C,C,A,A,H,-,A,D,0,NA,NA,NA,NA,Y,NA,A,01,0,0,1,0,0,0,0,0,0,-,-,34.14759063720703,-118.46984100341795,LOS ANGELES,LOS ANGELES,-118.46971893310548,34.147544860839844
94516835,2024,2024-12-26,9580,2024-12-18,1935,024014,NA,3,2,7,1942,0,1,2,NA,2,102,US-101 N/B (VENTURA FREEWAY),VAN NUYS BLVD,1390,N,N,A,-,Y,LA,NA,101,NA,NA,16.201,H,NA,R,Y,4,0,1,2,A,-,03,22350,NA,N,C,C,A,A,H,-,C,D,0,NA,NA,NA,NA,Y,NA,A,01,0,0,1,0,0,0,0,0,0,-,-,34.15787887573242,-118.4533920288086,LOS ANGELES,LOS ANGELES,-118.4533920288086,34.15782165527344
94516842,2024,2024-12-26,9545,2024-12-17,1615,016124,NA,2,2,6,1950,0,1,3,NA,2,021,STATE ROUTE 14 N/B,AVENUE N,1320,S,N,A,-,Y,LA,NA,14,NA,R,63.393,H,NA,R,Y,4,0,1,2,A,-,03,22350,NA,N,C,C,A,A,D,-,A,D,0,NA,NA,NA,NA,Y,NA,A,01,0,0,1,0,0,0,0,0,0,-,-,34.62710189819336,-118.15310668945313,LOS ANGELES,PALMDALE,-118.1530532836914,34.627098083496094
94516869,2024,2024-12-26,9530,2024-12-24,2205,024130,NA,2,3,9,1900,0,3,5,NA,2,001,SANTA FE AVE (7900 BLOCK),NADEAU STREET,100,S,N,A,-,N,NA,NA,NA,NA,NA,NA,NA,NA,NA,N,3,0,2,2,A,-,01,23152,A,N,A,C,A,A,H,-,C,A,0,NA,NA,NA,NA,Y,Y,D,22,0,1,1,0,0,0,0,0,0,-,-,33.9669189453125,-118.23023986816406,LOS ANGELES,UNINCORPORATED,-118.230224609375,33.967044830322266
94516923,2024,2024-12-26,9530,2024-10-22,354,024076,NA,2,3,9,1900,0,3,5,NA,2,001,HOOPER AVE.,GAGE AVENUE,0,NA,Y,A,-,N,NA,NA,NA,NA,NA,NA,NA,NA,NA,Y,2,0,4,2,A,-,01,23153,A,N,D,2,A,A,H,-,C,A,0,NA,NA,NA,NA,Y,Y,A,01,4,0,0,0,0,0,0,0,0,-,-,33.98210144042969,-118.25203704833984,LOS ANGELES,UNINCORPORATED,-118.25208282470705,33.98210144042969
94516948,2024,2024-12-26,9580,2024-12-22,1748,023395,NA,7,2,7,1942,0,1,2,NA,2,101,US-101 S/B (VENTURA FREEWAY),WOODMAN AVE,1584,S,N,A,-,Y,LA,NA,101,NA,NA,14.57,H,NA,L,N,4,0,1,3,A,-,03,22350,NA,N,C,C,A,A,H,-,D,D,0,NA,NA,NA,NA,Y,NA,A,07,0,0,1,0,0,0,0,0,0,-,-,34.15589141845703,-118.425537109375,LOS ANGELES,LOS ANGELES,-118.425537109375,34.15589141845703
94517101,2024,2024-12-26,9550,2024-12-18,719,022298,NA,3,1,3,1903,0,1,3,NA,2,092,SR-91 EASTBOUND (ARTESIA FREEWAY),PIONEER BOULEVARD,630,E,N,A,-,Y,LA,NA,91,NA,R,18.228,H,NA,R,Y,3,0,1,5,A,-,03,22350,NA,N,C,C,A,A,H,-,A,D,0,NA,NA,NA,NA,Y,NA,A,01,0,1,0,0,0,0,0,0,0,-,-,33.87643814086914,-118.0801010131836,LOS ANGELES,ARTESIA,-118.0801010131836,33.87636947631836