CASE_ID,ACCIDENT_YEAR,PROC_DATE,JURIS,COLLISION_DATE,COLLISION_TIME,OFFICER_ID,REPORTING_DISTRICT,DAY_OF_WEEK,CHP_SHIFT,POPULATION,CNTY_CITY_LOC,SPECIAL_COND,BEAT_TYPE,CHP_BEAT_TYPE,CITY_DIVISION_LAPD,CHP_BEAT_CLASS,BEAT_NUMBER,PRIMARY_RD,SECONDARY_RD,DISTANCE,DIRECTION,INTERSECTION,WEATHER_1,WEATHER_2,STATE_HWY_IND,CALTRANS_COUNTY,CALTRANS_DISTRICT,STATE_ROUTE,ROUTE_SUFFIX,POSTMILE_PREFIX,POSTMILE,LOCATION_TYPE,RAMP_INTERSECTION,SIDE_OF_HWY,TOW_AWAY,COLLISION_SEVERITY,NUMBER_KILLED,NUMBER_INJURED,PARTY_COUNT,PRIMARY_COLL_FACTOR,PCF_CODE_OF_VIOL,PCF_VIOL_CATEGORY,PCF_VIOLATION,PCF_VIOL_SUBSECTION,HIT_AND_RUN,TYPE_OF_COLLISION,MVIW,PED_ACTION,ROAD_SURFACE,ROAD_COND_1,ROAD_COND_2,LIGHTING,CONTROL_DEVICE,CHP_ROAD_TYPE,PEDESTRIAN_ACCIDENT,BICYCLE_ACCIDENT,MOTORCYCLE_ACCIDENT,TRUCK_ACCIDENT,NOT_PRIVATE_PROPERTY,ALCOHOL_INVOLVED,STWD_VEHTYPE_AT_FAULT,CHP_VEHTYPE_AT_FAULT,COUNT_SEVERE_INJ,COUNT_VISIBLE_INJ,COUNT_COMPLAINT_PAIN,COUNT_PED_KILLED,COUNT_PED_INJURED,COUNT_BICYCLIST_KILLED,COUNT_BICYCLIST_INJURED,COUNT_MC_KILLED,COUNT_MC_INJURED,PRIMARY_RAMP,SECONDARY_RAMP,LATITUDE,LONGITUDE,COUNTY,CITY,POINT_X,POINT_Y
94520765,2024,2024-12-31,9565,2024-12-17,1528,023177,NA,2,2,7,1942,0,1,1,NA,2,062,I-405 N/B (SAN DIEGO FWY),NATIONAL BLVD.,300,N,N,A,-,Y,LA,NA,405,NA,NA,29.3,H,NA,R,N,4,0,1,2,A,-,03,22350,NA,N,C,C,A,A,H,-,A,D,0,NA,NA,NA,NA,Y,NA,D,22,0,0,1,0,0,0,0,0,0,-,-,34.02838134765625,-118.43116760253906,LOS ANGELES,LOS ANGELES,-118.43114471435548,34.02839660644531
94520780,2024,2024-12-31,9565,2024-12-17,1029,022763,NA,2,1,9,1900,0,1,1,NA,2,063,I-405 N/B,WILSHIRE BLVD,200,S,N,A,-,Y,LA,NA,405,NA,NA,31.509,H,NA,R,N,4,0,1,2,A,-,08,22107,NA,N,B,C,A,A,H,-,A,D,0,NA,NA,NA,Y,Y,NA,-,-,0,0,1,0,0,0,0,0,0,-,-,34.05529022216797,-118.45149993896484,LOS ANGELES,UNINCORPORATED,-118.45156860351564,34.05525207519531
94520783,2024,2024-12-31,9565,2024-12-17,2040,024108,NA,2,2,7,1942,0,1,1,NA,2,010,I-105 E/B,NASH ST,180,W,N,A,-,Y,LA,NA,105,NA,R,0.965,H,NA,R,Y,4,0,3,3,A,-,03,22350,NA,N,C,C,A,A,H,-,B,D,0,NA,NA,NA,NA,Y,NA,A,07,0,0,3,0,0,0,0,0,0,-,-,33.93111038208008,-118.38809204101564,LOS ANGELES,LOS ANGELES,-118.38809204101564,33.93104553222656
94521012,2024,2024-12-31,9545,2024-12-19,830,018058,NA,4,1,6,1992,0,1,3,NA,2,011,SR-14 N/B AEROSPACE HIGHWAY,AMARGOSA CREEK,400,N,N,A,-,Y,LA,NA,14,NA,R,70.417,H,NA,R,Y,4,0,1,3,A,-,03,22350,NA,N,C,C,A,A,D,-,A,A,0,NA,NA,NA,NA,Y,NA,-,-,0,0,1,0,0,0,0,0,0,-,-,34.72494888305664,-118.17006683349608,LOS ANGELES,LANCASTER,-118.17005920410156,34.72494888305664
94521024,2024,2024-12-31,9525,2024-12-19,655,024135,NA,4,1,5,1926,0,1,1,NA,2,205,I-210 W/B (FOOTHILL FWY),BARRANCA AVE,100,E,N,A,-,Y,LA,NA,210,NA,R,41.117,H,NA,L,N,3,0,1,2,A,-,03,22350,NA,M,C,C,A,A,H,-,A,D,0,NA,NA,NA,NA,Y,NA,-,99,0,1,0,0,0,0,0,0,0,-,-,34.121028900146484,-117.88121795654295,LOS ANGELES,GLENDORA,-117.88121795654295,34.12105941772461
94521034,2024,2024-12-31,9550,2024-11-27,1730,023064,NA,3,2,5,1908,0,1,1,NA,2,150,I-105 EASTBOUND,LAKEWOOD BOULEVARD,200,E,N,B,-,Y,LA,NA,105,NA,R,16.157,H,NA,R,Y,3,0,1,3,A,-,03,22350,NA,N,C,2,A,A,H,-,C,D,0,NA,NA,NA,NA,Y,NA,D,22,0,1,0,0,0,0,0,0,0,-,-,33.912879943847656,-118.13377380371094,LOS ANGELES,BELLFLOWER,-118.13377380371094,33.9129638671875
94521061,2024,2024-12-31,9550,2024-12-07,255,023053,NA,6,3,9,1900,0,3,5,NA,2,002,MEYER ROAD EASTBOUND,LAUREL AVENUE,42,E,N,A,-,N,NA,NA,NA,NA,NA,NA,NA,NA,NA,Y,4,0,1,3,A,-,01,23152,A,N,C,E,A,A,H,-,C,D,0,NA,NA,NA,NA,Y,Y,A,07,0,0,1,0,0,0,0,0,0,-,-,33.927528381347656,-118.04917144775392,LOS ANGELES,UNINCORPORATED,-118.04918670654295,33.927650451660156
94521066,2024,2024-12-31,9550,2024-12-07,1618,023950,NA,6,2,9,1900,0,3,5,NA,2,005,LOS PADRES DRIVE,FARJARDO STREET,100,N,N,A,-,N,NA,NA,NA,NA,NA,NA,NA,NA,NA,Y,4,0,2,2,A,-,08,22107,NA,N,A,C,A,A,H,-,A,D,0,NA,NA,NA,NA,Y,NA,A,01,0,0,2,0,0,0,0,0,0,-,-,33.98086166381836,-117.89977264404295,LOS ANGELES,UNINCORPORATED,-117.89975738525392,33.98067092895508
94521069,2024,2024-12-31,9525,2024-12-19,725,024192,NA,4,1,9,1900,0,3,5,NA,2,003,LARK ELLEN AVENUE,FRANCISQUITO AVENUE,0,NA,Y,A,-,N,NA,NA,NA,NA,NA,NA,NA,NA,NA,Y,3,0,2,2,A,-,09,21801,A,N,D,C,A,A,H,-,A,A,0,NA,NA,NA,NA,Y,NA,A,08,0,1,1,0,0,0,0,0,0,-,-,34.050289154052734,-117.91680908203124,LOS ANGELES,UNINCORPORATED,-117.91687774658205,34.05027770996094
94521077,2024,2024-12-31,9580,2024-12-26,105,023717,NA,4,3,9,1900,0,3,5,NA,1,020,STUNT RD,STUNT RANCH RD,2006,E,N,A,-,N,NA,NA,NA,NA,NA,NA,NA,NA,NA,Y,3,0,1,1,A,-,01,23152,A,N,F,A,A,A,H,-,D,D,0,NA,NA,NA,NA,Y,Y,A,07,0,1,0,0,0,0,0,0,0,-,-,34.093849182128906,-118.64980316162108,LOS ANGELES,UNINCORPORATED,NA,NA
94521092,2024,2024-12-31,9550,2024-12-08,0,022855,NA,7,3,7,1942,0,2,4,NA,1,051,FULLERTON ROAD,COLIMA ROAD,40,S,N,A,-,N,NA,NA,NA,NA,NA,NA,NA,NA,NA,Y,4,0,1,2,A,-,01,23152,A,N,C,C,A,A,H,-,C,D,0,NA,NA,NA,NA,Y,Y,A,01,0,0,1,0,0,0,0,0,0,-,-,33.98814010620117,-117.90570831298828,LOS ANGELES,LOS ANGELES,-117.90570068359376,33.988250732421875
94521110,2024,2024-12-31,9580,2024-12-24,515,022603,NA,2,3,7,1942,0,1,2,NA,2,102,US-101 N/B (VENTURA FREEWAY),HAYVENHURST AVE,1000,S,N,A,-,Y,LA,NA,101,NA,NA,18.426,H,NA,R,N,4,0,1,3,A,-,08,22107,NA,N,B,C,A,A,H,-,D,D,0,NA,NA,NA,Y,Y,NA,G,27,0,0,1,0,0,0,0,0,0,-,-,34.165401458740234,-118.48908233642578,LOS ANGELES,LOS ANGELES,-118.48907470703124,34.165306091308594
94521113,2024,2024-12-31,9550,2024-12-10,734,022498,NA,2,1,1,1932,0,1,3,NA,2,600,SR-60 EB,AZUSA AVE,4190,W,N,A,-,Y,LA,NA,60,NA,NA,17.167,H,NA,R,Y,3,0,2,4,A,-,03,22350,NA,N,C,C,A,A,H,-,A,D,0,NA,NA,NA,Y,Y,NA,F,26,0,2,0,0,0,0,0,0,0,-,-,34.00067138671875,-117.94445037841795,LOS ANGELES,INDUSTRY,-117.94445037841795,34.00066375732422
94521142,2024,2024-12-31,9580,2024-12-24,1630,023213,NA,2,2,7,1942,0,1,2,NA,2,102,US-101 N/B (VENTURA FREEWAY),WOODMAN AVE,1500,N,N,B,-,Y,LA,NA,101,NA,NA,15.172,H,NA,R,N,4,0,1,2,A,-,03,22350,NA,N,C,C,A,A,H,-,A,D,0,NA,NA,NA,NA,Y,NA,A,07,0,0,1,0,0,0,0,0,0,-,-,34.155670166015625,-118.43607330322266,LOS ANGELES,LOS ANGELES,-118.43607330322266,34.15574645996094
94521149,2024,2024-12-31,9590,2024-12-23,1553,023162,NA,1,2,7,1942,0,1,2,NA,2,071,US-101 S/B (HOLLYWOOD FREEWAY),GRAND AVENUE,400,N,N,A,-,Y,LA,NA,101,NA,NA,1.378,H,NA,L,N,4,0,3,2,A,-,03,22350,NA,N,C,C,A,A,H,-,A,D,0,NA,NA,NA,NA,Y,NA,A,07,0,0,3,0,0,0,0,0,0,-,-,34.059688568115234,-118.24633026123048,LOS ANGELES,LOS ANGELES,-118.2463150024414,34.0597038269043
94521174,2024,2024-12-31,9590,2024-12-28,2342,023621,NA,6,3,7,1942,0,1,1,NA,2,052,I-110 N/B (HAF) TRANSITION TO US-101 S/B (HOF),FIGUEROA STREET,100,W,N,A,-,Y,NA,NA,NA,NA,NA,NA,NA,NA,NA,N,4,0,1,1,A,-,08,22107,NA,N,E,I,A,A,H,-,C,D,0,NA,NA,NA,NA,Y,NA,A,01,0,0,1,0,0,0,0,0,0,-,-,34.060791015625,-118.24791717529295,LOS ANGELES,LOS ANGELES,NA,NA
9452126,2022,2022-06-23,1942,2022-04-15,1130,39410,1023,5,5,7,1942,0,0,0,J,0,26T54W,SHERMAN WAY,WILBUR AV,0,NA,-,A,-,N,NA,NA,NA,NA,NA,NA,NA,NA,NA,Y,2,0,1,2,A,-,12,21453,A,N,D,C,A,A,H,-,A,A,0,NA,NA,Y,NA,Y,NA,A,01,1,0,0,0,0,0,0,0,1,-,-,NA,NA,LOS ANGELES,LOS ANGELES,-118.54476165771484,34.201171875
94521261,2024,2024-12-31,9540,2024-12-26,1410,023229,NA,4,2,9,1900,0,1,1,NA,2,507,I-5 S/B,MCBEAN PKY,371,S,N,A,-,Y,NA,NA,NA,NA,NA,NA,NA,NA,NA,Y,4,0,3,2,A,-,03,22350,NA,N,C,C,A,A,H,-,A,A,0,NA,NA,NA,NA,Y,NA,D,22,0,0,3,0,0,0,0,0,0,-,-,34.39292907714844,-118.57147979736328,LOS ANGELES,UNINCORPORATED,-118.57119750976564,34.39310073852539
9452127,2022,2022-06-03,1942,2022-04-21,0915,36755,1047,4,5,7,1942,0,0,0,J,0,26TL18,BURBANK BL,WHITE OAK AV,250,W,N,A,-,N,NA,NA,NA,NA,NA,NA,NA,NA,NA,Y,2,0,2,2,A,-,09,21804,A,N,A,C,A,A,H,-,A,D,0,NA,NA,NA,NA,Y,NA,A,01,1,0,1,0,0,0,0,0,0,-,-,NA,NA,LOS ANGELES,LOS ANGELES,-118.51936340332033,34.17219924926758
94521277,2024,2024-12-31,9565,2024-08-13,1530,016545,NA,2,2,9,1900,0,2,4,NA,2,024,IMPERIAL HIGHWAY W/B,WESTERN AVENUE,181,E,N,A,-,N,NA,NA,NA,NA,NA,NA,NA,NA,NA,N,2,0,1,2,A,-,11,21954,A,F,G,B,D,A,H,-,A,D,0,Y,NA,NA,NA,Y,NA,N,60,1,0,0,0,1,0,0,0,0,-,-,33.930999755859375,-118.3083724975586,LOS ANGELES,UNINCORPORATED,-118.3085479736328,33.9310188293457
9452128,2022,2022-06-01,1942,2022-04-17,0235,40876,1091,7,5,7,1942,0,0,0,J,0,26T56,VANALDEN AV,SHENANGO DR,1153,S,N,A,-,N,NA,NA,NA,NA,NA,NA,NA,NA,NA,Y,2,0,4,1,A,-,03,22350,NA,N,E,I,A,A,H,-,C,D,0,NA,NA,NA,NA,Y,NA,A,01,1,2,1,0,0,0,0,0,0,-,-,NA,NA,LOS ANGELES,LOS ANGELES,-118.55609893798828,34.142051696777344
9452129,2022,2022-06-01,1942,2022-04-06,1415,38326,1063,3,5,7,1942,0,0,0,J,0,26TL47,RESEDA BL,VENTURA BL,0,NA,Y,A,-,N,NA,NA,NA,NA,NA,NA,NA,NA,NA,Y,3,0,2,2,A,-,09,21801,A,N,A,C,A,A,H,-,A,A,0,NA,NA,NA,NA,Y,NA,A,01,0,1,1,0,0,0,0,0,0,-,-,NA,NA,LOS ANGELES,LOS ANGELES,-118.53607940673828,34.16876220703125
94521299,2024,2024-12-31,9565,2024-12-18,1605,023268,NA,3,2,4,1918,0,1,1,NA,2,061,I-405 S/B,BRADDOCK DRIVE,200,S,N,A,-,Y,LA,NA,405,NA,NA,26.953,H,NA,L,N,4,0,1,2,A,-,04,21703,NA,N,C,C,A,A,H,-,A,D,0,NA,NA,NA,NA,Y,NA,A,01,0,0,1,0,0,0,0,0,0,-,-,33.99987030029297,-118.40883636474608,LOS ANGELES,CULVER CITY,-118.40884399414064,33.9998664855957
9452130,2022,2022-06-01,1942,2022-04-05,1805,38326,1008,2,5,7,1942,0,0,0,J,0,26TL47,VICTORY BL,HAYVENHURST AV,26,W,N,A,-,N,NA,NA,NA,NA,NA,NA,NA,NA,NA,N,4,0,2,2,A,-,07,21658,A,N,C,C,A,A,H,-,A,A,0,NA,NA,NA,NA,Y,NA,A,01,0,0,2,0,0,0,0,0,0,-,-,NA,NA,LOS ANGELES,LOS ANGELES,-118.49248504638672,34.18661117553711
9452131,2022,2022-06-01,1942,2022-04-22,1115,31931,1745,5,5,7,1942,0,0,0,Q,0,26M28,CHATSWORTH ST,LOUISE,196,W,N,B,-,N,NA,NA,NA,NA,NA,NA,NA,NA,NA,Y,2,0,1,2,A,-,08,22107,NA,N,C,E,A,A,H,-,-,D,0,NA,NA,NA,NA,Y,NA,-,NA,1,0,0,0,0,0,0,0,0,-,-,NA,NA,LOS ANGELES,LOS ANGELES,-118.51165008544922,34.26483917236328
9452132,2022,2022-06-01,1942,2022-04-12,1610,39154,1779,2,5,7,1942,0,0,0,Q,0,26TL44,NORDHOFF ST,HASKELL AV,0,NA,Y,A,-,N,NA,NA,NA,NA,NA,NA,NA,NA,NA,Y,2,0,4,4,A,-,09,21801,A,N,D,C,A,A,H,-,A,A,0,NA,NA,NA,NA,Y,NA,A,07,1,0,3,0,0,0,0,0,0,-,-,NA,NA,LOS ANGELES,LOS ANGELES,-118.4763412475586,34.23556900024414
94521327,2024,2024-12-31,9530,2024-12-18,1605,023843,NA,3,2,5,1943,0,1,1,NA,2,210,I-105 E/B (GLENN ANDERSON FWY),LONG BEACH BLVD.,300,W,N,A,-,Y,LA,NA,105,NA,R,11.354,H,NA,R,N,3,0,1,2,A,-,08,22107,NA,N,C,C,A,A,H,-,A,D,0,NA,NA,Y,NA,Y,NA,C,02,0,1,0,0,0,0,0,0,1,-,-,33.926021575927734,-118.21295166015624,LOS ANGELES,LYNWOOD,-118.2129364013672,33.9260368347168
9452133,2022,2022-06-28,1900,2022-04-23,0226,515235,1412,6,5,1,1932,0,0,0,NA,0,141T1E,TEMPLE AV,BALDWIN PARK BL,293,W,N,A,-,N,NA,NA,NA,NA,NA,NA,NA,NA,NA,Y,4,0,1,1,A,-,05,21650,NA,N,E,I,A,A,H,-,C,D,0,NA,NA,NA,NA,Y,NA,A,01,0,0,1,0,0,0,0,0,0,-,-,34.057830810546875,-117.99256896972656,LOS ANGELES,INDUSTRY,-117.99252319335938,34.05769729614258
9452134,2022,2022-06-01,1900,2022-04-29,1210,526692,1416,5,5,1,1932,0,0,0,NA,0,141T2,CASTLETON ST,STONER CREEK RD,0,NA,Y,A,-,N,NA,NA,NA,NA,NA,NA,NA,NA,NA,N,4,0,1,2,A,-,09,21801,A,N,-,C,A,A,H,-,A,A,0,NA,NA,NA,NA,Y,NA,A,01,0,0,1,0,0,0,0,0,0,-,-,33.59334182739258,-117.5447006225586,LOS ANGELES,INDUSTRY,-117.9131317138672,33.992576599121094
9452135,2022,2022-06-01,1900,2022-04-29,2030,629494,1418,5,5,1,1932,0,0,0,NA,0,141T6,CASTLETON ST,STONER CREEK RD,0,NA,Y,A,-,N,NA,NA,NA,NA,NA,NA,NA,NA,NA,Y,3,0,2,2,A,-,09,21801,A,N,D,-,A,A,H,-,C,A,0,NA,NA,NA,NA,Y,NA,A,01,0,1,1,0,0,0,0,0,0,-,-,33.992591857910156,-117.91313934326172,LOS ANGELES,INDUSTRY,-117.9131317138672,33.992576599121094
9452136,2022,2022-06-29,1900,2022-04-07,0716,403161,1452,4,5,2,1999,0,0,0,NA,0,141T2,HACIENDA RD,EAST RD,244,N,N,A,-,N,NA,NA,NA,NA,NA,NA,NA,NA,NA,Y,3,0,1,3,C,-,18,NA,NA,N,A,C,A,A,H,-,A,A,0,NA,NA,NA,NA,Y,NA,-,-,0,1,0,0,0,0,0,0,0,-,-,33.95669174194336,-117.9578094482422,LOS ANGELES,LA HABRA HEIGHTS,-117.95787811279295,33.95658874511719
94521384,2024,2024-12-31,9530,2024-12-18,1720,023590,NA,3,2,9,1900,0,3,5,NA,2,001,FIRESTONE BLVD (1700 BLOCK),HOLMES AVE.,0,NA,Y,A,-,N,NA,NA,NA,NA,NA,NA,NA,NA,NA,Y,4,0,3,2,A,-,12,21453,A,N,D,C,A,A,H,-,A,A,0,NA,NA,NA,NA,Y,NA,A,08,0,0,3,0,0,0,0,0,0,-,-,33.96018981933594,-118.24040985107422,LOS ANGELES,UNINCORPORATED,-118.2408447265625,33.96015167236328
94521393,2024,2024-12-31,9580,2024-12-24,1825,022746,NA,2,2,7,1942,0,1,3,NA,2,117,SR-118 W/B (RONALD REAGAN FWY.) TO HAYVENHURST AVE,HAYVENHURST AVE,300,E,N,A,-,Y,NA,NA,NA,NA,NA,NA,NA,NA,NA,Y,4,0,1,2,A,-,03,22350,NA,N,C,C,A,A,H,-,D,D,0,NA,NA,NA,NA,Y,NA,A,01,0,0,1,0,0,0,0,0,0,-,-,34.27455139160156,-118.49237823486328,LOS ANGELES,LOS ANGELES,-118.49269104003906,34.27437210083008
94521416,2024,2025-07-07,9575,2024-12-17,856,024163,NA,2,1,7,1942,0,1,3,NA,2,043,SR-134 W/B (VENTURA FREEWAY),I-5 N/B (GOLDEN STATE FREEWAY),790,E,N,A,-,Y,LA,NA,134,NA,R,5.259,H,NA,L,N,4,0,1,2,A,-,03,22350,NA,M,C,C,A,A,H,-,A,D,0,NA,NA,NA,NA,Y,NA,D,22,0,0,1,0,0,0,0,0,0,-,-,34.15462112426758,-118.28650665283205,LOS ANGELES,LOS ANGELES,-118.28640747070313,34.154747009277344
94521425,2024,2024-12-31,9575,2024-12-19,1010,024163,NA,4,1,6,1925,0,1,3,NA,2,042,SR-134 W/B (VENTURA FREEWAY),JACKSON STREET,304,E,N,A,-,Y,LA,NA,134,NA,R,7.466,H,NA,L,N,4,0,1,3,A,-,03,22350,NA,N,C,C,A,A,H,-,A,D,0,NA,NA,NA,NA,Y,NA,A,01,0,0,1,0,0,0,0,0,0,-,-,34.15652847290039,-118.24916076660156,LOS ANGELES,GLENDALE,-118.24916076660156,34.156463623046875
94521459,2024,2024-12-31,9575,2024-12-13,535,024163,NA,5,3,6,1925,0,1,3,NA,2,042,SR-134 E/B (VENTURA FREEWAY),BRAND BLVD,125,W,N,A,-,Y,LA,NA,134,NA,R,7.092,H,NA,R,N,4,0,1,2,C,-,18,NA,NA,F,B,C,A,A,H,-,D,D,0,NA,NA,NA,NA,Y,NA,-,-,0,0,1,0,0,0,0,0,0,-,-,34.15631103515625,-118.25567626953124,LOS ANGELES,GLENDALE,-118.25567626953124,34.15626907348633
94521466,2024,2024-12-31,9530,2024-12-18,2020,024130,NA,3,2,9,1900,0,3,5,NA,2,001,FIRESTONE BLVD. (1600 BLOCK),MAIE AVE.,40,E,N,A,-,N,NA,NA,NA,NA,NA,NA,NA,NA,NA,N,3,0,1,2,A,-,03,22350,NA,F,C,C,A,A,H,-,C,A,0,NA,NA,NA,NA,Y,NA,-,99,0,1,0,0,0,0,0,0,0,-,-,33.96022033691406,-118.24395751953124,LOS ANGELES,UNINCORPORATED,-118.24430847167967,33.96015167236328
94521476,2024,2024-12-31,9540,2024-12-27,1445,022940,NA,5,2,6,1985,0,1,3,NA,1,145,SR-14 S/B TO NEWHALL AVE.,NEWHALL AVE.,22,N,N,A,-,Y,NA,NA,NA,NA,NA,NA,NA,NA,NA,N,4,0,1,2,A,-,03,22350,NA,N,C,C,A,A,H,-,A,D,0,NA,NA,NA,NA,Y,NA,A,01,0,0,1,0,0,0,0,0,0,-,-,34.365478515625,-118.50418090820313,LOS ANGELES,SANTA CLARITA,-118.50392150878906,34.364654541015625
94521490,2024,2024-12-31,9530,2024-12-18,1520,024151,NA,3,2,9,1900,0,3,5,NA,2,002,ROSECRANS AVE.,STANFORD AVE.,0,NA,Y,A,-,N,NA,NA,NA,NA,NA,NA,NA,NA,NA,N,3,0,1,2,A,-,12,21453,A,F,D,C,A,A,H,-,A,A,0,NA,NA,NA,NA,Y,NA,-,99,0,1,0,0,0,0,0,0,0,-,-,33.90243911743164,-118.26201629638672,LOS ANGELES,UNINCORPORATED,-118.2620849609375,33.90242385864258
94521492,2024,2024-12-31,9590,2024-12-23,2135,023348,NA,1,2,7,1942,0,1,2,NA,2,073,US-101 S/B (HOLLYWOOD FREEWAY),ODIN STREET,400,S,N,A,-,Y,LA,NA,101,NA,NA,7.659,H,NA,L,N,4,0,2,2,A,-,07,21658,A,N,B,C,A,A,H,-,C,D,0,NA,NA,NA,NA,Y,NA,-,99,0,0,2,0,0,0,0,0,0,-,-,34.109519958496094,-118.33355712890624,LOS ANGELES,LOS ANGELES,-118.33355712890624,34.10952377319336
94521535,2024,2024-12-31,9530,2024-12-02,1700,022122,NA,1,2,5,1977,0,1,1,NA,2,410,I-405 S/B (SAN DIEGO FREEWAY),DEL AMO BLVD.,350,S,N,A,-,Y,LA,NA,405,NA,NA,11.821,H,NA,L,N,3,0,1,2,A,-,07,21658,A,F,B,C,A,A,H,-,C,D,0,NA,NA,Y,NA,Y,NA,-,99,0,1,0,0,0,0,0,0,1,-,-,33.845741271972656,-118.26992797851564,LOS ANGELES,CARSON,-118.2699966430664,33.8456916809082
94521537,2024,2024-12-31,9535,2024-12-17,710,024085,NA,2,1,9,1900,0,3,5,NA,2,006,SAN GABRIEL BLVD,RUSH ST,0,NA,Y,A,-,N,NA,NA,NA,NA,NA,NA,NA,NA,NA,Y,4,0,1,2,A,-,09,21801,A,N,D,C,A,A,H,-,A,A,0,NA,NA,NA,NA,Y,NA,A,01,0,0,1,0,0,0,0,0,0,-,-,34.0518798828125,-118.09044647216795,LOS ANGELES,UNINCORPORATED,-118.09052276611328,34.05174255371094
94521595,2024,2024-12-31,9530,2024-12-04,1805,024052,NA,3,2,9,1900,0,3,5,NA,2,002,MAIN ST.,157TH ST.,0,NA,Y,A,-,N,NA,NA,NA,NA,NA,NA,NA,NA,NA,N,3,0,1,2,A,-,12,21453,A,N,D,C,A,A,H,-,C,A,0,NA,NA,NA,NA,Y,NA,-,-,0,1,0,0,0,0,0,0,0,-,-,33.88928985595703,-118.27615356445313,LOS ANGELES,UNINCORPORATED,-118.27609252929688,33.88930130004883
94521653,2024,2024-12-31,9575,2024-12-21,1143,020702,NA,6,1,6,1925,0,1,3,NA,2,090,SR-134 W/BFROM SR-2 N/B,SR-134 W/B,75,N,N,A,-,Y,NA,NA,NA,NA,NA,NA,NA,NA,NA,N,4,0,1,1,A,-,03,22350,NA,N,F,I,A,A,H,-,A,D,0,NA,NA,Y,NA,Y,NA,C,02,0,0,1,0,0,0,0,0,1,-,-,34.14799880981445,-118.2251205444336,LOS ANGELES,GLENDALE,NA,NA
94521672,2024,2024-12-31,9590,2024-12-28,520,023445,NA,6,3,7,1942,0,1,1,NA,2,050,I-110 N/B (HARBOR FREEWAY),SLAUSON AVE,550,S,N,A,-,Y,LA,NA,110,NA,NA,17.886,H,NA,R,N,4,0,1,1,A,-,08,22107,NA,N,E,8,A,A,H,-,C,D,0,NA,NA,NA,NA,Y,NA,A,07,0,0,1,0,0,0,0,0,0,-,-,33.98765182495117,-118.28009796142578,LOS ANGELES,LOS ANGELES,-118.28040313720705,33.98765182495117
94521673,2024,2024-12-31,9540,2024-12-27,1830,023400,NA,5,2,7,1942,0,1,1,NA,1,502,I-5 N/B TO ROXFORD ST. WEST,ROXFORD ST,325,N,N,A,-,Y,NA,NA,NA,NA,NA,NA,NA,NA,NA,Y,3,0,1,1,A,-,08,22107,NA,N,E,8,A,A,H,-,C,D,0,NA,NA,NA,NA,Y,NA,A,01,0,1,0,0,0,0,0,0,0,-,-,34.3043098449707,-118.47998809814452,LOS ANGELES,LOS ANGELES,-118.47988891601564,34.30371856689453
94521708,2024,2024-12-31,9530,2024-12-15,1930,023399,NA,7,2,9,1900,0,3,5,NA,2,001,FIRESTONE BLVD. (2000 BLOCK),ALAMEDA ST.,50,W,N,A,-,N,NA,NA,NA,NA,NA,NA,NA,NA,NA,N,4,0,1,2,A,-,03,22350,NA,N,C,C,A,A,H,-,C,A,0,NA,NA,NA,NA,Y,NA,A,07,0,0,1,0,0,0,0,0,0,-,-,33.95777893066406,-118.23139190673828,LOS ANGELES,UNINCORPORATED,-118.23123931884766,33.957828521728516
94521716,2024,2024-12-31,9530,2024-12-16,253,023688,NA,1,3,9,1900,0,1,1,NA,2,210,I-105 E/B (GLENN ANDERSON FWY),WILMINGTON AVE.,1056,W,N,A,-,Y,LA,NA,105,NA,R,9.578,H,NA,R,Y,4,0,2,2,A,-,03,22350,NA,N,C,C,A,A,H,-,D,D,0,NA,NA,NA,NA,Y,NA,A,01,0,0,2,0,0,0,0,0,0,-,-,33.92839050292969,-118.24286651611328,LOS ANGELES,UNINCORPORATED,-118.2428741455078,33.92838668823242
94521731,2024,2024-12-31,9550,2024-12-29,410,023732,NA,7,3,3,1964,0,1,1,NA,2,500,I-5 N/B TO I-605 N/B,I-605,845,S,N,E,-,Y,NA,NA,NA,NA,NA,NA,NA,NA,NA,N,3,0,2,2,A,-,01,23153,A,F,A,2,A,A,H,-,C,D,0,NA,NA,NA,NA,Y,Y,D,22,0,1,1,0,0,0,0,0,0,-,-,33.94089889526367,-118.09504699707033,LOS ANGELES,SANTA FE SPRINGS,-118.09517669677734,33.93916320800781
94521732,2024,2024-12-31,9550,2024-12-29,405,023732,NA,7,3,3,1964,0,1,1,NA,2,650,INTERSTATE 605 (SAN GABRIEL RIVER FREEWAY),TELEGRAPH ROAD,1901,S,N,E,-,Y,LA,NA,605,NA,R,9.883,H,NA,R,N,4,0,1,2,A,-,01,23153,A,F,B,C,A,A,H,-,C,D,0,NA,NA,NA,NA,Y,Y,D,22,0,0,1,0,0,0,0,0,0,-,-,33.944801330566406,-118.09467315673828,LOS ANGELES,SANTA FE SPRINGS,-118.09463500976564,33.944786071777344
94521733,2024,2024-12-31,9535,2024-12-24,945,022842,NA,2,1,9,1900,0,1,1,NA,2,501,I-5 S/B (SANTA ANA FREEWAY),DOWNEY RD,75,S,N,B,-,Y,LA,NA,5,NA,NA,14.237,H,NA,L,Y,4,0,2,3,A,-,08,22107,NA,N,C,C,A,A,H,-,A,D,0,NA,NA,NA,NA,Y,NA,A,01,0,0,2,0,0,0,0,0,0,-,-,34.01945877075195,-118.1798095703125,LOS ANGELES,UNINCORPORATED,-118.1798095703125,34.01945495605469