CASE_ID,ACCIDENT_YEAR,PROC_DATE,JURIS,COLLISION_DATE,COLLISION_TIME,OFFICER_ID,REPORTING_DISTRICT,DAY_OF_WEEK,CHP_SHIFT,POPULATION,CNTY_CITY_LOC,SPECIAL_COND,BEAT_TYPE,CHP_BEAT_TYPE,CITY_DIVISION_LAPD,CHP_BEAT_CLASS,BEAT_NUMBER,PRIMARY_RD,SECONDARY_RD,DISTANCE,DIRECTION,INTERSECTION,WEATHER_1,WEATHER_2,STATE_HWY_IND,CALTRANS_COUNTY,CALTRANS_DISTRICT,STATE_ROUTE,ROUTE_SUFFIX,POSTMILE_PREFIX,POSTMILE,LOCATION_TYPE,RAMP_INTERSECTION,SIDE_OF_HWY,TOW_AWAY,COLLISION_SEVERITY,NUMBER_KILLED,NUMBER_INJURED,PARTY_COUNT,PRIMARY_COLL_FACTOR,PCF_CODE_OF_VIOL,PCF_VIOL_CATEGORY,PCF_VIOLATION,PCF_VIOL_SUBSECTION,HIT_AND_RUN,TYPE_OF_COLLISION,MVIW,PED_ACTION,ROAD_SURFACE,ROAD_COND_1,ROAD_COND_2,LIGHTING,CONTROL_DEVICE,CHP_ROAD_TYPE,PEDESTRIAN_ACCIDENT,BICYCLE_ACCIDENT,MOTORCYCLE_ACCIDENT,TRUCK_ACCIDENT,NOT_PRIVATE_PROPERTY,ALCOHOL_INVOLVED,STWD_VEHTYPE_AT_FAULT,CHP_VEHTYPE_AT_FAULT,COUNT_SEVERE_INJ,COUNT_VISIBLE_INJ,COUNT_COMPLAINT_PAIN,COUNT_PED_KILLED,COUNT_PED_INJURED,COUNT_BICYCLIST_KILLED,COUNT_BICYCLIST_INJURED,COUNT_MC_KILLED,COUNT_MC_INJURED,PRIMARY_RAMP,SECONDARY_RAMP,LATITUDE,LONGITUDE,COUNTY,CITY,POINT_X,POINT_Y
94539789,2025,2025-01-16,9540,2025-01-02,1945,023508,NA,4,2,7,1942,0,1,1,NA,1,501,I-5 S/B,FOX ST,1003,S,N,A,-,Y,LA,NA,5,NA,NA,39.618,H,NA,L,Y,2,0,1,1,A,-,08,22107,NA,N,E,8,A,A,H,-,C,D,0,NA,NA,NA,NA,Y,NA,A,01,1,0,0,0,0,0,0,0,0,-,-,34.26932907104492,-118.4465789794922,LOS ANGELES,LOS ANGELES,-118.44644165039064,34.269432067871094
94539811,2025,2025-01-16,9530,2025-01-07,1750,023673,NA,2,2,9,1900,0,3,5,NA,2,001,HOLMES AVE.,64TH ST.,0,NA,Y,A,-,N,NA,NA,NA,NA,NA,NA,NA,NA,NA,N,4,0,1,2,A,-,12,22450,A,M,H,G,A,A,H,-,A,A,0,NA,Y,NA,NA,Y,Y,-,99,0,0,1,0,0,0,1,0,0,-,-,33.98344039916992,-118.25202178955078,LOS ANGELES,UNINCORPORATED,-118.24119567871094,33.98119354248047
94539836,2025,2025-01-16,9565,2025-01-15,1315,021729,NA,3,1,7,1942,0,1,1,NA,2,062,I-405 S/B,VENICE BLVD,100,N,N,A,-,Y,LA,NA,405,NA,NA,28.043,H,NA,L,N,4,0,1,3,A,-,03,22350,NA,N,C,C,A,A,H,-,A,D,0,NA,NA,NA,NA,Y,NA,A,01,0,0,1,0,0,0,0,0,0,-,-,34.013118743896484,-118.41931915283205,LOS ANGELES,LOS ANGELES,-118.41932678222656,34.01311492919922
94539868,2025,2025-09-24,9565,2025-01-14,825,024172,NA,2,1,9,1900,0,1,1,NA,2,012,105 W/B,VERMONT AVE.,200,W,N,A,-,Y,LA,NA,105,NA,R,6.657,H,NA,L,N,3,0,1,3,A,-,03,22350,NA,N,C,C,A,A,H,-,A,D,0,NA,NA,NA,NA,Y,NA,A,08,0,1,0,0,0,0,0,0,0,-,-,33.92890167236328,-118.2934799194336,LOS ANGELES,UNINCORPORATED,-118.2934799194336,33.92889404296875
94539873,2025,2025-01-16,9550,2025-01-10,1055,023064,NA,5,1,6,1920,0,1,1,NA,2,500,I-5 SOUTHBOUND,LAKEWOOD BOULEVARD,500,S,N,A,-,Y,LA,NA,5,NA,NA,8.056,H,NA,L,Y,3,0,1,2,A,-,03,22350,NA,N,C,C,A,A,H,-,A,D,0,NA,NA,NA,Y,Y,NA,D,22,0,1,0,0,0,0,0,0,0,-,-,33.95539855957031,-118.10854339599608,LOS ANGELES,DOWNEY,-118.10849761962892,33.95543670654297
94539890,2025,2025-01-16,9530,2025-01-07,1810,023590,NA,2,2,9,1900,0,3,5,NA,2,001,HOLMES AVE.,61ST STREET,15,S,N,A,-,N,NA,NA,NA,NA,NA,NA,NA,NA,NA,N,4,0,1,2,A,-,17,22517,NA,M,H,G,A,A,H,-,C,D,0,NA,Y,NA,NA,Y,NA,-,99,0,0,1,0,0,0,1,0,0,-,-,33.98463821411133,-118.24131774902344,LOS ANGELES,UNINCORPORATED,-118.24121856689452,33.98469924926758
94539898,2024,2025-01-16,9535,2024-11-20,215,023375,NA,3,3,5,1947,0,1,3,NA,2,601,SR-60 W/B (POMONA FREEWAY),WILCOX AVENUE,510,W,N,A,-,Y,LA,NA,60,NA,R,5.808,H,NA,L,Y,4,0,1,3,A,-,08,22107,NA,N,B,E,E,A,H,-,C,D,0,Y,NA,NA,Y,Y,NA,G,25,0,0,1,0,1,0,0,0,0,-,-,34.03337097167969,-118.12682342529295,LOS ANGELES,MONTEBELLO,-118.12681579589844,34.033287048339844
94539935,2024,2025-04-07,9575,2024-12-27,2050,024136,NA,5,2,6,1912,0,1,1,NA,2,051,I-5 S/B (GOLDEN STATE FREEWAY),BURBANK BLVD.,1056,S,N,A,-,Y,LA,NA,5,NA,NA,29.552,H,NA,L,Y,4,0,2,2,A,-,03,22350,NA,N,C,C,A,A,H,-,C,D,0,NA,NA,NA,NA,Y,NA,E,22,0,0,2,0,0,0,0,0,0,-,-,34.18286895751953,-118.3156967163086,LOS ANGELES,BURBANK,-118.3154754638672,34.1829719543457
94540003,2025,2025-01-16,9545,2025-01-14,1653,021569,NA,2,2,9,1900,0,1,3,NA,2,011,SR-14 S/B,AVENUE B,2560,N,N,A,-,Y,LA,NA,14,NA,R,76.496,H,NA,L,N,3,0,1,2,A,-,08,22107,NA,N,B,C,A,A,H,-,B,D,0,NA,NA,NA,NA,Y,NA,A,01,0,1,0,0,0,0,0,0,0,-,-,34.81306838989258,-118.17093658447266,LOS ANGELES,UNINCORPORATED,-118.17088317871094,34.81306838989258
94540004,2025,2025-01-16,9545,2025-01-14,745,021434,NA,2,1,9,1900,0,3,5,NA,2,003,CROWN VALLEY ROAD,SOLEDAD CANYON ROAD,230,N,N,A,-,N,NA,NA,NA,NA,NA,NA,NA,NA,NA,N,4,0,1,1,A,-,03,22350,NA,N,F,A,A,A,H,-,A,D,0,NA,NA,Y,NA,Y,NA,C,02,0,0,1,0,0,0,0,0,1,-,-,34.46657180786133,-118.19712066650392,LOS ANGELES,UNINCORPORATED,-118.21476745605467,34.44279098510742
94540009,2025,2025-01-16,9535,2025-01-04,2225,023462,NA,6,3,5,1915,0,1,1,NA,2,075,I-710 S/B (LONG BEACH FREEWAY) TO ALONDRA BOULEVAR,ALONDRA BLVD,300,S,N,A,-,Y,LA,NA,710,NA,NA,13.861,H,NA,L,Y,3,0,2,1,A,-,03,22350,NA,N,E,I,A,A,H,-,D,D,0,NA,NA,NA,NA,Y,NA,A,07,0,2,0,0,0,0,0,0,0,-,-,33.887969970703125,-118.18966674804688,LOS ANGELES,COMPTON,-118.18941497802734,33.887901306152344
94540021,2025,2025-01-16,9530,2025-01-15,338,024151,NA,3,3,7,1942,0,1,1,NA,2,200,INTERSTATE 105 W/B (GLENN ANDERSON FWY),BROADWAY,287,E,N,A,-,Y,LA,NA,105,NA,R,7.597,H,NA,L,Y,2,0,3,1,A,-,01,23152,A,N,E,I,A,A,H,-,C,D,0,NA,NA,NA,NA,Y,Y,A,07,2,0,1,0,0,0,0,0,0,-,-,33.928951263427734,-118.2771224975586,LOS ANGELES,LOS ANGELES,-118.27713775634766,33.92882537841797
94540033,2025,2025-01-16,9535,2025-01-05,50,023450,NA,7,3,9,1900,0,3,5,NA,2,004,DEL MAR AVE (2000 BLOCK),LA MERCED RD (7800 BLOCK),30,S,N,A,-,N,NA,NA,NA,NA,NA,NA,NA,NA,NA,Y,4,0,1,1,A,-,08,22107,NA,N,E,I,A,A,H,-,D,D,0,NA,NA,NA,NA,Y,NA,-,-,0,0,1,0,0,0,0,0,0,-,-,34.05466842651367,-118.0995635986328,LOS ANGELES,UNINCORPORATED,-118.09963989257813,34.05480194091797
94540076,2025,2025-04-10,9580,2025-01-06,1905,021966,NA,1,2,7,1942,0,1,1,NA,2,404,I-405 N/B (SAN DIEGO FWY),US-101 N/B (VENTURA FREEWAY),495,N,N,A,-,Y,LA,NA,405,NA,NA,39.607,H,NA,R,Y,3,0,2,2,A,-,08,22107,NA,N,C,C,A,A,H,-,C,D,0,NA,NA,NA,NA,Y,NA,A,07,0,1,1,0,0,0,0,0,0,-,-,34.16252136230469,-118.46954345703124,LOS ANGELES,LOS ANGELES,-118.46944427490234,34.16252136230469
94540077,2025,2025-01-16,9580,2025-01-07,555,020849,NA,2,3,9,1900,0,3,5,NA,1,010,LAKE VISTA DR,CRAGS DR,600,E,N,A,-,N,NA,NA,NA,NA,NA,NA,NA,NA,NA,N,2,0,1,2,D,-,00,NA,NA,N,G,B,E,A,H,-,D,D,0,Y,NA,NA,NA,Y,NA,-,-,1,0,0,0,1,0,0,0,0,-,-,34.10755920410156,-118.76210021972656,LOS ANGELES,UNINCORPORATED,-118.76337432861328,34.10707092285156
94540086,2025,2025-01-16,9580,2025-01-09,2315,023213,NA,4,3,7,1942,0,1,3,NA,2,171,SR-170 S/B (HOLLYWOOD FREEWAY),VICTORY BLVD,2000,N,N,A,-,Y,LA,NA,170,NA,R,17.672,H,NA,L,N,4,0,3,2,A,-,03,22350,NA,N,C,C,A,A,H,-,E,D,0,NA,NA,NA,Y,Y,NA,F,26,0,0,3,0,0,0,0,0,0,-,-,34.19253921508789,-118.40245819091795,LOS ANGELES,LOS ANGELES,-118.4023895263672,34.19254684448242
94540089,2024,2025-01-16,9535,2024-09-08,2025,023375,NA,7,2,9,1900,0,1,1,NA,2,071,I-710 S/B (LONG BEACH FREEWAY) TO SR-60 (POMONA FR,SR-60 (POMONA FREEWAY),455,N,N,A,-,Y,NA,NA,NA,NA,NA,NA,NA,NA,NA,Y,3,0,1,1,A,-,08,22107,NA,N,E,I,A,A,H,-,C,D,0,NA,NA,NA,NA,Y,NA,A,01,0,1,0,0,0,0,0,0,0,-,-,34.03694152832031,-118.17075347900392,LOS ANGELES,UNINCORPORATED,-118.17015075683594,34.03597640991211
94540101,2025,2025-01-16,9580,2025-01-13,710,018185,NA,1,1,9,1900,0,2,4,NA,1,128,KANAN RD,CORNELL RD,2112,S,N,A,-,N,NA,NA,NA,NA,NA,NA,NA,NA,NA,Y,4,0,1,3,A,-,03,22350,NA,N,C,C,A,A,H,-,A,D,0,NA,NA,NA,NA,Y,NA,D,22,0,0,1,0,0,0,0,0,0,-,-,34.13502883911133,-118.75759887695313,LOS ANGELES,UNINCORPORATED,-118.75751495361328,34.13502502441406
94540105,2025,2025-01-16,9580,2025-01-08,840,020849,NA,3,1,9,1900,0,1,2,NA,2,106,US-101 N/B (VENTURA FREEWAY),LAS VIRGENES RD,5280,N,N,G,-,Y,LA,NA,101,NA,NA,29.98,H,NA,R,Y,3,0,1,2,A,-,08,22107,NA,N,B,C,A,A,H,-,A,D,0,NA,NA,NA,Y,Y,NA,A,07,0,1,0,0,0,0,0,0,0,-,-,34.15127944946289,-118.68049621582033,LOS ANGELES,UNINCORPORATED,-118.68050384521484,34.15123748779297
94540123,2025,2025-01-16,9550,2025-01-09,1245,024105,NA,4,1,7,1941,0,1,3,NA,2,090,SR-91 W/B,CHERRY AVE.,700,E,N,A,-,Y,LA,NA,91,NA,R,13.23,H,NA,L,N,3,0,1,2,A,-,08,22107,NA,F,B,C,A,A,H,-,A,D,0,NA,NA,NA,NA,Y,NA,-,99,0,1,0,0,0,0,0,0,0,-,-,33.876129150390625,-118.16665649414064,LOS ANGELES,LONG BEACH,-118.16665649414064,33.876075744628906
94540270,2024,2025-01-16,9535,2024-12-31,505,024064,NA,2,3,5,1906,0,1,1,NA,2,650,I-605 N/B (SAN GABRIEL RIVER FREEWAY),VALLEY BLVD,5280,S,N,E,-,Y,LA,NA,605,NA,R,18.44,H,NA,R,Y,3,0,1,2,A,-,07,21658,A,N,C,C,A,A,H,-,D,D,0,NA,NA,NA,NA,Y,NA,A,01,0,1,0,0,0,0,0,0,0,-,-,34.04207992553711,-118.01222229003906,LOS ANGELES,BALDWIN PARK,-118.01224517822266,34.042110443115234
94540303,2025,2025-01-16,9525,2025-01-15,1445,017046,NA,3,2,9,1900,0,2,4,NA,2,030,HACIENDA BLVD S/B,W. FRANCISQUITO AVENUE,50,N,N,A,-,N,NA,NA,NA,NA,NA,NA,NA,NA,NA,N,4,0,1,2,A,-,03,22350,NA,N,C,C,A,A,H,-,A,A,0,NA,NA,NA,NA,Y,NA,A,07,0,0,1,0,0,0,0,0,0,-,-,34.04840087890625,-117.94638061523438,LOS ANGELES,UNINCORPORATED,-117.94634246826172,34.04836654663086
94540310,2025,2025-01-16,9530,2025-01-08,809,017755,NA,3,1,7,1941,0,1,1,NA,2,430,I-405 N/B (SAN DIEGO FREEWAY),TEMPLE AVE.,1245,S,N,A,-,Y,LA,NA,405,NA,NA,4.1,H,NA,R,Y,4,0,1,1,A,-,08,22107,NA,N,E,I,A,A,H,-,A,D,0,NA,NA,NA,NA,Y,NA,A,01,0,0,1,0,0,0,0,0,0,-,-,33.80836868286133,-118.15576171875,LOS ANGELES,LONG BEACH,-118.15572357177734,33.80842208862305
94540323,2025,2025-01-16,9530,2025-01-08,1757,024092,NA,3,2,9,1900,0,3,5,NA,2,002,AVALON BOULEVARD,132ND STREET,88,S,N,A,-,N,NA,NA,NA,NA,NA,NA,NA,NA,NA,Y,4,0,2,3,A,-,21,22106,NA,N,B,C,A,A,H,-,C,D,0,NA,NA,NA,NA,Y,NA,D,22,0,0,2,0,0,0,0,0,0,-,-,33.91249084472656,-118.26534271240234,LOS ANGELES,UNINCORPORATED,-118.26528930664064,33.91252899169922
94540373,2025,2025-01-16,9535,2025-01-05,1026,023804,NA,7,1,9,1900,0,1,1,NA,2,500,I-5 (SANTA ANA FREEWAY) N/B,GARFIELD AVE.,614,S,N,A,-,Y,LA,NA,5,NA,NA,10.766,H,NA,R,N,4,0,1,3,A,-,03,22350,NA,N,C,C,A,A,H,-,A,D,0,NA,NA,NA,NA,Y,NA,A,07,0,0,1,0,0,0,0,0,0,-,-,33.98632049560547,-118.1360321044922,LOS ANGELES,UNINCORPORATED,-118.135986328125,33.986366271972656
94540391,2025,2025-01-16,9550,2025-01-10,1220,024105,NA,5,1,9,1900,0,1,1,NA,2,650,I-605 N/B,DUNLAP CROSSING RD.,230,N,N,A,-,Y,LA,NA,605,NA,R,12.915,H,NA,R,N,4,0,1,3,A,-,03,22350,NA,N,C,C,A,A,H,-,A,D,0,NA,NA,NA,NA,Y,NA,D,22,0,0,1,0,0,0,0,0,0,-,-,33.98440933227539,-118.07260894775392,LOS ANGELES,UNINCORPORATED,-118.07247161865234,33.98434829711914
94540392,2024,2025-01-16,9535,2024-11-17,1439,023804,NA,7,2,9,1900,0,3,5,NA,2,002,HUBBARD ST (400 BLOCK),ARIZONA AVE.,46,E,N,A,-,N,NA,NA,NA,NA,NA,NA,NA,NA,NA,N,4,0,1,3,A,-,08,22107,NA,N,B,2,A,A,H,-,A,D,0,NA,NA,NA,NA,Y,NA,D,22,0,0,1,0,0,0,0,0,0,-,-,34.02458953857422,-118.16584777832033,LOS ANGELES,UNINCORPORATED,-118.16605377197266,34.024593353271484
94540424,2025,2025-01-16,9530,2025-01-08,1655,023590,NA,3,2,5,1977,0,1,1,NA,2,410,I-405 S/B (SAN DIEGO FREEWAY),AVALON BLVD,2200,N,N,A,-,Y,LA,NA,405,NA,NA,11.688,H,NA,L,Y,4,0,1,4,A,-,03,22350,NA,N,C,C,A,A,H,-,A,D,0,NA,NA,NA,NA,Y,NA,A,07,0,0,1,0,0,0,0,0,0,-,-,33.84429931640625,-118.26840209960938,LOS ANGELES,CARSON,-118.26847839355467,33.84424591064453
94540432,2024,2025-01-16,9565,2024-09-09,854,023620,NA,1,1,4,1918,0,1,1,NA,2,061,I-405 N/B (SAN DIEGO FWY),VENICE BLVD,1214,S,N,A,-,Y,LA,NA,405,NA,NA,27.723,H,NA,R,N,3,0,1,2,A,-,08,22107,NA,F,E,0,A,A,H,-,A,D,0,NA,NA,Y,NA,Y,Y,A,08,0,1,0,0,0,0,0,0,1,-,-,34.00931930541992,-118.41612243652344,LOS ANGELES,CULVER CITY,-118.4160614013672,34.00935363769531
94540448,2024,2025-01-16,9550,2024-12-10,2335,024105,NA,2,3,5,1919,0,1,3,NA,2,092,SR-91 W/B,ARTESIA BOULEVARD,818,W,N,A,-,Y,LA,NA,91,NA,R,19.284,H,NA,L,N,4,0,2,1,A,-,08,22107,NA,N,E,I,A,A,H,-,C,D,0,NA,NA,NA,NA,Y,NA,A,07,0,0,2,0,0,0,0,0,0,-,-,33.87472152709961,-118.06207275390624,LOS ANGELES,CERRITOS,-118.06221771240234,33.87455749511719
94540453,2025,2025-01-16,9535,2025-01-10,405,023247,NA,5,3,9,1900,0,1,1,NA,2,420,I-10 E/B (SAN BERNARDINO FREEWAY),HERBERT AVE,1300,W,N,A,-,Y,LA,NA,10,NA,NA,19.98,H,NA,R,Y,3,0,2,2,A,-,03,22350,NA,N,C,C,A,A,H,-,D,D,0,NA,NA,NA,NA,Y,NA,A,01,0,1,1,0,0,0,0,0,0,-,-,34.05519104003906,-118.18736267089844,LOS ANGELES,UNINCORPORATED,-118.18736267089844,34.055179595947266
94540463,2025,2025-01-16,9530,2025-01-11,45,024138,NA,6,3,9,1900,0,1,1,NA,2,120,I-110 S/B (HARBOR FREEWAY),GAFFEY ST.,150,N,N,A,-,Y,LA,NA,110,NA,R,0.786,H,NA,L,Y,3,0,1,1,A,-,01,23152,A,N,E,I,A,A,H,-,D,D,0,NA,NA,NA,NA,Y,Y,A,01,0,1,0,0,0,0,0,0,0,-,-,33.7471809387207,-118.29200744628906,LOS ANGELES,UNINCORPORATED,-118.29190063476564,33.747093200683594
94540464,2024,2025-01-16,9565,2024-09-06,830,023745,NA,5,1,9,1900,0,3,5,NA,2,002,DENKER AVE,110TH ST  E,0,NA,Y,A,-,N,NA,NA,NA,NA,NA,NA,NA,NA,NA,N,3,0,1,2,A,-,12,22450,A,N,D,C,A,A,H,-,A,A,0,NA,NA,NA,NA,Y,NA,A,07,0,1,0,0,0,0,0,0,0,-,-,33.935279846191406,-118.30465698242188,LOS ANGELES,UNINCORPORATED,-118.30469512939452,33.93525695800781
94540491,2025,2025-01-16,9575,2025-01-07,815,018084,NA,2,1,7,1942,0,1,3,NA,2,043,SR-134 E/B (VENTURA FREEWAY),THE LOS ANGELES RIVER,598,W,N,B,-,Y,LA,NA,134,NA,R,5.578,H,NA,R,N,4,0,1,2,A,-,03,22350,NA,N,C,C,A,A,H,-,A,D,0,NA,NA,NA,NA,Y,NA,A,08,0,0,1,0,0,0,0,0,0,-,-,34.15232849121094,-118.28157806396484,LOS ANGELES,LOS ANGELES,-118.28157806396484,34.1523323059082
94540497,2025,2025-01-16,9535,2025-01-16,745,022017,NA,4,1,9,1900,0,1,1,NA,2,651,INTERSTATE 605 S/B (SAN GABRIEL RIVER FREEWAY),STATE ROUTE 60,1000,N,N,A,-,Y,LA,NA,605,NA,R,17.729,H,NA,L,Y,4,0,1,2,A,-,03,22350,NA,N,C,C,A,A,H,-,A,D,0,NA,NA,NA,NA,Y,NA,A,01,0,0,1,0,0,0,0,0,0,-,-,34.03749084472656,-118.02288055419922,LOS ANGELES,UNINCORPORATED,-118.02285003662108,34.03746032714844
94540511,2025,2025-01-16,9535,2025-01-16,955,022017,NA,4,1,5,1959,0,1,1,NA,2,400,INTERSTATE 10 E/B FROM SAN GABRIEL BOULEVARD S/B,SAN GABRIEL BOULEVARD,250,W,N,A,-,Y,LA,NA,10,NA,NA,25.817,H,NA,R,N,4,0,1,2,A,-,03,22350,NA,N,C,C,A,A,H,-,A,D,0,NA,NA,NA,NA,Y,NA,A,07,0,0,1,0,0,0,0,0,0,-,-,34.071659088134766,-118.09116363525392,LOS ANGELES,ROSEMEAD,-118.09116363525392,34.07182693481445
94540523,2025,2025-01-16,9575,2025-01-13,820,022503,NA,1,1,7,1942,1,4,S,NA,2,901,ARLETA AVENUE (9100 BLOCK),BRACKEN STREET (13100 BLOCK),150,N,N,A,-,N,NA,NA,NA,NA,NA,NA,NA,NA,NA,N,4,0,1,2,A,-,03,22350,NA,N,C,C,A,A,D,-,A,D,0,NA,NA,NA,NA,Y,NA,H,13,0,0,1,0,0,0,0,0,0,-,-,34.23714065551758,-118.42083740234376,LOS ANGELES,LOS ANGELES,-118.42078399658205,34.237083435058594
94540526,2024,2025-01-16,9535,2024-10-10,1620,023388,NA,4,2,9,1900,0,2,4,NA,2,024,WHITTIER BLVD. (4400 BLOCK),FORD BLVD.,50,W,N,A,-,N,NA,NA,NA,NA,NA,NA,NA,NA,NA,N,4,0,1,2,A,-,03,22350,NA,F,C,C,A,A,H,-,A,A,0,NA,NA,NA,NA,Y,NA,-,99,0,0,1,0,0,0,0,0,0,-,-,34.02334976196289,-118.17130279541016,LOS ANGELES,UNINCORPORATED,-118.17121124267578,34.02334976196289
94540542,2025,2025-01-16,9530,2025-01-09,115,021842,NA,4,3,7,1941,0,1,1,NA,2,072,S/B I-710,WILLOW ST.,900,N,N,A,-,Y,LA,NA,710,NA,NA,8.01,H,NA,R,Y,3,0,1,2,A,-,07,21658,A,F,B,C,A,A,H,-,C,D,0,NA,NA,NA,NA,Y,NA,-,99,0,1,0,0,0,0,0,0,0,-,-,33.80617904663086,-118.2073974609375,LOS ANGELES,LONG BEACH,-118.20724487304688,33.80615997314453
94540570,2025,2025-01-16,9530,2025-01-09,530,021902,NA,4,3,7,1941,0,1,1,NA,2,420,NB I-405,PACIFIC PL.,500,N,N,A,-,Y,LA,NA,405,NA,NA,7.248,H,NA,R,N,4,0,1,4,A,-,03,22350,NA,N,F,C,A,A,H,-,C,D,0,NA,NA,NA,NA,Y,NA,A,01,0,0,1,0,0,0,0,0,0,-,-,33.824920654296875,-118.20175933837892,LOS ANGELES,LONG BEACH,-118.20179748535156,33.82487487792969
94540612,2025,2025-01-16,9530,2025-01-09,730,022427,NA,4,1,7,1941,0,1,1,NA,2,072,I-710 S/B (LONG BEACH FREEWAY),WARDLOW RD.,1162,S,N,A,-,Y,LA,NA,710,NA,NA,8.842,H,NA,L,Y,4,0,1,2,A,-,07,21658,A,N,B,C,A,A,H,-,A,D,0,NA,NA,NA,Y,Y,NA,A,01,0,0,1,0,0,0,0,0,0,-,-,33.81829071044922,-118.20706939697266,LOS ANGELES,LONG BEACH,-118.2070541381836,33.81829071044922
94540620,2024,2025-01-16,9535,2024-11-18,1720,022230,NA,1,2,5,1947,0,1,3,NA,2,621,SR-60 WB (POMONA FREEWAY),MARKLAND DR,1300,E,N,A,-,Y,LA,NA,60,NA,R,6.58,H,NA,L,N,4,0,1,5,A,-,03,22350,NA,M,C,C,A,A,H,-,C,D,0,NA,NA,NA,NA,Y,NA,-,99,0,0,1,0,0,0,0,0,0,-,-,34.03348159790039,-118.11335754394533,LOS ANGELES,MONTEBELLO,-118.11335754394533,34.03342819213867
94540651,2025,2025-01-16,9545,2025-01-15,810,016124,NA,3,1,9,1900,0,3,5,NA,2,004,AVENUE T,82ND ST EAST,0,NA,Y,A,-,N,NA,NA,NA,NA,NA,NA,NA,NA,NA,Y,4,0,3,2,A,-,03,22350,NA,N,C,C,A,A,H,-,A,D,0,NA,NA,NA,NA,Y,NA,A,01,0,0,3,0,0,0,0,0,0,-,-,34.5428581237793,-117.98380279541016,LOS ANGELES,UNINCORPORATED,-117.98377227783205,34.54287338256836
94540656,2025,2025-01-16,9530,2025-01-09,1525,023938,NA,4,2,9,1900,0,3,5,NA,2,001,MIRAMONTE BLVD,83RD ST,0,NA,Y,A,-,N,NA,NA,NA,NA,NA,NA,NA,NA,NA,Y,3,0,2,3,A,-,12,22450,A,N,D,C,A,A,H,-,A,A,0,NA,NA,NA,NA,Y,NA,A,01,0,1,1,0,0,0,0,0,0,-,-,33.96329116821289,-118.24607849121094,LOS ANGELES,UNINCORPORATED,-118.24605560302734,33.96328353881836
94540661,2025,2025-01-16,9530,2025-01-09,1559,017755,NA,4,2,5,1977,0,1,1,NA,2,410,I-405 S/B (SAN DIEGO FREEWAY),213TH ST.,327,N,N,A,-,Y,LA,NA,405,NA,NA,10.958,H,NA,L,Y,3,0,1,4,A,-,03,22350,NA,N,C,C,A,A,H,-,A,D,0,NA,NA,NA,NA,Y,NA,A,01,0,1,0,0,0,0,0,0,0,-,-,33.836181640625,-118.26040649414064,LOS ANGELES,CARSON,-118.26044464111328,33.836158752441406
94540675,2025,2025-01-16,9530,2025-01-09,1715,023862,NA,4,2,9,1900,0,3,5,NA,2,006,W 228TH ST.,NORMANDIE AVE.,45,W,N,A,-,N,NA,NA,NA,NA,NA,NA,NA,NA,NA,N,4,0,1,2,A,-,08,22107,NA,N,B,C,A,A,H,-,C,A,0,NA,NA,NA,NA,Y,NA,A,01,0,0,1,0,0,0,0,0,0,-,-,33.81904983520508,-118.29843902587892,LOS ANGELES,UNINCORPORATED,-118.2983169555664,33.81896209716797
94540687,2025,2025-01-16,9530,2025-01-09,1802,024013,NA,4,2,9,1900,0,3,5,NA,2,001,NADEAU ST.,CROCKETT BLVD.,0,NA,Y,A,-,N,NA,NA,NA,NA,NA,NA,NA,NA,NA,N,3,0,1,2,A,-,09,21801,A,N,D,C,A,A,H,-,C,A,0,NA,NA,NA,NA,Y,NA,A,01,0,1,0,0,0,0,0,0,0,-,-,33.967430114746094,-118.23690795898438,LOS ANGELES,UNINCORPORATED,-118.23690795898438,33.967376708984375
94540689,2024,2025-01-16,9565,2024-06-20,1242,023564,NA,4,1,9,1900,0,3,5,NA,2,002,CENTURY BLVD W/B,DENKER AVENUE,100,E,N,A,-,N,NA,NA,NA,NA,NA,NA,NA,NA,NA,Y,4,0,1,2,A,-,08,22102,NA,F,D,D,A,A,H,-,A,D,0,NA,NA,NA,NA,Y,NA,A,01,0,0,1,0,0,0,0,0,0,-,-,33.945430755615234,-118.30336761474608,LOS ANGELES,UNINCORPORATED,-118.30434417724608,33.94546890258789