CASE_ID,ACCIDENT_YEAR,PROC_DATE,JURIS,COLLISION_DATE,COLLISION_TIME,OFFICER_ID,REPORTING_DISTRICT,DAY_OF_WEEK,CHP_SHIFT,POPULATION,CNTY_CITY_LOC,SPECIAL_COND,BEAT_TYPE,CHP_BEAT_TYPE,CITY_DIVISION_LAPD,CHP_BEAT_CLASS,BEAT_NUMBER,PRIMARY_RD,SECONDARY_RD,DISTANCE,DIRECTION,INTERSECTION,WEATHER_1,WEATHER_2,STATE_HWY_IND,CALTRANS_COUNTY,CALTRANS_DISTRICT,STATE_ROUTE,ROUTE_SUFFIX,POSTMILE_PREFIX,POSTMILE,LOCATION_TYPE,RAMP_INTERSECTION,SIDE_OF_HWY,TOW_AWAY,COLLISION_SEVERITY,NUMBER_KILLED,NUMBER_INJURED,PARTY_COUNT,PRIMARY_COLL_FACTOR,PCF_CODE_OF_VIOL,PCF_VIOL_CATEGORY,PCF_VIOLATION,PCF_VIOL_SUBSECTION,HIT_AND_RUN,TYPE_OF_COLLISION,MVIW,PED_ACTION,ROAD_SURFACE,ROAD_COND_1,ROAD_COND_2,LIGHTING,CONTROL_DEVICE,CHP_ROAD_TYPE,PEDESTRIAN_ACCIDENT,BICYCLE_ACCIDENT,MOTORCYCLE_ACCIDENT,TRUCK_ACCIDENT,NOT_PRIVATE_PROPERTY,ALCOHOL_INVOLVED,STWD_VEHTYPE_AT_FAULT,CHP_VEHTYPE_AT_FAULT,COUNT_SEVERE_INJ,COUNT_VISIBLE_INJ,COUNT_COMPLAINT_PAIN,COUNT_PED_KILLED,COUNT_PED_INJURED,COUNT_BICYCLIST_KILLED,COUNT_BICYCLIST_INJURED,COUNT_MC_KILLED,COUNT_MC_INJURED,PRIMARY_RAMP,SECONDARY_RAMP,LATITUDE,LONGITUDE,COUNTY,CITY,POINT_X,POINT_Y
9454395,2022,2022-07-29,1910,2022-06-19,1349,05102,NA,7,5,4,1910,0,0,0,NA,0,009,N LA CIENEGA BLVD N,N LA CIENEGA BLVD N 100,0,NA,N,A,-,N,NA,NA,NA,NA,NA,NA,NA,NA,NA,Y,3,0,2,2,A,-,09,21801,B,N,E,C,A,A,H,-,A,D,0,NA,NA,Y,NA,Y,NA,A,07,0,2,0,0,0,0,0,0,2,-,-,34.06752014160156,-118.37628936767578,LOS ANGELES,BEVERLY HILLS,-118.37622833251952,34.065181732177734
94543962,2025,2025-01-21,9530,2025-01-17,1735,022438,NA,5,2,9,1900,0,3,5,NA,2,002,REDONDO BEACH BLVD.,AVALON BLVD.,0,NA,Y,A,-,N,NA,NA,NA,NA,NA,NA,NA,NA,NA,Y,4,0,3,2,A,-,09,21801,A,N,D,C,A,A,H,-,C,A,0,NA,NA,NA,NA,Y,NA,A,01,0,0,3,0,0,0,0,0,0,-,-,33.893280029296875,-118.26531219482422,LOS ANGELES,UNINCORPORATED,-118.2654037475586,33.89321517944336
9454397,2022,2022-08-02,1976,2022-06-17,1519,560,NA,5,5,5,1976,0,0,0,NA,0,001,WHITTIER BL,GLENGARRY AV,0,NA,Y,A,-,Y,LA,7,72,-,-,6.017,I,5,S,Y,3,0,5,2,A,-,09,21801,A,N,D,C,A,A,H,-,A,A,0,NA,NA,NA,NA,Y,NA,A,01,0,2,3,0,0,0,0,0,0,-,-,NA,NA,LOS ANGELES,WHITTIER,-118.06051635742188,33.987545013427734
94543975,2025,2025-01-21,9530,2025-01-20,750,023843,NA,1,1,9,1900,0,3,5,NA,2,004,SANTA FE AVE.,VICTORIA,150,N,N,A,-,N,NA,NA,NA,NA,NA,NA,NA,NA,NA,Y,3,0,1,2,A,-,03,22350,NA,N,C,C,A,A,H,-,A,A,0,NA,NA,NA,NA,Y,NA,A,07,0,1,0,0,0,0,0,0,0,-,-,33.865169525146484,-118.21283721923828,LOS ANGELES,UNINCORPORATED,-118.21275329589844,33.86537551879883
94543979,2025,2025-01-21,9530,2025-01-17,1515,022427,NA,5,2,7,1941,0,1,1,NA,2,430,I-405 N/B (SAN DIEGO FREEWAY),ATHERTON ST.,100,S,N,A,-,Y,LA,NA,405,NA,NA,0.242,H,NA,R,N,4,0,1,2,A,-,03,22350,NA,N,C,C,A,A,H,-,A,D,0,NA,NA,NA,NA,Y,NA,A,01,0,0,1,0,0,0,0,0,0,-,-,33.788330078125,-118.09628295898438,LOS ANGELES,LONG BEACH,-118.09626770019533,33.7883415222168
94543986,2025,2025-01-21,9530,2025-01-17,1514,022079,NA,5,2,9,1900,0,3,5,NA,2,002,124TH ST.,SAN PEDRO ST.,0,NA,Y,A,-,N,NA,NA,NA,NA,NA,NA,NA,NA,NA,Y,4,0,2,2,A,-,09,21801,A,N,D,C,A,A,H,-,A,A,0,NA,NA,NA,NA,Y,NA,A,01,0,0,2,0,0,0,0,0,0,-,-,33.92007827758789,-118.26960754394533,LOS ANGELES,UNINCORPORATED,-118.26959991455078,33.920074462890625
94544011,2025,2025-01-21,9530,2025-01-16,1335,022079,NA,4,1,9,1900,0,3,5,NA,2,002,BROADWAY,ROSECRANS AVE.,20,S,N,A,-,N,NA,NA,NA,NA,NA,NA,NA,NA,NA,N,4,0,1,1,A,-,03,22350,NA,N,E,I,A,A,H,-,A,A,0,NA,NA,NA,NA,Y,NA,A,01,0,0,1,0,0,0,0,0,0,-,-,33.901790618896484,-118.27854919433594,LOS ANGELES,UNINCORPORATED,-118.27839660644533,33.901939392089844
94544013,2025,2025-01-21,9580,2025-01-16,2240,022550,NA,4,3,9,1900,0,1,3,NA,2,119,SR-118 W/B (RONALD REAGAN FWY.),ROCKY PEAK RD,1584,E,N,A,-,Y,LA,NA,118,NA,R,0.173,H,NA,L,Y,4,0,2,2,A,-,01,23152,A,N,C,C,A,A,H,-,D,D,0,NA,NA,NA,NA,Y,Y,A,01,0,0,2,0,0,0,0,0,0,-,-,34.27164840698242,-118.63133239746094,LOS ANGELES,UNINCORPORATED,-118.63129425048828,34.2716178894043
94544022,2025,2025-01-21,9575,2025-01-08,530,021795,NA,3,3,9,1900,0,2,4,NA,2,082,HUNTINGTON DR. (3100 BLOCK),EL CAMPO DR.,260,W,N,A,-,N,NA,NA,NA,NA,NA,NA,NA,NA,NA,N,4,0,1,1,A,-,03,22350,NA,N,F,A,A,A,B,C,C,D,0,NA,NA,Y,NA,Y,NA,C,02,0,0,1,0,0,0,0,0,1,-,-,34.127418518066406,-118.08914184570313,LOS ANGELES,UNINCORPORATED,-118.08909606933594,34.1276741027832
94544028,2024,2025-01-21,9535,2024-10-12,215,023354,NA,6,3,5,1959,0,3,5,NA,2,006,POTRERO GRANDE DR (1400 BLOCK),SUNSIDE DR,30,N,N,A,-,N,NA,NA,NA,NA,NA,NA,NA,NA,NA,Y,3,0,1,3,A,-,01,23152,A,N,B,E,A,A,H,-,C,D,0,NA,NA,NA,NA,Y,Y,D,22,0,1,0,0,0,0,0,0,0,-,-,34.04589080810547,-118.09954071044922,LOS ANGELES,ROSEMEAD,-118.09970092773438,34.04591369628906
94544074,2025,2025-01-21,9575,2025-01-09,1939,024158,NA,4,2,9,1900,0,3,5,NA,2,008,TEMPLE CITY BLVD.,NAOMI AVE.,0,NA,Y,A,-,N,NA,NA,NA,NA,NA,NA,NA,NA,NA,N,4,0,2,2,A,-,12,21453,A,F,D,C,A,A,H,-,C,A,0,NA,NA,NA,NA,Y,NA,-,99,0,0,2,0,0,0,0,0,0,-,-,34.12281036376953,-118.06410980224608,LOS ANGELES,UNINCORPORATED,-118.06411743164064,34.122779846191406
94544099,2025,2025-01-21,9530,2025-01-11,2310,024138,NA,6,3,9,1900,0,3,5,NA,2,002,REDONDO BEACH BLVD.,FIGUEROA ST.,370,E,N,A,-,N,NA,NA,NA,NA,NA,NA,NA,NA,NA,N,3,0,2,3,A,-,09,21801,A,M,D,2,A,A,H,-,C,D,0,NA,NA,NA,NA,Y,NA,A,01,0,2,0,0,0,0,0,0,0,-,-,33.89287185668945,-118.28167724609376,LOS ANGELES,UNINCORPORATED,-118.28183746337892,33.89274978637695
9454410,2022,2022-07-13,1942,2022-05-25,1845,44304,1827,3,5,7,1942,0,0,0,R,0,18X4,CENTURY BL,ANZAC AV,0,NA,Y,A,-,N,NA,NA,NA,NA,NA,NA,NA,NA,NA,Y,4,0,1,2,A,-,12,22450,A,F,D,C,A,A,H,-,A,D,0,NA,NA,NA,NA,Y,NA,A,01,0,0,1,0,0,0,0,0,0,-,-,NA,NA,LOS ANGELES,LOS ANGELES,-118.23789978027344,33.9456672668457
94544104,2025,2025-01-21,9575,2025-01-14,1815,024158,NA,2,2,9,1900,0,3,5,NA,2,003,LITTLE TUJUNGA CANYON RD.,CFM 16.77,215,S,N,A,-,N,NA,NA,NA,NA,NA,NA,NA,NA,NA,Y,3,0,2,2,A,-,05,21460,A,N,A,C,A,A,H,-,D,D,0,NA,NA,NA,NA,Y,NA,D,22,0,1,1,0,0,0,0,0,0,-,-,34.31084060668945,-118.3451690673828,LOS ANGELES,UNINCORPORATED,NA,NA
9454411,2022,2022-08-09,1942,2022-05-17,0800,42293,0504,2,5,7,1942,0,0,0,E,0,5A15,WESTERN AV,TORRANCE BL,40,S,N,A,-,N,NA,NA,NA,NA,NA,NA,NA,NA,NA,N,4,0,2,3,A,-,03,22350,NA,F,C,C,A,A,H,-,A,D,0,NA,NA,NA,NA,Y,NA,-,99,0,0,2,0,0,0,0,0,0,-,-,NA,NA,LOS ANGELES,LOS ANGELES,-118.3093032836914,33.83816909790039
94544117,2025,2025-01-21,9530,2025-01-14,900,023399,NA,2,1,9,1900,0,3,5,NA,2,002,SAN PEDRO ST. (12000 BLOCK),129TH ST.,10,S,N,A,-,N,NA,NA,NA,NA,NA,NA,NA,NA,NA,N,4,0,1,2,A,-,08,22107,NA,N,E,I,F,A,H,-,A,D,0,Y,NA,NA,NA,Y,NA,A,01,0,0,1,0,1,0,0,0,0,-,-,33.915409088134766,-118.26946258544922,LOS ANGELES,UNINCORPORATED,-118.26962280273438,33.915462493896484
9454413,2022,2022-08-11,1942,2022-05-20,1830,44746,0512,5,5,7,1942,0,0,0,E,0,5A24,WESTERN AV,PALOS VERDES,150,N,N,B,-,N,NA,NA,NA,NA,NA,NA,NA,NA,NA,N,3,0,3,3,A,-,03,22350,NA,F,C,C,A,A,H,-,A,D,0,NA,NA,NA,NA,Y,NA,-,-,0,1,2,0,0,0,0,0,0,-,-,NA,NA,LOS ANGELES,LOS ANGELES,-118.30950164794922,33.77949523925781
94544133,2025,2025-01-21,9530,2025-01-20,1400,022079,NA,1,2,9,1900,0,3,5,NA,2,002,WILMINGTON AVE. (11000 BLOCK),118TH ST.,10,S,N,A,-,N,NA,NA,NA,NA,NA,NA,NA,NA,NA,N,3,0,1,2,A,-,10,21950,A,N,G,B,B,A,H,-,A,D,0,Y,NA,NA,NA,Y,NA,A,01,0,1,0,0,1,0,0,0,0,-,-,33.925899505615234,-118.23915863037108,LOS ANGELES,UNINCORPORATED,-118.23906707763672,33.92594528198242
9454414,2022,2022-07-12,1942,2022-05-26,1155,33599,1832,4,5,7,1942,0,0,0,R,0,25TL23,BROADWAY,106TH ST,104,N,N,A,-,N,NA,NA,NA,NA,NA,NA,NA,NA,NA,Y,2,0,1,2,A,-,03,22350,A,N,A,C,A,A,H,-,A,D,0,NA,NA,Y,NA,Y,NA,C,03,1,0,0,0,0,0,0,0,1,-,-,NA,NA,LOS ANGELES,LOS ANGELES,-118.27838134765624,33.94039535522461
9454415,2022,2022-07-14,1942,2022-05-20,0030,42084,0515,5,5,7,1942,0,0,0,E,0,5A15,PCH,AVALON BL,88,E,N,A,-,N,NA,NA,NA,NA,NA,NA,NA,NA,NA,N,2,0,1,2,D,-,00,NA,NA,N,H,G,A,A,H,-,D,A,0,NA,Y,NA,NA,Y,NA,-,-,1,0,0,0,0,0,1,0,0,-,-,NA,NA,LOS ANGELES,LOS ANGELES,-118.26303100585938,33.79118347167969
9454416,2022,2022-07-12,1942,2022-05-27,1220,38111,1871,5,5,7,1942,0,0,0,R,0,25TL25,FIGUEROA ST,149TH ST,3,NA,N,A,-,N,NA,NA,NA,NA,NA,NA,NA,NA,NA,N,2,0,1,2,A,-,11,21954,A,F,G,B,D,A,H,-,A,D,0,Y,NA,NA,NA,Y,NA,N,60,1,0,0,0,1,0,0,0,0,-,-,NA,NA,LOS ANGELES,LOS ANGELES,-118.28321838378906,33.897457122802734
9454417,2022,2022-07-12,1942,2022-05-27,2000,40700,0396,5,5,7,1942,0,0,0,C,0,25MQ52,HOOVER ST,43RD PL,0,NA,Y,A,-,N,NA,NA,NA,NA,NA,NA,NA,NA,NA,N,2,0,1,2,A,-,10,21950,A,F,G,B,B,A,H,-,C,A,0,Y,NA,NA,NA,Y,NA,-,99,1,0,0,0,1,0,0,0,0,-,-,NA,NA,LOS ANGELES,LOS ANGELES,-118.28717041015624,34.004539489746094
9454418,2022,2022-07-12,1942,2022-05-27,1425,38729,0321,5,5,7,1942,0,0,0,C,0,25MQ53,OBAMA BL,LA BREA AV,20,E,N,A,-,N,NA,NA,NA,NA,NA,NA,NA,NA,NA,N,3,0,1,2,A,-,11,21954,A,N,G,B,D,A,H,-,A,A,0,Y,NA,NA,NA,Y,NA,N,60,0,1,0,0,1,0,0,0,0,-,-,NA,NA,LOS ANGELES,LOS ANGELES,-118.35554504394533,34.02153015136719
9454419,2022,2022-08-31,1942,2022-05-29,0815,36553,0585,7,5,7,1942,0,0,0,E,0,25TL25,GAFFEY ST,19TH ST,0,NA,Y,A,-,N,NA,NA,NA,NA,NA,NA,NA,NA,NA,N,2,0,1,3,A,-,12,21453,A,N,D,C,A,A,H,-,A,A,0,NA,NA,Y,NA,Y,NA,C,02,1,0,0,0,0,0,0,0,1,-,-,NA,NA,LOS ANGELES,LOS ANGELES,-118.29239654541016,33.72697830200195
9454420,2022,2022-07-12,1942,2022-05-20,1435,35393,0396,5,5,7,1942,0,0,0,C,0,25TL21,HOOVER ST,43RD ST,75,N,N,A,-,N,NA,NA,NA,NA,NA,NA,NA,NA,NA,N,3,0,1,2,A,-,04,21703,A,N,C,C,A,A,H,-,A,D,0,NA,NA,NA,NA,Y,NA,A,01,0,1,0,0,0,0,0,0,0,-,-,NA,NA,LOS ANGELES,LOS ANGELES,-118.28720855712892,34.00555419921875
94544211,2024,2025-01-21,9535,2024-11-20,1535,023384,NA,3,2,9,1900,0,2,4,NA,2,014,CESAR E CHAVEZ AVE (4900 BLOCK),MEDNIK AVE,630,E,N,A,-,N,NA,NA,NA,NA,NA,NA,NA,NA,NA,N,4,0,1,2,A,-,11,21950,B,N,G,B,C,A,H,-,A,A,0,Y,NA,NA,NA,Y,NA,N,60,0,0,1,0,1,0,0,0,0,-,-,34.04064178466797,-118.15975952148438,LOS ANGELES,UNINCORPORATED,-118.15980529785156,34.040611267089844
94544220,2025,2025-01-21,9530,2025-01-16,700,023843,NA,4,1,5,1977,0,1,3,NA,2,310,SR-91 W/B (ARTESIA FREEWAY),CENTRAL AVE,500,E,N,A,-,Y,LA,NA,91,NA,R,8.065,H,NA,L,N,4,0,2,4,A,-,08,22107,NA,M,B,C,A,A,H,-,A,A,0,NA,NA,NA,NA,Y,NA,-,99,0,0,2,0,0,0,0,0,0,-,-,33.87384033203125,-118.25509643554688,LOS ANGELES,CARSON,-118.25509643554688,33.87378692626953
9454423,2022,2022-08-02,1900,2022-06-15,1428,617953,0541,3,5,3,1921,0,0,0,NA,0,58T1PM,HUNTINGTON DR,BRADBURY AV,0,NA,Y,A,-,N,NA,NA,NA,NA,NA,NA,NA,NA,NA,Y,3,0,2,2,A,-,09,21801,A,N,D,C,A,A,H,-,A,A,0,NA,NA,NA,NA,Y,NA,A,01,0,2,0,0,0,0,0,0,0,-,-,34.13956069946289,-117.98184204101564,LOS ANGELES,DUARTE,-117.9818878173828,34.13966369628906
94544233,2025,2025-01-21,9530,2025-01-20,1725,023652,NA,1,2,9,1900,0,3,5,NA,2,001,87TH ST. (1200 BLOCK),HOOPER AVE.,490,E,N,A,-,N,NA,NA,NA,NA,NA,NA,NA,NA,NA,N,4,0,1,2,A,-,08,22107,NA,M,G,B,E,A,H,-,A,D,0,Y,NA,NA,NA,Y,NA,-,99,0,0,1,0,1,0,0,0,0,-,-,33.959228515625,-118.25231170654295,LOS ANGELES,UNINCORPORATED,-118.2524185180664,33.95927047729492
94544248,2024,2025-01-21,9535,2024-11-10,255,023355,NA,7,3,9,1900,0,1,1,NA,2,401,I-10 WB (SAN BERNARDINO FREEWAY),JACKSON AVE POC,91,W,N,A,-,Y,LA,NA,10,NA,NA,25.07,H,NA,L,Y,3,0,1,1,A,-,01,23152,A,N,E,I,A,A,H,-,D,D,0,NA,NA,NA,NA,Y,Y,A,01,0,1,0,0,0,0,0,0,0,-,-,34.07207107543945,-118.10417938232422,LOS ANGELES,UNINCORPORATED,-118.10417938232422,34.07219696044922
94544264,2025,2025-01-21,9530,2025-01-17,1000,023688,NA,5,1,9,1900,0,1,1,NA,2,120,I-110 N/B (HARBOR FREEWAY),TORRANCE BLVD.,3168,S,N,A,-,Y,LA,NA,110,NA,NA,7.142,H,NA,R,Y,4,0,2,4,A,-,03,22350,NA,N,C,C,A,A,H,-,A,D,0,NA,NA,NA,Y,Y,NA,G,25,0,0,2,0,0,0,0,0,0,-,-,33.833431243896484,-118.28720092773438,LOS ANGELES,UNINCORPORATED,-118.28724670410156,33.833431243896484
9454427,2022,2022-08-31,1900,2022-06-10,0815,606776,0542,5,5,3,1921,0,0,0,NA,0,58T1AM,HUNTINGTON DR,TRAILS LN,0,NA,Y,A,-,N,NA,NA,NA,NA,NA,NA,NA,NA,NA,N,4,0,1,2,A,-,09,21801,A,N,D,-,A,A,H,-,A,D,0,NA,Y,NA,NA,Y,NA,D,22,0,0,1,0,0,0,1,0,0,-,-,34.139888763427734,-117.95075988769533,LOS ANGELES,DUARTE,-117.9507293701172,34.13984298706055
94544290,2024,2025-01-21,9535,2024-11-09,155,023382,NA,6,3,5,1947,0,1,3,NA,2,601,SR-60 (POMONA FREEWAY) W/B,PARAMOUNT BLVD,1255,W,N,A,-,Y,LA,NA,60,NA,R,8.022,H,NA,R,Y,2,0,1,1,A,-,08,22107,NA,N,E,I,A,A,H,-,D,D,0,NA,NA,NA,NA,Y,NA,A,01,1,0,0,0,0,0,0,0,0,-,-,34.03683090209961,-118.08866119384766,LOS ANGELES,MONTEBELLO,-118.08870697021484,34.036964416503906
94544331,2024,2025-01-21,9535,2024-12-19,2050,023804,NA,4,2,9,1900,0,2,4,NA,2,024,WHITTIER BLVD,GAGE AVE,0,NA,Y,A,-,N,NA,NA,NA,NA,NA,NA,NA,NA,NA,N,3,0,1,2,A,-,17,21228,A,M,D,C,A,A,H,-,A,A,0,NA,NA,NA,NA,Y,NA,M,94,0,1,0,0,0,0,0,0,0,-,-,34.02402877807617,-118.18504333496094,LOS ANGELES,UNINCORPORATED,-118.18498992919922,34.02393341064453
94544337,2025,2025-01-21,9550,2025-01-12,1225,018187,NA,7,1,9,1900,0,3,5,NA,2,002,MILLER RD,RARITAN DR,0,NA,Y,A,-,Y,NA,NA,NA,NA,NA,NA,NA,NA,NA,N,4,0,2,2,A,-,05,21650,NA,N,D,C,A,A,H,-,A,D,0,NA,NA,NA,NA,Y,NA,A,01,0,0,2,0,0,0,0,0,0,-,-,33.92646026611328,-118.01666259765624,LOS ANGELES,UNINCORPORATED,-118.01673126220705,33.92649841308594
94544349,2025,2025-01-21,9540,2025-01-21,605,018024,NA,2,1,9,1900,0,1,3,NA,2,146,SR-14 N/B,AGUA DULCE CYN RD,5280,S,N,A,-,Y,LA,NA,14,NA,NA,38.774,H,NA,R,Y,4,0,1,2,A,-,03,22350,NA,N,C,C,A,A,H,-,D,D,0,NA,NA,NA,Y,Y,NA,G,25,0,0,1,0,0,0,0,0,0,-,-,34.45933151245117,-118.34478759765624,LOS ANGELES,UNINCORPORATED,-118.34485626220705,34.45940017700195
94544370,2024,2025-01-21,9535,2024-03-10,330,023365,NA,7,3,5,1948,0,1,3,NA,2,621,SR-60 W/B (POMONA FREEWAY),PARAMOUNT BLVD,2065,W,N,A,-,Y,LA,NA,60,NA,R,7.364,H,NA,L,Y,2,0,2,2,A,-,01,23152,A,N,C,C,A,A,H,-,C,D,0,NA,NA,NA,NA,Y,Y,A,07,1,0,1,0,0,0,0,0,0,-,-,34.03596115112305,-118.1000518798828,LOS ANGELES,MONTEREY PARK,-118.10004425048828,34.03586196899414
94544379,2025,2025-01-21,9550,2025-01-12,1310,021100,NA,7,1,9,1900,0,1,3,NA,2,600,SR-60 WB,CROSSROADS PARKWAY,327,E,N,A,-,Y,LA,NA,60,NA,NA,12.701,H,NA,L,N,4,0,2,2,A,-,03,22350,NA,N,C,C,A,A,H,-,A,D,0,NA,NA,NA,NA,Y,NA,A,07,0,0,2,0,0,0,0,0,0,-,-,34.02919006347656,-118.01129150390624,LOS ANGELES,UNINCORPORATED,-118.01129150390624,34.029205322265625
94544390,2025,2025-01-21,9565,2025-01-20,1405,022857,NA,1,2,6,1933,0,1,1,NA,2,060,I-405 N/B,MANCHESTER BLVD,300,S,N,A,-,Y,LA,NA,405,NA,NA,23.104,H,NA,R,N,4,0,2,3,A,-,03,22350,NA,N,C,C,A,A,H,-,A,D,0,NA,NA,NA,NA,Y,NA,A,01,0,0,2,0,0,0,0,0,0,-,-,33.95798110961914,-118.36927032470705,LOS ANGELES,INGLEWOOD,-118.36922454833984,33.95798110961914
9454445,2022,2022-07-28,1900,2022-06-24,2305,639407,0454,5,5,6,1949,0,0,0,NA,0,43T1P,ROSECRANS AV,BLOOMFIELD AV,0,NA,Y,A,-,N,NA,NA,NA,NA,NA,NA,NA,NA,NA,Y,4,0,1,2,A,-,12,21453,A,N,D,C,A,A,H,-,C,A,0,NA,NA,NA,NA,Y,NA,D,22,0,0,1,0,0,0,0,0,0,-,-,NA,NA,LOS ANGELES,NORWALK,-118.06410980224608,33.90226364135742
94544499,2024,2025-01-21,9535,2024-11-04,702,023244,NA,1,1,5,1943,0,1,1,NA,2,105,I-105 W/B (CENTURY FREEWAY) FROM GARFIELD AVE,GARFIELD AVE.,500,W,N,A,-,Y,NA,NA,NA,NA,NA,NA,NA,NA,NA,N,4,0,1,2,A,-,03,22350,NA,N,C,C,A,A,H,-,A,A,0,NA,NA,NA,NA,Y,NA,A,01,0,0,1,0,0,0,0,0,0,-,-,33.911590576171875,-118.17099761962892,LOS ANGELES,LYNWOOD,-118.16912078857422,33.91128921508789
9454453,2022,2022-09-21,1900,2022-06-26,1930,647476,0453,7,5,6,1949,0,0,0,NA,0,45T1P,ROSECRANS AV,RT 605,0,NA,Y,A,-,Y,LA,7,605,-,R,6.973,R,4,N,Y,4,0,1,2,A,-,12,21453,A,N,D,C,A,A,H,-,B,A,0,NA,NA,NA,NA,Y,NA,-,-,0,0,1,0,0,0,0,0,0,-,NO,NA,NA,LOS ANGELES,NORWALK,-118.10512542724608,33.90416717529297
94544607,2025,2025-01-21,9580,2025-01-18,1529,023848,NA,6,2,7,1942,0,1,1,NA,2,406,I-405 N/B (SAN DIEGO FWY) FROM NORDHOFF STREET,NORDHOFF ST,30,N,N,A,-,Y,NA,NA,NA,NA,NA,NA,NA,NA,NA,N,3,0,2,2,A,-,03,22350,NA,N,C,C,A,A,H,-,A,D,0,NA,NA,NA,NA,Y,NA,A,01,0,2,0,0,0,0,0,0,0,-,-,34.23616027832031,-118.47258758544922,LOS ANGELES,LOS ANGELES,-118.47297668457033,34.233970642089844
94544610,2025,2025-01-21,9580,2025-01-20,750,020849,NA,1,1,9,1900,0,1,2,NA,2,106,US-101 N/B (VENTURA FREEWAY),PARKWAY CALABASAS,2500,S,N,A,-,Y,LA,NA,101,NA,NA,27.813,H,NA,R,N,4,0,1,2,A,-,08,22107,NA,N,D,C,A,A,H,-,A,D,0,NA,NA,NA,NA,Y,NA,D,22,0,0,1,0,0,0,0,0,0,-,-,34.15671920776367,-118.64488983154295,LOS ANGELES,UNINCORPORATED,-118.64484405517578,34.156646728515625
9454465,2022,2022-10-21,1900,2022-06-23,0430,612130,0472,4,5,4,1936,0,0,0,NA,0,46T1E,VALLEY VIEW AV,STAGE RD,0,NA,Y,A,-,N,NA,NA,NA,NA,NA,NA,NA,NA,NA,Y,4,0,1,2,A,-,12,21453,A,N,D,C,A,A,H,-,C,A,0,NA,NA,NA,Y,Y,NA,-,-,0,0,1,0,0,0,0,0,0,-,-,NA,NA,LOS ANGELES,LA MIRADA,-118.02919006347656,33.89790725708008
94544663,2025,2025-01-21,9545,2025-01-13,645,021434,NA,1,1,9,1900,0,1,3,NA,2,031,SR-14 S/B,MOUNTAIN SPRINGS ROAD,2640,S,N,A,-,Y,LA,NA,14,NA,R,53.289,H,NA,L,Y,3,0,1,8,A,-,03,22350,NA,N,C,2,A,A,H,-,B,D,0,NA,NA,NA,NA,Y,NA,-,-,0,1,0,0,0,0,0,0,0,-,-,34.49628829956055,-118.12415313720705,LOS ANGELES,UNINCORPORATED,-118.12416839599608,34.49630355834961
94544722,2024,2025-01-21,9535,2024-11-05,725,023941,NA,2,1,9,1900,0,2,4,NA,2,022,GARFIELD AVE,OLYMPIC BLVD,0,NA,Y,A,-,N,NA,NA,NA,NA,NA,NA,NA,NA,NA,Y,4,0,1,2,A,-,12,21453,A,N,A,C,A,A,H,-,A,A,0,NA,NA,NA,Y,Y,NA,F,25,0,0,1,0,0,0,0,0,0,-,-,34.01150894165039,-118.13091278076172,LOS ANGELES,UNINCORPORATED,-118.13085174560548,34.0114860534668
9454478,2022,2022-07-29,1900,2022-06-14,0550,434049,0521,2,5,4,1971,0,0,0,NA,0,52T1DA,LA TUNAS BL,TEMPLE CITY BL,0,NA,Y,A,-,N,NA,NA,NA,NA,NA,NA,NA,NA,NA,Y,3,0,1,3,A,-,12,21453,A,N,D,C,A,A,H,-,A,A,0,NA,NA,NA,NA,Y,NA,A,01,0,1,0,0,0,0,0,0,0,-,-,34.10673141479492,-118.0609130859375,LOS ANGELES,TEMPLE CITY,-118.0609130859375,34.1066780090332
94544972,2024,2025-01-21,9535,2024-11-04,654,023930,NA,1,1,9,1900,0,3,5,NA,2,007,DOWNEY ROAD,FRUITLAND AVENUE,0,NA,Y,A,-,N,NA,NA,NA,NA,NA,NA,NA,NA,NA,Y,4,0,1,3,A,-,09,21801,A,N,D,C,A,A,H,-,A,A,0,NA,NA,NA,NA,Y,NA,A,01,0,0,1,0,0,0,0,0,0,-,-,33.99665069580078,-118.20465087890624,LOS ANGELES,UNINCORPORATED,-118.20468139648438,33.99666213989258
94545001,2025,2025-01-21,9535,2025-01-05,210,023371,NA,7,3,9,1900,0,1,1,NA,2,500,I-5 (SANTA ANA FREEWAY) N/B,DITMAN AVE,110,S,N,A,-,Y,LA,NA,5,NA,NA,14.755,H,NA,R,N,3,0,1,2,A,-,11,21954,A,N,G,B,E,A,H,-,C,D,0,Y,NA,NA,NA,Y,NA,N,60,0,1,0,0,1,0,0,0,0,-,-,34.02021026611328,-118.18875122070313,LOS ANGELES,UNINCORPORATED,-118.18875122070313,34.020233154296875
94545022,2025,2025-05-27,9590,2025-01-14,129,023266,NA,2,3,7,1942,0,1,1,NA,2,051,I-110 SB (HARBOR FREEWAY),47TH ST,120,N,N,A,-,Y,LA,NA,110,NA,NA,18.852,H,NA,L,N,4,0,1,2,A,-,08,22107,NA,M,B,I,A,A,H,-,A,D,0,NA,NA,NA,NA,Y,NA,A,01,0,0,1,0,0,0,0,0,0,-,-,34.00143814086914,-118.28109741210938,LOS ANGELES,LOS ANGELES,-118.28107452392578,34.001441955566406