CASE_ID,ACCIDENT_YEAR,PROC_DATE,JURIS,COLLISION_DATE,COLLISION_TIME,OFFICER_ID,REPORTING_DISTRICT,DAY_OF_WEEK,CHP_SHIFT,POPULATION,CNTY_CITY_LOC,SPECIAL_COND,BEAT_TYPE,CHP_BEAT_TYPE,CITY_DIVISION_LAPD,CHP_BEAT_CLASS,BEAT_NUMBER,PRIMARY_RD,SECONDARY_RD,DISTANCE,DIRECTION,INTERSECTION,WEATHER_1,WEATHER_2,STATE_HWY_IND,CALTRANS_COUNTY,CALTRANS_DISTRICT,STATE_ROUTE,ROUTE_SUFFIX,POSTMILE_PREFIX,POSTMILE,LOCATION_TYPE,RAMP_INTERSECTION,SIDE_OF_HWY,TOW_AWAY,COLLISION_SEVERITY,NUMBER_KILLED,NUMBER_INJURED,PARTY_COUNT,PRIMARY_COLL_FACTOR,PCF_CODE_OF_VIOL,PCF_VIOL_CATEGORY,PCF_VIOLATION,PCF_VIOL_SUBSECTION,HIT_AND_RUN,TYPE_OF_COLLISION,MVIW,PED_ACTION,ROAD_SURFACE,ROAD_COND_1,ROAD_COND_2,LIGHTING,CONTROL_DEVICE,CHP_ROAD_TYPE,PEDESTRIAN_ACCIDENT,BICYCLE_ACCIDENT,MOTORCYCLE_ACCIDENT,TRUCK_ACCIDENT,NOT_PRIVATE_PROPERTY,ALCOHOL_INVOLVED,STWD_VEHTYPE_AT_FAULT,CHP_VEHTYPE_AT_FAULT,COUNT_SEVERE_INJ,COUNT_VISIBLE_INJ,COUNT_COMPLAINT_PAIN,COUNT_PED_KILLED,COUNT_PED_INJURED,COUNT_BICYCLIST_KILLED,COUNT_BICYCLIST_INJURED,COUNT_MC_KILLED,COUNT_MC_INJURED,PRIMARY_RAMP,SECONDARY_RAMP,LATITUDE,LONGITUDE,COUNTY,CITY,POINT_X,POINT_Y
94546593,2025,2025-01-22,9575,2025-01-09,1503,022203,NA,4,2,9,1900,0,2,4,NA,2,024,WOODBURY ROAD (100 BLOCK),RAYMOND AVENUE,20,W,N,A,-,N,NA,NA,NA,NA,NA,NA,NA,NA,NA,N,4,0,1,2,A,-,03,22350,NA,N,C,C,A,A,H,-,A,D,0,NA,NA,NA,NA,Y,NA,J,48,0,0,1,0,0,0,0,0,0,-,-,34.183170318603516,-118.14940643310548,LOS ANGELES,UNINCORPORATED,-118.14927673339844,34.18314743041992
94546626,2025,2025-01-23,9590,2025-01-12,1840,023319,NA,7,2,7,1942,0,1,2,NA,2,071,US-101 S/B (HOLLYWOOD FREEWAY),ROSEMONT AVE.,110,N,N,A,-,Y,LA,NA,101,NA,NA,3.037,H,NA,L,N,4,0,1,2,A,-,03,22350,NA,M,C,C,A,A,H,-,C,D,0,NA,NA,NA,NA,Y,NA,-,99,0,0,1,0,0,0,0,0,0,-,-,34.07307052612305,-118.26956939697266,LOS ANGELES,LOS ANGELES,-118.2695770263672,34.073055267333984
94546627,2025,2025-01-23,9535,2025-01-09,1335,024212,NA,4,1,3,1914,0,1,1,NA,2,500,I-5 N/B (SANTA ANA FREEWAY),TRIGGS ST,315,N,N,A,-,Y,LA,NA,5,NA,NA,13.135,H,NA,R,Y,2,0,1,3,A,-,08,22107,NA,F,B,2,A,A,H,-,A,D,0,NA,NA,NA,NA,Y,NA,-,99,1,0,0,0,0,0,0,0,0,-,-,34.01218032836914,-118.16278076171876,LOS ANGELES,COMMERCE,-118.16278839111328,34.012168884277344
94546636,2025,2025-01-23,9550,2025-01-16,910,023942,NA,4,1,9,1900,0,3,5,NA,2,005,PATHFINDER RD EASTBOUND,ROBERT RD,82,E,N,A,-,Y,NA,NA,NA,NA,NA,NA,NA,NA,NA,Y,3,0,1,3,A,-,08,22107,NA,N,B,C,F,A,H,-,A,D,0,Y,NA,NA,NA,Y,NA,A,07,0,1,0,0,1,0,0,0,0,-,-,33.97203063964844,-117.86882019042967,LOS ANGELES,UNINCORPORATED,-117.86880493164064,33.972084045410156
94546638,2025,2025-01-23,9535,2025-01-08,1420,024086,NA,3,2,9,1900,0,3,5,NA,2,001,EASTERN AVE.,RAMONA BLVD,0,NA,Y,A,-,N,NA,NA,NA,NA,NA,NA,NA,NA,NA,N,3,0,1,2,A,-,12,21453,A,F,D,C,A,A,H,-,A,A,0,NA,NA,NA,NA,Y,NA,-,99,0,1,0,0,0,0,0,0,0,-,-,34.05955123901367,-118.17276763916016,LOS ANGELES,UNINCORPORATED,-118.17285919189452,34.059574127197266
94546639,2025,2025-01-23,9535,2025-01-11,55,024064,NA,6,3,3,1914,0,1,1,NA,2,501,I-5 S/B (SANTA ANA FREEWAY),ATLANTIC BLVD,125,S,N,A,-,Y,LA,NA,5,NA,NA,12.768,H,NA,L,Y,4,0,1,1,A,-,08,22107,NA,N,E,I,A,A,H,-,C,D,0,NA,NA,NA,NA,Y,NA,A,07,0,0,1,0,0,0,0,0,0,-,-,34.008460998535156,-118.15833282470705,LOS ANGELES,COMMERCE,-118.15838623046876,34.008419036865234
94546641,2025,2025-01-23,9590,2025-01-13,315,023052,NA,1,3,7,1942,0,1,1,NA,2,062,I-10 E/B (SANTA MONICA FREEWAY),FIGUEROA STREET,170,E,N,A,-,Y,LA,NA,10,NA,NA,15.088,H,NA,R,N,4,0,1,2,A,-,07,21658,A,F,B,C,A,A,H,-,C,D,0,NA,NA,NA,NA,Y,NA,-,99,0,0,1,0,0,0,0,0,0,-,-,34.036468505859375,-118.27017974853516,LOS ANGELES,LOS ANGELES,-118.27021026611328,34.03643798828125
94546644,2025,2025-01-23,9565,2025-01-21,130,023173,NA,2,3,6,1933,0,1,1,NA,2,060,I-405 S/B (SAN DIEGO FREEWAY),CENTURY BOULEVARD,1200,N,N,A,-,Y,LA,NA,405,NA,NA,22.47,H,NA,L,Y,4,0,1,2,A,-,01,23152,A,N,C,E,A,A,C,-,C,D,0,NA,NA,NA,NA,Y,Y,A,01,0,0,1,0,0,0,0,0,0,-,-,33.948829650878906,-118.36866760253906,LOS ANGELES,INGLEWOOD,-118.36857604980467,33.94883728027344
94546940,2025,2025-01-23,9530,2025-01-17,2015,021902,NA,5,2,9,1900,0,3,5,NA,2,002,AVALON BLVD.,EL SEGUNDO BLVD.,0,NA,Y,A,-,N,NA,NA,NA,NA,NA,NA,NA,NA,NA,N,4,0,1,2,D,-,00,NA,NA,N,D,C,A,A,H,-,C,A,0,NA,NA,NA,NA,Y,NA,-,-,0,0,1,0,0,0,0,0,0,-,-,33.916419982910156,-118.26519012451172,LOS ANGELES,UNINCORPORATED,-118.26525115966795,33.916419982910156
94546944,2025,2025-01-23,9575,2025-01-16,1712,024163,NA,4,2,6,1912,0,1,1,NA,2,051,I-5 S/B (GOLDEN STATE FREEWAY),ALAMEDA AVENUE,167,N,N,A,-,Y,LA,NA,5,NA,NA,28.48,H,NA,L,N,4,0,1,2,A,-,03,22350,NA,N,C,C,A,A,H,-,B,D,0,NA,NA,NA,NA,Y,NA,A,01,0,0,1,0,0,0,0,0,0,-,-,34.17063903808594,-118.30487823486328,LOS ANGELES,BURBANK,-118.3049087524414,34.170616149902344
94546947,2024,2025-01-23,9530,2024-12-23,1150,023824,NA,1,1,7,1942,0,1,1,NA,2,200,I-105 W/B (GLENN ANDERSON FWY),I-110 N/B (HARBOR FREEWAY),150,W,N,B,-,Y,LA,NA,105,NA,R,7.377,H,NA,L,Y,2,0,1,3,A,-,07,21658,A,N,C,2,A,A,H,-,A,D,0,NA,NA,Y,NA,Y,NA,A,01,1,0,0,0,0,0,0,0,1,-,-,33.92892074584961,-118.28099822998048,LOS ANGELES,LOS ANGELES,-118.28099822998048,33.92890167236328
94546951,2025,2025-01-23,9535,2025-01-10,1920,023450,NA,5,2,4,1907,0,1,1,NA,2,072,I-710 N/B (LONG BEACH FREEWAY) TO ATLANTIC BOULEVA,ATLANTIC BLVD,41,S,N,A,-,Y,NA,NA,NA,NA,NA,NA,NA,NA,NA,N,4,0,1,2,A,-,03,22350,NA,N,C,C,A,A,H,-,C,A,0,NA,NA,NA,NA,Y,NA,A,07,0,0,1,0,0,0,0,0,0,-,-,33.99769973754883,-118.17619323730467,LOS ANGELES,BELL,-118.17661285400392,33.997581481933594
94546956,2024,2025-01-23,9550,2024-10-18,1950,023064,NA,5,2,9,1900,0,2,4,NA,1,022,LEFFINGWELL ROAD,LA MIRADA BOULEVARD,100,E,N,A,-,N,NA,NA,NA,NA,NA,NA,NA,NA,NA,N,3,0,1,1,A,-,03,22350,NA,N,E,J,A,A,H,-,C,D,0,NA,NA,Y,NA,Y,NA,C,02,0,1,0,0,0,0,0,0,1,-,-,33.92715835571289,-118.01064300537108,LOS ANGELES,UNINCORPORATED,-118.01166534423828,33.926815032958984
94546963,2025,2025-01-23,9535,2025-01-10,1735,024085,NA,5,2,6,1922,0,1,1,NA,2,401,I-10 W/B (SAN BERNARDINO FREEWAY),PECK RD,512,W,N,A,-,Y,LA,NA,10,NA,NA,29.337,H,NA,L,Y,4,0,2,2,A,-,03,22350,NA,N,C,C,A,A,H,-,D,D,0,NA,NA,NA,NA,Y,NA,A,01,0,0,2,0,0,0,0,0,0,-,-,34.068050384521484,-118.03079986572266,LOS ANGELES,EL MONTE,-118.03079986572266,34.06804656982422
94546974,2025,2025-01-23,9575,2025-01-20,1730,019538,NA,1,2,6,1912,0,1,1,NA,2,051,I-5 S/B (GOLDEN STATE FREEWAY),ALAMEDA AVE U/C,665,S,N,G,-,Y,LA,NA,5,NA,NA,28.302,H,NA,L,N,4,0,1,2,A,-,03,22350,NA,N,C,C,A,A,H,-,C,D,0,NA,NA,NA,NA,Y,NA,A,01,0,0,1,0,0,0,0,0,0,-,-,34.16891860961914,-118.30249786376952,LOS ANGELES,BURBANK,-118.30255889892578,34.16886520385742
94546976,2025,2025-01-23,9525,2025-01-20,2345,024153,NA,1,3,5,1906,0,1,1,NA,2,103,I-10 W/B (SAN BERNARDINO FWY) TO I-605,I-605 S/B (SAN GABRIEL RIVER FWY),350,W,N,A,-,Y,NA,NA,NA,NA,NA,NA,NA,NA,NA,Y,3,0,1,1,A,-,08,22107,NA,N,E,I,A,A,H,-,A,D,0,NA,NA,NA,NA,Y,NA,A,07,0,1,0,0,0,0,0,0,0,-,-,34.066219329833984,-117.99910736083984,LOS ANGELES,BALDWIN PARK,-118.00119018554688,34.065093994140625
94547002,2025,2025-01-23,9540,2025-01-22,753,018037,NA,3,1,9,1900,0,2,4,NA,1,201,SIERRA HIGHWAY S/B (14940 BLOCK),WRIGHT RD.,10,S,N,A,-,N,NA,NA,NA,NA,NA,NA,NA,NA,NA,Y,4,0,1,2,A,-,06,21755,NA,N,E,9,A,A,H,-,A,D,0,NA,NA,NA,NA,Y,NA,A,01,0,0,1,0,0,0,0,0,0,-,-,34.47629165649414,-118.3899383544922,LOS ANGELES,UNINCORPORATED,-118.3899383544922,34.476226806640625
94547032,2025,2025-01-23,9550,2025-01-15,820,021952,NA,3,1,9,1900,0,1,1,NA,2,650,I-605 NB,ROSE HILLS RD,1000,N,N,A,-,Y,LA,NA,605,NA,R,14.895,H,NA,R,N,4,0,1,2,A,-,08,22107,NA,N,B,C,A,A,H,-,A,D,0,NA,NA,NA,NA,Y,NA,A,01,0,0,1,0,0,0,0,0,0,-,-,34.01206970214844,-118.0566635131836,LOS ANGELES,UNINCORPORATED,-118.0566635131836,34.01206970214844
94547033,2025,2025-02-17,9550,2025-01-14,1330,024057,NA,2,1,3,1964,0,1,1,NA,2,650,I-5 NORTHBOUND TO I-605 NORTHBOUND,DAVENRICH ST.,1000,S,N,A,-,Y,NA,NA,NA,NA,NA,NA,NA,NA,NA,N,4,0,1,2,A,-,08,22107,NA,N,B,C,A,A,H,-,A,D,0,NA,NA,NA,NA,Y,NA,A,08,0,0,1,0,0,0,0,0,0,-,-,33.94144058227539,-118.0952377319336,LOS ANGELES,SANTA FE SPRINGS,NA,NA
94547058,2025,2025-01-23,9565,2025-01-12,1219,016545,NA,7,1,9,1900,0,3,5,NA,2,003,ANGELES VISTA BOULEVARD,ESCALON AVENUE,130,S,N,A,-,N,NA,NA,NA,NA,NA,NA,NA,NA,NA,Y,4,0,1,2,A,-,08,22107,NA,N,C,E,A,A,H,-,A,D,0,NA,NA,NA,NA,Y,NA,A,01,0,0,1,0,0,0,0,0,0,-,-,33.9946403503418,-118.34404754638672,LOS ANGELES,UNINCORPORATED,-118.3440170288086,33.99458694458008
94547071,2025,2025-01-23,9590,2025-01-05,1225,023957,NA,7,1,7,1942,0,2,S,NA,2,904,HOOPER AVENUE S/B (7000 BLOCK),70TH STREET (E. 1300 BLOCK),100,S,N,A,-,N,NA,NA,NA,NA,NA,NA,NA,NA,NA,N,4,0,1,3,A,-,03,22350,NA,M,C,C,A,A,H,-,A,D,0,NA,NA,NA,NA,Y,NA,-,99,0,0,1,0,0,0,0,0,0,-,-,33.97673034667969,-118.25138092041016,LOS ANGELES,LOS ANGELES,-118.287109375,33.97579574584961
94547076,2025,2025-01-23,9580,2025-01-19,1750,023213,NA,7,2,7,1942,0,1,1,NA,2,404,I-405 N/B (SAN DIEGO FREEWAY),VALLEY VISTA BLVD,450,S,N,A,-,Y,LA,NA,405,NA,NA,38.561,H,NA,R,N,4,0,3,2,A,-,03,22350,NA,N,C,C,A,A,H,-,D,D,0,NA,NA,NA,NA,Y,NA,A,07,0,0,3,0,0,0,0,0,0,-,-,34.147850036621094,-118.46956634521484,LOS ANGELES,LOS ANGELES,-118.46955871582033,34.14784622192383
94547078,2025,2025-01-23,9580,2025-01-19,1440,023213,NA,7,2,7,1942,0,1,2,NA,2,102,US-101 N/B (VENTURA FREEWAY),HAYVENHURST AVE,900,S,N,A,-,Y,LA,NA,101,NA,NA,18.445,H,NA,R,Y,4,0,2,2,A,-,03,22350,NA,N,C,C,A,A,H,-,A,D,0,NA,NA,NA,NA,Y,NA,D,23,0,0,2,0,0,0,0,0,0,-,-,34.16535186767578,-118.48941040039064,LOS ANGELES,LOS ANGELES,-118.48941040039064,34.16530227661133
94547082,2025,2025-01-23,9550,2025-01-11,828,022037,NA,6,1,6,1920,0,1,1,NA,2,651,I-605 NB TO FIRESTONE BLVD,FILESTONE BLVD,25,N,N,A,-,Y,NA,NA,NA,NA,NA,NA,NA,NA,NA,N,4,0,1,2,A,-,03,22350,NA,F,C,C,A,A,H,-,A,D,0,NA,NA,NA,NA,Y,NA,A,01,0,0,1,0,0,0,0,0,0,-,-,33.92448043823242,-118.10320281982422,LOS ANGELES,DOWNEY,-118.1039581298828,33.92483901977539
94547083,2025,2025-01-23,9580,2025-01-18,1620,023213,NA,6,2,9,1900,0,3,5,NA,1,040,ENCINAL CANYON RD,SCHWIND RD,750,N,N,A,-,N,NA,NA,NA,NA,NA,NA,NA,NA,NA,Y,4,0,1,1,A,-,08,22107,NA,N,E,I,A,A,H,-,A,D,0,NA,NA,NA,NA,Y,NA,A,01,0,0,1,0,0,0,0,0,0,-,-,34.06401824951172,-118.87428283691406,LOS ANGELES,UNINCORPORATED,-118.87165069580078,34.06449890136719
94547107,2025,2025-01-23,9580,2025-01-22,635,020849,NA,3,1,7,1942,0,1,1,NA,2,407,I-405 S/B (SAN DIEGO FWY),ROSCOE BLVD,100,N,N,A,-,Y,LA,NA,405,NA,NA,43.798,H,NA,L,N,3,0,2,2,A,-,03,22350,NA,N,C,C,A,A,H,-,A,D,0,NA,NA,NA,NA,Y,NA,A,01,0,2,0,0,0,0,0,0,0,-,-,34.22175979614258,-118.47322845458984,LOS ANGELES,LOS ANGELES,-118.47331237792967,34.22175979614258
94547146,2025,2025-02-13,9530,2025-01-17,1830,024013,NA,5,2,9,1900,0,3,5,NA,2,001,HOOVER ST.,92ND ST.,0,NA,Y,A,-,N,NA,NA,NA,NA,NA,NA,NA,NA,NA,Y,4,0,2,2,A,-,12,21453,A,N,A,C,A,A,H,-,B,A,0,NA,NA,NA,NA,Y,NA,A,07,0,0,2,0,0,0,0,0,0,-,-,33.95328903198242,-118.25396728515624,LOS ANGELES,UNINCORPORATED,-118.28697967529295,33.95280456542969
94547184,2024,2025-01-23,9575,2024-12-23,1750,021925,NA,1,2,6,1953,0,1,1,NA,2,064,I-210 W/B (FOOTHILL FREEWAY),LOS ROBLES AVENUE,745,E,N,A,-,Y,LA,NA,210,NA,R,25.955,H,NA,L,N,4,0,1,2,A,-,03,22350,NA,M,C,C,A,A,H,-,C,D,0,NA,NA,NA,NA,Y,NA,A,07,0,0,1,0,0,0,0,0,0,-,-,34.15201950073242,-118.13887786865234,LOS ANGELES,PASADENA,-118.13887786865234,34.152000427246094
9454719,2022,2022-07-18,1967,2022-06-09,1051,164,NA,4,5,2,1967,0,0,0,NA,0,SOUTH,CHERRY AV,CRESCENT HEIGHTS,0,NA,Y,A,-,N,NA,NA,NA,NA,NA,NA,NA,NA,NA,Y,3,0,2,2,A,-,09,21801,A,N,D,C,A,A,H,-,A,A,0,NA,NA,NA,NA,Y,NA,A,01,0,1,1,0,0,0,0,0,0,-,-,NA,NA,LOS ANGELES,SIGNAL HILL,-118.16769409179688,33.80255889892578
94547198,2025,2025-01-23,9580,2025-01-20,1125,020800,NA,1,1,7,1942,0,1,1,NA,2,405,I-405 S/B (SAN DIEGO FWY),SEPULVEDA BLVD,400,N,N,A,-,Y,LA,NA,405,NA,NA,38.688,H,NA,L,Y,4,0,1,2,A,-,03,22350,NA,N,B,C,A,A,H,-,A,D,0,NA,NA,NA,NA,Y,NA,D,22,0,0,1,0,0,0,0,0,0,-,-,34.14952087402344,-118.46898651123048,LOS ANGELES,LOS ANGELES,-118.46908569335938,34.14955520629883
94547232,2025,2025-01-23,9530,2025-01-10,1700,022438,NA,5,2,9,1900,0,3,5,NA,2,006,CARSON ST.,BUDLONG AVE,85,E,N,A,-,N,NA,NA,NA,NA,NA,NA,NA,NA,NA,Y,4,0,1,4,A,-,03,22350,NA,M,C,C,A,A,H,-,A,A,0,NA,NA,NA,NA,Y,NA,A,01,0,0,1,0,0,0,0,0,0,-,-,33.83155822753906,-118.294921875,LOS ANGELES,UNINCORPORATED,-118.29501342773438,33.83156967163086
94547234,2024,2025-04-07,9565,2024-12-06,2320,023626,NA,5,3,7,1942,0,1,1,NA,2,083,I-10 W/B,NATIONAL BOULEVARD,670,W,N,A,-,Y,LA,NA,10,NA,R,6.201,H,NA,L,N,4,0,1,2,A,-,07,21658,A,F,B,C,A,A,H,-,D,D,0,NA,NA,NA,NA,Y,NA,-,-,0,0,1,0,0,0,0,0,0,-,-,34.03194046020508,-118.42059326171876,LOS ANGELES,LOS ANGELES,-118.42059326171876,34.031898498535156
94547236,2025,2025-01-23,9530,2025-01-13,2300,023673,NA,1,3,7,1942,0,1,3,NA,1,470,SR-47 S/B (VINCENT THOMAS BRIDGE),FERRY ST.,1650,N,N,A,-,Y,LA,NA,47,NA,NA,1.525,H,NA,L,Y,3,0,1,2,A,-,03,22350,NA,N,C,C,A,A,H,-,D,D,0,NA,NA,NA,Y,Y,NA,G,25,0,1,0,0,0,0,0,0,0,-,-,33.74919891357422,-118.26866912841795,LOS ANGELES,LOS ANGELES,-118.26869201660156,33.749107360839844
94547259,2025,2025-01-23,9590,2025-01-11,1120,024031,NA,6,1,7,1942,0,1,1,NA,2,062,I-10 E/B (SMF) TO I-110 S/B (HAF),I-110 (HARBOR FREEWAY),400,W,N,A,-,Y,LA,NA,10,NA,NA,14.407,H,NA,R,N,4,0,1,2,A,-,07,21658,A,N,B,C,A,A,H,-,A,D,0,NA,NA,NA,NA,Y,NA,A,01,0,0,1,0,0,0,0,0,0,-,-,34.037391662597656,-118.28108978271484,LOS ANGELES,LOS ANGELES,-118.28115081787108,34.03761672973633
94547283,2025,2025-01-23,9565,2025-01-12,1304,020209,NA,7,1,5,1965,0,2,S,NA,2,901,OLYMPIC BLVD,LINCOLND BLVD,0,NA,Y,A,-,N,NA,NA,NA,NA,NA,NA,NA,NA,NA,N,4,0,1,2,A,-,08,22107,NA,N,D,C,A,A,H,-,A,D,0,NA,NA,NA,NA,Y,NA,-,-,0,0,1,0,0,0,0,0,0,-,-,34.0151481628418,-118.48639678955078,LOS ANGELES,SANTA MONICA,-118.48554229736328,34.014564514160156
94547285,2024,2025-01-23,9535,2024-11-18,1429,023351,NA,1,2,5,1901,0,1,1,NA,2,420,I-10 EB (SAN BERNARDINO FREEWAY),ALMANSOR ST,40,W,N,A,-,Y,LA,NA,10,NA,NA,24.329,H,NA,R,N,4,0,3,4,A,-,08,22107,NA,N,B,C,A,A,H,-,A,D,0,NA,NA,NA,NA,Y,NA,D,22,0,0,3,0,0,0,0,0,0,-,-,34.071510314941406,-118.11708831787108,LOS ANGELES,ALHAMBRA,-118.11708831787108,34.071533203125
94547307,2025,2025-01-23,9565,2025-01-20,1055,024021,NA,1,1,9,1900,0,3,5,NA,2,002,120TH STREET (WESTBOUND),VERMONT AVENUE,50,W,N,A,-,N,NA,NA,NA,NA,NA,NA,NA,NA,NA,N,4,0,1,2,A,-,08,22107,NA,F,D,C,A,A,H,-,A,D,0,NA,NA,Y,NA,Y,NA,-,99,0,0,1,0,0,0,0,0,1,-,-,33.92374038696289,-118.29225158691406,LOS ANGELES,UNINCORPORATED,-118.29196166992188,33.923683166503906
94547311,2025,2025-01-23,9530,2025-01-22,1727,023590,NA,3,2,7,1941,0,1,1,NA,2,071,I-710 N/B (LONG BEACH FREEWAY),SR-91 E/B (ARTESIA FREEWAY),90,S,N,A,-,Y,LA,NA,710,NA,NA,12.945,H,NA,R,N,4,0,1,2,A,-,03,22350,NA,N,C,C,A,A,H,-,B,D,0,NA,NA,NA,Y,Y,NA,G,25,0,0,1,0,0,0,0,0,0,-,-,33.875118255615234,-118.19309997558594,LOS ANGELES,LONG BEACH,-118.19315338134766,33.87512969970703
94547327,2025,2025-01-23,9530,2025-01-21,730,024052,NA,2,1,5,1943,0,1,1,NA,2,210,I-105 W/B (GLENN ANDERSON FWY),LONG BEACH BLVD.,500,E,N,A,-,Y,LA,NA,105,NA,R,11.656,H,NA,L,N,3,0,1,2,A,-,03,22350,NA,N,C,C,A,A,H,-,A,D,0,NA,NA,NA,NA,Y,NA,A,07,0,1,0,0,0,0,0,0,0,-,-,33.92443084716797,-118.20851135253906,LOS ANGELES,LYNWOOD,-118.20848846435548,33.924461364746094
94547337,2025,2025-01-23,9530,2025-01-21,1005,024052,NA,2,1,5,1943,0,1,1,NA,2,210,I-105 W/B (GLENN ANDERSON FWY),LONG BEACH BLVD.,150,W,N,A,-,Y,LA,NA,105,NA,R,11.502,H,NA,L,N,4,0,1,2,A,-,03,22350,NA,N,C,C,A,A,H,-,A,D,0,NA,NA,NA,NA,Y,NA,A,01,0,0,1,0,0,0,0,0,0,-,-,33.92533874511719,-118.21054840087892,LOS ANGELES,LYNWOOD,-118.21053314208984,33.92536926269531
94547360,2025,2025-01-23,9540,2025-01-11,1900,021190,NA,6,2,9,1900,0,2,4,NA,1,201,SR-14 S/B (AVF) FROM WARD ROAD,WARD ROAD,5,S,N,A,-,Y,NA,NA,NA,NA,NA,NA,NA,NA,NA,Y,4,0,1,2,D,-,00,NA,NA,N,D,C,A,A,H,-,C,A,0,NA,NA,NA,NA,Y,NA,-,-,0,0,1,0,0,0,0,0,0,-,-,34.50141143798828,-118.22850799560548,LOS ANGELES,UNINCORPORATED,-118.22814178466795,34.50078582763672
94547393,2025,2025-01-23,9565,2025-01-17,2035,024161,NA,5,2,4,1918,0,1,1,NA,2,061,I-405 S/B,CULVER BOULEVARD,100,S,N,A,-,Y,LA,NA,405,NA,NA,27.168,H,NA,L,N,3,0,2,2,A,-,03,22350,NA,N,C,C,A,A,H,-,D,D,0,NA,NA,NA,NA,Y,NA,A,01,0,2,0,0,0,0,0,0,0,-,-,34.002479553222656,-118.4109115600586,LOS ANGELES,CULVER CITY,-118.41090393066406,34.00248336791992
94547434,2024,2025-01-23,9565,2024-09-02,1820,016545,NA,1,2,9,1900,0,2,4,NA,2,021,VERMONT AVENUE S/B,CENTURY BOULEVARD,70,N,N,A,-,N,NA,NA,NA,NA,NA,NA,NA,NA,NA,N,3,0,1,2,A,-,03,22350,NA,N,C,C,A,A,H,-,A,D,0,NA,NA,NA,NA,Y,NA,A,01,0,1,0,0,0,0,0,0,0,-,-,33.94578170776367,-118.29184722900392,LOS ANGELES,UNINCORPORATED,-118.29191589355467,33.945682525634766
94547583,2024,2025-01-23,9535,2024-11-10,300,023567,NA,7,3,6,1922,0,1,1,NA,2,400,I-10 E/B (SAN BERNARDINO FREEWAY),PECK RD,299,W,N,A,-,Y,LA,NA,10,NA,NA,29.375,H,NA,R,N,4,0,1,3,A,-,03,22350,NA,M,C,C,A,A,H,-,D,D,0,NA,NA,NA,NA,Y,NA,A,01,0,0,1,0,0,0,0,0,0,-,-,34.067848205566406,-118.03018951416016,LOS ANGELES,EL MONTE,-118.03018951416016,34.06788635253906
94547585,2025,2025-01-23,9545,2025-01-12,1955,022435,NA,7,2,9,1900,0,2,4,NA,1,024,ELIZABETH LAKE ROAD,JUNIPER TREE ROAD,156,E,N,A,-,N,NA,NA,NA,NA,NA,NA,NA,NA,NA,N,2,0,1,2,A,-,05,21202,A,N,C,G,A,A,H,-,D,D,0,NA,Y,NA,NA,Y,NA,L,04,1,0,0,0,0,0,1,0,0,-,-,34.587188720703125,-118.15277862548828,LOS ANGELES,UNINCORPORATED,-118.15287017822266,34.587154388427734
94547667,2024,2025-01-23,9535,2024-11-12,1525,024064,NA,2,2,9,1900,0,2,4,NA,2,024,WHITTIER BLVD. (4000 BLOCK),HERBERT AVE,26,E,N,A,-,N,NA,NA,NA,NA,NA,NA,NA,NA,NA,N,4,0,1,2,A,-,03,22350,NA,N,C,C,A,A,H,-,A,A,0,NA,NA,NA,NA,Y,NA,D,22,0,0,1,0,0,0,0,0,0,-,-,34.023990631103516,-118.18360137939452,LOS ANGELES,UNINCORPORATED,-118.18366241455078,34.023929595947266
94547690,2025,2025-01-23,9580,2025-01-23,600,020849,NA,4,1,7,1942,0,1,2,NA,2,101,US-101 S/B (VENTURA FREEWAY),TUJUNGA AVE,30,S,N,A,-,Y,LA,NA,101,NA,NA,11.833,H,NA,L,Y,3,0,2,2,D,-,00,NA,NA,N,C,C,A,A,H,-,A,D,0,NA,NA,NA,NA,Y,NA,-,-,0,1,1,0,0,0,0,0,0,-,-,34.15385818481445,-118.37877655029295,LOS ANGELES,LOS ANGELES,-118.37877655029295,34.15386962890625
94547707,2025,2025-01-23,9550,2025-01-10,1215,023779,NA,5,1,9,1900,0,1,1,NA,2,650,I-605 SOUTHBOUND,SLAUSON AVE,1000,N,N,A,-,Y,LA,NA,605,NA,R,11.806,H,NA,L,Y,4,0,1,4,A,-,03,22350,NA,F,C,C,A,A,H,-,A,D,0,NA,NA,NA,NA,Y,NA,A,01,0,0,1,0,0,0,0,0,0,-,-,33.970481872558594,-118.08171844482422,LOS ANGELES,UNINCORPORATED,-118.08171844482422,33.97047805786133