CASE_ID,ACCIDENT_YEAR,PROC_DATE,JURIS,COLLISION_DATE,COLLISION_TIME,OFFICER_ID,REPORTING_DISTRICT,DAY_OF_WEEK,CHP_SHIFT,POPULATION,CNTY_CITY_LOC,SPECIAL_COND,BEAT_TYPE,CHP_BEAT_TYPE,CITY_DIVISION_LAPD,CHP_BEAT_CLASS,BEAT_NUMBER,PRIMARY_RD,SECONDARY_RD,DISTANCE,DIRECTION,INTERSECTION,WEATHER_1,WEATHER_2,STATE_HWY_IND,CALTRANS_COUNTY,CALTRANS_DISTRICT,STATE_ROUTE,ROUTE_SUFFIX,POSTMILE_PREFIX,POSTMILE,LOCATION_TYPE,RAMP_INTERSECTION,SIDE_OF_HWY,TOW_AWAY,COLLISION_SEVERITY,NUMBER_KILLED,NUMBER_INJURED,PARTY_COUNT,PRIMARY_COLL_FACTOR,PCF_CODE_OF_VIOL,PCF_VIOL_CATEGORY,PCF_VIOLATION,PCF_VIOL_SUBSECTION,HIT_AND_RUN,TYPE_OF_COLLISION,MVIW,PED_ACTION,ROAD_SURFACE,ROAD_COND_1,ROAD_COND_2,LIGHTING,CONTROL_DEVICE,CHP_ROAD_TYPE,PEDESTRIAN_ACCIDENT,BICYCLE_ACCIDENT,MOTORCYCLE_ACCIDENT,TRUCK_ACCIDENT,NOT_PRIVATE_PROPERTY,ALCOHOL_INVOLVED,STWD_VEHTYPE_AT_FAULT,CHP_VEHTYPE_AT_FAULT,COUNT_SEVERE_INJ,COUNT_VISIBLE_INJ,COUNT_COMPLAINT_PAIN,COUNT_PED_KILLED,COUNT_PED_INJURED,COUNT_BICYCLIST_KILLED,COUNT_BICYCLIST_INJURED,COUNT_MC_KILLED,COUNT_MC_INJURED,PRIMARY_RAMP,SECONDARY_RAMP,LATITUDE,LONGITUDE,COUNTY,CITY,POINT_X,POINT_Y
94548796,2025,2025-01-24,9565,2025-01-12,746,022692,NA,7,1,9,1900,0,1,1,NA,2,063,I-405 S/B (SAN DIEGO FWY.),WILSHIRE BLVD.,1364,S,N,A,-,Y,LA,NA,405,NA,NA,31.286,H,NA,L,Y,3,0,1,2,A,-,01,23152,F,N,E,I,A,A,H,-,A,D,0,NA,NA,NA,NA,Y,NA,D,22,0,1,0,0,0,0,0,0,0,-,-,34.05241012573242,-118.44969940185548,LOS ANGELES,UNINCORPORATED,-118.44979095458984,34.05238723754883
94548798,2025,2025-01-24,9530,2025-01-13,630,023418,NA,1,1,9,1900,0,3,5,NA,2,004,DOLORES (40 BLOCK),FERNANDO,0,NA,Y,A,-,N,NA,NA,NA,NA,NA,NA,NA,NA,NA,N,4,0,1,1,A,-,08,22107,NA,N,E,8,A,A,H,-,A,D,0,NA,NA,NA,NA,Y,NA,A,07,0,0,1,0,0,0,0,0,0,-,-,33.86756134033203,-118.22254180908205,LOS ANGELES,UNINCORPORATED,NA,NA
94548824,2025,2025-01-24,9590,2025-01-17,630,023863,NA,5,1,7,1942,0,1,1,NA,2,050,I-110 N/B (HARBOR FREEWAY),39TH STREET,425,N,N,A,-,Y,LA,NA,110,NA,NA,19.775,H,NA,R,N,4,0,1,3,A,-,03,22350,NA,N,C,C,A,A,H,-,B,D,0,NA,NA,NA,NA,Y,NA,D,22,0,0,1,0,0,0,0,0,0,-,-,34.01499938964844,-118.28070831298828,LOS ANGELES,LOS ANGELES,-118.2808074951172,34.015010833740234
94548973,2025,2025-01-24,9545,2025-01-17,820,024025,NA,5,1,9,1900,0,1,3,NA,2,011,SR-14 S/B,AVENUE C,1800,N,N,A,-,Y,LA,NA,14,NA,R,75.401,H,NA,L,Y,3,0,1,1,A,-,08,22107,NA,N,E,9,A,A,D,-,A,D,0,NA,NA,NA,NA,Y,NA,A,01,0,1,0,0,0,0,0,0,0,-,-,34.79716873168945,-118.1711196899414,LOS ANGELES,UNINCORPORATED,-118.17105102539064,34.79717254638672
94548995,2025,2025-01-24,9545,2025-01-17,1730,024025,NA,5,2,9,1900,0,1,3,NA,2,011,SR-14 N/B,AVENUE K-8,1400,N,N,A,-,Y,LA,NA,14,NA,R,66.457,H,NA,R,N,4,0,1,2,A,-,03,22350,NA,M,C,C,A,A,D,-,D,D,0,NA,NA,NA,NA,Y,NA,-,99,0,0,1,0,0,0,0,0,0,-,-,34.67144012451172,-118.154541015625,LOS ANGELES,UNINCORPORATED,-118.15460968017578,34.671417236328125
94549027,2024,2025-01-24,9575,2024-08-16,2353,022477,NA,5,3,6,1925,0,1,3,NA,2,042,STATE ROUTE 134 EASTBOUND (VENTURA FREEWAY),PACIFIC AVENUE,575,W,N,A,-,Y,LA,NA,134,NA,R,6.475,H,NA,R,Y,1,1,1,3,A,-,03,22350,NA,N,C,2,E,A,H,-,C,D,0,Y,NA,NA,NA,Y,NA,A,01,1,0,0,1,0,0,0,0,0,-,-,34.155799865722656,-118.26651763916016,LOS ANGELES,GLENDALE,-118.26651000976564,34.15576934814453
94549056,2025,2025-01-24,9550,2025-01-14,1400,024058,NA,2,2,6,1920,0,1,1,NA,2,651,I-605 NORTHBOUND,ROSECRANS AVE,1795,S,N,A,-,Y,LA,NA,605,NA,R,6.487,H,NA,R,Y,4,0,3,3,A,-,07,21658,A,N,B,2,A,A,H,-,A,D,0,NA,NA,NA,Y,Y,NA,G,25,0,0,3,0,0,0,0,0,0,-,-,33.89704132080078,-118.104736328125,LOS ANGELES,DOWNEY,-118.1046905517578,33.89704132080078
94549085,2025,2025-01-24,9590,2025-01-14,1540,022690,NA,2,2,7,1942,0,1,1,NA,2,085,I-5 S/B (GSF),LOS FELIZ BLVD,2500,N,N,A,-,Y,LA,NA,5,NA,NA,24.819,H,NA,L,N,4,0,1,2,A,-,07,21658,A,F,B,C,A,A,H,-,A,D,0,NA,NA,NA,NA,Y,NA,-,99,0,0,1,0,0,0,0,0,0,-,-,34.12731170654297,-118.27375793457033,LOS ANGELES,LOS ANGELES,-118.2736358642578,34.12733459472656
94549107,2025,2025-01-24,9525,2025-01-18,2000,024164,NA,6,2,6,1955,0,1,3,NA,2,571,SR-57 S/B (ORANGE FWY),TEMPLE AVE,400,N,N,A,-,Y,LA,NA,57,NA,R,6.574,H,NA,L,Y,4,0,1,2,A,-,07,21658,A,N,C,C,A,A,H,-,D,D,0,NA,NA,NA,NA,Y,NA,A,01,0,0,1,0,0,0,0,0,0,-,-,34.04916000366211,-117.80169677734376,LOS ANGELES,POMONA,-117.80167388916016,34.04916763305664
94549109,2025,2025-03-25,9545,2025-01-05,1550,023770,NA,7,2,9,1900,0,1,3,NA,2,021,SR-14 N/B TO RANCHO VISTA BLVD,RANCHO VISTA BLVD,24,S,N,B,-,Y,NA,NA,NA,NA,NA,NA,NA,NA,NA,N,4,0,1,2,A,-,03,22350,NA,M,C,C,A,A,D,-,A,A,0,NA,NA,NA,NA,Y,NA,-,99,0,0,1,0,0,0,0,0,0,-,-,34.60158920288086,-118.14160919189452,LOS ANGELES,UNINCORPORATED,-118.1425552368164,34.601802825927734
94549159,2025,2025-01-24,9530,2025-01-23,1540,022438,NA,4,2,6,1972,0,1,1,NA,2,400,I-405 S/B (SAN DIEGO FREEWAY),HAWTHORNE BLVD.,380,N,N,A,-,Y,LA,NA,405,NA,NA,17.677,H,NA,L,Y,4,0,3,2,A,-,03,22350,NA,N,C,C,A,A,H,-,A,D,0,NA,NA,NA,NA,Y,NA,A,07,0,0,3,0,0,0,0,0,0,-,-,33.885379791259766,-118.35375213623048,LOS ANGELES,TORRANCE,-118.353759765625,33.885372161865234
94549265,2025,2025-01-24,9590,2025-01-16,1108,023602,NA,4,1,7,1942,0,1,1,NA,2,050,I-110 N/B (HARBOR FREEWAY),W 88TH PI,200,S,N,A,-,Y,LA,NA,110,NA,NA,15.739,H,NA,R,N,4,0,1,3,A,-,03,22350,NA,N,C,C,A,A,H,-,A,D,0,NA,NA,NA,NA,Y,NA,A,01,0,0,1,0,0,0,0,0,0,-,-,33.95640182495117,-118.28064727783205,LOS ANGELES,LOS ANGELES,-118.2807159423828,33.956398010253906
94549278,2025,2025-01-24,9525,2025-01-18,1825,022627,NA,6,2,9,1900,0,3,5,NA,2,002,BASELINE RD,FACTOR AVE,1003,E,N,A,-,N,NA,NA,NA,NA,NA,NA,NA,NA,NA,Y,3,0,1,2,A,-,01,23152,A,N,B,E,A,A,H,-,C,D,0,NA,NA,NA,NA,Y,Y,D,22,0,1,0,0,0,0,0,0,0,-,-,34.12139892578125,-117.88664245605467,LOS ANGELES,UNINCORPORATED,-117.8854522705078,34.121421813964844
94549280,2025,2025-01-24,9525,2025-01-15,1120,024099,NA,3,1,4,1946,0,1,1,NA,2,201,I-210 W/B (FOOTHILL FWY),HUNTINGTON DRIVE,730,E,N,A,-,Y,LA,NA,210,NA,R,33.126,H,NA,L,Y,3,0,1,2,A,-,03,22350,NA,N,C,C,A,A,H,-,A,D,0,NA,NA,NA,NA,Y,NA,A,07,0,1,0,0,0,0,0,0,0,-,-,34.138160705566406,-118.01406097412108,LOS ANGELES,MONROVIA,-118.01412200927734,34.13808822631836
94549286,2025,2025-01-24,9590,2025-01-23,1750,023266,NA,4,2,7,1942,0,1,2,NA,2,071,US-101 SB (HOLLYWOOD FREEWAY),EDGEWARE ROAD,170,N,N,A,-,Y,LA,NA,101,NA,NA,2.103,H,NA,L,N,4,0,1,2,A,-,03,22350,NA,N,C,C,A,A,H,-,D,D,0,NA,NA,NA,NA,Y,NA,D,22,0,0,1,0,0,0,0,0,0,-,-,34.0672607421875,-118.25492095947266,LOS ANGELES,LOS ANGELES,-118.2549285888672,34.0672492980957
94549304,2025,2025-01-24,9525,2025-01-21,615,024155,NA,2,1,5,1926,0,1,1,NA,2,205,I-210 W/B (FOOTHILL FWY),LONE HILL AVE,650,W,N,A,-,Y,LA,NA,210,NA,R,43.92,H,NA,L,Y,4,0,1,2,A,-,03,22350,NA,N,C,C,A,A,H,-,B,D,0,NA,NA,NA,NA,Y,NA,A,07,0,0,1,0,0,0,0,0,0,-,-,34.12105941772461,-117.83415985107422,LOS ANGELES,GLENDORA,-117.83415222167967,34.12102127075195
94549334,2025,2025-01-27,9565,2025-01-04,749,022775,NA,6,1,7,1942,0,1,1,NA,2,063,I-405 NORTHBOUND,WILSHIRE BOULEVARD,150,N,N,A,-,Y,LA,NA,405,NA,NA,31.596,H,NA,R,Y,4,0,1,2,A,-,03,22350,NA,N,C,C,A,A,H,-,A,D,0,NA,NA,Y,NA,Y,NA,A,01,0,0,1,0,0,0,0,0,1,-,-,34.056278228759766,-118.45246887207033,LOS ANGELES,LOS ANGELES,-118.45246124267578,34.0562858581543
94549336,2025,2025-01-27,9535,2025-01-13,1720,024085,NA,1,2,9,1900,0,3,5,NA,2,001,EASTERN AVENUE NORTHBOUND,CESAR CHAVEZ AVENUE,60,S,N,A,-,N,NA,NA,NA,NA,NA,NA,NA,NA,NA,N,4,0,1,2,A,-,03,22350,NA,N,C,C,A,A,H,-,C,A,0,NA,NA,NA,NA,Y,NA,A,01,0,0,1,0,0,0,0,0,0,-,-,34.04039001464844,-118.17359924316406,LOS ANGELES,UNINCORPORATED,-118.17361450195313,34.0403938293457
94549343,2025,2025-01-27,9535,2025-01-15,1653,023804,NA,3,2,9,1900,0,2,4,NA,2,024,WHITTIER BLVD,SYDNEY AVE,0,NA,Y,A,-,N,NA,NA,NA,NA,NA,NA,NA,NA,NA,N,4,0,1,2,C,-,18,NA,NA,N,B,C,A,A,H,-,C,A,0,NA,NA,NA,NA,Y,NA,-,-,0,0,1,0,0,0,0,0,0,-,-,34.023841857910156,-118.17310333251952,LOS ANGELES,UNINCORPORATED,-118.1731185913086,34.02375411987305
94549524,2025,2025-01-27,9575,2025-01-18,720,023009,NA,6,1,7,1942,0,1,1,NA,2,052,I-5 N/B (GOLDEN STATE FREEWAY),LANKERSHIM BLVD,19,N,N,A,-,Y,LA,NA,5,NA,NA,35,H,NA,R,N,4,0,1,1,A,-,08,22107,NA,N,B,I,A,A,H,-,A,D,0,NA,NA,NA,NA,Y,NA,A,07,0,0,1,0,0,0,0,0,0,-,-,34.22671127319336,-118.38797760009766,LOS ANGELES,LOS ANGELES,-118.38795471191406,34.22678756713867
94549542,2025,2025-01-27,9575,2025-01-16,1600,024142,NA,4,2,7,1942,0,1,1,NA,2,053,I-5 N/B (GOLDEN STATE FREEWAY),PAXTON ST.,120,N,N,A,-,Y,LA,NA,5,NA,NA,39.101,H,NA,R,Y,4,0,3,5,A,-,01,23152,A,N,C,C,A,A,H,-,A,D,0,NA,NA,NA,Y,Y,Y,A,01,0,0,3,0,0,0,0,0,0,-,-,34.26342010498047,-118.4411392211914,LOS ANGELES,LOS ANGELES,-118.4411392211914,34.26342010498047
94549562,2025,2025-01-27,9575,2025-01-15,2300,024136,NA,3,3,6,1925,0,1,1,NA,2,062,I-210 E/B TO LOWELL AVE.,LOWELL AVE.,50,E,N,A,-,Y,NA,NA,NA,NA,NA,NA,NA,NA,NA,Y,4,0,1,2,A,-,03,22350,NA,N,C,C,A,A,H,-,C,A,0,NA,NA,NA,NA,Y,NA,A,01,0,0,1,0,0,0,0,0,0,-,-,34.229671478271484,-118.26599884033205,LOS ANGELES,GLENDALE,-118.26622009277344,34.231082916259766
94549571,2025,2025-01-27,9525,2025-01-23,711,017046,NA,4,1,6,1955,0,1,1,NA,2,108,I-10 E/B (SAN BERNARDINO FWY),VIA VERDE,2640,E,N,A,-,Y,LA,NA,10,NA,NA,41.079,H,NA,R,Y,4,0,2,3,A,-,03,22350,NA,M,C,C,A,A,H,-,A,D,0,NA,NA,NA,NA,Y,NA,A,01,0,0,2,0,0,0,0,0,0,-,-,34.06523132324219,-117.82975769042967,LOS ANGELES,POMONA,-117.82978057861328,34.06520080566406
94549576,2025,2025-01-27,9525,2025-01-24,1625,023085,NA,5,2,1,1934,0,1,1,NA,2,204,I-210 E/B (FOOTHILL FWY),IRWINDALE AVENUE,2323,W,N,A,-,Y,LA,NA,210,NA,R,37.4,H,NA,R,N,4,0,2,2,A,-,07,21658,A,N,C,C,A,A,H,-,A,D,0,NA,NA,NA,NA,Y,NA,-,-,0,0,2,0,0,0,0,0,0,-,-,34.12900161743164,-117.94155120849608,LOS ANGELES,IRWINDALE,-117.94155120849608,34.129005432128906
94549708,2025,2025-01-27,9575,2025-01-21,1455,023029,NA,2,2,6,1925,0,1,1,NA,2,050,I-5 S/B (GOLDEN STATE FREEWAY) TO WESTERN AVENUE,WESTERN AVENUE,21,S,N,A,-,Y,NA,NA,NA,NA,NA,NA,NA,NA,NA,N,4,0,1,2,A,-,03,22350,NA,M,C,C,A,A,H,-,A,A,0,NA,NA,NA,NA,Y,NA,-,99,0,0,1,0,0,0,0,0,0,-,-,34.163909912109375,-118.29704284667967,LOS ANGELES,GLENDALE,-118.29661560058594,34.16457748413086
94549709,2025,2025-01-27,9575,2025-01-25,340,023243,NA,6,3,9,1900,0,1,3,NA,2,300,SR-2 (ANGELES CREST HIGHWAY),MILE POST MARKER 29.70,5,E,N,A,-,Y,LA,NA,2,NA,NA,29.717,H,NA,R,Y,4,0,1,1,A,-,08,22107,NA,N,F,I,A,A,H,-,D,D,0,NA,NA,NA,NA,Y,NA,A,01,0,0,1,0,0,0,0,0,0,-,-,34.25408935546875,-118.1987075805664,LOS ANGELES,UNINCORPORATED,-118.1986846923828,34.25413131713867
94549734,2025,2025-01-27,9575,2025-01-14,1517,024163,NA,2,2,9,1900,0,3,5,NA,2,003,LITTLE TUJUNGA CANYON ROAD,COUNTY FIRE MARKER 19.26,355.8,S,N,A,-,N,NA,NA,NA,NA,NA,NA,NA,NA,NA,Y,4,0,1,1,A,-,03,22350,NA,N,E,9,A,A,H,-,A,D,0,NA,NA,NA,NA,Y,NA,A,01,0,0,1,0,0,0,0,0,0,-,-,34.286338806152344,-118.36969757080078,LOS ANGELES,UNINCORPORATED,NA,NA
94549742,2025,2025-01-27,9540,2025-01-19,2145,023743,NA,7,2,9,1900,0,3,5,NA,2,100,STEVENSON RANCH PKWY,THE OLD RD,0,NA,Y,A,-,N,NA,NA,NA,NA,NA,NA,NA,NA,NA,Y,4,0,3,2,A,-,12,21453,A,N,D,C,A,A,H,-,C,A,0,NA,NA,NA,NA,Y,NA,-,-,0,0,3,0,0,0,0,0,0,-,-,34.393310546875,-118.57450103759766,LOS ANGELES,UNINCORPORATED,-118.57459259033205,34.393463134765625
94549750,2025,2025-01-27,9550,2025-01-20,905,018187,NA,1,1,9,1900,0,3,5,NA,2,001,MISSION MILL RD,WORKMAN MILL RD,500,W,N,A,-,N,NA,NA,NA,NA,NA,NA,NA,NA,NA,Y,4,0,1,2,A,-,09,21804,A,N,D,D,A,A,H,-,A,D,0,NA,NA,NA,NA,Y,NA,A,07,0,0,1,0,0,0,0,0,0,-,-,34.01626968383789,-118.04537200927734,LOS ANGELES,UNINCORPORATED,-118.0452880859375,34.016231536865234
94549752,2025,2025-01-27,9550,2025-01-21,955,018187,NA,2,1,9,1900,0,1,1,NA,2,650,I-605 (SOUTHBOUND),SLAUSON AVE,750,N,N,B,-,Y,LA,NA,605,NA,R,11.712,H,NA,R,Y,4,0,2,2,A,-,08,22107,NA,N,B,C,A,A,H,-,A,D,0,NA,NA,NA,NA,Y,NA,A,07,0,0,2,0,0,0,0,0,0,-,-,33.969268798828125,-118.0822982788086,LOS ANGELES,UNINCORPORATED,-118.08216857910156,33.96921920776367
94549758,2025,2025-01-27,9550,2025-01-16,1315,023248,NA,4,1,9,1900,0,1,1,NA,2,650,INTERSTATE 605 NORTHBOUND,SARAGOSA,2059,N,N,A,-,Y,LA,NA,605,NA,R,12.815,H,NA,R,N,4,0,1,2,A,-,03,22350,NA,F,C,C,A,A,H,-,A,D,0,NA,NA,NA,NA,Y,NA,-,99,0,0,1,0,0,0,0,0,0,-,-,33.98320007324219,-118.0735092163086,LOS ANGELES,UNINCORPORATED,-118.07341766357422,33.98314666748047
94549759,2025,2025-01-27,9550,2025-01-17,820,023920,NA,5,1,3,1964,0,1,1,NA,2,650,I-605 N/B,I-5,50,N,N,A,-,Y,LA,NA,605,NA,R,9.649,H,NA,R,N,4,0,1,2,A,-,03,22350,NA,N,C,C,A,A,H,-,A,D,0,NA,NA,NA,NA,Y,NA,A,07,0,0,1,0,0,0,0,0,0,-,-,33.941619873046875,-118.09639739990234,LOS ANGELES,SANTA FE SPRINGS,-118.09629058837892,33.94158172607422
94549774,2025,2025-01-27,9550,2025-01-23,2311,023329,NA,4,3,9,1900,0,3,5,NA,2,005,SIERRA LEONE AVENUE (1800 BLOCK),JELLICK AVENUE,528,S,N,A,-,N,NA,NA,NA,NA,NA,NA,NA,NA,NA,Y,4,0,1,2,A,-,01,23152,A,N,G,B,D,A,H,-,C,D,0,Y,NA,NA,NA,Y,Y,A,01,0,0,1,0,1,0,0,0,0,-,-,33.98543930053711,-117.90135955810548,LOS ANGELES,UNINCORPORATED,-117.9015884399414,33.985836029052734
94549946,2025,2025-01-27,9540,2025-01-26,1835,023743,NA,7,2,7,1942,0,1,1,NA,1,503,I-5 S/B (GOLDEN STATE FREEWAY),I-405,3168,N,N,C,-,Y,LA,NA,5,NA,NA,42.198,H,NA,L,Y,3,0,1,1,A,-,03,22350,NA,N,E,I,A,B,H,-,C,D,0,NA,NA,NA,NA,Y,NA,D,22,0,1,0,0,0,0,0,0,0,-,-,34.298038482666016,-118.47451019287108,LOS ANGELES,LOS ANGELES,-118.47457122802734,34.297996520996094
94549966,2025,2025-01-27,9545,2025-01-16,835,023224,NA,4,1,9,1900,0,3,5,NA,2,004,105TH ST  E,AVENUE R-12,0,NA,Y,A,-,N,NA,NA,NA,NA,NA,NA,NA,NA,NA,Y,3,0,3,2,A,-,09,21802,A,N,D,C,A,A,H,-,A,A,0,NA,NA,NA,NA,Y,NA,D,22,0,2,1,0,0,0,0,0,0,-,-,34.56153869628906,-117.9430694580078,LOS ANGELES,UNINCORPORATED,-117.94316864013672,34.57251739501953
94549971,2025,2025-01-27,9545,2025-01-18,1940,023619,NA,6,2,9,1900,0,3,5,NA,2,004,170TH ST  E,165TH ST E,0,NA,Y,A,-,Y,NA,NA,NA,NA,NA,NA,NA,NA,NA,Y,4,0,1,1,A,-,08,22107,NA,N,F,A,A,A,H,-,D,D,0,NA,NA,NA,NA,Y,NA,A,01,0,0,1,0,0,0,0,0,0,-,-,34.54465103149414,-117.83538818359376,LOS ANGELES,UNINCORPORATED,-117.83528900146484,34.54462814331055
94549984,2025,2025-01-27,9540,2025-01-16,1800,023400,NA,4,2,9,1900,0,3,5,NA,2,200,ESCONDIDO CYN RD,SR-14,5000,E,N,A,-,N,NA,NA,NA,NA,NA,NA,NA,NA,NA,Y,3,0,2,3,C,-,18,NA,NA,N,H,J,A,A,H,-,B,D,0,NA,NA,NA,NA,Y,NA,-,-,0,1,1,0,0,0,0,0,0,-,-,34.495948791503906,-118.26805877685548,LOS ANGELES,UNINCORPORATED,-118.26834106445313,34.49591827392578
94549989,2024,2025-01-27,9540,2024-12-28,1400,023751,NA,6,2,7,1942,0,1,1,NA,2,500,I-5 N/B,I-405,53,N,N,A,-,Y,LA,NA,5,NA,NA,42.085,H,NA,R,N,4,0,1,3,A,-,07,21658,A,N,B,2,A,A,H,-,A,D,0,NA,NA,NA,NA,Y,NA,-,-,0,0,1,0,0,0,0,0,0,-,-,34.29698944091797,-118.47335815429688,LOS ANGELES,LOS ANGELES,-118.47335815429688,34.296993255615234
94550039,2025,2025-01-27,9580,2025-01-20,1627,023213,NA,1,2,7,1942,0,1,1,NA,2,404,I-405 N/B (SAN DIEGO FREEWAY),SEPULVEDA BLVD,3100,S,N,A,-,Y,LA,NA,405,NA,NA,37.972,H,NA,R,N,2,0,1,2,A,-,08,22107,NA,F,F,I,A,A,H,-,A,D,0,NA,NA,Y,NA,Y,NA,-,99,1,0,0,0,0,0,0,0,1,-,-,34.13951110839844,-118.47110748291016,LOS ANGELES,LOS ANGELES,-118.4709930419922,34.1395149230957
94550067,2025,2025-01-27,9580,2025-01-17,1705,024014,NA,5,2,7,1942,0,1,3,NA,2,171,SR-170 S/B (HOLLYWOOD FWY.),US-101 N/B (VENTURA FREEWAY),130,N,N,A,-,Y,LA,NA,170,NA,R,14.645,H,NA,L,N,4,0,1,2,A,-,08,22107,NA,N,B,C,A,A,H,-,D,D,0,NA,NA,NA,NA,Y,NA,A,01,0,0,1,0,0,0,0,0,0,-,-,34.15497970581055,-118.3780517578125,LOS ANGELES,LOS ANGELES,-118.37808227539064,34.154964447021484
94550076,2025,2025-01-27,9580,2025-01-17,1750,022573,NA,5,2,9,1900,0,3,5,NA,1,010,KANAN RD,NEWTON CANYON RD,1100,N,N,A,-,N,NA,NA,NA,NA,NA,NA,NA,NA,NA,N,4,0,2,3,A,-,05,21651,B,N,B,C,A,A,H,-,C,D,0,NA,NA,NA,NA,Y,NA,A,01,0,0,2,0,0,0,0,0,0,-,-,34.07851028442383,-118.81684112548828,LOS ANGELES,UNINCORPORATED,NA,NA
94550081,2025,2025-01-27,9580,2025-01-25,2023,023213,NA,6,2,7,1942,0,1,2,NA,2,103,US-101 S/B (VENTURA FREEWAY),SEPULVEDA BLVD,1000,S,N,C,-,Y,LA,NA,101,NA,NA,16.748,H,NA,L,N,4,0,1,1,A,-,08,22107,NA,N,E,I,A,B,H,-,C,D,0,NA,NA,NA,NA,Y,NA,A,01,0,0,1,0,0,0,0,0,0,-,-,34.15945053100586,-118.46269989013672,LOS ANGELES,LOS ANGELES,-118.46269989013672,34.1593132019043
94550082,2024,2025-01-27,9550,2024-11-04,1105,023881,NA,1,1,5,1908,0,1,3,NA,2,091,SR-91 E/B,BELLFLOWER BLVD,120,E,N,A,-,Y,LA,NA,91,NA,R,15.732,H,NA,R,Y,3,0,1,2,A,-,07,21658,A,N,B,C,A,A,H,-,A,D,0,NA,NA,NA,Y,Y,NA,F,25,0,1,0,0,0,0,0,0,0,-,-,33.876060485839844,-118.12339019775392,LOS ANGELES,BELLFLOWER,-118.12339019775392,33.87613296508789
94550101,2024,2025-01-27,9550,2024-11-15,1125,023248,NA,5,1,5,1976,0,1,1,NA,2,650,INTERSTATE 605 NORTHBOUND,WHITTIER BOULEVARD,1600,N,N,A,-,Y,LA,NA,605,NA,R,13.882,H,NA,R,Y,3,0,3,7,A,-,08,22107,NA,N,D,2,A,A,H,-,A,D,0,NA,NA,NA,NA,Y,NA,A,01,0,1,2,0,0,0,0,0,0,-,-,33.99789047241211,-118.06815338134766,LOS ANGELES,WHITTIER,-118.06806182861328,33.99787521362305
94550119,2025,2025-01-27,9550,2025-01-11,2105,023539,NA,6,2,9,1900,0,2,4,NA,1,031,HACIENDA BLVD SB,SR 60 WB TO HACIENDA BLVD,0,NA,Y,A,-,N,NA,NA,NA,NA,NA,NA,NA,NA,NA,N,2,0,1,2,A,-,10,21950,A,N,G,1,B,A,H,-,C,A,0,Y,NA,NA,NA,Y,NA,A,01,1,0,0,0,1,0,0,0,0,-,-,34.007869720458984,-117.96414184570313,LOS ANGELES,UNINCORPORATED,-117.96672821044922,33.97303771972656
94550133,2025,2025-01-27,9550,2025-01-15,1625,024129,NA,3,2,9,1900,0,2,4,NA,1,012,SLAUSON AVENUE,MILLERGROVE DRIVE,0,NA,Y,A,-,N,NA,NA,NA,NA,NA,NA,NA,NA,NA,Y,3,0,1,2,A,-,09,21801,A,N,D,C,A,A,H,-,B,A,0,NA,NA,NA,NA,Y,NA,A,01,0,1,0,0,0,0,0,0,0,-,-,33.966461181640625,-118.07942199707033,LOS ANGELES,UNINCORPORATED,-118.07942199707033,33.96641540527344
94550137,2025,2025-01-27,9580,2025-01-24,2335,023532,NA,5,3,7,1942,0,1,3,NA,2,170,SR-170 N/B (HOLLYWOOD FWY.),VICTORY BLVD,500,N,N,A,-,Y,LA,NA,170,NA,R,17.126,H,NA,R,N,4,0,1,2,A,-,03,22350,NA,M,C,C,A,A,H,-,D,D,0,NA,NA,NA,NA,Y,Y,-,99,0,0,1,0,0,0,0,0,0,-,-,34.184879302978516,-118.40036010742188,LOS ANGELES,LOS ANGELES,-118.40031433105467,34.184906005859375
9455015,2022,2022-07-06,1942,2022-05-14,0020,43931,RD236,6,5,7,1942,0,0,0,NA,0,2A46,BEVERLY BL,BONNIE BRAE,10,W,N,A,-,N,NA,NA,NA,NA,NA,NA,NA,NA,NA,Y,4,0,1,2,A,-,03,22350,NA,M,C,-,A,A,H,-,C,D,0,NA,NA,NA,NA,Y,NA,A,08,0,0,1,0,0,0,0,0,0,-,-,NA,NA,LOS ANGELES,LOS ANGELES,-118.26789093017578,34.065574645996094
94550170,2025,2025-01-27,9525,2025-01-23,748,023085,NA,4,1,4,1946,0,1,1,NA,2,202,I-210 E/B (FOOTHILL FWY),MYRTLE AVENUE,634,W,N,A,-,Y,LA,NA,210,NA,R,33.792,H,NA,R,N,3,0,1,2,A,-,07,21658,A,N,B,C,A,A,H,-,A,D,0,NA,NA,NA,NA,Y,NA,A,07,0,1,0,0,0,0,0,0,0,-,-,34.135398864746094,-118.00306701660156,LOS ANGELES,MONROVIA,-118.00306701660156,34.135406494140625