CASE_ID,ACCIDENT_YEAR,PROC_DATE,JURIS,COLLISION_DATE,COLLISION_TIME,OFFICER_ID,REPORTING_DISTRICT,DAY_OF_WEEK,CHP_SHIFT,POPULATION,CNTY_CITY_LOC,SPECIAL_COND,BEAT_TYPE,CHP_BEAT_TYPE,CITY_DIVISION_LAPD,CHP_BEAT_CLASS,BEAT_NUMBER,PRIMARY_RD,SECONDARY_RD,DISTANCE,DIRECTION,INTERSECTION,WEATHER_1,WEATHER_2,STATE_HWY_IND,CALTRANS_COUNTY,CALTRANS_DISTRICT,STATE_ROUTE,ROUTE_SUFFIX,POSTMILE_PREFIX,POSTMILE,LOCATION_TYPE,RAMP_INTERSECTION,SIDE_OF_HWY,TOW_AWAY,COLLISION_SEVERITY,NUMBER_KILLED,NUMBER_INJURED,PARTY_COUNT,PRIMARY_COLL_FACTOR,PCF_CODE_OF_VIOL,PCF_VIOL_CATEGORY,PCF_VIOLATION,PCF_VIOL_SUBSECTION,HIT_AND_RUN,TYPE_OF_COLLISION,MVIW,PED_ACTION,ROAD_SURFACE,ROAD_COND_1,ROAD_COND_2,LIGHTING,CONTROL_DEVICE,CHP_ROAD_TYPE,PEDESTRIAN_ACCIDENT,BICYCLE_ACCIDENT,MOTORCYCLE_ACCIDENT,TRUCK_ACCIDENT,NOT_PRIVATE_PROPERTY,ALCOHOL_INVOLVED,STWD_VEHTYPE_AT_FAULT,CHP_VEHTYPE_AT_FAULT,COUNT_SEVERE_INJ,COUNT_VISIBLE_INJ,COUNT_COMPLAINT_PAIN,COUNT_PED_KILLED,COUNT_PED_INJURED,COUNT_BICYCLIST_KILLED,COUNT_BICYCLIST_INJURED,COUNT_MC_KILLED,COUNT_MC_INJURED,PRIMARY_RAMP,SECONDARY_RAMP,LATITUDE,LONGITUDE,COUNTY,CITY,POINT_X,POINT_Y
9455242,2022,2022-07-27,1900,2022-01-14,1335,646988,1331,5,5,5,1908,0,0,0,NA,0,133T1,FOSTER RD,DUNROBIN AV,0,NA,Y,A,-,N,NA,NA,NA,NA,NA,NA,NA,NA,NA,Y,4,0,1,2,A,-,09,21802,A,N,D,C,A,A,H,-,A,D,0,NA,NA,NA,NA,Y,NA,D,22,0,0,1,0,0,0,0,0,0,-,-,NA,NA,LOS ANGELES,BELLFLOWER,-118.12053680419922,33.909767150878906
94552429,2025,2025-01-28,9590,2025-01-16,1955,023348,NA,4,2,7,1942,0,1,1,NA,2,041,I-5 S/B (SANTA ANA FREEWAY),LORENA STREET,200,N,N,A,-,Y,LA,NA,5,NA,NA,15.688,H,NA,L,N,3,0,1,2,A,-,07,21658,A,N,B,C,A,A,H,-,C,D,0,NA,NA,Y,NA,Y,NA,A,07,0,1,0,0,0,0,0,0,1,-,-,34.02463912963867,-118.2038116455078,LOS ANGELES,LOS ANGELES,-118.20384216308594,34.02458572387695
94552431,2025,2025-01-28,9550,2025-01-17,1445,020795,NA,5,2,9,1900,0,3,5,NA,2,001,WORKMAN MILL ROAD,MISSION MILL ROAD,0,NA,Y,A,-,N,NA,NA,NA,NA,NA,NA,NA,NA,NA,N,4,0,2,2,A,-,09,21801,A,N,A,C,A,A,H,-,A,A,0,NA,NA,NA,NA,Y,NA,A,01,0,0,2,0,0,0,0,0,0,-,-,34.015350341796875,-118.04408264160156,LOS ANGELES,UNINCORPORATED,-118.04402923583984,34.01534652709961
94552506,2025,2025-01-28,9575,2025-01-17,1745,022503,NA,5,2,7,1942,0,1,1,NA,2,053,I-5 N/B (GOLDEN STATE FREEWAY),PAXTON ST.,480,S,N,A,-,Y,LA,NA,5,NA,NA,38.966,H,NA,R,N,4,0,3,3,A,-,03,22350,NA,N,C,C,A,A,H,-,C,D,0,NA,NA,NA,NA,Y,NA,D,22,0,0,3,0,0,0,0,0,0,-,-,34.26169967651367,-118.44000244140624,LOS ANGELES,LOS ANGELES,-118.44000244140624,34.26169967651367
9455253,2022,2022-07-01,1900,2022-04-14,1425,601707,1369,4,5,5,1952,0,0,0,NA,0,136D,DOWNEY AV,70TH ST,5,S,N,A,-,N,NA,NA,NA,NA,NA,NA,NA,NA,NA,N,3,0,1,2,A,-,11,21950,B,N,A,B,D,A,H,-,A,A,0,Y,NA,NA,NA,Y,NA,N,60,0,1,0,0,1,0,0,0,0,-,-,NA,NA,LOS ANGELES,PARAMOUNT,-118.15132904052734,33.88197708129883
94552533,2025,2025-01-28,9530,2025-01-21,1145,024076,NA,2,1,7,1941,0,1,1,NA,2,072,I-710 S/B (LONG BEACH FREEWAY),I-405,200,N,N,A,-,Y,LA,NA,710,NA,NA,9.827,H,NA,L,Y,4,0,1,2,A,-,07,21658,A,N,B,C,A,A,H,-,A,D,0,NA,NA,NA,Y,Y,NA,G,25,0,0,1,0,0,0,0,0,0,-,-,33.832481384277344,-118.2089614868164,LOS ANGELES,LONG BEACH,-118.2089614868164,33.832481384277344
94552537,2025,2025-01-28,9530,2025-01-21,1635,023672,NA,2,2,7,1941,0,1,1,NA,2,071,I-710 N/B (LONG BEACH FREEWAY),LONG BEACH BLVD,528,S,N,A,-,Y,NA,NA,NA,NA,NA,NA,NA,NA,NA,N,4,0,2,2,A,-,07,21658,A,N,B,C,A,A,H,-,A,D,0,NA,NA,NA,Y,Y,NA,F,27,0,0,2,0,0,0,0,0,0,-,-,33.852230072021484,-118.20204162597656,LOS ANGELES,LONG BEACH,-118.20001220703124,33.8613166809082
94552564,2025,2025-01-28,9550,2025-01-18,1240,023942,NA,6,1,9,1900,0,1,3,NA,2,600,SR-60 WB,CROSSROADS PARKWAY,20,W,N,A,-,Y,LA,NA,60,NA,NA,12.61,H,NA,L,Y,4,0,1,2,A,-,08,22107,NA,N,C,C,A,A,H,-,A,D,0,NA,NA,NA,NA,Y,NA,A,01,0,0,1,0,0,0,0,0,0,-,-,34.02919006347656,-118.01286315917967,LOS ANGELES,UNINCORPORATED,-118.01286315917967,34.02919387817383
94552567,2025,2025-01-28,9565,2025-01-24,1805,023626,NA,5,2,7,1942,0,1,1,NA,2,082,I-10 W/B,BUNDY DRIVE,250,E,N,A,-,Y,LA,NA,10,NA,R,4.762,H,NA,L,N,3,0,1,2,A,-,03,22350,NA,N,C,C,A,A,H,-,C,D,0,NA,NA,NA,NA,Y,NA,D,22,0,1,0,0,0,0,0,0,0,-,-,34.029510498046875,-118.44548034667967,LOS ANGELES,LOS ANGELES,-118.4454345703125,34.029388427734375
94552569,2025,2025-03-21,9530,2025-01-20,1840,023672,NA,1,2,9,1900,0,3,5,NA,2,001,ALAMEDA ST,97TH ST,0,NA,Y,A,-,N,NA,NA,NA,NA,NA,NA,NA,NA,NA,Y,4,0,2,3,A,-,08,22107,NA,N,A,C,A,A,H,-,C,A,0,NA,NA,NA,NA,Y,NA,A,07,0,0,2,0,0,0,0,0,0,-,-,33.948341369628906,-118.22901916503906,LOS ANGELES,UNINCORPORATED,-118.22899627685548,33.94828796386719
94552627,2025,2025-01-28,9565,2025-01-15,855,022576,NA,3,1,7,1942,0,1,1,NA,2,083,I-10 W/B,CATTARAUGUS AVE,75,E,N,A,-,Y,LA,NA,10,NA,R,8.323,H,NA,L,N,4,0,2,3,A,-,03,22350,NA,N,C,C,A,A,H,-,A,D,0,NA,NA,NA,NA,Y,NA,A,01,0,0,2,0,0,0,0,0,0,-,-,34.034080505371094,-118.38574981689452,LOS ANGELES,LOS ANGELES,-118.38572692871094,34.034053802490234
94552635,2025,2025-01-28,9590,2025-01-28,850,021762,NA,2,1,7,1942,0,1,2,NA,2,072,US-101 N/B (HOLLYWOOD FREEWAY),CAHUENGA BLVD,700,N,N,A,-,Y,LA,NA,101,NA,NA,7.613,H,NA,R,N,4,0,1,2,A,-,03,22350,NA,N,C,C,A,A,H,-,A,D,0,NA,NA,NA,NA,Y,NA,A,07,0,0,1,0,0,0,0,0,0,-,-,34.10918045043945,-118.33280181884766,LOS ANGELES,LOS ANGELES,-118.332763671875,34.10921859741211
94552640,2025,2025-01-28,9590,2025-01-25,1225,023957,NA,6,1,7,1942,0,1,1,NA,2,084,I-5 S/B (GOLDEN STATE FREEWAY),LOS FELIZ BLVD,1500,N,N,A,-,Y,LA,NA,5,NA,NA,24.623,H,NA,L,N,3,0,2,3,A,-,03,22350,NA,N,C,C,A,A,H,-,A,D,0,NA,NA,NA,NA,Y,NA,A,01,0,1,1,0,0,0,0,0,0,-,-,34.12458038330078,-118.27279663085938,LOS ANGELES,LOS ANGELES,-118.27286529541016,34.124568939208984
94552641,2025,2025-01-28,9545,2025-01-20,1044,021360,NA,1,1,6,1950,0,1,3,NA,2,021,SR-14 S/B,AVENUE O,704,N,N,G,-,Y,LA,NA,14,NA,R,62.8,H,NA,R,Y,3,0,1,2,C,-,18,NA,NA,N,E,J,A,A,D,E,A,D,0,NA,NA,NA,NA,Y,NA,-,-,0,1,0,0,0,0,0,0,0,-,-,34.6185188293457,-118.15315246582033,LOS ANGELES,PALMDALE,-118.15313720703124,34.6185188293457
94552650,2025,2025-01-28,9580,2025-01-25,1540,023284,NA,6,2,7,1942,0,1,1,NA,2,405,I-405 S/B (SAN DIEGO FWY),VENTURA BL,210,S,N,B,-,Y,LA,NA,405,NA,NA,38.964,H,NA,L,N,4,0,1,2,A,-,03,22350,NA,N,C,C,A,A,H,-,A,D,0,NA,NA,NA,NA,Y,NA,D,22,0,0,1,0,0,0,0,0,0,-,-,34.15345001220703,-118.46811676025392,LOS ANGELES,LOS ANGELES,-118.46812438964844,34.15345001220703
94552664,2025,2025-01-28,9575,2025-01-25,2305,022651,NA,6,3,6,1953,0,1,1,NA,2,064,I-210 W/B (FOOTHILL FREEWAY) FROM ALTADENA DR.,ALTADENA DR.,252,W,N,C,-,Y,LA,NA,210,NA,R,28.21,H,NA,L,Y,3,0,2,1,A,-,03,22350,NA,N,E,8,A,B,H,-,D,D,0,NA,NA,NA,NA,Y,NA,A,01,0,1,1,0,0,0,0,0,0,-,-,34.15296173095703,-118.0995635986328,LOS ANGELES,PASADENA,-118.09955596923828,34.15269088745117
94552694,2025,2025-01-28,9565,2025-01-24,1145,021951,NA,5,1,7,1942,0,1,1,NA,2,062,I-405 N/B,I-10,225,N,N,A,-,Y,LA,NA,405,NA,NA,29.592,H,NA,R,N,4,0,3,3,A,-,03,22350,NA,N,C,C,A,A,H,-,A,D,0,NA,NA,NA,NA,Y,NA,A,01,0,0,3,0,0,0,0,0,0,-,-,34.031951904296875,-118.43401336669922,LOS ANGELES,LOS ANGELES,-118.4340362548828,34.03192901611328
94552711,2025,2025-01-28,9535,2025-01-17,951,020902,NA,5,1,5,1901,0,1,1,NA,2,420,I-10 E/B (SAN BERNARDINO FWY.),NEW AVE.,60,W,N,A,-,Y,LA,NA,10,NA,NA,24.821,H,NA,R,Y,4,0,1,2,A,-,03,22350,NA,N,C,C,A,A,H,-,A,D,0,NA,NA,NA,NA,Y,NA,A,07,0,0,1,0,0,0,0,0,0,-,-,34.07170867919922,-118.10852813720705,LOS ANGELES,ALHAMBRA,-118.10852813720705,34.071659088134766
94552715,2024,2025-03-18,9535,2024-11-25,1340,024064,NA,1,1,5,1901,0,1,1,NA,2,420,I-10 E/B (SAN BERNARDINO FREEWAY),MARGUERITA AVE. PEDESTRIAN OVERCROSS,5174,W,N,A,-,Y,LA,NA,10,NA,NA,23.016,H,NA,R,Y,4,0,1,2,A,-,07,21658,A,N,B,2,A,A,H,-,A,D,0,NA,NA,NA,NA,Y,NA,-,-,0,0,1,0,0,0,0,0,0,-,-,34.07133865356445,-118.13995361328124,LOS ANGELES,ALHAMBRA,-118.13995361328124,34.071258544921875
94552755,2025,2025-01-28,9565,2025-01-24,1103,024200,NA,5,1,7,1942,0,1,1,NA,2,063,I-405 N/B (SAN DIEGO FWY.),MONTANA AVE.,500,N,N,A,-,Y,LA,NA,405,NA,NA,32.617,H,NA,R,Y,3,0,1,2,A,-,03,22350,NA,N,C,C,A,A,H,-,A,D,0,NA,NA,NA,NA,Y,NA,A,01,0,1,0,0,0,0,0,0,0,-,-,34.068389892578125,-118.46270751953124,LOS ANGELES,LOS ANGELES,-118.46268463134766,34.06840896606445
94552757,2025,2025-01-28,9565,2025-01-15,759,022576,NA,3,1,7,1942,0,1,1,NA,2,083,I-10 W/B,CATTARAUGUS AVE,150,E,N,A,-,Y,LA,NA,10,NA,R,8.339,H,NA,L,N,4,0,2,3,A,-,03,22350,NA,M,C,C,A,A,H,-,A,D,0,NA,NA,NA,Y,Y,NA,F,26,0,0,2,0,0,0,0,0,0,-,-,34.03422164916992,-118.38552856445313,LOS ANGELES,LOS ANGELES,-118.385498046875,34.03418731689453
94552769,2025,2025-01-28,9530,2025-01-22,744,017755,NA,3,1,7,1941,0,1,1,NA,2,420,I-405 N/B (SAN DIEGO FREEWAY),MCHELEN AVE.,704,S,N,A,-,Y,LA,NA,405,NA,NA,8.31,H,NA,R,Y,4,0,1,2,D,-,00,NA,NA,N,C,C,A,A,H,-,A,D,0,NA,NA,Y,NA,Y,NA,-,-,0,0,1,0,0,0,0,0,1,-,-,33.82529830932617,-118.21971893310548,LOS ANGELES,LONG BEACH,-118.21971893310548,33.8253288269043
94552787,2025,2025-01-28,9530,2025-01-22,855,018745,NA,3,1,7,1942,0,1,1,NA,2,400,I-405 S/B (SAN DIEGO FREEWAY),NORMANDIE AVE.,1267,S,N,B,-,Y,LA,NA,405,NA,NA,13.603,H,NA,L,Y,4,0,4,5,A,-,03,22350,NA,N,C,C,A,A,H,-,A,D,0,NA,NA,NA,NA,Y,NA,D,22,0,0,4,0,0,0,0,0,0,-,-,33.859718322753906,-118.29493713378906,LOS ANGELES,LOS ANGELES,-118.29493713378906,33.8597297668457
94552791,2025,2025-01-28,9535,2025-01-17,1255,022105,NA,5,1,5,1901,0,1,1,NA,2,420,I-10 (SAN BERNARDINO FREEWAY) E/B,GARFIELD AVE.,10,E,N,A,-,Y,LA,NA,10,NA,NA,24.016,H,NA,R,Y,4,0,3,4,A,-,03,22350,NA,N,C,C,A,A,H,-,A,D,0,NA,NA,NA,NA,Y,NA,A,01,0,0,3,0,0,0,0,0,0,-,-,34.071529388427734,-118.12252807617188,LOS ANGELES,ALHAMBRA,-118.12252807617188,34.07146072387695
94552811,2025,2025-01-28,9590,2025-01-21,2100,023946,NA,2,2,7,1942,0,1,1,NA,2,081,I-5 S/B (SANTA ANA FREEWAY),7TH STREET,300,S,N,A,-,Y,LA,NA,5,NA,NA,16.818,H,NA,L,Y,2,0,3,1,A,-,08,22107,NA,N,E,I,A,A,H,-,C,D,0,NA,NA,NA,NA,Y,NA,A,07,1,2,0,0,0,0,0,0,0,-,-,34.032901763916016,-118.22071075439452,LOS ANGELES,LOS ANGELES,-118.22051239013672,34.03300857543945
94552824,2025,2025-01-28,9565,2025-01-15,820,018193,NA,3,1,7,1942,0,1,1,NA,2,061,I-405 N/B,LA TIJERA BLVD,292,N,N,A,-,Y,LA,NA,405,NA,NA,24.336,H,NA,R,Y,4,0,1,2,A,-,03,22350,NA,N,C,C,A,A,H,-,A,D,0,NA,NA,NA,NA,Y,NA,A,08,0,0,1,0,0,0,0,0,0,-,-,33.97243881225586,-118.37879180908205,LOS ANGELES,LOS ANGELES,-118.37882995605467,33.97239685058594
94552951,2024,2025-01-28,9550,2024-11-29,2330,022855,NA,5,3,9,1900,0,2,4,NA,1,042,COLIMA ROAD E/B,JELLICK AVENUE,30,W,N,A,-,N,NA,NA,NA,NA,NA,NA,NA,NA,NA,N,4,0,1,2,A,-,01,23152,A,N,C,C,A,A,H,-,C,A,0,NA,NA,NA,NA,Y,Y,D,22,0,0,1,0,0,0,0,0,0,-,-,33.98817825317383,-117.90142059326172,LOS ANGELES,UNINCORPORATED,-117.90129852294922,33.98810577392578
94552969,2024,2025-01-28,9535,2024-12-01,1250,023462,NA,7,1,3,1914,0,1,1,NA,2,500,I-5 NB (SANTA ANA FREEWAY),I-710,200,S,N,A,-,Y,LA,NA,5,NA,NA,13.698,H,NA,R,Y,4,0,1,2,A,-,08,22107,NA,N,B,C,A,A,H,-,A,D,0,NA,NA,NA,NA,Y,NA,A,07,0,0,1,0,0,0,0,0,0,-,-,34.01565170288086,-118.17150115966795,LOS ANGELES,COMMERCE,-118.17146301269533,34.01570510864258
94552974,2024,2025-01-28,9545,2024-09-06,520,022558,NA,5,3,9,1900,0,3,5,NA,2,004,240TH STREET EAST,AVENUE O,335,N,N,A,-,N,NA,NA,NA,NA,NA,NA,NA,NA,NA,Y,1,1,1,2,A,-,06,21751,NA,N,A,C,A,A,H,-,D,D,0,NA,NA,NA,NA,Y,NA,A,01,0,1,0,0,0,0,0,0,0,-,-,34.617530822753906,-117.70269775390624,LOS ANGELES,UNINCORPORATED,-117.70271301269533,34.617488861083984
94553025,2025,2025-01-28,9525,2025-01-22,620,024155,NA,3,1,4,1938,0,1,1,NA,2,207,SR-210 W/B (FOOTHILL FWY),FOOTHILL BLVD,1600,W,N,A,-,Y,LA,NA,210,NA,R,46.295,H,NA,L,Y,4,0,1,4,A,-,03,22350,NA,N,C,B,A,A,H,-,A,D,0,NA,NA,NA,NA,Y,NA,A,01,0,0,1,0,0,0,0,0,0,-,-,34.11996078491211,-117.7927703857422,LOS ANGELES,LA VERNE,-117.7927703857422,34.1198844909668
94553028,2024,2025-01-28,9535,2024-12-18,2300,023286,NA,3,3,3,1914,0,1,1,NA,2,072,I-710 NB (LONG BEACH FREEWAY),WASHINGTON BLVD,634,S,N,A,-,Y,LA,NA,710,NA,NA,22.339,H,NA,R,Y,2,0,4,4,A,-,07,21658,A,N,B,C,A,A,H,-,D,D,0,NA,NA,NA,Y,Y,Y,A,01,1,1,2,0,0,0,0,0,0,-,-,34.00297164916992,-118.17343902587892,LOS ANGELES,COMMERCE,-118.17347717285156,34.00297927856445
94553062,2025,2025-01-28,9530,2025-01-26,1715,023030,NA,7,2,5,1977,0,1,3,NA,2,310,SR-91 W/B (ARTESIA FREEWAY),CENTRAL AVE.,1650,W,N,B,C,Y,LA,NA,91,NA,R,8.112,H,NA,L,Y,3,0,1,1,A,-,03,22350,NA,N,E,I,A,B,H,-,A,D,0,NA,NA,NA,NA,Y,NA,A,07,0,1,0,0,0,0,0,0,0,-,-,33.87372970581055,-118.25428009033205,LOS ANGELES,CARSON,-118.25428009033205,33.87380599975586
94553065,2024,2025-01-28,9535,2024-11-29,540,023448,NA,5,3,9,1900,0,3,5,NA,2,001,HAMMEL ST (BLOCK 4600),MCDONNELL AVE,229.66,E,N,A,-,N,NA,NA,NA,NA,NA,NA,NA,NA,NA,Y,3,0,1,2,A,-,01,23152,A,N,A,E,A,A,H,-,D,D,0,NA,NA,NA,NA,Y,Y,A,01,0,1,0,0,0,0,0,0,0,-,-,34.04243850708008,-118.166259765625,LOS ANGELES,UNINCORPORATED,-118.1662826538086,34.04239273071289
94553091,2025,2025-01-28,9535,2025-01-11,1100,023349,NA,6,1,3,1914,0,1,1,NA,2,500,INTERSTATE 5 N/B (SANTA ANA FREEWAY),GARFIELD AVENUE,320,N,N,A,-,Y,LA,NA,5,NA,NA,10.965,H,NA,R,Y,2,0,4,7,A,-,04,21703,NA,N,C,2,A,A,H,-,A,D,0,NA,NA,Y,NA,Y,NA,D,22,1,0,3,0,0,0,0,0,1,-,-,33.988468170166016,-118.13834381103516,LOS ANGELES,COMMERCE,-118.13831329345705,33.988487243652344
94553098,2025,2025-01-28,9525,2025-01-20,450,014593,NA,1,3,6,1955,0,1,3,NA,2,571,SR-57 N/B (ORANGE FWY),VIA VERDE,1056,N,N,A,-,Y,LA,NA,57,NA,R,9.12,H,NA,R,Y,4,0,1,2,A,-,03,22350,NA,N,C,C,A,A,H,-,D,A,0,NA,NA,NA,NA,Y,NA,A,07,0,0,1,0,0,0,0,0,0,-,-,34.08279037475586,-117.81813049316406,LOS ANGELES,POMONA,-117.81822967529295,34.082740783691406
94553111,2025,2025-01-28,9525,2025-01-24,2150,023880,NA,5,2,5,1990,0,1,3,NA,2,603,SR-60 W/B (POMONA FWY),DIAMOND BAR BLVD,1504,E,N,A,-,Y,LA,NA,60,NA,R,25.894,H,NA,L,N,4,0,1,2,A,-,03,22350,NA,N,C,C,A,A,H,-,D,D,0,NA,NA,NA,NA,Y,NA,A,01,0,0,1,0,0,0,0,0,0,-,-,34.02558135986328,-117.8068618774414,LOS ANGELES,DIAMOND BAR,-117.80681610107422,34.025482177734375
94553133,2024,2025-01-28,9535,2024-12-01,110,023333,NA,7,3,5,1915,0,1,1,NA,2,075,I-710 S/B (LONG BEACH FREEWAY) FROM E/B ROSECRANS,ROSECRANS AVE,80,S,N,A,-,Y,NA,NA,NA,NA,NA,NA,NA,NA,NA,Y,4,0,1,2,A,-,05,21651,B,F,A,C,A,A,H,-,C,D,0,NA,NA,NA,NA,Y,NA,A,07,0,0,1,0,0,0,0,0,0,-,-,33.9033317565918,-118.18733215332033,LOS ANGELES,COMPTON,-118.18572235107422,33.903411865234375
94553152,2025,2025-01-28,9590,2025-01-22,1925,023397,NA,3,2,7,1942,0,1,1,NA,2,052,I-110 N/B (HARBOR FREEWAY),3RD STREET,325,N,N,A,-,Y,LA,NA,110,NA,NA,23.183,H,NA,R,N,4,0,1,2,A,-,03,22350,NA,N,C,C,A,A,H,-,C,D,0,NA,NA,NA,NA,Y,NA,A,01,0,0,1,0,0,0,0,0,0,-,-,34.05678939819336,-118.25515747070313,LOS ANGELES,LOS ANGELES,-118.25521850585938,34.056827545166016
94553171,2025,2025-01-28,9575,2025-01-27,1310,020711,NA,1,1,6,1912,0,1,1,NA,2,051,I-5 N/B (GOLDEN STATE FREEWAY),ALAMEDA AVE,1056,S,N,A,-,Y,LA,NA,5,NA,NA,28.264,H,NA,R,Y,4,0,1,3,A,-,03,22350,NA,N,C,C,A,A,H,-,A,D,0,NA,NA,NA,NA,Y,NA,A,01,0,0,1,0,0,0,0,0,0,-,-,34.16870880126953,-118.30185699462892,LOS ANGELES,BURBANK,-118.30191802978516,34.16865539550781
94553288,2025,2025-01-28,9575,2025-01-19,2050,023072,NA,7,2,9,1900,0,1,3,NA,2,081,ROSEMEAD BOULEVARD (700 BLOCK),CALIFORNIA BOULEVARD,17,S,N,A,-,N,NA,NA,NA,NA,NA,NA,NA,NA,NA,N,4,0,2,2,A,-,03,22350,NA,N,C,C,A,A,H,-,C,A,0,NA,NA,NA,NA,Y,NA,A,01,0,0,2,0,0,0,0,0,0,-,-,34.13447189331055,-118.0732192993164,LOS ANGELES,UNINCORPORATED,-118.07318115234376,34.1346549987793
94553292,2025,2025-01-28,9525,2025-01-27,1430,024155,NA,1,2,6,1955,0,1,1,NA,2,107,I-10 W/B TO SR-57 N/B,SR-57 N/B (ORANGE FWY),2100,E,N,A,-,Y,NA,NA,NA,NA,NA,NA,NA,NA,NA,Y,4,0,2,2,A,-,03,22350,NA,N,E,8,A,B,H,-,A,D,0,NA,NA,NA,NA,Y,NA,D,22,0,0,2,0,0,0,0,0,0,-,-,34.0689697265625,-117.79947662353516,LOS ANGELES,POMONA,-117.80064392089844,34.068115234375
9455330,2022,2022-07-05,1900,2022-05-04,1930,643735,1349,3,5,3,1903,0,0,0,NA,0,134A,183RD ST,ELAINE AV,0,NA,Y,A,-,N,NA,NA,NA,NA,NA,NA,NA,NA,NA,Y,4,0,1,2,A,-,04,21703,NA,M,C,C,A,A,H,-,A,A,0,NA,NA,NA,NA,Y,NA,A,01,0,0,1,0,0,0,0,0,0,-,-,NA,NA,LOS ANGELES,ARTESIA,-118.07682037353516,33.86576843261719
94553332,2025,2025-01-28,9550,2025-01-20,630,018408,NA,1,1,9,1900,0,1,3,NA,2,600,SR-60 W/B TO I-605,I-605,640,E,N,A,-,Y,NA,NA,NA,NA,NA,NA,NA,NA,NA,N,3,0,1,1,A,-,08,22107,NA,N,F,A,A,A,H,-,B,D,0,NA,NA,NA,NA,Y,NA,A,01,0,1,0,0,0,0,0,0,0,-,-,34.03340148925781,-118.02471923828124,LOS ANGELES,UNINCORPORATED,-118.02538299560548,34.03324890136719
94553358,2025,2025-01-28,9575,2025-01-23,505,024027,NA,4,3,6,1953,0,1,1,NA,2,064,I-210 E/B (FOOTHILL FREEWAY),LOS ROBLES AVENUE,320,E,N,A,-,Y,LA,NA,210,NA,R,25.877,H,NA,R,Y,4,0,1,2,A,-,07,21658,A,N,B,C,A,A,H,-,A,A,0,NA,NA,NA,Y,Y,NA,A,01,0,0,1,0,0,0,0,0,0,-,-,34.15156173706055,-118.14022064208984,LOS ANGELES,PASADENA,-118.14022064208984,34.15164566040039
94553369,2025,2025-01-28,9575,2025-01-17,1610,024142,NA,5,2,6,1953,0,1,1,NA,2,064,I-210 E/B (FOOTHILL FREEWAY),LAKE AVE.,400,E,N,A,-,Y,LA,NA,210,NA,R,26.412,H,NA,R,N,4,0,1,3,A,-,03,22350,NA,N,C,C,A,A,H,-,A,D,0,NA,NA,NA,NA,Y,NA,E,22,0,0,1,0,0,0,0,0,0,-,-,34.151668548583984,-118.1308822631836,LOS ANGELES,PASADENA,-118.1308822631836,34.15165328979492
94553380,2024,2025-01-28,9535,2024-11-20,1850,023436,NA,3,2,5,1943,0,1,1,NA,2,105,I-105 WB (CENTURY FREEWAY),ATLANTIC AVE,350,E,N,A,-,Y,LA,NA,105,NA,R,12.901,H,NA,L,Y,2,0,1,2,A,-,08,22107,NA,N,B,C,A,A,H,-,C,D,0,NA,NA,Y,NA,Y,NA,A,07,1,0,0,0,0,0,0,0,1,-,-,33.91596984863281,-118.1889419555664,LOS ANGELES,LYNWOOD,-118.18891143798828,33.91602325439453
94553388,2025,2025-01-28,9575,2025-01-27,523,023227,NA,1,3,6,1912,0,1,1,NA,2,051,I-5 S/B (GOLDEN STATE FREEWAY),BUENA VISTA STREET,270,S,N,B,C,Y,LA,NA,5,NA,NA,31.188,H,NA,L,Y,3,0,2,2,A,-,08,22107,NA,N,D,C,A,B,H,-,C,D,0,NA,NA,NA,NA,Y,NA,A,01,0,1,1,0,0,0,0,0,0,-,-,34.19797134399414,-118.33715057373048,LOS ANGELES,BURBANK,-118.33707427978516,34.19803237915039
94553392,2024,2025-01-28,9550,2024-12-14,55,023627,NA,6,3,7,1941,0,1,3,NA,2,090,SR-91 WB,PARAMOUNT BOULEVARD,300,W,N,A,-,Y,LA,NA,91,NA,R,13.408,H,NA,L,Y,4,0,1,3,A,-,08,22107,NA,F,B,2,A,A,H,-,C,D,0,NA,NA,NA,NA,Y,Y,-,99,0,0,1,0,0,0,0,0,0,-,-,33.876068115234375,-118.1635513305664,LOS ANGELES,LONG BEACH,-118.1635513305664,33.8761100769043
94553397,2025,2025-01-29,9550,2025-01-20,1340,015449,NA,1,1,3,1964,0,1,1,NA,2,501,I-5 SOUTHBOUND (SANTA ANA FREEWAY),ALONDRA BLVD.,1003,N,N,A,-,Y,LA,NA,5,NA,NA,1.91,H,NA,L,N,4,0,1,1,C,-,18,NA,NA,N,E,I,A,A,H,-,A,D,0,NA,NA,NA,NA,Y,NA,-,-,0,0,1,0,0,0,0,0,0,-,-,33.889530181884766,-118.03952026367188,LOS ANGELES,SANTA FE SPRINGS,-118.03939819335938,33.88968276977539