CASE_ID,ACCIDENT_YEAR,PROC_DATE,JURIS,COLLISION_DATE,COLLISION_TIME,OFFICER_ID,REPORTING_DISTRICT,DAY_OF_WEEK,CHP_SHIFT,POPULATION,CNTY_CITY_LOC,SPECIAL_COND,BEAT_TYPE,CHP_BEAT_TYPE,CITY_DIVISION_LAPD,CHP_BEAT_CLASS,BEAT_NUMBER,PRIMARY_RD,SECONDARY_RD,DISTANCE,DIRECTION,INTERSECTION,WEATHER_1,WEATHER_2,STATE_HWY_IND,CALTRANS_COUNTY,CALTRANS_DISTRICT,STATE_ROUTE,ROUTE_SUFFIX,POSTMILE_PREFIX,POSTMILE,LOCATION_TYPE,RAMP_INTERSECTION,SIDE_OF_HWY,TOW_AWAY,COLLISION_SEVERITY,NUMBER_KILLED,NUMBER_INJURED,PARTY_COUNT,PRIMARY_COLL_FACTOR,PCF_CODE_OF_VIOL,PCF_VIOL_CATEGORY,PCF_VIOLATION,PCF_VIOL_SUBSECTION,HIT_AND_RUN,TYPE_OF_COLLISION,MVIW,PED_ACTION,ROAD_SURFACE,ROAD_COND_1,ROAD_COND_2,LIGHTING,CONTROL_DEVICE,CHP_ROAD_TYPE,PEDESTRIAN_ACCIDENT,BICYCLE_ACCIDENT,MOTORCYCLE_ACCIDENT,TRUCK_ACCIDENT,NOT_PRIVATE_PROPERTY,ALCOHOL_INVOLVED,STWD_VEHTYPE_AT_FAULT,CHP_VEHTYPE_AT_FAULT,COUNT_SEVERE_INJ,COUNT_VISIBLE_INJ,COUNT_COMPLAINT_PAIN,COUNT_PED_KILLED,COUNT_PED_INJURED,COUNT_BICYCLIST_KILLED,COUNT_BICYCLIST_INJURED,COUNT_MC_KILLED,COUNT_MC_INJURED,PRIMARY_RAMP,SECONDARY_RAMP,LATITUDE,LONGITUDE,COUNTY,CITY,POINT_X,POINT_Y
94555613,2025,2025-01-30,9580,2025-01-26,1415,023848,NA,7,2,9,1900,0,2,4,NA,1,129,KANAN DUME ROAD,KANAN-EDISON RD,500,N,N,B,-,N,NA,NA,NA,NA,NA,NA,NA,NA,NA,Y,3,0,2,2,A,-,08,22107,NA,F,B,2,A,B,H,-,E,D,0,NA,NA,NA,NA,Y,Y,-,99,0,2,0,0,0,0,0,0,0,-,-,34.06018829345703,-118.80010986328124,LOS ANGELES,UNINCORPORATED,-118.79850006103516,34.056339263916016
9455562,2022,2022-07-19,1900,2022-05-30,1005,510899,2610,1,5,6,1950,0,0,0,NA,0,262T1,PALMDALE BL,11TH ST EAST,0,NA,Y,A,-,Y,LA,7,138,-,-,44.821,I,5,E,Y,4,0,1,2,A,-,09,21802,A,N,D,C,A,A,H,-,A,A,0,NA,NA,NA,NA,Y,NA,A,07,0,0,1,0,0,0,0,0,0,-,-,34.579551696777344,-118.10958862304688,LOS ANGELES,PALMDALE,-118.109619140625,34.57952880859375
94555641,2025,2025-01-30,9535,2025-01-19,1140,023375,NA,7,1,9,1900,0,1,3,NA,2,620,SR-60 E/B TO I-605,I-605 S/B (SAN GABRIEL RIVER FREEWAY),200,W,N,A,-,Y,NA,NA,NA,NA,NA,NA,NA,NA,NA,N,4,0,1,1,A,-,08,22107,NA,N,F,J,A,A,H,-,A,D,0,NA,NA,Y,NA,Y,NA,C,02,0,0,1,0,0,0,0,0,1,-,-,34.03485107421875,-118.02999877929688,LOS ANGELES,UNINCORPORATED,-118.02792358398438,34.03422927856445
94555648,2025,2025-01-30,9580,2025-01-21,2045,024014,NA,2,2,7,1942,0,1,2,NA,2,101,US-101 S/B TO SR-134 E/B (VENTURA FREEWAY),TUJUNGA AVENUE,172,E,N,A,-,Y,LA,NA,101,NA,NA,11.809,H,NA,L,N,4,0,1,2,A,-,08,22107,NA,M,B,C,A,A,H,-,C,D,0,NA,NA,NA,NA,Y,Y,A,01,0,0,1,0,0,0,0,0,0,-,-,34.15385818481445,-118.37832641601564,LOS ANGELES,LOS ANGELES,-118.37844848632813,34.15370559692383
9455565,2022,2022-07-28,1942,2022-06-08,2235,44918,0946,3,5,7,1942,0,0,0,I,0,9A23,WOODMAN AV,COLLINS ST,100,S,N,A,-,N,NA,NA,NA,NA,NA,NA,NA,NA,NA,Y,3,0,1,2,A,-,08,22107,NA,N,C,C,A,A,H,-,C,D,0,NA,NA,NA,NA,Y,NA,A,01,0,1,0,0,0,0,0,0,0,-,-,NA,NA,LOS ANGELES,LOS ANGELES,-118.43125915527344,34.17364501953125
94555650,2025,2025-01-30,9540,2025-01-28,815,020678,NA,2,1,7,1942,0,1,1,NA,1,503,I-5 S/B (GOLDEN STATE FWY),ROXFORD ST.,1500,N,N,A,-,Y,LA,NA,5,NA,R,43.673,H,NA,L,Y,4,0,2,3,A,-,03,22350,NA,N,C,C,A,A,H,-,A,D,0,NA,NA,NA,NA,Y,NA,D,22,0,0,2,0,0,0,0,0,0,-,-,34.3126106262207,-118.48792266845705,LOS ANGELES,LOS ANGELES,-118.48796844482422,34.312583923339844
94555655,2024,2025-01-30,9565,2024-12-16,1700,023555,NA,1,2,7,1942,0,1,1,NA,2,083,I-10 E/B (SANTA MONICA FREEWAY),OVERLAND AVE,500,E,N,A,-,Y,LA,NA,10,NA,R,6.615,H,NA,R,Y,3,0,1,4,A,-,01,23152,A,N,E,I,A,A,H,-,C,D,0,NA,NA,NA,NA,Y,Y,A,01,0,1,0,0,0,0,0,0,0,-,-,34.031490325927734,-118.41339111328124,LOS ANGELES,LOS ANGELES,-118.41341400146484,34.031394958496094
94555658,2025,2025-01-30,9545,2025-01-22,1640,021814,NA,3,2,9,1900,0,3,5,NA,2,003,ANGELES FOREST HWY,SIERRA HWY,1584,S,N,A,-,N,NA,NA,NA,NA,NA,NA,NA,NA,NA,N,4,0,1,2,A,-,03,22350,NA,N,C,C,A,A,H,-,A,D,0,NA,NA,NA,NA,Y,NA,A,01,0,0,1,0,0,0,0,0,0,-,-,34.50518035888672,-118.11205291748048,LOS ANGELES,UNINCORPORATED,-118.11199188232422,34.505306243896484
9455566,2022,2022-07-25,1942,2022-06-06,0740,37590,0941,1,5,7,1942,0,0,0,I,0,26TL26,OXNARD ST,VAN NUYS BL,716,E,N,A,-,N,NA,NA,NA,NA,NA,NA,NA,NA,NA,Y,4,0,1,4,A,-,08,22107,NA,N,B,C,A,A,H,-,A,A,0,NA,NA,NA,Y,Y,NA,G,26,0,0,1,0,0,0,0,0,0,-,-,NA,NA,LOS ANGELES,LOS ANGELES,-118.44638061523438,34.17940139770508
9455567,2022,2022-06-30,1942,2022-06-14,0835,37590,1011,2,5,7,1942,0,0,0,J,0,26TL26,SATICOY ST,SYLVIA AV,60,E,N,A,-,N,NA,NA,NA,NA,NA,NA,NA,NA,NA,Y,4,0,1,2,A,-,03,22350,NA,N,C,E,A,A,H,-,A,A,0,NA,NA,NA,NA,Y,NA,A,07,0,0,1,0,0,0,0,0,0,-,-,NA,NA,LOS ANGELES,LOS ANGELES,-118.55223083496094,34.20835876464844
9455568,2022,2022-07-28,1942,2022-06-09,0920,39048,1027,4,5,7,1942,0,0,0,J,0,26TL18,VANOWEN ST,LOUISE AV,50,W,N,A,-,N,NA,NA,NA,NA,NA,NA,NA,NA,NA,Y,3,0,1,3,A,-,04,21703,NA,N,B,C,A,A,H,-,A,A,0,NA,NA,Y,NA,Y,NA,C,02,0,1,0,0,0,0,0,0,1,-,-,NA,NA,LOS ANGELES,LOS ANGELES,-118.51002502441406,34.193878173828125
94555687,2025,2025-01-30,9535,2025-01-19,1615,023349,NA,7,2,5,1906,0,1,1,NA,2,650,I-605 N/B (SAN GABRIEL FREEWAY),VALLEY BLVD,600,S,N,A,-,Y,LA,NA,605,NA,R,19.297,H,NA,R,Y,3,0,2,2,A,-,03,22350,NA,N,C,2,A,A,H,-,B,D,0,NA,NA,NA,NA,Y,NA,A,01,0,1,1,0,0,0,0,0,0,-,-,34.052818298339844,-118.00492095947266,LOS ANGELES,BALDWIN PARK,-118.00495147705078,34.05282974243164
9455569,2022,2022-07-05,1942,2022-05-31,1130,38613,1012,2,5,7,1942,0,0,0,J,0,26TL48,RESEDA BL,VALERIO ST,0,NA,N,A,-,N,NA,NA,NA,NA,NA,NA,NA,NA,NA,N,4,0,1,2,C,-,18,NA,NA,N,C,E,A,A,H,-,A,A,0,NA,NA,NA,NA,Y,NA,-,-,0,0,1,0,0,0,0,0,0,-,-,NA,NA,LOS ANGELES,LOS ANGELES,-118.53604888916016,34.20475387573242
94555705,2025,2025-01-30,9530,2025-01-29,555,022438,NA,3,3,7,1941,0,1,1,NA,2,420,I-405 N/B (SAN DIEGO FREEWAY),SANTA FE AVE.,100,S,N,A,-,Y,LA,NA,405,NA,NA,8.048,H,NA,R,N,4,0,1,1,A,-,08,22107,NA,N,E,I,A,A,H,-,B,D,0,NA,NA,NA,NA,Y,NA,A,01,0,0,1,0,0,0,0,0,0,-,-,33.82548141479492,-118.21520233154295,LOS ANGELES,LONG BEACH,-118.21522521972656,33.8255729675293
9455571,2022,2022-07-05,1942,2022-06-10,1135,39281,1776,5,5,7,1942,0,0,0,Q,0,26T47W,HAYVENHURST AV,SUPERIOR ST,155,N,N,A,-,N,NA,NA,NA,NA,NA,NA,NA,NA,NA,N,2,0,1,2,A,-,03,22350,NA,N,C,C,A,A,H,-,A,D,0,NA,NA,Y,NA,Y,NA,C,02,1,0,0,0,0,0,0,0,1,-,-,NA,NA,LOS ANGELES,LOS ANGELES,-118.49368286132813,34.24703598022461
9455572,2022,2022-06-30,1942,2022-06-02,0100,40876,1792,4,5,7,1942,0,0,0,Q,0,26T32W,ROSCOE BL,WINNETKA AV,50,E,N,A,-,N,NA,NA,NA,NA,NA,NA,NA,NA,NA,Y,4,0,1,2,A,-,01,23152,A,N,C,C,A,A,H,-,C,A,0,NA,NA,NA,NA,Y,Y,D,22,0,0,1,0,0,0,0,0,0,-,-,NA,NA,LOS ANGELES,LOS ANGELES,-118.57088470458984,34.22024917602539
94555727,2025,2025-01-30,9530,2025-01-30,1005,018745,NA,4,1,4,1939,0,1,1,NA,2,400,I-405 N/B (SAN DIEGO FREEWAY),MANHATTAN BEACH BLVD.,300,N,N,B,-,Y,LA,NA,405,NA,NA,17.953,H,NA,R,N,4,0,1,2,A,-,03,22350,NA,N,C,C,A,A,H,-,A,D,0,NA,NA,NA,NA,Y,NA,A,01,0,0,1,0,0,0,0,0,0,-,-,33.88808059692383,-118.35726165771484,LOS ANGELES,LAWNDALE,-118.35720825195313,33.888126373291016
94555748,2025,2025-01-30,9590,2025-01-20,1120,018345,NA,1,1,7,1942,0,1,1,NA,2,061,I-10 WESTBOUND (SANTA MONICA FREEWAY),10TH AVE.,500,W,N,A,-,Y,LA,NA,10,NA,R,11.597,H,NA,L,N,3,0,1,1,A,-,08,22107,NA,N,F,A,A,A,H,-,A,D,0,NA,NA,NA,NA,Y,NA,A,07,0,1,0,0,0,0,0,0,0,-,-,34.03548049926758,-118.33014678955078,LOS ANGELES,LOS ANGELES,-118.33013916015624,34.035343170166016
94555772,2024,2025-01-30,9535,2024-12-21,1740,023351,NA,6,2,9,1900,0,1,3,NA,2,066,SR-164 ROSEMEAD BOULEVARD (1200 BLOCK),SR-60,855,N,N,A,-,Y,LA,NA,164,NA,NA,3.523,H,NA,R,N,2,0,1,2,A,-,08,22107,NA,F,G,B,E,A,H,-,D,D,0,Y,NA,NA,NA,Y,NA,-,99,1,0,0,0,1,0,0,0,0,-,-,34.04386901855469,-118.06448364257813,LOS ANGELES,UNINCORPORATED,-118.06419372558594,34.04386901855469
94555774,2025,2025-01-30,9590,2025-01-24,550,016230,NA,5,3,7,1942,0,1,2,NA,2,042,US-101 SB SAF,4TH ST,997,S,N,A,-,Y,LA,NA,101,NA,S,0.429,H,NA,L,N,4,0,2,2,A,-,07,21658,A,N,B,C,A,A,H,-,C,D,0,NA,NA,NA,NA,Y,NA,A,07,0,0,2,0,0,0,0,0,0,-,-,34.040199279785156,-118.22168731689452,LOS ANGELES,LOS ANGELES,-118.22164154052734,34.04019546508789
9455578,2022,2022-06-30,1942,2022-06-02,1730,38326,2146,4,5,7,1942,0,0,0,NA,0,26TL47,CANOGA AV,VANOWEN ST,7,N,N,A,-,N,NA,NA,NA,NA,NA,NA,NA,NA,NA,N,3,0,1,2,A,-,09,21804,A,N,D,G,A,A,H,-,A,A,0,NA,Y,NA,NA,Y,NA,-,NA,0,1,0,0,0,0,1,0,0,-,-,NA,NA,LOS ANGELES,LOS ANGELES,-118.59748077392578,34.19376754760742
94555792,2025,2025-01-30,9580,2025-01-29,1825,021153,NA,3,2,7,1942,0,1,2,NA,2,105,US-101 S/B (VENTURA FREEWAY),FALLBROOK AVE,308,N,N,A,-,Y,LA,NA,101,NA,NA,26.526,H,NA,L,Y,3,0,1,3,A,-,03,22350,NA,N,C,C,A,A,H,-,D,D,0,NA,NA,NA,NA,Y,NA,A,01,0,1,0,0,0,0,0,0,0,-,-,34.164100646972656,-118.62436676025392,LOS ANGELES,LOS ANGELES,-118.62438201904295,34.16412353515625
94555800,2025,2025-01-30,9525,2025-01-28,755,018651,NA,2,1,9,1900,0,3,5,NA,2,002,LARK ELLEN AVE.,TUDOR ST.,300,N,N,A,-,N,NA,NA,NA,NA,NA,NA,NA,NA,NA,Y,4,0,2,2,A,-,03,22350,NA,N,C,C,A,A,H,-,A,D,0,NA,NA,NA,NA,Y,NA,A,07,0,0,2,0,0,0,0,0,0,-,-,34.10292053222656,-117.91658020019533,LOS ANGELES,UNINCORPORATED,-117.91678619384766,34.10264205932617
94555808,2025,2025-01-30,9525,2025-01-26,1425,022655,NA,7,2,6,1955,0,1,1,NA,2,107,I-10 W/B TO SR-57 TRANS RD,FAIRPLEX DR.,2640,W,N,C,-,Y,NA,NA,NA,NA,NA,NA,NA,NA,NA,Y,4,0,1,2,A,-,03,22350,NA,N,C,C,A,B,F,-,A,D,0,NA,NA,NA,NA,Y,NA,A,07,0,0,1,0,0,0,0,0,0,-,-,34.068939208984375,-117.79946899414064,LOS ANGELES,POMONA,-117.7939453125,34.0711784362793
94555816,2025,2025-01-30,9550,2025-01-21,935,023942,NA,2,1,5,1976,0,1,1,NA,2,650,I-605 SOUTHBOUND,SLAUSON AVE,480,N,N,A,-,Y,LA,NA,605,NA,R,11.663,H,NA,L,Y,4,0,2,3,A,-,03,22350,NA,N,C,C,A,A,H,-,A,D,0,NA,NA,NA,NA,Y,NA,A,08,0,0,2,0,0,0,0,0,0,-,-,33.96860122680664,-118.08274841308594,LOS ANGELES,WHITTIER,-118.08274841308594,33.96860122680664
94555820,2025,2025-01-30,9535,2025-01-11,110,024077,NA,6,3,5,1901,0,1,1,NA,2,421,I-10 W/B (SAN BERNARDINO FREEWAY),ATLANTIC BLVD,14,W,N,A,-,Y,LA,NA,10,NA,NA,23.323,H,NA,L,Y,4,0,1,2,C,-,18,NA,NA,N,D,C,A,A,H,-,D,D,0,NA,NA,NA,NA,Y,NA,-,-,0,0,1,0,0,0,0,0,0,-,-,34.07170867919922,-118.13462066650392,LOS ANGELES,ALHAMBRA,-118.13462066650392,34.07166290283203
9455584,2022,2022-07-11,1931,2022-06-04,1655,5345,1931,6,5,5,1931,0,0,0,NA,0,001,PACIFIC BL,CLARENDON AV,214,N,N,A,-,N,NA,NA,NA,NA,NA,NA,NA,NA,NA,N,3,0,2,2,A,-,21,22106,NA,N,C,C,A,A,H,-,A,A,0,NA,NA,NA,NA,Y,NA,A,08,0,1,1,0,0,0,0,0,0,-,-,NA,NA,LOS ANGELES,HUNTINGTON PARK,-118.22520446777344,33.98413848876953
9455594,2022,2022-07-06,1900,2022-05-09,1800,647596,1127,1,5,6,1992,0,0,0,NA,0,112T2,AVENUE J,VALLEY CENTRAL WY,278,W,N,A,-,N,NA,NA,NA,NA,NA,NA,NA,NA,NA,N,4,0,2,2,A,-,03,22350,NA,N,C,C,A,A,H,-,A,D,0,NA,NA,NA,NA,Y,NA,D,22,0,0,2,0,0,0,0,0,0,-,-,34.68947982788086,-118.17324066162108,LOS ANGELES,LANCASTER,-118.173095703125,34.68933868408203
9455597,2022,2022-07-01,1900,2022-04-15,1414,510509,1192,5,5,6,1992,0,0,0,NA,0,112T4,40TH ST WEST,AVENUE K,0,NA,Y,A,-,N,NA,NA,NA,NA,NA,NA,NA,NA,NA,Y,4,0,1,2,D,-,00,NA,NA,N,B,C,A,A,H,-,A,A,0,NA,NA,NA,NA,Y,NA,-,-,0,0,1,0,0,0,0,0,0,-,-,NA,NA,LOS ANGELES,LANCASTER,-118.20143127441406,34.67477798461914
9455598,2022,2022-07-01,1900,2022-04-22,1123,510509,1192,5,5,6,1992,0,0,0,NA,0,112T4,20TH ST WEST,AVENUE K,47,N,N,B,G,N,NA,NA,NA,NA,NA,NA,NA,NA,NA,N,4,0,1,2,A,-,21,22106,NA,N,C,C,A,A,H,-,A,A,0,NA,NA,NA,NA,Y,NA,D,22,0,0,1,0,0,0,0,0,0,-,-,NA,NA,LOS ANGELES,LANCASTER,-118.16573333740234,34.67512893676758
9455599,2022,2022-07-01,1900,2022-04-08,1514,510509,1124,5,5,6,1992,0,0,0,NA,0,112T4,SIERRA HWY,AVENUE K,237,S,N,A,-,N,NA,NA,NA,NA,NA,NA,NA,NA,NA,Y,3,0,2,2,A,-,07,21658,A,N,B,C,A,A,H,-,A,D,0,NA,NA,NA,NA,Y,NA,A,01,0,1,1,0,0,0,0,0,0,-,-,NA,NA,LOS ANGELES,LANCASTER,-118.1328125,34.674339294433594
9455603,2022,2022-07-18,1925,2022-06-08,0856,21092,263,3,5,6,1925,0,0,0,NA,0,002,PACIFIC AV,OAK ST,0,NA,Y,A,-,N,NA,NA,NA,NA,NA,NA,NA,NA,NA,N,4,0,1,2,A,-,09,21804,A,N,D,G,A,A,H,-,A,A,0,NA,NA,NA,NA,Y,NA,-,NA,0,0,1,0,0,0,0,0,0,-,-,NA,NA,LOS ANGELES,GLENDALE,-118.26409149169922,34.14336395263672
9455604,2022,2022-07-18,1925,2022-06-10,2236,28380,219,5,5,6,1925,0,0,0,NA,0,001,SANCHEZ DR,CENTRAL AV,6,E,N,A,-,N,NA,NA,NA,NA,NA,NA,NA,NA,NA,N,4,0,1,2,A,-,11,21456,C,N,G,B,B,A,H,-,C,A,0,Y,NA,NA,NA,Y,NA,N,60,0,0,1,0,1,0,0,0,0,-,-,NA,NA,LOS ANGELES,GLENDALE,-118.25792694091795,34.156028747558594
9455605,2022,2022-06-28,1925,2022-06-01,1835,27561,2,3,5,6,1925,0,0,0,NA,0,218,PACIFIC AV,WILSON AV,0,NA,Y,A,-,N,NA,NA,NA,NA,NA,NA,NA,NA,NA,Y,3,0,3,3,A,-,12,21453,A,N,D,C,A,A,H,-,A,A,0,NA,NA,NA,NA,Y,NA,A,01,0,3,0,0,0,0,0,0,0,-,-,NA,NA,LOS ANGELES,GLENDALE,-118.26450347900392,34.148006439208984
9455606,2022,2022-06-28,1925,2022-06-10,0950,27016,137,5,5,6,1925,0,0,0,NA,0,005,DON CARLOS AV,HERMOSITA DR,35,E,N,A,-,N,NA,NA,NA,NA,NA,NA,NA,NA,NA,N,3,0,1,2,A,-,09,21804,A,N,D,G,A,A,H,-,A,A,0,NA,Y,NA,NA,Y,NA,A,07,0,1,0,0,0,0,1,0,0,-,-,NA,NA,LOS ANGELES,GLENDALE,-118.2321548461914,34.185272216796875
9455608,2022,2022-08-01,1942,2022-06-13,1150,41933,0353,1,5,7,1942,0,0,0,C,0,25T21,OBAMA BL,BUCKINGHAM RD,0,NA,Y,A,-,N,NA,NA,NA,NA,NA,NA,NA,NA,NA,Y,2,0,2,2,A,-,07,21658,A,N,B,C,A,A,H,-,A,A,0,NA,NA,NA,NA,Y,NA,A,01,1,1,0,0,0,0,0,0,0,-,-,NA,NA,LOS ANGELES,LOS ANGELES,-118.34026336669922,34.02146530151367
9455610,2022,2022-07-27,1942,2022-06-13,1745,41536,1259,1,5,7,1942,0,0,0,L,0,25MQ56,79TH ST,MCKINLEY AV,100,W,N,A,-,N,NA,NA,NA,NA,NA,NA,NA,NA,NA,Y,4,0,3,7,A,-,03,22350,NA,N,B,C,A,A,H,-,A,D,0,NA,NA,NA,NA,Y,NA,A,07,0,0,3,0,0,0,0,0,0,-,-,NA,NA,LOS ANGELES,LOS ANGELES,-118.26113128662108,33.967445373535156
9455611,2022,2022-07-18,1942,2022-06-10,1600,43786,1232,5,5,7,1942,0,0,0,L,0,3A34,W 59TH ST,6TH AV,0,NA,Y,A,-,N,NA,NA,NA,NA,NA,NA,NA,NA,NA,Y,4,0,1,3,A,-,12,22450,A,F,D,C,A,A,H,-,A,A,0,NA,NA,NA,NA,Y,NA,A,01,0,0,1,0,0,0,0,0,0,-,-,NA,NA,LOS ANGELES,LOS ANGELES,-118.3235321044922,33.987239837646484
9455612,2022,2022-06-28,1942,2022-06-07,1355,43950,1257,2,5,7,1942,0,0,0,L,0,12A69,BROADWAY,79TH ST,0,NA,Y,A,-,N,NA,NA,NA,NA,NA,NA,NA,NA,NA,Y,4,0,1,2,A,-,12,21457,A,N,D,C,A,A,H,-,A,A,0,NA,NA,NA,NA,Y,NA,A,01,0,0,1,0,0,0,0,0,0,-,-,NA,NA,LOS ANGELES,LOS ANGELES,-118.27830505371094,33.96788024902344
9455613,2022,2022-06-28,1942,2022-06-13,1455,40404,1269,1,5,7,1942,0,0,0,L,0,25TL25,TOWNE AV,83RD ST,0,NA,Y,A,-,N,NA,NA,NA,NA,NA,NA,NA,NA,NA,Y,4,0,1,3,A,-,12,22450,A,F,D,C,A,A,H,-,A,A,0,NA,NA,NA,NA,Y,NA,A,01,0,0,1,0,0,0,0,0,0,-,-,NA,NA,LOS ANGELES,LOS ANGELES,-118.267333984375,33.963748931884766
9455615,2022,2022-06-28,1972,2022-06-08,1631,17771,NA,3,5,6,1972,0,0,0,NA,0,NA,182ND,ROSLIN,0,NA,Y,A,-,N,NA,NA,NA,NA,NA,NA,NA,NA,NA,N,4,0,1,2,A,-,09,21801,A,N,D,C,A,A,H,-,A,D,0,NA,NA,NA,NA,Y,NA,A,NA,0,0,1,0,0,0,0,0,0,-,-,NA,NA,LOS ANGELES,TORRANCE,-118.35039520263672,33.865577697753906
9455616,2022,2022-07-01,1972,2022-06-05,1400,22182,NA,7,5,6,1972,0,0,0,NA,0,NA,TORRANCE BL,CRENSHAW,45,E,N,A,-,N,NA,NA,NA,NA,NA,NA,NA,NA,NA,Y,4,0,1,2,A,-,03,22350,NA,N,C,C,A,A,H,-,A,A,0,NA,NA,NA,Y,Y,NA,A,NA,0,0,1,0,0,0,0,0,0,-,-,NA,NA,LOS ANGELES,TORRANCE,-118.32855987548828,33.836341857910156
9455617,2022,2022-07-19,1972,2022-06-18,0859,21239,NA,6,5,6,1972,0,0,0,NA,0,NA,190TH ST,YUKON AV,0,NA,Y,A,-,N,NA,NA,NA,NA,NA,NA,NA,NA,NA,N,3,0,1,2,A,-,09,21804,A,N,D,G,A,A,H,-,A,A,0,NA,Y,NA,NA,Y,NA,L,NA,0,1,0,0,0,0,1,0,0,-,-,NA,NA,LOS ANGELES,TORRANCE,-118.33516693115234,33.8582878112793
9455618,2022,2022-07-19,1972,2022-06-08,1806,22205,NA,3,5,6,1972,0,0,0,NA,0,NA,CRENSHAW BL,ROLLING HILLS RD,0,NA,Y,A,-,N,NA,NA,NA,NA,NA,NA,NA,NA,NA,Y,4,0,1,2,A,-,09,21801,A,N,A,C,A,A,H,-,A,A,0,NA,NA,NA,NA,Y,NA,A,NA,0,0,1,0,0,0,0,0,0,-,-,NA,NA,LOS ANGELES,TORRANCE,-118.34085083007813,33.788448333740234
9455619,2022,2022-08-09,1972,2022-06-18,1000,21239,NA,6,5,6,1972,0,0,0,NA,0,NA,190TH ST,INGLEWOOD AV,250,W,N,A,-,N,NA,NA,NA,NA,NA,NA,NA,NA,NA,Y,4,0,1,2,A,-,06,21750,A,N,B,C,A,A,H,-,A,A,0,NA,NA,NA,NA,Y,NA,A,NA,0,0,1,0,0,0,0,0,0,-,-,NA,NA,LOS ANGELES,TORRANCE,-118.36225128173828,33.858280181884766
9455620,2022,2022-06-28,1967,2022-06-12,1439,142,NA,7,5,2,1967,0,0,0,NA,0,NORTH,CHERRY AV,28TH,0,NA,Y,A,-,N,NA,NA,NA,NA,NA,NA,NA,NA,NA,N,4,0,1,2,A,-,12,21453,A,N,D,C,A,-,H,-,A,A,0,NA,NA,NA,NA,Y,NA,A,01,0,0,1,0,0,0,0,0,0,-,-,NA,NA,LOS ANGELES,SIGNAL HILL,-118.16762542724608,33.808048248291016
9455621,2022,2022-06-29,1967,2022-06-12,1739,166,NA,7,5,2,1967,0,0,0,NA,0,NA,CHERRY AV,CRESCENT HEIGHTS,87,N,N,A,-,N,NA,NA,NA,NA,NA,NA,NA,NA,NA,N,4,0,1,2,D,-,00,NA,NA,F,C,C,A,A,H,-,A,D,0,NA,NA,NA,NA,Y,NA,-,-,0,0,1,0,0,0,0,0,0,-,-,NA,NA,LOS ANGELES,SIGNAL HILL,-118.16768646240234,33.802799224853516
9455622,2022,2022-06-29,1920,2022-06-12,1941,14133,1920,7,5,6,1920,0,0,0,NA,0,006,STEWART,PATTON RD,30,E,N,A,-,N,NA,NA,NA,NA,NA,NA,NA,NA,NA,Y,4,0,6,2,A,-,01,23152,A,N,C,C,A,A,H,-,B,A,0,NA,NA,NA,NA,Y,Y,A,01,0,0,6,0,0,0,0,0,0,-,-,NA,NA,LOS ANGELES,DOWNEY,-118.13314056396484,33.92980194091797
9455623,2022,2022-06-29,1920,2022-06-16,1127,11792,1920,4,5,6,1920,0,0,0,NA,0,004,LAKEWOOD BL,GALLATIN RD,420,N,N,A,-,N,NA,NA,NA,NA,NA,NA,NA,NA,NA,N,4,0,1,2,A,-,03,22350,NA,N,C,C,A,A,H,-,A,D,0,NA,NA,NA,NA,Y,NA,A,01,0,0,1,0,0,0,0,0,0,-,-,NA,NA,LOS ANGELES,DOWNEY,-118.11300659179688,33.955360412597656
9455624,2022,2022-06-29,1920,2022-06-10,0656,11792,1920,5,5,6,1920,0,0,0,NA,0,003,SUVA ST,GUATEMALA AV,0,NA,Y,A,-,N,NA,NA,NA,NA,NA,NA,NA,NA,NA,N,3,0,1,2,A,-,10,21950,A,N,G,B,B,A,H,-,A,A,0,Y,NA,NA,NA,Y,NA,A,07,0,1,0,0,1,0,0,0,0,-,-,NA,NA,LOS ANGELES,DOWNEY,-118.13455963134766,33.96441650390625
94556264,2025,2025-01-30,9550,2025-01-23,750,023248,NA,4,1,9,1900,0,1,3,NA,2,600,STATE ROUTE 60 EASTBOUND,7TH AVENUE,2700,W,N,A,-,Y,LA,NA,60,NA,NA,13.756,H,NA,R,N,4,0,1,2,A,-,03,22350,NA,N,C,C,A,A,H,-,A,D,0,NA,NA,NA,NA,Y,NA,A,01,0,0,1,0,0,0,0,0,0,-,-,34.02518844604492,-117.99414825439452,LOS ANGELES,UNINCORPORATED,-117.9941864013672,34.02515411376953
94556269,2025,2025-01-30,9575,2025-01-21,1030,022203,NA,2,1,7,1942,0,1,1,NA,2,053,I-5 N/B FROM OSBORNE STREET,OSBORNE STREET,24,S,N,A,-,Y,NA,NA,NA,NA,NA,NA,NA,NA,NA,Y,4,0,3,2,A,-,03,22350,NA,N,E,8,A,A,H,-,A,D,0,NA,NA,NA,NA,Y,NA,A,01,0,0,3,0,0,0,0,0,0,-,-,34.2452392578125,-118.4214096069336,LOS ANGELES,LOS ANGELES,-118.42222595214844,34.244789123535156
94556302,2025,2025-01-30,9550,2025-01-23,800,024187,NA,4,1,3,1964,0,1,1,NA,2,651,I-605 SOUTHBOUND,TELEGRAPH RD.,50,S,N,A,-,Y,LA,NA,605,NA,R,10.249,H,NA,L,N,4,0,2,2,A,-,03,22350,NA,N,C,C,A,A,H,-,A,D,0,NA,NA,NA,NA,Y,NA,D,22,0,0,2,0,0,0,0,0,0,-,-,33.94956970214844,-118.09210968017578,LOS ANGELES,SANTA FE SPRINGS,-118.09214782714844,33.9495849609375
94556307,2025,2025-01-30,9550,2025-01-18,1840,023937,NA,6,2,6,1920,0,1,1,NA,2,651,I-605 NB TO I-5 NB,FLORENCE AVENUE,1056,S,N,A,-,Y,LA,NA,605,NA,R,9.109,H,NA,R,N,4,0,1,2,A,-,03,22350,NA,N,C,C,A,A,H,-,D,D,0,NA,NA,NA,NA,Y,NA,A,01,0,0,1,0,0,0,0,0,0,-,-,33.93444061279297,-118.09970855712892,LOS ANGELES,DOWNEY,-118.09996795654295,33.93452835083008