CASE_ID,ACCIDENT_YEAR,PROC_DATE,JURIS,COLLISION_DATE,COLLISION_TIME,OFFICER_ID,REPORTING_DISTRICT,DAY_OF_WEEK,CHP_SHIFT,POPULATION,CNTY_CITY_LOC,SPECIAL_COND,BEAT_TYPE,CHP_BEAT_TYPE,CITY_DIVISION_LAPD,CHP_BEAT_CLASS,BEAT_NUMBER,PRIMARY_RD,SECONDARY_RD,DISTANCE,DIRECTION,INTERSECTION,WEATHER_1,WEATHER_2,STATE_HWY_IND,CALTRANS_COUNTY,CALTRANS_DISTRICT,STATE_ROUTE,ROUTE_SUFFIX,POSTMILE_PREFIX,POSTMILE,LOCATION_TYPE,RAMP_INTERSECTION,SIDE_OF_HWY,TOW_AWAY,COLLISION_SEVERITY,NUMBER_KILLED,NUMBER_INJURED,PARTY_COUNT,PRIMARY_COLL_FACTOR,PCF_CODE_OF_VIOL,PCF_VIOL_CATEGORY,PCF_VIOLATION,PCF_VIOL_SUBSECTION,HIT_AND_RUN,TYPE_OF_COLLISION,MVIW,PED_ACTION,ROAD_SURFACE,ROAD_COND_1,ROAD_COND_2,LIGHTING,CONTROL_DEVICE,CHP_ROAD_TYPE,PEDESTRIAN_ACCIDENT,BICYCLE_ACCIDENT,MOTORCYCLE_ACCIDENT,TRUCK_ACCIDENT,NOT_PRIVATE_PROPERTY,ALCOHOL_INVOLVED,STWD_VEHTYPE_AT_FAULT,CHP_VEHTYPE_AT_FAULT,COUNT_SEVERE_INJ,COUNT_VISIBLE_INJ,COUNT_COMPLAINT_PAIN,COUNT_PED_KILLED,COUNT_PED_INJURED,COUNT_BICYCLIST_KILLED,COUNT_BICYCLIST_INJURED,COUNT_MC_KILLED,COUNT_MC_INJURED,PRIMARY_RAMP,SECONDARY_RAMP,LATITUDE,LONGITUDE,COUNTY,CITY,POINT_X,POINT_Y
9455844,2022,2022-06-28,1942,2022-06-10,0918,37505,0122,5,5,7,1942,0,0,0,A,0,24TL23,HILL ST,1ST ST,0,NA,Y,A,-,N,NA,NA,NA,NA,NA,NA,NA,NA,NA,N,2,0,1,2,A,-,10,21950,A,N,D,B,B,A,H,-,A,A,0,Y,NA,NA,NA,Y,Y,A,07,1,0,0,0,1,0,0,0,0,-,-,NA,NA,LOS ANGELES,LOS ANGELES,-118.24662017822266,34.054344177246094
9455845,2022,2022-06-28,1942,2022-06-12,1450,31713,453,7,5,7,1942,0,0,0,NA,0,24TL52,CESAR E CHAVEZ,ECHANDIA ST,0,NA,Y,A,-,N,NA,NA,NA,NA,NA,NA,NA,NA,NA,Y,2,0,1,2,A,-,12,21453,A,N,D,C,A,A,H,-,A,D,0,NA,NA,Y,NA,Y,NA,A,01,1,0,0,0,0,0,0,0,1,-,-,NA,NA,LOS ANGELES,LOS ANGELES,-118.2188720703125,34.05175018310547
9455846,2022,2022-08-08,1942,2022-06-05,1930,42722,0217,7,5,7,1942,0,0,0,B,0,2A4,TEMPLE ST,GLENDALE BL,0,NA,Y,A,-,N,NA,NA,NA,NA,NA,NA,NA,NA,NA,Y,4,0,1,3,A,-,12,21453,NA,F,D,C,A,A,H,-,A,A,0,NA,NA,NA,NA,Y,NA,A,01,0,0,1,0,0,0,0,0,0,-,-,NA,NA,LOS ANGELES,LOS ANGELES,-118.26087951660156,34.06814956665039
9455847,2022,2022-06-28,1942,2022-06-11,1845,33452,0236,6,5,7,1942,0,0,0,B,0,24T32,BEVERLY BL,UNION AV,0,NA,Y,A,-,N,NA,NA,NA,NA,NA,NA,NA,NA,NA,Y,3,0,1,2,A,-,01,23152,A,N,A,C,A,A,H,-,A,D,0,NA,NA,NA,NA,Y,Y,A,01,0,1,0,0,0,0,0,0,0,-,-,NA,NA,LOS ANGELES,LOS ANGELES,-118.26564025878906,34.06455993652344
9455848,2022,2022-06-28,1942,2022-06-11,1410,38357,1377,6,5,7,1942,0,0,0,M,0,24TL29,LONG BEACH AV,55TH ST,0,NA,Y,A,D,N,NA,NA,NA,NA,NA,NA,NA,NA,NA,N,4,0,3,2,A,-,01,23152,A,N,D,C,A,A,-,-,A,D,0,NA,NA,NA,NA,Y,Y,A,07,0,0,3,0,0,0,0,0,0,-,-,NA,NA,LOS ANGELES,LOS ANGELES,-118.24347686767578,33.99297332763672
9455849,2022,2022-06-28,1942,2022-06-14,1630,37143,0192,2,5,7,1942,0,0,0,A,0,24MQ57,HILL ST,VENICE BL,0,NA,Y,A,-,N,NA,NA,NA,NA,NA,NA,NA,NA,NA,N,3,0,3,3,A,-,09,21801,A,F,D,C,A,A,H,-,-,A,0,NA,NA,NA,NA,Y,NA,-,99,0,3,0,0,0,0,0,0,0,-,-,NA,NA,LOS ANGELES,LOS ANGELES,-118.26455688476564,34.034725189208984
9455850,2022,2022-06-28,1942,2022-06-14,0330,37505,0101,2,5,7,1942,0,0,0,A,0,24TL23,STADIUM WY,ACADEMY DR,0,NA,N,A,-,N,NA,NA,NA,NA,NA,NA,NA,NA,NA,N,3,0,1,2,A,-,10,21950,A,F,D,B,B,A,H,-,C,D,0,Y,NA,NA,NA,Y,Y,-,99,0,1,0,0,1,0,0,0,0,-,-,NA,NA,LOS ANGELES,LOS ANGELES,-118.24803161621094,34.080814361572266
9455851,2022,2022-06-28,1942,2022-06-14,0725,37952,0119,2,5,7,1942,0,0,0,A,0,24TL26,VIGNES ST,ROSABELL ST,0,NA,N,A,-,N,NA,NA,NA,NA,NA,NA,NA,NA,NA,Y,4,0,1,2,A,-,07,21658,A,F,H,A,A,A,H,-,A,D,0,NA,NA,NA,NA,Y,NA,-,99,0,0,1,0,0,0,0,0,0,-,-,NA,NA,LOS ANGELES,LOS ANGELES,NA,NA
9455852,2022,2022-06-28,1942,2022-06-12,0200,38281,0118,7,5,7,1942,0,0,0,A,0,1A1,MAGDALENA ST,ELMYRA ST,30,N,N,A,-,N,NA,NA,NA,NA,NA,NA,NA,NA,NA,N,3,0,1,2,A,-,01,23152,A,M,H,E,A,A,H,-,C,D,0,NA,NA,NA,NA,Y,Y,A,07,0,1,0,0,0,0,0,0,0,-,-,NA,NA,LOS ANGELES,LOS ANGELES,-118.23123168945313,34.06353759765625
9455853,2022,2022-06-28,1942,2022-06-07,2340,44819,0201,2,5,7,1942,0,0,0,B,0,2A75,KENMORE AV,LILY CREST AV,0,NA,Y,A,-,N,NA,NA,NA,NA,NA,NA,NA,NA,NA,N,4,0,1,2,A,-,03,22350,NA,F,G,G,A,A,H,-,C,D,0,NA,Y,NA,NA,Y,Y,-,99,0,0,1,0,0,0,1,0,0,-,-,NA,NA,LOS ANGELES,LOS ANGELES,-118.29701995849608,34.08800506591797
9455859,2022,2022-06-28,1925,2022-06-01,1923,27561,3,3,5,6,1925,0,0,0,NA,0,243,COLORADO ST,FISHER ST,0,NA,Y,A,-,N,NA,NA,NA,NA,NA,NA,NA,NA,NA,N,4,0,1,2,A,-,10,21950,NA,M,G,B,B,A,H,-,A,A,0,Y,NA,NA,NA,Y,NA,A,01,0,0,1,0,1,0,0,0,0,-,-,NA,NA,LOS ANGELES,GLENDALE,-118.23613739013672,34.14270782470703
94558752,2025,2025-02-03,9545,2025-01-30,2335,023663,NA,4,3,9,1900,0,1,3,NA,1,042,SR-138 (PEARBLOSSOM HIGHWAY),LONGVIEW ROAD,0,NA,Y,A,-,Y,LA,NA,138,NA,NA,60.17,H,NA,R,N,3,0,2,2,A,-,01,23152,A,N,D,C,A,A,H,-,C,A,0,NA,NA,NA,NA,Y,Y,A,01,0,1,1,0,0,0,0,0,0,-,-,34.50651931762695,-117.89662170410156,LOS ANGELES,UNINCORPORATED,-117.89662170410156,34.50641632080078
9455907,2022,2022-07-01,1900,2022-04-07,1020,618055,1139,4,5,6,1992,0,0,0,NA,0,111T1,60TH ST W,AVENUE L,0,NA,Y,A,-,N,NA,NA,NA,NA,NA,NA,NA,NA,NA,Y,4,0,1,2,A,-,12,21453,A,N,D,C,A,-,H,-,A,A,0,NA,NA,NA,NA,Y,NA,A,01,0,0,1,0,0,0,0,0,0,-,-,NA,NA,LOS ANGELES,LANCASTER,-118.23635864257813,34.66020584106445
9455923,2022,2022-07-01,1900,2022-04-27,0916,652873,1123,3,5,6,1992,0,0,0,NA,0,112T2D,10TH ST WEST,AVENUE J,0,NA,Y,A,-,N,NA,NA,NA,NA,NA,NA,NA,NA,NA,Y,4,0,2,3,A,-,12,21453,A,N,D,C,A,A,A,-,A,A,0,NA,NA,NA,NA,Y,NA,D,22,0,0,2,0,0,0,0,0,0,-,-,NA,NA,LOS ANGELES,LANCASTER,-118.14802551269533,34.68944549560547
94559263,2025,2025-02-03,9545,2025-01-24,1830,023914,NA,5,2,6,1950,0,1,3,NA,2,021,SR-14 N/B,PALMDALE BLVD,1750,N,N,A,-,Y,LA,NA,14,NA,R,60.142,H,NA,R,Y,3,0,3,2,A,-,03,22350,NA,N,C,C,A,A,H,-,C,D,0,NA,NA,NA,NA,Y,NA,A,01,0,1,2,0,0,0,0,0,0,-,-,34.586238861083984,-118.13382720947266,LOS ANGELES,PALMDALE,-118.1337890625,34.586238861083984
94559273,2025,2025-02-03,9545,2025-01-24,1950,023914,NA,5,2,9,1900,0,1,3,NA,1,044,SR-18,223RD ST  E,1115,E,N,A,-,N,NA,NA,NA,NA,NA,NA,NA,NA,NA,N,4,0,1,2,A,-,08,22107,NA,M,B,C,A,A,H,-,D,D,0,NA,NA,NA,NA,Y,NA,-,99,0,0,1,0,0,0,0,0,0,-,-,34.49855041503906,-117.72692108154295,LOS ANGELES,UNINCORPORATED,-117.72695159912108,34.4985237121582
9455934,2022,2022-07-01,1942,2022-03-16,1525,41376,1415,3,5,7,1942,0,0,0,N,0,27TL44,VALITA ST,INDIANA AV,6,S,N,A,-,N,NA,NA,NA,NA,NA,NA,NA,NA,NA,Y,4,0,2,3,A,-,01,23152,A,N,C,C,A,A,H,-,A,D,0,NA,NA,NA,NA,Y,Y,A,01,0,0,2,0,0,0,0,0,0,-,-,NA,NA,LOS ANGELES,LOS ANGELES,-118.46200561523438,34.00164031982422
9455952,2022,2022-07-12,1941,2022-06-13,0959,11656,NA,1,5,7,1941,0,0,0,NA,0,NA,7TH ST,ROSE AV,92,E,N,F,-,N,NA,NA,NA,NA,NA,NA,NA,NA,NA,N,4,0,1,3,A,-,-,NA,NA,N,B,D,A,B,H,-,A,A,0,NA,NA,NA,NA,Y,NA,-,NA,0,0,1,0,0,0,0,0,0,-,-,NA,NA,LOS ANGELES,LONG BEACH,-118.1695556640625,33.77534866333008
9455974,2022,2022-07-13,1900,2022-06-12,1508,633749,0560,7,5,3,1968,0,0,0,NA,0,55T1PM,SANTA ANITA AV,KLINGERMAN ST,0,NA,Y,A,-,N,NA,NA,NA,NA,NA,NA,NA,NA,NA,N,3,0,2,3,A,-,12,21453,A,N,D,C,A,A,G,-,A,A,0,NA,NA,NA,NA,Y,NA,D,22,0,2,0,0,0,0,0,0,0,-,-,34.055999755859375,-118.04199981689452,LOS ANGELES,SOUTH EL MONTE,-118.04238891601564,34.056053161621094
9455977,2022,2022-07-12,1900,2022-06-03,1058,541469,0534,5,5,5,1959,0,0,0,NA,0,53T1/D,ROSEMEAD BL,GLENDON WY,912,S,N,A,-,Y,LA,7,164,-,-,5.58,H,-,S,Y,3,0,1,3,A,-,04,21703,NA,N,C,C,A,A,H,-,A,D,0,NA,NA,NA,NA,Y,NA,A,01,0,1,0,0,0,0,0,0,0,-,-,34.04169845581055,-118.04229736328124,LOS ANGELES,ROSEMEAD,-118.07308197021484,34.071502685546875
9455978,2022,2022-09-26,1900,2022-06-02,0508,525335,0561,4,5,3,1968,0,0,0,NA,0,53T1EM,CHICO AV,POCHE ST,10,S,N,A,-,N,NA,NA,NA,NA,NA,NA,NA,NA,NA,N,2,0,1,2,A,-,11,21954,A,N,G,B,D,A,H,-,C,D,0,Y,NA,NA,Y,Y,NA,N,60,1,0,0,0,1,0,0,0,0,-,-,NA,NA,LOS ANGELES,SOUTH EL MONTE,-118.05998992919922,34.049983978271484
9455983,2022,2022-07-13,1900,2022-06-21,1405,546256,0531,2,5,5,1959,0,0,0,NA,0,53T1PM,TEMPLE CITY BL,MARSHALL ST,0,NA,Y,A,-,N,NA,NA,NA,NA,NA,NA,NA,NA,NA,Y,3,0,1,2,A,-,09,21801,A,N,D,C,A,A,H,-,A,A,0,NA,NA,NA,NA,Y,NA,D,22,0,1,0,0,0,0,0,0,0,-,-,34.075870513916016,-118.05866241455078,LOS ANGELES,ROSEMEAD,-118.0585708618164,34.0758171081543
9455984,2022,2022-07-08,1900,2022-06-09,1736,623539,1622,4,5,5,1977,0,0,0,NA,0,1736,ALAMEDA ST,DEL AMO BL,84,S,N,A,-,N,NA,NA,NA,NA,NA,NA,NA,NA,NA,Y,4,0,2,2,A,-,01,23152,A,N,C,C,A,A,H,-,A,D,0,NA,NA,NA,NA,Y,Y,D,22,0,0,2,0,0,0,0,0,0,-,-,33.84587097167969,-118.22052001953124,LOS ANGELES,CARSON,-118.22045135498048,33.84601974487305
9456006,2023,2023-03-08,1972,2023-01-29,2022,15885,NA,7,5,6,1972,0,0,0,NA,0,NA,LOMITA,OCEAN,0,NA,Y,B,C,N,NA,NA,NA,NA,NA,NA,NA,NA,NA,Y,4,0,1,2,A,-,09,21801,NA,N,A,C,A,B,H,-,C,A,0,NA,NA,NA,NA,Y,NA,A,NA,0,0,1,0,0,0,0,0,0,-,-,NA,NA,LOS ANGELES,TORRANCE,-118.35443115234376,33.81764221191406
9456007,2022,2023-04-11,1942,2022-12-11,0135,43738,04,7,5,7,1942,0,0,0,D,0,0423,VALLEY BL,MISSION RD,0,NA,Y,C,-,N,NA,NA,NA,NA,NA,NA,NA,NA,NA,Y,4,0,3,2,A,-,12,21453,A,N,D,C,A,B,H,-,C,A,0,NA,NA,NA,NA,Y,NA,A,01,0,0,3,0,0,0,0,0,0,-,-,NA,NA,LOS ANGELES,LOS ANGELES,-118.20724487304688,34.065513610839844
9456065,2023,2023-10-04,1941,2023-01-18,842,10996,NORTH,3,5,7,1941,0,0,0,NA,0,024,RT 91,PARAMOUNT BL,0,NA,Y,A,-,Y,LA,7,91,-,R,13.462,R,4,W,Y,3,0,1,2,A,-,12,21453,A,N,A,C,A,A,H,-,A,A,0,NA,NA,NA,NA,Y,NA,-,-,0,1,0,0,0,0,0,0,0,-,-,33.876220703125,-118.16000366210938,LOS ANGELES,LONG BEACH,-118.16261291503906,33.87611770629883
9456067,2023,2023-08-21,1941,2023-01-04,1341,11274,NORTH,3,5,7,1941,0,0,0,NA,0,024,PARAMOUNT BL,56TH ST,0,NA,Y,A,-,N,NA,NA,NA,NA,NA,NA,NA,NA,NA,Y,3,0,2,2,A,-,08,22107,NA,N,D,C,A,A,H,-,A,D,0,NA,NA,NA,NA,Y,NA,A,01,0,2,0,0,0,0,0,0,0,-,-,33.857791900634766,-118.1598892211914,LOS ANGELES,LONG BEACH,-118.1598892211914,33.857818603515625
9456068,2023,2023-08-21,1941,2023-01-25,1543,11250,SOUTH,3,5,7,1941,0,0,0,NA,0,009,EAST 4TH ST,CHERRY AV,30,W,N,A,-,N,NA,NA,NA,NA,NA,NA,NA,NA,NA,N,3,0,1,2,A,-,08,22107,NA,N,D,G,A,A,H,-,A,A,0,NA,Y,NA,NA,Y,NA,L,04,0,1,0,0,0,0,1,0,0,-,-,33.77170944213867,-118.16766357421876,LOS ANGELES,LONG BEACH,-118.1677703857422,33.77172088623047
9456069,2023,2023-08-21,1941,2023-01-15,215,11562,SOUTH,7,5,7,1941,0,0,0,NA,0,008,CHERRY AV,EAST 7TH ST,7,S,N,A,-,N,NA,NA,NA,NA,NA,NA,NA,NA,NA,Y,4,0,1,3,A,-,01,23152,A,N,B,E,A,B,H,-,C,D,0,NA,NA,NA,NA,Y,Y,A,01,0,0,1,0,0,0,0,0,0,-,-,33.77505874633789,-118.1679229736328,LOS ANGELES,LONG BEACH,-118.16767120361328,33.77532958984375
9456070,2023,2023-08-21,1941,2023-01-07,332,11649,NORTH,6,5,7,1941,0,0,0,NA,0,021,E MARKET ST,PINE AV,0,NA,N,A,-,N,NA,NA,NA,NA,NA,NA,NA,NA,NA,Y,4,0,1,3,A,-,03,22350,NA,M,D,C,A,A,H,-,C,D,0,NA,NA,NA,NA,Y,NA,A,01,0,0,1,0,0,0,0,0,0,-,-,33.85462188720703,-118.19127655029295,LOS ANGELES,LONG BEACH,-118.1917724609375,33.85430908203125
9456080,2023,2023-09-26,1900,2023-05-05,1930,643702,1352,5,5,3,1927,0,0,0,NA,0,135A,CLARETTA AV,CARSON ST,0,NA,Y,A,-,N,NA,NA,NA,NA,NA,NA,NA,NA,NA,N,3,0,1,2,A,-,05,21650,1,N,D,G,A,A,H,-,B,A,0,NA,Y,NA,NA,Y,NA,L,04,0,1,0,0,0,0,1,0,0,-,-,NA,NA,LOS ANGELES,HAWAIIAN GARDENS,-118.06772613525392,33.83159255981445
9456085,2023,2023-08-17,1900,2023-07-26,1215,653913,1325,3,5,5,1935,0,0,0,NA,0,132T2,STUDEBAKER RD,DEL AMO BL,0,NA,Y,A,-,N,NA,NA,NA,NA,NA,NA,NA,NA,NA,Y,2,0,3,3,A,-,12,21453,A,N,D,C,A,A,H,-,A,A,0,NA,NA,NA,NA,Y,NA,A,07,1,2,0,0,0,0,0,0,0,-,-,NA,NA,LOS ANGELES,LAKEWOOD,-118.09815216064452,33.8459587097168
9456086,2023,2023-08-16,1900,2023-07-24,2300,647539,1332,1,5,5,1908,0,0,0,NA,0,136B,SOMERSET BL,LAKEWOOD BL,250,E,N,A,-,N,NA,NA,NA,NA,NA,NA,NA,NA,NA,Y,2,0,1,1,A,-,08,22107,NA,N,A,I,A,A,H,-,C,D,0,NA,NA,NA,NA,Y,NA,A,01,1,0,0,0,0,0,0,0,0,-,-,NA,NA,LOS ANGELES,BELLFLOWER,-118.14183807373048,33.89651870727539
9456087,2023,2023-08-17,1900,2023-07-18,1258,639813,1364,2,5,5,1952,0,0,0,NA,0,136DD,GARFIELD AV,ROSECRANS AV,110,S,N,A,-,N,NA,NA,NA,NA,NA,NA,NA,NA,NA,N,4,0,7,2,A,-,08,22103,NA,N,D,C,A,A,H,-,A,A,0,NA,NA,NA,NA,Y,NA,A,01,0,0,7,0,0,0,0,0,0,-,-,NA,NA,LOS ANGELES,PARAMOUNT,-118.16886901855467,33.903297424316406
9456088,2023,2023-08-17,1900,2023-07-25,2220,657959,1328,2,5,5,1935,0,0,0,NA,0,133K,BLOOMFIELD AV,CENTRALIA ST,235,N,N,A,-,N,NA,NA,NA,NA,NA,NA,NA,NA,NA,Y,3,0,1,3,A,-,09,21804,A,N,B,C,A,A,H,-,C,D,0,NA,NA,NA,NA,Y,NA,A,01,0,1,0,0,0,0,0,0,0,-,-,NA,NA,LOS ANGELES,LAKEWOOD,-118.0634765625,33.83940505981445
9456111,2023,2023-08-21,1902,2023-07-31,1706,838,19,1,5,5,1902,0,0,0,NA,0,004,CAMPUS DR,SANTA ANITA AV,1595,W,N,A,-,N,NA,NA,NA,NA,NA,NA,NA,NA,NA,Y,3,0,1,2,A,-,08,22107,NA,N,F,C,A,A,H,-,A,D,0,NA,NA,NA,NA,Y,NA,A,07,0,1,0,0,0,0,0,0,0,-,-,NA,NA,LOS ANGELES,ARCADIA,-118.03660583496094,34.13074493408203
9456115,2023,2023-08-21,1902,2023-07-28,1853,801,8,5,5,5,1902,0,0,0,NA,0,001,EAST FOOTHILL BL,5TH AV,125,W,N,A,-,N,NA,NA,NA,NA,NA,NA,NA,NA,NA,N,4,0,2,2,A,-,08,22107,NA,N,D,C,A,A,H,-,B,A,0,NA,NA,NA,NA,Y,NA,A,07,0,0,2,0,0,0,0,0,0,-,-,NA,NA,LOS ANGELES,ARCADIA,-118.02082061767578,34.1511116027832
9456118,2023,2023-08-21,1902,2023-07-24,1444,837,29,1,5,5,1902,0,0,0,NA,0,005,SANTA ANITA AV,LAS FLORES AV,15,N,N,A,-,N,NA,NA,NA,NA,NA,NA,NA,NA,NA,N,4,0,1,2,A,-,09,21802,A,N,D,C,A,A,H,-,A,A,0,NA,NA,NA,NA,Y,NA,A,07,0,0,1,0,0,0,0,0,0,-,-,NA,NA,LOS ANGELES,ARCADIA,-118.0310516357422,34.1161003112793
9456161,2022,2022-07-06,1942,2022-06-06,0335,42251,2185,1,5,7,1942,0,0,0,NA,0,26TL22,TOPANGA CANYON BL,ALIZONDO DR,0,NA,Y,B,-,Y,LA,7,27,-,-,11.221,I,5,S,Y,4,0,1,2,A,-,01,23152,A,F,C,C,A,A,H,-,C,D,0,NA,NA,NA,NA,Y,Y,A,07,0,0,1,0,0,0,0,0,0,-,-,NA,NA,LOS ANGELES,LOS ANGELES,-118.6056900024414,34.153324127197266
94561871,2025,2025-02-03,9525,2025-01-18,1930,022509,NA,6,2,4,1913,0,1,1,NA,2,210,SR-210 E/B (FOOTHILL FWY),TOWNE AVE,1056,E,N,A,-,Y,LA,NA,210,NA,R,50.359,H,NA,R,N,4,0,1,4,A,-,07,21658,A,F,B,C,A,A,H,-,D,D,0,NA,NA,NA,NA,Y,NA,A,01,0,0,1,0,0,0,0,0,0,-,-,34.11996841430664,-117.72209167480467,LOS ANGELES,CLAREMONT,-117.72209167480467,34.120018005371094
94561876,2025,2025-02-03,9525,2025-01-19,300,023815,NA,7,3,5,1906,0,1,1,NA,2,103,I-10 W/B (SAN BERNARDINO FWY),PUENTE AVE,2957,E,N,A,-,Y,LA,NA,10,NA,NA,33.934,H,NA,L,Y,4,0,1,2,A,-,03,22350,NA,F,C,C,A,A,H,-,C,D,0,NA,NA,NA,NA,Y,NA,A,01,0,0,1,0,0,0,0,0,0,-,-,34.07143020629883,-117.9521713256836,LOS ANGELES,BALDWIN PARK,-117.95215606689452,34.071311950683594
94561878,2025,2025-02-03,9525,2025-01-19,1909,022509,NA,7,2,4,1960,0,1,1,NA,2,207,SR-210 W/B (FOOTHILL FWY),SAN DIMAS AVE,528,W,N,A,-,Y,LA,NA,210,NA,R,45.401,H,NA,L,N,4,0,1,2,A,-,07,21658,A,F,C,C,A,A,H,-,C,D,0,NA,NA,NA,NA,Y,NA,D,22,0,0,1,0,0,0,0,0,0,-,-,34.119850158691406,-117.80838012695313,LOS ANGELES,SAN DIMAS,-117.80838012695313,34.11989212036133
94561879,2025,2025-02-03,9590,2025-01-23,1400,023394,NA,4,2,7,1942,0,1,1,NA,2,083,I-5 S/B (GSF) FROM STADIUM WAY,RIVERSIDE DR,1300,S,N,A,-,Y,LA,NA,5,NA,NA,21.707,H,NA,L,N,4,0,1,2,A,-,03,22350,NA,M,D,C,A,A,H,-,A,D,0,NA,NA,NA,NA,Y,NA,-,99,0,0,1,0,0,0,0,0,0,-,-,34.092689514160156,-118.24149322509766,LOS ANGELES,LOS ANGELES,-118.24136352539064,34.092777252197266
94561880,2025,2025-02-03,9525,2025-01-22,1330,024054,NA,3,1,6,1955,0,1,1,NA,2,106,I-10 E/B (SAN BERNARDINO FWY),DUDLEY ST,528,W,N,A,-,Y,LA,NA,10,NA,NA,44.085,H,NA,R,N,4,0,2,3,A,-,03,22350,NA,N,C,C,A,A,H,-,A,D,0,NA,NA,NA,NA,Y,NA,A,01,0,0,2,0,0,0,0,0,0,-,-,34.07283020019531,-117.78014373779295,LOS ANGELES,POMONA,-117.78014373779295,34.07283020019531
94561897,2025,2025-02-03,9540,2025-01-31,2115,023743,NA,5,2,9,1900,0,1,1,NA,1,503,I-5 S/B (GOLDEN STATE FREEWAY),CALGROVE BLVD,7920,S,N,A,-,Y,LA,NA,5,NA,R,47.413,H,NA,L,Y,3,0,1,2,A,-,03,22350,NA,N,C,C,A,A,H,-,C,D,0,NA,NA,NA,NA,Y,NA,D,22,0,1,0,0,0,0,0,0,0,-,-,34.347259521484375,-118.5349578857422,LOS ANGELES,UNINCORPORATED,-118.53498077392578,34.34722900390625
94561899,2025,2025-02-03,9580,2025-02-02,125,023761,NA,7,3,7,1942,0,1,2,NA,2,102,US-101 N/B (VENTURA FREEWAY),HAYVENHURST AVE,1130,S,N,A,-,Y,LA,NA,101,NA,NA,18.395,H,NA,R,N,4,0,1,2,A,-,01,23152,A,N,C,2,A,A,H,-,D,D,0,NA,NA,NA,NA,Y,Y,A,07,0,0,1,0,0,0,0,0,0,-,-,34.16524887084961,-118.48853302001952,LOS ANGELES,LOS ANGELES,-118.48853302001952,34.165313720703125
94561902,2025,2025-02-03,9525,2025-01-25,2320,023814,NA,6,3,5,1990,0,1,3,NA,2,573,SR-57 S/B (ORANGE FWY),BREA CANYON RD,3432,N,N,C,-,Y,LA,NA,57,NA,R,1.64,H,NA,L,Y,4,0,1,1,A,-,03,22350,NA,N,F,I,A,B,H,-,C,D,0,NA,NA,NA,NA,Y,NA,A,01,0,0,1,0,0,0,0,0,0,-,-,33.96477127075195,-117.85179138183594,LOS ANGELES,DIAMOND BAR,-117.85166931152344,33.96471405029297
94561904,2025,2025-02-03,9525,2025-01-22,640,024046,NA,3,1,5,1906,0,1,1,NA,2,103,I-10 W/B (SAN BERNARDINO FWY),PUENTE AVENUE,2112,E,N,A,-,Y,LA,NA,10,NA,NA,33.781,H,NA,L,Y,4,0,2,4,A,-,03,22350,NA,N,C,C,A,A,H,-,A,D,0,NA,NA,NA,Y,Y,NA,A,01,0,0,2,0,0,0,0,0,0,-,-,34.07112121582031,-117.95480346679688,LOS ANGELES,BALDWIN PARK,-117.9547882080078,34.071041107177734
94561906,2025,2025-02-03,9525,2025-01-25,2330,023815,NA,6,3,5,1990,0,1,3,NA,2,573,SR-57 S/B (ORANGE FWY),BREA CANYON RD,1426,N,N,B,C,Y,LA,NA,57,NA,R,1.232,H,NA,L,N,4,0,1,1,A,-,03,22350,NA,N,E,I,A,B,H,-,C,D,0,NA,NA,NA,NA,Y,NA,A,01,0,0,1,0,0,0,0,0,0,-,-,33.96023178100586,-117.85640716552734,LOS ANGELES,DIAMOND BAR,-117.85637664794922,33.96018600463867
94561945,2025,2025-02-03,9540,2025-01-30,1812,022940,NA,4,2,6,1985,0,1,3,NA,1,142,SR-14 N/B,NEWHALL AVE.,1580,S,N,A,-,Y,LA,NA,14,NA,R,26.467,H,NA,R,Y,4,0,2,2,A,-,03,22350,NA,N,C,C,A,A,H,-,C,D,0,NA,NA,NA,NA,Y,NA,A,01,0,0,2,0,0,0,0,0,0,-,-,34.357200622558594,-118.50621795654295,LOS ANGELES,SANTA CLARITA,-118.50634002685548,34.3571891784668
94561948,2025,2025-02-03,9580,2025-01-18,1845,022717,NA,6,2,7,1942,0,1,2,NA,2,105,US-101 S/B (VENTURA FREEWAY),DE SOTO AVE,1478,S,N,A,-,Y,LA,NA,101,NA,NA,24.028,H,NA,L,N,4,0,1,3,A,-,03,22350,NA,N,C,C,A,A,H,-,C,D,0,NA,NA,NA,NA,Y,NA,A,01,0,0,1,0,0,0,0,0,0,-,-,34.168060302734375,-118.58309173583984,LOS ANGELES,LOS ANGELES,-118.58308410644533,34.16802978515625
94561951,2025,2025-02-03,9540,2025-01-26,205,023747,NA,7,3,7,1942,0,1,1,NA,2,504,I-5 N/B (GOLDEN STATE FREEWAY) TRUCK ROUTE,BALBOA ST,1056,N,N,C,-,Y,LA,NA,5,S,C,45.15,H,NA,R,Y,3,0,1,2,A,-,03,22350,NA,N,C,E,A,B,H,-,C,D,0,NA,NA,NA,Y,Y,NA,A,01,0,1,0,0,0,0,0,0,0,-,-,34.32807159423828,-118.50269317626952,LOS ANGELES,LOS ANGELES,-118.50277709960938,34.32803726196289
94561955,2025,2025-07-15,9540,2025-01-25,2222,023400,NA,6,3,9,1900,0,1,3,NA,1,143,SR-14 S/B,NEWHALL AVE,1395,S,N,C,-,Y,LA,NA,14,NA,R,26.775,H,NA,L,Y,4,0,1,2,A,-,07,21658,A,N,B,2,A,B,H,-,C,D,0,NA,NA,NA,NA,Y,NA,D,22,0,0,1,0,0,0,0,0,0,-,-,34.3615608215332,-118.50569152832033,LOS ANGELES,UNINCORPORATED,-118.50572967529295,34.361572265625