CASE_ID,ACCIDENT_YEAR,PROC_DATE,JURIS,COLLISION_DATE,COLLISION_TIME,OFFICER_ID,REPORTING_DISTRICT,DAY_OF_WEEK,CHP_SHIFT,POPULATION,CNTY_CITY_LOC,SPECIAL_COND,BEAT_TYPE,CHP_BEAT_TYPE,CITY_DIVISION_LAPD,CHP_BEAT_CLASS,BEAT_NUMBER,PRIMARY_RD,SECONDARY_RD,DISTANCE,DIRECTION,INTERSECTION,WEATHER_1,WEATHER_2,STATE_HWY_IND,CALTRANS_COUNTY,CALTRANS_DISTRICT,STATE_ROUTE,ROUTE_SUFFIX,POSTMILE_PREFIX,POSTMILE,LOCATION_TYPE,RAMP_INTERSECTION,SIDE_OF_HWY,TOW_AWAY,COLLISION_SEVERITY,NUMBER_KILLED,NUMBER_INJURED,PARTY_COUNT,PRIMARY_COLL_FACTOR,PCF_CODE_OF_VIOL,PCF_VIOL_CATEGORY,PCF_VIOLATION,PCF_VIOL_SUBSECTION,HIT_AND_RUN,TYPE_OF_COLLISION,MVIW,PED_ACTION,ROAD_SURFACE,ROAD_COND_1,ROAD_COND_2,LIGHTING,CONTROL_DEVICE,CHP_ROAD_TYPE,PEDESTRIAN_ACCIDENT,BICYCLE_ACCIDENT,MOTORCYCLE_ACCIDENT,TRUCK_ACCIDENT,NOT_PRIVATE_PROPERTY,ALCOHOL_INVOLVED,STWD_VEHTYPE_AT_FAULT,CHP_VEHTYPE_AT_FAULT,COUNT_SEVERE_INJ,COUNT_VISIBLE_INJ,COUNT_COMPLAINT_PAIN,COUNT_PED_KILLED,COUNT_PED_INJURED,COUNT_BICYCLIST_KILLED,COUNT_BICYCLIST_INJURED,COUNT_MC_KILLED,COUNT_MC_INJURED,PRIMARY_RAMP,SECONDARY_RAMP,LATITUDE,LONGITUDE,COUNTY,CITY,POINT_X,POINT_Y
94567652,2025,2025-02-06,9580,2025-01-29,1835,022717,NA,3,2,7,1942,0,1,2,NA,2,100,US-101 N/B (VENTURA FREEWAY),TUJUNGA AVE,625,N,N,A,-,Y,LA,NA,101,NA,NA,11.993,H,NA,R,N,4,0,2,2,A,-,03,22350,NA,N,C,C,A,A,H,-,C,D,0,NA,NA,NA,NA,Y,NA,A,01,0,0,2,0,0,0,0,0,0,-,-,34.154640197753906,-118.38128662109376,LOS ANGELES,LOS ANGELES,-118.38129425048828,34.154579162597656
94567679,2025,2025-02-06,9580,2025-01-30,2355,018718,NA,4,3,9,1900,0,1,3,NA,1,270,SR-27 N/B (TOPANGA CYN. BLVD.),WOODLAND CREST DR,500,S,N,A,-,Y,LA,NA,27,NA,NA,9.996,H,NA,R,N,2,0,3,2,A,-,01,23152,A,N,A,C,A,A,H,-,D,D,0,NA,NA,NA,NA,Y,Y,A,01,1,2,0,0,0,0,0,0,0,-,-,34.141578674316406,-118.60574340820313,LOS ANGELES,UNINCORPORATED,-118.60574340820313,34.14158248901367
9456774,2022,2022-07-14,1900,2022-06-11,1627,652552,1012,6,5,3,1995,0,0,0,NA,0,101,RT 1,RT 1 19562,0,NA,Y,A,-,Y,LA,7,1,-,-,42.14,H,-,S,Y,4,0,1,2,A,-,04,21703,NA,N,C,C,A,A,H,-,A,D,0,NA,NA,NA,NA,Y,NA,A,01,0,0,1,0,0,0,0,0,0,-,-,34.039329528808594,-118.60254669189452,LOS ANGELES,MALIBU,-118.60247039794922,34.03936767578125
94567791,2025,2025-02-06,9525,2025-02-01,1132,017046,NA,6,1,5,1990,0,1,3,NA,2,574,SR-57 N/B TO SR-60 E/B,SR-57 TO SR-60 OVERCROSSING,200,N,N,A,-,Y,LA,NA,57,NA,R,4.354,H,NA,R,N,4,0,1,2,A,-,03,22350,NA,N,C,C,A,A,H,-,A,D,0,NA,NA,NA,NA,Y,NA,A,01,0,0,1,0,0,0,0,0,0,-,-,33.99991989135742,-117.83650970458984,LOS ANGELES,DIAMOND BAR,-117.8364715576172,33.9998893737793
94567806,2024,2025-02-06,9565,2024-09-21,1139,023819,NA,6,1,9,1900,0,3,5,NA,2,002,BUDLONG AVE,98TH ST,50,S,N,B,-,N,NA,NA,NA,NA,NA,NA,NA,NA,NA,Y,4,0,4,2,A,-,03,22350,NA,N,B,E,A,A,H,-,A,A,0,NA,NA,NA,NA,Y,NA,A,01,0,0,4,0,0,0,0,0,0,-,-,33.94664001464844,-118.29588317871094,LOS ANGELES,UNINCORPORATED,-118.29592895507813,33.946693420410156
94567819,2025,2025-02-06,9525,2025-01-27,830,018505,NA,1,1,4,1905,0,1,1,NA,2,205,I-210 W/B (FOOTHILL FWY),BARRANCA AVE,220,W,N,A,-,Y,LA,NA,210,NA,R,41.056,H,NA,L,Y,4,0,2,8,A,-,03,22350,NA,N,C,C,A,A,H,-,A,D,0,NA,NA,NA,NA,Y,NA,A,01,0,0,2,0,0,0,0,0,0,-,-,34.12102127075195,-117.8822784423828,LOS ANGELES,AZUSA,-117.8822784423828,34.12104415893555
9456801,2022,2022-06-27,1900,2022-06-02,1525,546256,0531,4,5,5,1959,0,0,0,NA,0,53T1PM,VALLEY BL,MERWIN C GILL WY,215,E,N,A,-,N,NA,NA,NA,NA,NA,NA,NA,NA,NA,Y,3,0,1,2,A,-,03,22350,NA,N,C,C,A,A,H,-,A,D,0,NA,NA,NA,NA,Y,NA,D,22,0,1,0,0,0,0,0,0,0,-,-,34.08124923706055,-118.06031036376952,LOS ANGELES,ROSEMEAD,-118.06036376953124,34.081260681152344
9456813,2022,2022-06-24,1941,2022-05-01,2052,11121,NA,7,5,7,1941,0,0,0,NA,0,NA,REDONDO AV,14TH ST,0,NA,Y,A,-,N,NA,NA,NA,NA,NA,NA,NA,NA,NA,Y,4,0,1,5,A,-,08,22107,NA,N,B,C,A,A,H,-,C,D,0,NA,NA,NA,NA,Y,NA,A,NA,0,0,1,0,0,0,0,0,0,-,-,NA,NA,LOS ANGELES,LONG BEACH,-118.15244293212892,33.78438949584961
9456814,2022,2022-06-24,1941,2022-05-24,1304,11277,NA,2,5,7,1941,0,0,0,NA,0,NA,ARTESIA BL,CURTIS AV,0,NA,Y,A,-,N,NA,NA,NA,NA,NA,NA,NA,NA,NA,Y,4,0,3,2,A,-,09,21801,A,N,D,C,A,A,H,-,A,D,0,NA,NA,NA,NA,Y,NA,D,NA,0,0,3,0,0,0,0,0,0,-,-,NA,NA,LOS ANGELES,LONG BEACH,-118.15892028808594,33.8746337890625
9456815,2022,2022-06-24,1941,2022-05-24,1618,10996,NA,2,5,7,1941,0,0,0,NA,0,NA,ANAHEIM ST,PINE AV,0,NA,Y,A,-,N,NA,NA,NA,NA,NA,NA,NA,NA,NA,Y,4,0,2,2,A,-,12,21453,A,N,D,C,A,A,H,-,-,A,0,NA,NA,NA,NA,Y,NA,A,NA,0,0,2,0,0,0,0,0,0,-,-,NA,NA,LOS ANGELES,LONG BEACH,-118.19239044189452,33.782596588134766
9456816,2022,2022-06-24,1941,2022-05-25,0812,10238,NA,3,5,7,1941,0,0,0,NA,0,NA,PACIFIC AV,W BROADWAY,0,NA,Y,A,-,N,NA,NA,NA,NA,NA,NA,NA,NA,NA,N,4,0,1,2,A,-,00,21543,A,N,D,C,A,A,H,-,A,A,0,NA,NA,NA,NA,Y,NA,-,NA,0,0,1,0,0,0,0,0,0,-,-,NA,NA,LOS ANGELES,LONG BEACH,-118.1937255859375,33.76929473876953
9456817,2022,2022-06-24,1941,2022-05-25,0006,11250,NA,3,5,7,1941,0,0,0,NA,0,NA,CHERRY AV,EAST 15TH ST,300,N,N,A,-,N,NA,NA,NA,NA,NA,NA,NA,NA,NA,Y,4,0,1,3,A,-,07,21658,A,N,B,E,A,A,H,-,C,D,0,NA,NA,NA,NA,Y,NA,A,NA,0,0,1,0,0,0,0,0,0,-,-,NA,NA,LOS ANGELES,LONG BEACH,-118.16767120361328,33.787052154541016
9456818,2022,2022-06-24,1941,2022-05-24,2027,11514,NA,2,5,7,1941,0,0,0,NA,0,NA,14TH ST,MAGNOLIA,12,E,N,A,-,N,NA,NA,NA,NA,NA,NA,NA,NA,NA,Y,4,0,2,2,A,-,00,14601,1,N,C,C,A,A,H,-,-,D,0,NA,NA,NA,NA,Y,NA,A,NA,0,0,2,0,0,0,0,0,0,-,-,NA,NA,LOS ANGELES,LONG BEACH,-118.19808197021484,33.783931732177734
9456819,2022,2022-06-24,1941,2022-05-26,1730,11126,NA,4,5,7,1941,0,0,0,NA,0,NA,ORANGE AV,DEL AMO BL,200,S,N,A,-,N,NA,NA,NA,NA,NA,NA,NA,NA,NA,N,4,0,1,3,A,-,03,22350,NA,N,C,C,A,A,H,-,A,D,0,NA,NA,NA,NA,Y,NA,A,NA,0,0,1,0,0,0,0,0,0,-,-,NA,NA,LOS ANGELES,LONG BEACH,-118.17681121826172,33.846492767333984
9456820,2022,2022-08-01,1941,2022-05-25,0900,5755,NA,3,5,7,1941,0,0,0,NA,0,NA,WILLOW ST,SAN GABRIEL RIVER,528,E,N,A,-,N,NA,NA,NA,NA,NA,NA,NA,NA,NA,Y,3,0,1,1,D,-,00,NA,NA,N,E,I,A,A,H,-,A,D,0,NA,NA,NA,NA,Y,NA,-,-,0,1,0,0,0,0,0,0,0,-,-,NA,NA,LOS ANGELES,LONG BEACH,-118.20563507080078,33.80438995361328
9456821,2022,2022-07-26,1941,2022-05-09,2013,10877,NA,1,5,7,1941,0,0,0,NA,0,NA,SOUTH ST,DOWNEY AV,0,NA,Y,A,-,N,NA,NA,NA,NA,NA,NA,NA,NA,NA,Y,4,0,1,2,A,-,08,22107,NA,N,D,C,A,A,H,-,C,A,0,NA,NA,NA,NA,Y,NA,A,NA,0,0,1,0,0,0,0,0,0,-,-,NA,NA,LOS ANGELES,LONG BEACH,-118.15118408203124,33.86022186279297
9456822,2022,2022-09-26,1941,2022-05-25,1449,6110,NA,3,5,7,1941,0,0,0,NA,0,NA,ATLANTIC AV,11TH ST,0,NA,Y,A,-,N,NA,NA,NA,NA,NA,NA,NA,NA,NA,Y,4,0,1,2,A,-,12,21453,A,N,D,C,A,A,H,-,A,A,0,NA,NA,NA,NA,Y,NA,A,NA,0,0,1,0,0,0,0,0,0,-,-,NA,NA,LOS ANGELES,LONG BEACH,-118.18505096435548,33.780860900878906
9456823,2022,2022-07-26,1941,2022-05-25,2233,11365,NA,3,5,7,1941,0,0,0,NA,0,NA,JUNIPERO AV,4TH ST,7,N,N,A,-,N,NA,NA,NA,NA,NA,NA,NA,NA,NA,N,3,0,2,2,A,-,09,21804,B,N,D,-,A,A,H,-,C,A,0,NA,Y,NA,NA,Y,NA,L,NA,0,1,1,0,0,0,1,0,0,-,-,NA,NA,LOS ANGELES,LONG BEACH,-118.16439819335938,33.7717399597168
9456824,2022,2022-06-24,1941,2022-05-25,1708,5606,NA,3,5,7,1941,0,0,0,NA,0,NA,PALO VERDE AV,WILLOW ST,8,S,N,A,-,N,NA,NA,NA,NA,NA,NA,NA,NA,NA,NA,4,0,1,2,D,-,00,NA,NA,N,B,G,A,A,H,-,A,A,0,NA,Y,NA,NA,Y,NA,-,-,0,0,1,0,0,0,1,0,0,-,-,NA,NA,LOS ANGELES,LONG BEACH,-118.10792541503906,33.803279876708984
9456825,2022,2022-06-24,1941,2022-05-25,1451,11112,NA,3,5,7,1941,0,0,0,NA,0,NA,ATLANTIC AV,10TH ST,0,NA,Y,A,-,N,NA,NA,NA,NA,NA,NA,NA,NA,NA,N,2,0,3,2,A,-,04,21703,NA,N,C,C,A,A,H,-,A,A,0,NA,NA,NA,NA,Y,NA,A,NA,1,1,1,0,0,0,0,0,0,-,-,NA,NA,LOS ANGELES,LONG BEACH,-118.18505096435548,33.77898025512695
9456826,2022,2022-07-26,1941,2022-05-26,0834,11525,NA,4,5,7,1941,0,0,0,NA,0,NA,CLARK AV,E CENTRALIA,22,W,N,A,-,N,NA,NA,NA,NA,NA,NA,NA,NA,NA,Y,3,0,1,2,A,-,03,22350,NA,N,G,B,D,A,H,-,A,D,0,Y,NA,NA,NA,Y,NA,A,NA,0,1,0,0,1,0,0,0,0,-,-,NA,NA,LOS ANGELES,LONG BEACH,-118.13384246826172,33.839599609375
9456827,2022,2022-06-24,1941,2022-05-31,0132,11230,NA,2,5,7,1941,0,0,0,NA,0,NA,LONG BEACH BL,67TH WY,0,NA,Y,A,-,N,NA,NA,NA,NA,NA,NA,NA,NA,NA,Y,3,0,1,3,A,-,09,21802,A,N,D,C,A,A,H,-,C,A,0,NA,NA,NA,NA,Y,NA,A,NA,0,1,0,0,0,0,0,0,0,-,-,NA,NA,LOS ANGELES,LONG BEACH,-118.20352172851564,33.876827239990234
9456828,2022,2022-06-24,1931,2022-05-26,1810,5321,1931,4,5,5,1931,0,0,0,NA,0,001,CLARENDON AV,RITA AV,15,W,N,A,-,N,NA,NA,NA,NA,NA,NA,NA,NA,NA,N,3,0,1,2,A,-,12,22450,A,N,D,G,A,A,H,-,A,D,0,NA,Y,NA,NA,Y,NA,L,04,0,1,0,0,0,0,1,0,0,-,-,NA,NA,LOS ANGELES,HUNTINGTON PARK,-118.2238998413086,33.9835319519043
9456833,2022,2022-06-29,1926,2022-06-10,1313,0087,3,5,5,5,1926,0,0,0,NA,0,003,FOOTHILL BL,CEDARWOOD AV,75,E,N,A,-,N,NA,NA,NA,NA,NA,NA,NA,NA,NA,Y,3,0,1,2,A,-,03,22350,A,N,C,C,A,A,H,-,A,A,0,NA,NA,NA,NA,Y,NA,A,01,0,1,0,0,0,0,0,0,0,-,-,34.136051177978516,-117.84815979003906,LOS ANGELES,GLENDORA,-117.84722137451172,34.136085510253906
9456834,2022,2022-06-29,1926,2022-06-08,1133,0166,1,3,5,5,1926,0,0,0,NA,0,001,WABASH AV,BENNETT AV,0,NA,Y,A,-,N,NA,NA,NA,NA,NA,NA,NA,NA,NA,Y,4,0,1,2,A,-,12,22450,A,N,D,C,A,A,H,-,A,A,0,NA,NA,NA,NA,Y,NA,A,01,0,0,1,0,0,0,0,0,0,-,-,34.13969039916992,-117.86280059814452,LOS ANGELES,GLENDORA,-117.86283111572266,34.1396369934082
9456835,2022,2022-06-29,1926,2022-06-10,1853,0142,NA,5,5,5,1926,0,0,0,NA,0,004,S LONE HILL AV,RT 210,0,NA,Y,A,-,N,NA,NA,NA,NA,NA,NA,NA,NA,NA,Y,4,0,1,2,A,-,03,22350,NA,N,C,C,A,A,H,-,A,D,0,NA,NA,NA,NA,Y,NA,-,NA,0,0,1,0,0,0,0,0,0,-,-,34.12089920043945,-117.82904052734376,LOS ANGELES,GLENDORA,-117.82902526855467,34.12089157104492
9456836,2022,2022-06-29,1926,2022-06-07,1116,0126,NA,2,5,5,1926,0,0,0,NA,0,001,VERMONT AV,ADA AV,568,S,N,A,-,N,NA,NA,NA,NA,NA,NA,NA,NA,NA,Y,3,0,1,2,A,-,08,22107,NA,N,C,E,A,A,H,-,A,D,0,NA,NA,NA,NA,Y,NA,A,01,0,1,0,0,0,0,0,0,0,-,-,34.13230895996094,-117.8672103881836,LOS ANGELES,GLENDORA,-117.86736297607422,34.13111114501953
94568632,2025,2025-02-06,9575,2025-01-26,1200,022918,NA,7,1,9,1900,0,1,1,NA,2,062,I-210 W/B (FOOTHILL FREEWAY),LA CRESCENTA AVE.,5,E,N,B,C,Y,LA,NA,210,NA,R,17.394,H,NA,L,Y,3,0,1,1,A,-,03,22350,NA,N,E,8,A,B,H,-,A,D,0,NA,NA,NA,NA,Y,NA,A,07,0,1,0,0,0,0,0,0,0,-,-,34.218631744384766,-118.23982238769533,LOS ANGELES,UNINCORPORATED,-118.2397689819336,34.21870422363281
9456885,2022,2022-09-26,1900,2022-06-01,1855,649504,0454,3,5,6,1949,0,0,0,NA,0,48A/P,PIONEER BL,ORANGE ST,0,NA,Y,A,-,N,NA,NA,NA,NA,NA,NA,NA,NA,NA,N,4,0,2,2,A,-,03,22350,NA,N,C,C,A,A,H,-,A,D,0,NA,NA,NA,NA,Y,NA,A,01,0,0,2,0,0,0,0,0,0,-,-,NA,NA,LOS ANGELES,NORWALK,-118.08258056640624,33.9053955078125
9456886,2022,2022-06-27,1900,2022-06-04,0655,532572,0466,6,5,4,1936,0,0,0,NA,0,46T1,VALLEY VIEW AV,FIRESTONE BL,0,NA,Y,A,-,N,NA,NA,NA,NA,NA,NA,NA,NA,NA,Y,4,0,1,2,A,-,09,21801,A,M,D,C,A,A,H,-,A,A,0,NA,NA,NA,NA,Y,NA,A,01,0,0,1,0,0,0,0,0,0,-,-,NA,NA,LOS ANGELES,LA MIRADA,-118.02899169921876,33.883235931396484
9456887,2022,2022-06-27,1900,2022-06-02,0657,611421,0454,4,5,6,1949,0,0,0,NA,0,43K2,FOSTER RD,SAN ANTONIO DR,0,NA,Y,A,-,N,NA,NA,NA,NA,NA,NA,NA,NA,NA,Y,3,0,1,2,A,-,09,21801,A,N,D,C,A,A,H,-,A,A,0,NA,NA,NA,NA,Y,NA,A,08,0,1,0,0,0,0,0,0,0,-,-,NA,NA,LOS ANGELES,NORWALK,-118.07716369628906,33.90742874145508
9456888,2022,2022-06-27,1900,2022-06-02,1545,546547,0467,4,5,4,1936,0,0,0,NA,0,46T1/P,BEACH BL,HILLSBOROUGH DR,135,N,N,A,-,N,NA,NA,NA,NA,NA,NA,NA,NA,NA,Y,3,0,1,2,A,-,07,21658,A,M,B,C,A,A,H,-,A,A,0,NA,NA,NA,NA,Y,NA,A,07,0,1,0,0,0,0,0,0,0,-,-,NA,NA,LOS ANGELES,LA MIRADA,-117.97750854492188,33.90879440307617
9456894,2022,2022-06-27,1900,2022-06-09,1530,279485,2318,4,5,5,1919,0,0,0,NA,0,230T,166TH ST,SHOEMAKER RD,0,NA,Y,A,-,N,NA,NA,NA,NA,NA,NA,NA,NA,NA,Y,3,0,4,2,A,-,12,21453,A,N,D,D,A,A,H,-,A,A,0,NA,NA,NA,NA,Y,NA,-,-,0,1,3,0,0,0,0,0,0,-,-,33.880470275878906,-118.55254364013672,LOS ANGELES,CERRITOS,-118.0552978515625,33.88044738769531
9456895,2022,2022-06-27,1900,2022-06-02,1450,279485,2313,4,5,5,1919,0,0,0,NA,0,230T,195TH ST,ALBERT AV,0,NA,Y,A,-,N,NA,NA,NA,NA,NA,NA,NA,NA,NA,Y,3,0,2,2,A,-,08,22107,NA,N,D,C,A,A,H,-,A,D,0,NA,NA,NA,NA,Y,NA,A,07,0,2,0,0,0,0,0,0,0,-,-,33.85334014892578,-118.07911682128906,LOS ANGELES,CERRITOS,-118.07902526855467,33.853328704833984
94569186,2025,2025-02-06,9550,2025-01-27,1015,018854,NA,1,1,9,1900,0,1,3,NA,2,601,SR-60 W/B,STIMSON AVE,200,E,N,B,-,Y,LA,NA,60,NA,NA,16.36,H,NA,L,N,4,0,1,2,A,-,03,22350,NA,N,C,C,A,A,H,-,A,D,0,NA,NA,NA,NA,Y,NA,A,01,0,0,1,0,0,0,0,0,0,-,-,34.004859924316406,-117.95751953125,LOS ANGELES,UNINCORPORATED,-117.95750427246094,34.0048942565918
94569242,2025,2025-02-06,9575,2025-01-28,1430,022342,NA,2,2,7,1942,0,1,1,NA,2,053,I-5 N/B (GOLDEN STATE FREEWAY),VAN NUYS BLVD,250,N,N,A,-,Y,LA,NA,5,NA,NA,38.577,H,NA,R,N,4,0,1,4,A,-,03,22350,NA,N,C,C,A,A,H,-,A,D,0,NA,NA,NA,NA,Y,NA,A,01,0,0,1,0,0,0,0,0,0,-,-,34.25743865966797,-118.43557739257813,LOS ANGELES,LOS ANGELES,-118.43566131591795,34.257381439208984
94569304,2025,2025-02-06,9575,2025-01-30,705,023009,NA,4,1,7,1942,0,1,1,NA,2,052,I-5 S/B (GOLDEN STATE FREEWAY),HOLLWOOD WAY,683,S,N,B,-,Y,LA,NA,5,NA,NA,32.218,H,NA,L,N,3,0,2,3,A,-,03,22350,NA,N,C,C,A,A,H,-,A,D,0,NA,NA,NA,NA,Y,NA,A,01,0,1,1,0,0,0,0,0,0,-,-,34.2105712890625,-118.34680938720705,LOS ANGELES,LOS ANGELES,-118.34678649902344,34.21059036254883
94569329,2025,2025-02-06,9550,2025-01-22,920,024062,NA,3,1,9,1900,0,1,1,NA,2,651,INTERSTATE 605 SOUTHBOUND,SOUTH STREET,456,S,N,A,-,Y,LA,NA,605,NA,R,3.846,H,NA,L,N,4,0,1,2,A,-,03,22350,NA,M,C,C,A,A,H,-,A,D,0,NA,NA,NA,NA,Y,NA,-,99,0,0,1,0,0,0,0,0,0,-,-,33.8597412109375,-118.09662628173828,LOS ANGELES,UNINCORPORATED,-118.09668731689452,33.8597297668457
94569367,2025,2025-02-06,9525,2025-01-24,2214,023899,NA,5,3,9,1900,0,3,5,NA,2,004,SALAIS ST,SANDALWOOD,95,W,N,B,-,N,NA,NA,NA,NA,NA,NA,NA,NA,NA,N,3,0,1,2,A,-,11,21954,A,F,G,B,E,A,H,-,C,D,0,Y,NA,NA,NA,Y,NA,N,60,0,1,0,0,1,0,0,0,0,-,-,34.01190185546875,-117.91885375976564,LOS ANGELES,UNINCORPORATED,-117.9191665649414,34.011932373046875
94569388,2025,2025-02-07,9565,2025-02-01,1115,022987,NA,6,1,7,1942,0,1,1,NA,2,060,I-405 S/B,120TH ST,220,S,N,A,-,Y,LA,NA,405,NA,R,20.703,H,NA,L,Y,4,0,2,2,A,-,08,22107,NA,N,B,2,A,A,H,-,A,D,0,NA,NA,NA,NA,Y,NA,A,01,0,0,2,0,0,0,0,0,0,-,-,33.92319869995117,-118.3688507080078,LOS ANGELES,LOS ANGELES,-118.36883544921876,33.92319869995117
9456964,2022,2022-06-27,1900,2022-05-09,0308,608269,0976,1,5,4,1979,0,0,0,NA,0,91B,HARPER AV,SANTA MONICA BL,150,S,N,A,-,N,NA,NA,NA,NA,NA,NA,NA,NA,NA,Y,3,0,1,2,A,-,08,22107,NA,N,C,E,A,A,H,-,C,D,0,NA,NA,NA,NA,Y,NA,A,01,0,1,0,0,0,0,0,0,0,-,-,34.08937072753906,-118.36946105957033,LOS ANGELES,WEST HOLLYWOOD,-118.36914825439452,34.09031677246094
9456965,2022,2022-06-27,1900,2022-05-24,1412,606099,0977,2,5,4,1979,0,0,0,NA,0,92T3,LA CIENEGA BL,FOUNTAIN AV,46,S,N,A,-,N,NA,NA,NA,NA,NA,NA,NA,NA,NA,N,4,0,1,2,A,-,09,21801,A,N,D,C,A,A,H,-,A,A,0,NA,NA,NA,NA,Y,NA,A,08,0,0,1,0,0,0,0,0,0,-,-,34.092529296875,-118.37637329101564,LOS ANGELES,WEST HOLLYWOOD,-118.37631225585938,34.092464447021484
9456966,2022,2022-06-27,1900,2022-05-25,1548,292808,0977,3,5,4,1979,0,0,0,NA,0,92T2,SAN VICENTE BL,SANTA MONICA BL,310,N,N,A,-,N,NA,NA,NA,NA,NA,NA,NA,NA,NA,Y,3,0,1,2,A,-,08,22107,NA,N,C,E,A,A,H,-,A,D,0,NA,NA,NA,NA,Y,NA,A,01,0,1,0,0,0,0,0,0,0,-,-,34.08578872680664,-118.38459014892578,LOS ANGELES,WEST HOLLYWOOD,-118.38461303710938,34.085670471191406
9456967,2022,2022-06-27,1900,2022-05-25,1355,292808,0972,3,5,4,1979,0,0,0,NA,0,92T2,MELROSE AV,LA CIENEGA BL,0,NA,Y,A,-,N,NA,NA,NA,NA,NA,NA,NA,NA,NA,Y,4,0,1,2,A,-,09,21801,A,N,A,C,A,A,H,-,A,D,0,NA,NA,NA,NA,Y,NA,A,01,0,0,1,0,0,0,0,0,0,-,-,34.08203887939453,-118.37654113769533,LOS ANGELES,WEST HOLLYWOOD,-118.37651824951172,34.081939697265625
9456968,2022,2022-06-28,1900,2022-05-24,1100,489533,0453,2,5,6,1949,0,0,0,NA,0,43T1,ROSECRANS AV,GARD AV,0,NA,Y,A,-,N,NA,NA,NA,NA,NA,NA,NA,NA,NA,Y,2,0,1,2,A,-,09,21802,A,N,D,G,A,A,H,-,A,D,0,NA,Y,NA,NA,Y,NA,L,04,1,0,0,0,0,0,1,0,0,-,-,NA,NA,LOS ANGELES,NORWALK,-118.08876037597656,33.90210723876953
9456969,2022,2022-06-27,1900,2022-03-22,2025,647476,0451,2,5,6,1949,0,0,0,NA,0,43TIP,NORWALK BL,CYCLOPS ST,0,NA,Y,A,-,N,NA,NA,NA,NA,NA,NA,NA,NA,NA,Y,3,0,3,4,A,-,01,23153,A,N,D,C,A,A,H,-,C,A,0,NA,NA,NA,NA,Y,Y,A,07,0,1,2,0,0,0,0,0,0,-,-,NA,NA,LOS ANGELES,NORWALK,-118.07285308837892,33.922279357910156
9456970,2022,2022-06-28,1900,2022-05-30,2105,642089,0460,1,5,4,1936,0,0,0,NA,0,46T2,IMPERIAL HWY,TELEGRAPH RD,0,NA,Y,A,-,N,NA,NA,NA,NA,NA,NA,NA,NA,NA,Y,4,0,1,2,A,-,01,23152,A,M,D,C,A,A,H,-,C,A,0,NA,NA,NA,NA,Y,Y,A,01,0,0,1,0,0,0,0,0,0,-,-,NA,NA,LOS ANGELES,LA MIRADA,-118.0134506225586,33.91715621948242
9456971,2022,2022-06-27,1900,2022-05-10,1045,623588,0622,2,5,6,1985,0,0,0,NA,0,62T1,TOWN CENTER DR,MCBEAN PKWY,120,W,N,A,-,N,NA,NA,NA,NA,NA,NA,NA,NA,NA,Y,4,0,1,1,A,-,08,22107,NA,N,E,I,A,A,H,-,A,D,0,NA,NA,NA,NA,Y,NA,A,01,0,0,1,0,0,0,0,0,0,-,-,34.41804885864258,-118.56339263916016,LOS ANGELES,SANTA CLARITA,-118.56283569335938,34.41779708862305
9456972,2022,2022-06-28,1900,2022-05-10,1735,652853,0617,2,5,6,1985,0,0,0,NA,0,62T1,SIERRA HWY,PLACERITA CANYON RD,2135,N,N,A,-,N,NA,NA,NA,NA,NA,NA,NA,NA,NA,Y,4,0,1,2,A,-,04,21703,NA,N,C,C,A,A,H,-,A,D,0,NA,NA,NA,NA,Y,NA,A,01,0,0,1,0,0,0,0,0,0,-,-,34.383609771728516,-118.49118041992188,LOS ANGELES,SANTA CLARITA,-118.49135589599608,34.383506774902344
9456973,2022,2022-06-27,1900,2022-05-14,2240,641133,0617,6,5,6,1985,0,0,0,NA,0,61T1,CALLA WY,CANYON VIEW DR,0,NA,Y,A,-,N,NA,NA,NA,NA,NA,NA,NA,NA,NA,Y,3,0,1,1,A,-,03,22350,NA,N,E,I,A,A,H,-,C,D,0,NA,NA,NA,NA,Y,NA,A,01,0,1,0,0,0,0,0,0,0,-,-,34.42061996459961,-118.47901153564452,LOS ANGELES,SANTA CLARITA,-118.47911071777344,34.419986724853516
9456974,2022,2022-06-27,1900,2022-05-15,1913,476466,0610,7,5,6,1985,0,0,0,NA,0,61T1,SOLEDAD CANYON RD,PENLON WY,400,E,N,A,-,N,NA,NA,NA,NA,NA,NA,NA,NA,NA,Y,3,0,1,1,A,-,01,23152,A,N,E,I,A,A,H,-,C,D,0,NA,NA,NA,NA,Y,Y,A,01,0,1,0,0,0,0,0,0,0,-,-,NA,NA,LOS ANGELES,SANTA CLARITA,-118.47988891601564,34.41632080078125
94569779,2025,2025-02-07,9575,2025-01-26,950,021795,NA,7,1,6,1953,0,1,1,NA,2,065,I-210 E/B (FOOTHILL FREEWAY),CRAIG AVE.,120,E,N,A,-,Y,LA,NA,210,NA,R,27.857,H,NA,R,N,4,0,2,2,A,-,03,22350,NA,N,C,C,A,A,H,-,A,D,0,NA,NA,NA,NA,Y,NA,A,07,0,0,2,0,0,0,0,0,0,-,-,34.152339935302734,-118.10569763183594,LOS ANGELES,PASADENA,-118.10569763183594,34.15236282348633
9456978,2022,2022-06-27,1900,2022-05-16,0010,413834,2318,1,5,5,1919,0,0,0,NA,0,23OT,CUESTA DR,CHAPARRAL AV,0,NA,Y,A,-,N,NA,NA,NA,NA,NA,NA,NA,NA,NA,Y,3,0,1,3,A,-,08,22107,NA,F,B,E,E,A,H,-,C,D,0,Y,NA,NA,NA,Y,NA,A,01,0,1,0,0,1,0,0,0,0,-,-,33.52439880371094,-118.03530120849608,LOS ANGELES,CERRITOS,-118.0661392211914,33.87836837768555