CASE_ID,ACCIDENT_YEAR,PROC_DATE,JURIS,COLLISION_DATE,COLLISION_TIME,OFFICER_ID,REPORTING_DISTRICT,DAY_OF_WEEK,CHP_SHIFT,POPULATION,CNTY_CITY_LOC,SPECIAL_COND,BEAT_TYPE,CHP_BEAT_TYPE,CITY_DIVISION_LAPD,CHP_BEAT_CLASS,BEAT_NUMBER,PRIMARY_RD,SECONDARY_RD,DISTANCE,DIRECTION,INTERSECTION,WEATHER_1,WEATHER_2,STATE_HWY_IND,CALTRANS_COUNTY,CALTRANS_DISTRICT,STATE_ROUTE,ROUTE_SUFFIX,POSTMILE_PREFIX,POSTMILE,LOCATION_TYPE,RAMP_INTERSECTION,SIDE_OF_HWY,TOW_AWAY,COLLISION_SEVERITY,NUMBER_KILLED,NUMBER_INJURED,PARTY_COUNT,PRIMARY_COLL_FACTOR,PCF_CODE_OF_VIOL,PCF_VIOL_CATEGORY,PCF_VIOLATION,PCF_VIOL_SUBSECTION,HIT_AND_RUN,TYPE_OF_COLLISION,MVIW,PED_ACTION,ROAD_SURFACE,ROAD_COND_1,ROAD_COND_2,LIGHTING,CONTROL_DEVICE,CHP_ROAD_TYPE,PEDESTRIAN_ACCIDENT,BICYCLE_ACCIDENT,MOTORCYCLE_ACCIDENT,TRUCK_ACCIDENT,NOT_PRIVATE_PROPERTY,ALCOHOL_INVOLVED,STWD_VEHTYPE_AT_FAULT,CHP_VEHTYPE_AT_FAULT,COUNT_SEVERE_INJ,COUNT_VISIBLE_INJ,COUNT_COMPLAINT_PAIN,COUNT_PED_KILLED,COUNT_PED_INJURED,COUNT_BICYCLIST_KILLED,COUNT_BICYCLIST_INJURED,COUNT_MC_KILLED,COUNT_MC_INJURED,PRIMARY_RAMP,SECONDARY_RAMP,LATITUDE,LONGITUDE,COUNTY,CITY,POINT_X,POINT_Y
9457297,2022,2022-08-10,1941,2022-05-18,1849,10652,NA,3,5,7,1941,0,0,0,NA,0,NA,JUNIPERO,10TH ST,0,NA,Y,A,-,N,NA,NA,NA,NA,NA,NA,NA,NA,NA,N,3,0,2,4,A,-,-,NA,NA,N,G,B,B,A,H,-,A,A,0,Y,NA,NA,NA,Y,NA,A,NA,0,2,0,0,2,0,0,0,0,-,-,NA,NA,LOS ANGELES,LONG BEACH,-118.1633071899414,33.778987884521484
9457298,2022,2022-07-07,1941,2022-05-27,2337,11570,NA,5,5,7,1941,0,0,0,NA,0,NA,CHESTNUT AV,10TH ST,0,NA,Y,A,-,N,NA,NA,NA,NA,NA,NA,NA,NA,NA,NA,4,0,1,2,A,-,12,22450,A,N,D,C,A,A,H,-,D,A,0,NA,NA,Y,NA,Y,NA,A,NA,0,0,1,0,0,0,0,0,1,-,-,NA,NA,LOS ANGELES,LONG BEACH,-118.1963348388672,33.77898025512695
9457299,2022,2022-08-10,1942,2022-05-21,1815,41683,1207,6,5,7,1942,0,0,0,L,0,25MX89,48TH ST,HOOVER ST,610,W,N,A,-,N,NA,NA,NA,NA,NA,NA,NA,NA,NA,N,3,0,1,3,B,-,22,NA,NA,F,G,B,E,A,H,-,A,D,0,Y,NA,NA,NA,Y,NA,-,-,0,1,0,0,1,0,0,0,0,-,-,NA,NA,LOS ANGELES,LOS ANGELES,-118.28916168212892,33.999603271484375
9457300,2022,2022-07-07,1942,2022-05-12,2245,43270,1823,4,5,7,1942,0,0,0,R,0,25T37W,SAN PEDRO ST,E 104TH ST,87,N,N,A,-,N,NA,NA,NA,NA,NA,NA,NA,NA,NA,N,2,0,1,2,A,-,11,21954,A,F,G,B,D,A,H,-,C,A,0,Y,NA,NA,NA,Y,NA,N,60,1,0,0,0,1,0,0,0,0,-,-,NA,NA,LOS ANGELES,LOS ANGELES,-118.26953125,33.94218826293945
9457301,2022,2022-09-22,1942,2022-05-15,0100,44079,1831,7,5,7,1942,0,0,0,R,0,18A1,FIGUEROA ST,121ST ST,0,NA,Y,A,-,N,NA,NA,NA,NA,NA,NA,NA,NA,NA,Y,2,0,3,4,A,-,03,22350,NA,N,A,C,A,A,H,-,A,D,0,NA,NA,NA,NA,Y,NA,A,07,1,2,0,0,0,0,0,0,0,-,-,NA,NA,LOS ANGELES,LOS ANGELES,-118.28279113769533,33.92249298095703
9457313,2022,2022-07-06,1942,2022-05-16,0025,37618,0519,1,5,7,1942,0,0,0,E,0,25T31W,ALAMEDA ST,O ST,672,N,N,A,-,N,NA,NA,NA,NA,NA,NA,NA,NA,NA,Y,2,0,1,1,A,-,03,22350,NA,N,A,I,A,A,H,-,D,D,0,NA,NA,NA,NA,Y,NA,A,01,1,0,0,0,0,0,0,0,0,-,-,NA,NA,LOS ANGELES,LOS ANGELES,-118.24056243896484,33.79344940185547
9457314,2022,2022-07-06,1900,2022-05-16,1415,652873,1133,1,5,6,1992,0,0,0,NA,0,112T1,AVENUE K,5TH ST EAST,0,NA,Y,A,-,N,NA,NA,NA,NA,NA,NA,NA,NA,NA,Y,3,0,2,3,A,-,09,21801,A,N,D,C,A,A,H,-,A,A,0,NA,NA,NA,NA,Y,NA,A,01,0,1,1,0,0,0,0,0,0,-,-,NA,NA,LOS ANGELES,LANCASTER,-118.12127685546876,34.67500305175781
9457315,2022,2022-07-06,1900,2022-05-17,1215,617242,1127,2,5,6,1992,0,0,0,NA,0,112T4D,30TH ST WEST,AVENUE J-8,0,NA,Y,A,-,N,NA,NA,NA,NA,NA,NA,NA,NA,NA,NA,4,0,2,2,A,-,12,21453,A,N,D,C,A,A,H,-,A,C,0,NA,NA,NA,NA,Y,NA,A,01,0,0,2,0,0,0,0,0,0,-,-,NA,NA,LOS ANGELES,LANCASTER,-118.18370819091795,34.6821403503418
9457316,2022,2022-07-06,1900,2022-05-20,1259,617242,1135,5,5,6,1992,0,0,0,NA,0,112T41,20TH ST EAST,EAST LANCASTER WALMART RD,0,NA,Y,A,-,N,NA,NA,NA,NA,NA,NA,NA,NA,NA,Y,3,0,4,2,A,-,09,21801,A,N,D,C,A,A,H,-,A,A,0,NA,NA,NA,NA,Y,NA,A,01,0,1,3,0,0,0,0,0,0,-,-,NA,NA,LOS ANGELES,LANCASTER,-118.09481811523438,34.6968994140625
9457317,2022,2022-07-06,1900,2022-05-22,1538,510509,1127,7,5,6,1992,0,0,0,NA,0,111T2,VALLEY CENTRAL WY,LANCASTER BL,490,S,N,A,-,N,NA,NA,NA,NA,NA,NA,NA,NA,NA,Y,4,0,2,2,A,-,09,21804,A,N,B,C,A,A,H,-,A,D,0,NA,NA,NA,NA,Y,NA,A,07,0,0,2,0,0,0,0,0,0,-,-,NA,NA,LOS ANGELES,LANCASTER,-118.17178344726564,34.69535446166992
9457318,2022,2022-07-06,1900,2022-05-25,1208,617242,1192,3,5,6,1992,0,0,0,NA,0,112T4D,AVENUE K-4,40TH ST WEST,30,E,N,A,-,N,NA,NA,NA,NA,NA,NA,NA,NA,NA,N,4,0,1,2,A,-,09,21802,A,N,E,I,A,A,H,-,A,D,0,NA,NA,NA,NA,Y,NA,A,01,0,0,1,0,0,0,0,0,0,-,-,NA,NA,LOS ANGELES,LANCASTER,-118.20127868652344,34.67115020751953
9457319,2022,2022-07-06,1900,2022-05-24,1406,652873,1134,2,5,6,1992,0,0,0,NA,0,112T1,AVENUE K,7TH ST EAST,50,W,N,A,-,N,NA,NA,NA,NA,NA,NA,NA,NA,NA,Y,3,0,4,2,A,-,07,21658,A,N,B,C,A,A,H,-,A,D,0,NA,NA,NA,NA,Y,NA,A,07,0,1,3,0,0,0,0,0,0,-,-,NA,NA,LOS ANGELES,LANCASTER,-118.11807250976564,34.67500305175781
9457320,2022,2022-07-06,1900,2022-05-26,0725,652873,1126,4,5,6,1992,0,0,0,NA,0,111T1,15TH ST WEST,AVENUE J-8,0,NA,Y,A,-,N,NA,NA,NA,NA,NA,NA,NA,NA,NA,Y,3,0,5,2,A,-,12,21453,A,N,D,C,A,A,H,-,A,A,0,NA,NA,NA,NA,Y,NA,A,01,0,2,3,0,0,0,0,0,0,-,-,NA,NA,LOS ANGELES,LANCASTER,-118.15679931640624,34.682167053222656
9457321,2022,2022-07-07,1900,2022-05-26,0838,617242,1132,4,5,6,1992,0,0,0,NA,0,112T2D,AV J,FOXTON AV,0,NA,Y,A,-,N,NA,NA,NA,NA,NA,NA,NA,NA,NA,Y,4,0,2,2,A,-,09,21802,A,N,D,C,A,A,H,-,A,A,0,NA,NA,NA,NA,Y,NA,A,08,0,0,2,0,0,0,0,0,0,-,-,NA,NA,LOS ANGELES,LANCASTER,-118.1255111694336,34.68930435180664
9457322,2022,2022-07-07,1900,2022-05-26,1242,510509,1126,4,5,6,1992,0,0,0,NA,0,112T4,15TH ST W,AV J-8,1038,S,N,A,-,N,NA,NA,NA,NA,NA,NA,NA,NA,NA,Y,4,0,1,2,A,-,09,21804,A,N,B,C,A,A,H,-,A,A,0,NA,NA,NA,NA,Y,NA,A,01,0,0,1,0,0,0,0,0,0,-,-,NA,NA,LOS ANGELES,LANCASTER,-118.15683746337892,34.67934036254883
9457323,2022,2022-07-07,1900,2022-05-14,1448,623025,1135,6,5,6,1992,0,0,0,NA,0,111T2,AV J,21ST ST E,170,E,N,A,-,N,NA,NA,NA,NA,NA,NA,NA,NA,NA,Y,4,0,3,4,A,-,03,22350,NA,N,C,C,A,A,H,-,A,A,0,NA,NA,NA,NA,Y,NA,A,01,0,0,3,0,0,0,0,0,0,-,-,NA,NA,LOS ANGELES,LANCASTER,-118.09191131591795,34.68962860107422
9457324,2022,2022-07-07,1900,2022-05-31,1444,617242,1123,2,5,6,1992,0,0,0,NA,0,112T4D,10TH ST W,AV J-4,0,NA,Y,A,-,N,NA,NA,NA,NA,NA,NA,NA,NA,NA,Y,4,0,3,2,A,-,09,21801,A,N,D,C,A,A,H,-,A,A,0,NA,NA,NA,NA,Y,NA,A,01,0,0,3,0,0,0,0,0,0,-,-,34.689998626708984,-118.15000152587892,LOS ANGELES,LANCASTER,-118.14800262451172,34.68578338623047
9457326,2022,2022-07-07,1941,2022-05-31,1718,11097,NA,2,5,7,1941,0,0,0,NA,0,NA,SOUTH ST,GARDENIA AV,0,NA,Y,A,-,N,NA,NA,NA,NA,NA,NA,NA,NA,NA,Y,4,0,2,2,A,-,07,21658,A,F,D,C,A,A,H,-,A,D,0,NA,NA,NA,NA,Y,NA,A,NA,0,0,2,0,0,0,0,0,0,-,-,NA,NA,LOS ANGELES,LONG BEACH,-118.16960906982422,33.86014175415039
9457327,2022,2022-07-07,1941,2022-05-27,2146,11005,NA,5,5,7,1941,0,0,0,NA,0,NA,GOLDEN AV,23RD ST,0,NA,Y,A,-,N,NA,NA,NA,NA,NA,NA,NA,NA,NA,N,4,0,1,2,A,-,03,22350,NA,N,A,-,E,A,H,-,C,D,0,Y,NA,NA,NA,Y,NA,A,NA,0,0,1,0,1,0,0,0,0,-,-,NA,NA,LOS ANGELES,LONG BEACH,-118.20244598388672,33.79894256591797
94573290,2025,2025-02-11,9540,2025-02-05,1700,021657,NA,3,2,9,1900,0,2,4,NA,2,061,HASLEY CANYON RD,THE OLD RD,60,E,N,A,-,N,NA,NA,NA,NA,NA,NA,NA,NA,NA,N,4,0,2,2,A,-,03,22350,NA,N,C,C,A,B,H,-,A,D,0,NA,NA,NA,NA,Y,NA,A,01,0,0,2,0,0,0,0,0,0,-,-,34.456050872802734,-118.61692810058594,LOS ANGELES,UNINCORPORATED,-118.61686706542967,34.45599365234375
94573291,2025,2025-02-11,9545,2025-02-09,531,021360,NA,7,3,6,1950,0,1,3,NA,2,021,SR-14 N/B,AVENUE 0-8,124,S,N,A,-,Y,LA,NA,14,NA,R,62.103,H,NA,R,Y,3,0,2,1,A,-,01,23152,A,F,E,8,A,A,D,E,D,D,0,NA,NA,NA,NA,Y,Y,A,01,0,2,0,0,0,0,0,0,0,-,-,34.60874938964844,-118.15151977539064,LOS ANGELES,PALMDALE,-118.15146636962892,34.6087760925293
94573292,2025,2025-02-11,9590,2025-01-28,33,024196,NA,2,3,7,1942,0,1,1,NA,2,063,I-10 W/B (SANTA MONICA FREEWAY) TO I-110 (HAF),HOPE ST.,170,E,N,A,-,Y,LA,NA,10,NA,NA,15.253,H,NA,L,N,4,0,1,1,A,-,08,22107,NA,N,E,I,A,A,H,-,C,D,0,NA,NA,NA,NA,Y,NA,A,01,0,0,1,0,0,0,0,0,0,-,-,34.035160064697266,-118.26773834228516,LOS ANGELES,LOS ANGELES,-118.26781463623048,34.035072326660156
94573305,2025,2025-02-11,9545,2025-01-30,1120,018058,NA,4,1,6,1950,0,1,3,NA,2,021,SR-14 S/B AEROSPACE HIGHWAY,TECHNOLOGY DRIVE,528,N,N,A,-,Y,LA,NA,14,NA,R,60.818,H,NA,L,Y,2,0,2,1,A,-,01,23152,A,N,E,I,A,A,D,-,A,D,0,NA,NA,NA,NA,Y,Y,A,01,2,0,0,0,0,0,0,0,0,-,-,34.59585189819336,-118.13546752929688,LOS ANGELES,PALMDALE,-118.13555908203124,34.59580612182617
9457331,2022,2022-07-06,1942,2022-05-21,2220,43740,2103,6,5,7,1942,0,0,0,NA,0,21A1,ROSCOE,FARRALONE,250,E,N,A,-,N,NA,NA,NA,NA,NA,NA,NA,NA,NA,Y,4,0,1,2,A,-,03,22350,NA,F,-,-,A,A,H,-,C,-,0,NA,NA,NA,NA,Y,NA,-,NA,0,0,1,0,0,0,0,0,0,-,-,NA,NA,LOS ANGELES,LOS ANGELES,-118.60955810546876,34.2195930480957
94573380,2025,2025-02-11,9550,2025-01-24,2005,023937,NA,5,2,5,1908,0,1,3,NA,2,091,SR-91 EB TO 605 NB,I-605,900,W,N,A,-,Y,NA,NA,NA,NA,NA,NA,NA,NA,NA,Y,4,0,1,2,A,-,08,22107,NA,N,B,D,A,A,H,-,D,D,0,NA,NA,NA,Y,Y,NA,A,07,0,0,1,0,0,0,0,0,0,-,-,33.87609100341797,-118.10561370849608,LOS ANGELES,BELLFLOWER,-118.10528564453124,33.87630081176758
94573383,2025,2025-02-11,9565,2025-01-30,1735,023841,NA,4,2,4,1918,0,1,1,NA,2,061,I-405 SOUTHBOUND,BRADDOCK DRIVE,100,S,N,A,-,Y,LA,NA,405,NA,NA,26.943,H,NA,L,N,2,0,1,2,A,-,07,21658,A,N,B,C,A,A,H,-,D,D,0,NA,NA,Y,NA,Y,NA,D,22,1,0,0,0,0,0,0,0,1,-,-,33.999759674072266,-118.40870666503906,LOS ANGELES,CULVER CITY,-118.40874481201172,33.99974060058594
94573384,2025,2025-02-11,9530,2025-01-12,120,024013,NA,7,3,9,1900,0,3,5,NA,2,001,MANCHESTER AVE. (2100 BLOCK),JUNIPER ST.,30,W,N,A,-,N,NA,NA,NA,NA,NA,NA,NA,NA,NA,N,3,0,1,1,A,-,01,23152,A,N,E,8,A,A,H,-,C,D,0,NA,NA,NA,NA,Y,Y,A,01,0,1,0,0,0,0,0,0,0,-,-,33.96009063720703,-118.23303985595705,LOS ANGELES,UNINCORPORATED,-118.23298645019533,33.960147857666016
94573419,2025,2025-02-11,9530,2025-02-01,245,024151,NA,6,3,9,1900,0,3,5,NA,2,001,FLOWER STREET,SEVILLE AVENUE,100,E,N,A,-,N,NA,NA,NA,NA,NA,NA,NA,NA,NA,N,3,0,1,5,A,-,01,23152,A,N,B,E,A,A,H,-,C,D,0,NA,NA,NA,NA,Y,Y,A,01,0,1,0,0,0,0,0,0,0,-,-,33.97039031982422,-118.22112274169922,LOS ANGELES,UNINCORPORATED,-118.22211456298828,33.97050476074219
94573427,2025,2025-02-11,9535,2025-02-03,1725,019857,NA,1,2,6,1922,0,1,1,NA,2,400,I-10 E/B (SAN BERNARDINO FREEWAY),SANTA ANITA AVE.,130,E,N,A,-,Y,LA,NA,10,NA,NA,28.713,H,NA,R,N,4,0,1,2,A,-,03,22350,NA,N,C,C,A,A,H,-,D,D,0,NA,NA,NA,NA,Y,NA,A,01,0,0,1,0,0,0,0,0,0,-,-,34.06863021850586,-118.04167175292967,LOS ANGELES,EL MONTE,-118.04167175292967,34.068626403808594
9457349,2022,2022-07-06,1900,2022-05-12,1415,602259,0458,4,5,6,1949,0,0,0,NA,0,45T1P,NORWALK BL,166TH ST,0,NA,Y,A,-,N,NA,NA,NA,NA,NA,NA,NA,NA,NA,N,4,0,1,2,A,-,09,21801,A,N,D,C,A,A,H,-,A,A,0,NA,NA,NA,NA,Y,NA,A,01,0,0,1,0,0,0,0,0,0,-,-,NA,NA,LOS ANGELES,NORWALK,-118.07271575927734,33.8803825378418
94573511,2025,2025-02-11,9550,2025-01-27,240,023825,NA,1,3,9,1900,0,1,1,NA,2,500,I-5 N/B,LAKEWOOD BLVD,3696,S,N,C,-,Y,LA,NA,5,NA,NA,7.587,H,NA,R,Y,4,0,1,1,A,-,03,22350,NA,N,E,I,A,B,H,-,D,D,0,NA,NA,NA,NA,Y,NA,A,01,0,0,1,0,0,0,0,0,0,-,-,33.95072937011719,-118.10269165039064,LOS ANGELES,UNINCORPORATED,-118.10283660888672,33.950660705566406
94573513,2025,2025-02-11,9550,2025-01-26,1735,023064,NA,7,2,9,1900,0,2,4,NA,1,022,VALLEY VIEW AVENUE,LEFFINGWELL ROAD,0,NA,Y,C,-,N,NA,NA,NA,NA,NA,NA,NA,NA,NA,N,3,0,1,2,A,-,09,21801,A,N,D,C,A,B,H,-,B,A,0,NA,NA,Y,NA,Y,NA,A,01,0,1,0,0,0,0,0,0,1,-,-,33.922889709472656,-118.0292510986328,LOS ANGELES,UNINCORPORATED,-118.02922058105467,33.92277145385742
94573568,2025,2025-02-11,9540,2025-01-26,1329,023873,NA,7,1,9,1900,0,1,1,NA,2,510,I-5 N/B,VISTA DEL LAGO,1320,S,N,C,-,Y,LA,NA,5,NA,R,74.22,H,NA,R,Y,2,0,1,3,A,-,07,21658,A,N,B,2,A,B,H,-,A,D,0,NA,NA,NA,Y,Y,NA,-,-,1,0,0,0,0,0,0,0,0,-,-,34.664100646972656,-118.7606201171875,LOS ANGELES,UNINCORPORATED,-118.76060485839844,34.66411590576172
94573598,2025,2025-02-11,9535,2025-02-02,2256,023448,NA,7,3,9,1900,0,2,4,NA,2,012,CITY TERRACE DR. (4100 BLOCK),CARMELITA AVE,226.38,E,N,A,-,N,NA,NA,NA,NA,NA,NA,NA,NA,NA,Y,3,0,1,2,A,-,09,21801,A,N,D,C,A,A,H,-,C,D,0,NA,NA,NA,NA,Y,NA,A,01,0,1,0,0,0,0,0,0,0,-,-,34.05646896362305,-118.17588043212892,LOS ANGELES,UNINCORPORATED,-118.17594146728516,34.05644989013672
94573627,2025,2025-02-11,9575,2025-01-25,1541,023029,NA,6,2,6,1912,0,1,1,NA,2,051,I-5 S/B (GOLDEN STATE FREEWAY),BURBANK BOULEVARD,98,S,N,A,-,Y,NA,NA,NA,NA,NA,NA,NA,NA,NA,Y,4,0,1,3,A,-,03,22350,NA,N,C,C,A,A,H,-,A,D,0,NA,NA,NA,NA,Y,NA,A,01,0,0,1,0,0,0,0,0,0,-,-,34.185081481933594,-118.31786346435548,LOS ANGELES,BURBANK,-118.31822967529295,34.18517303466797
94573636,2025,2025-02-11,9535,2025-01-29,1740,022142,NA,3,2,3,1914,0,1,1,NA,2,500,I-5 N/B (SANTA ANA FREEWAY),TRIGGS ST,1500,N,N,A,-,Y,LA,NA,5,NA,NA,13.287,H,NA,R,Y,4,0,1,2,A,-,03,22350,NA,F,C,C,A,A,H,-,A,D,0,NA,NA,NA,NA,Y,NA,-,99,0,0,1,0,0,0,0,0,0,-,-,34.013179779052734,-118.16516876220705,LOS ANGELES,COMMERCE,-118.16513824462892,34.01323318481445
94573638,2025,2025-02-11,9590,2025-01-08,1906,023259,NA,3,2,7,1942,0,1,2,NA,2,073,US-101 S/B (HOLLYWOOD FREEWAY),PILGRIMAGE BRIDGE,275,S,N,A,-,Y,LA,NA,101,NA,NA,7.992,H,NA,L,N,4,0,1,2,A,-,07,21658,A,M,C,C,A,A,H,-,C,D,0,NA,NA,NA,NA,Y,NA,A,01,0,0,1,0,0,0,0,0,0,-,-,34.113670349121094,-118.33653259277344,LOS ANGELES,LOS ANGELES,-118.33647918701172,34.11368179321289
94573640,2025,2025-02-11,9535,2025-01-29,710,022105,NA,3,1,9,1900,0,2,4,NA,2,016,DITMAN AVE,1ST STREET,0,NA,Y,A,-,N,NA,NA,NA,NA,NA,NA,NA,NA,NA,N,4,0,1,2,A,-,10,21950,A,N,G,B,B,A,H,-,A,A,0,Y,NA,NA,NA,Y,NA,A,01,0,0,1,0,1,0,0,0,0,-,-,34.0360107421875,-118.18910980224608,LOS ANGELES,UNINCORPORATED,-118.18920135498048,34.0360107421875
94573665,2024,2025-02-11,9530,2024-12-08,1915,022995,NA,7,2,4,1939,0,1,1,NA,2,400,INTERSTATE 405 SOUTHBOUND (SAN DIEGO FREEWAY),REDONDO BEACH BOULEVARD,1210,N,N,A,-,Y,LA,NA,405,NA,NA,17.135,H,NA,L,N,1,1,0,2,A,-,11,21954,A,N,G,B,E,A,H,-,C,A,0,Y,NA,NA,NA,Y,NA,N,60,0,0,0,1,0,0,0,0,0,-,-,33.87981033325195,-118.34738159179688,LOS ANGELES,LAWNDALE,-118.34733581542967,33.87983703613281
94573681,2025,2025-02-11,9575,2025-01-31,1525,023029,NA,5,2,6,1953,0,1,1,NA,2,065,I-210 E/B (FOOTHILL FREEWAY),SUNNYSLOPE AVENUE,415,E,N,A,-,Y,LA,NA,210,NA,R,28.854,H,NA,R,N,4,0,1,2,A,-,03,22350,NA,N,C,C,A,A,H,-,A,D,0,NA,NA,NA,NA,Y,NA,A,07,0,0,1,0,0,0,0,0,0,-,-,34.15034103393555,-118.08921813964844,LOS ANGELES,PASADENA,-118.08921813964844,34.15034103393555
94573684,2025,2025-04-15,9530,2025-01-30,1250,023824,NA,4,1,9,1900,0,3,5,NA,2,004,ALAMEDA ST.,VISTA INDUSTRIA,475,S,N,B,-,N,NA,NA,NA,NA,NA,NA,NA,NA,NA,N,4,0,1,3,A,-,08,22107,NA,F,B,2,A,A,H,-,A,D,0,NA,NA,NA,Y,Y,NA,-,99,0,0,1,0,0,0,0,0,0,-,-,33.84872055053711,-118.21945190429688,LOS ANGELES,UNINCORPORATED,-118.21942138671876,33.84879684448242
94573711,2025,2025-04-03,9535,2025-01-24,2320,023437,NA,5,3,5,1948,0,1,1,NA,2,420,I-10 E/B (SAN BERNARDINO FREEWAY),I-710 (LONG BEACH FREEWAY),294,E,N,A,-,Y,LA,NA,10,NA,NA,21.441,H,NA,R,N,4,0,1,1,A,-,08,22107,NA,N,E,I,A,A,H,-,D,D,0,NA,NA,NA,NA,Y,NA,A,07,0,0,1,0,0,0,0,0,0,-,-,34.06119155883789,-118.16400909423828,LOS ANGELES,MONTEREY PARK,-118.1640396118164,34.0612907409668
94573745,2025,2025-02-11,9535,2025-01-24,335,023450,NA,5,3,5,1947,0,1,3,NA,2,620,SR-60 (POMONA FREEWAY) E/B,SAN GABRIEL BLVD,1390,W,N,A,-,Y,LA,NA,60,NA,R,8.249,H,NA,R,N,4,0,1,1,A,-,08,22107,NA,N,F,I,A,A,H,-,D,D,0,NA,NA,NA,NA,Y,NA,A,01,0,0,1,0,0,0,0,0,0,-,-,34.037841796875,-118.08489990234376,LOS ANGELES,MONTEBELLO,-118.0849380493164,34.037925720214844
94573812,2025,2025-02-11,9590,2025-01-25,2320,023894,NA,6,3,7,1942,0,1,1,NA,2,010,SR-110 N/B (ARROYO SECO PARKWAY),PARK ROW DRIVE,205,S,N,C,-,Y,LA,NA,110,NA,NA,25.139,H,NA,R,N,4,0,1,3,A,-,03,22350,NA,M,C,C,A,B,H,-,C,D,0,NA,NA,NA,NA,Y,NA,-,99,0,0,1,0,0,0,0,0,0,-,-,34.075660705566406,-118.23133850097656,LOS ANGELES,LOS ANGELES,-118.23138427734376,34.07569885253906
94573882,2025,2025-02-11,9575,2025-01-31,1605,023029,NA,5,2,6,1953,0,1,1,NA,2,064,I-210 E/B (FOOTHILL FREEWAY) TO I-210 E/B,ORANGE GROVE BOULEVARD,645,E,N,A,-,Y,LA,NA,210,NA,R,24.765,H,NA,R,N,3,0,1,2,A,-,03,22350,NA,N,F,C,A,A,H,-,A,D,0,NA,NA,Y,NA,Y,NA,C,02,0,1,0,0,0,0,0,0,1,-,-,34.15230178833008,-118.15640258789064,LOS ANGELES,PASADENA,-118.15648651123048,34.152278900146484
94573898,2024,2025-02-11,9535,2024-09-05,2050,023244,NA,4,2,9,1900,0,1,1,NA,2,650,I-605 N/B (SAN GABRIEL RIVER FREEWAY),VALLEY BLVD.,10,S,N,A,-,Y,LA,NA,605,NA,R,19.393,H,NA,R,N,4,0,1,2,A,-,03,22350,NA,F,C,C,A,A,H,-,C,D,0,NA,NA,NA,NA,Y,NA,A,01,0,0,1,0,0,0,0,0,0,-,-,34.054100036621094,-118.00420379638672,LOS ANGELES,UNINCORPORATED,-118.00423431396484,34.054115295410156
94573957,2025,2025-02-11,9530,2025-02-01,1747,023622,NA,6,2,7,1941,0,1,1,NA,2,430,I-405 S/B (SAN DIEGO FREEWAY),WOODRUFF AVE,1716,S,N,A,-,Y,LA,NA,405,NA,NA,1.433,H,NA,L,Y,4,0,3,5,A,-,03,22350,NA,N,C,2,A,A,H,-,C,D,0,NA,NA,NA,NA,Y,NA,A,07,0,0,3,0,0,0,0,0,0,-,-,33.799781799316406,-118.11170196533205,LOS ANGELES,LONG BEACH,-118.11180114746094,33.799686431884766
94573959,2025,2025-02-11,9530,2025-01-24,40,023672,NA,5,3,9,1900,0,3,5,NA,2,002,ROSECRANS AVENUE,APRILIA AVENUE,0,NA,Y,A,-,N,NA,NA,NA,NA,NA,NA,NA,NA,NA,N,1,1,0,2,A,-,11,21954,A,N,G,B,D,A,G,-,E,A,0,Y,NA,NA,NA,Y,NA,N,60,0,0,0,1,0,0,0,0,0,-,-,33.902591705322266,-118.25755310058594,LOS ANGELES,UNINCORPORATED,-118.25746917724608,33.90262985229492
94573990,2024,2025-02-11,9535,2024-12-03,820,023244,NA,2,1,9,1900,0,1,3,NA,2,621,SR-60 W/B (POMONA FREEWAY) FROM ROSEMAD BLVD N/B,SR-60 W/B (POMONA FREEWAY),50,W,N,A,-,Y,NA,NA,NA,NA,NA,NA,NA,NA,NA,N,4,0,1,1,A,-,08,22107,NA,N,F,A,A,A,H,-,A,D,0,NA,NA,Y,NA,Y,NA,C,02,0,0,1,0,0,0,0,0,1,-,-,34.042320251464844,-118.06381988525392,LOS ANGELES,UNINCORPORATED,-117.82936096191406,34.00506591796875
94573993,2024,2025-02-11,9590,2024-10-15,549,023892,NA,2,3,7,1942,0,1,2,NA,2,072,UNITED STATES-101 NORTHBOUND (HOLLYWOOD FREEWAY),VERMONT AVENUE,20,N,N,B,-,Y,LA,NA,101,NA,NA,4.409,H,NA,R,N,1,1,0,2,A,-,11,21954,A,N,G,B,E,A,H,-,C,D,0,Y,NA,NA,NA,Y,NA,N,60,0,0,0,1,0,0,0,0,0,-,-,34.08026123046875,-118.29193115234376,LOS ANGELES,LOS ANGELES,-118.29189300537108,34.0803108215332
94574045,2025,2025-02-11,9535,2025-02-01,432,023567,NA,6,3,9,1900,0,1,3,NA,2,620,SR-60 E/B (POMONA FREEWAY),ROSEMEAD BLVD.,1340,W,N,A,-,Y,LA,NA,60,NA,NA,9.24,H,NA,R,Y,4,0,1,2,A,-,03,22350,NA,N,D,C,A,A,H,-,D,D,0,NA,NA,NA,NA,Y,NA,A,07,0,0,1,0,0,0,0,0,0,-,-,34.04124069213867,-118.06893920898438,LOS ANGELES,UNINCORPORATED,-118.06893920898438,34.041229248046875