CASE_ID,ACCIDENT_YEAR,PROC_DATE,JURIS,COLLISION_DATE,COLLISION_TIME,OFFICER_ID,REPORTING_DISTRICT,DAY_OF_WEEK,CHP_SHIFT,POPULATION,CNTY_CITY_LOC,SPECIAL_COND,BEAT_TYPE,CHP_BEAT_TYPE,CITY_DIVISION_LAPD,CHP_BEAT_CLASS,BEAT_NUMBER,PRIMARY_RD,SECONDARY_RD,DISTANCE,DIRECTION,INTERSECTION,WEATHER_1,WEATHER_2,STATE_HWY_IND,CALTRANS_COUNTY,CALTRANS_DISTRICT,STATE_ROUTE,ROUTE_SUFFIX,POSTMILE_PREFIX,POSTMILE,LOCATION_TYPE,RAMP_INTERSECTION,SIDE_OF_HWY,TOW_AWAY,COLLISION_SEVERITY,NUMBER_KILLED,NUMBER_INJURED,PARTY_COUNT,PRIMARY_COLL_FACTOR,PCF_CODE_OF_VIOL,PCF_VIOL_CATEGORY,PCF_VIOLATION,PCF_VIOL_SUBSECTION,HIT_AND_RUN,TYPE_OF_COLLISION,MVIW,PED_ACTION,ROAD_SURFACE,ROAD_COND_1,ROAD_COND_2,LIGHTING,CONTROL_DEVICE,CHP_ROAD_TYPE,PEDESTRIAN_ACCIDENT,BICYCLE_ACCIDENT,MOTORCYCLE_ACCIDENT,TRUCK_ACCIDENT,NOT_PRIVATE_PROPERTY,ALCOHOL_INVOLVED,STWD_VEHTYPE_AT_FAULT,CHP_VEHTYPE_AT_FAULT,COUNT_SEVERE_INJ,COUNT_VISIBLE_INJ,COUNT_COMPLAINT_PAIN,COUNT_PED_KILLED,COUNT_PED_INJURED,COUNT_BICYCLIST_KILLED,COUNT_BICYCLIST_INJURED,COUNT_MC_KILLED,COUNT_MC_INJURED,PRIMARY_RAMP,SECONDARY_RAMP,LATITUDE,LONGITUDE,COUNTY,CITY,POINT_X,POINT_Y
94578449,2024,2026-01-14,9565,2024-10-11,2215,023560,NA,5,3,7,1942,0,1,1,NA,2,062,I-405 S/B,I-10 FWY,200,S,N,A,-,Y,LA,NA,405,NA,NA,29.417,H,NA,L,Y,4,0,1,7,A,-,17,21655,NA,N,C,C,A,A,H,-,C,D,0,NA,NA,NA,NA,Y,NA,A,01,0,0,1,0,0,0,0,0,0,-,-,34.029869079589844,-118.43254852294922,LOS ANGELES,LOS ANGELES,-118.43257904052734,34.02985382080078
94578452,2025,2025-02-13,9575,2025-02-02,1845,022629,NA,7,2,7,1942,0,1,S,NA,2,904,I-5 S/B (GOLDEN STATE FREEWAY),LOS FELIZ BOULEVARD,2112,N,N,A,-,Y,LA,NA,5,NA,NA,24.695,H,NA,L,Y,4,0,1,3,A,-,03,22350,NA,N,C,C,A,A,H,-,A,D,0,NA,NA,NA,NA,Y,NA,A,01,0,0,1,0,0,0,0,0,0,-,-,34.1255989074707,-118.27308654785156,LOS ANGELES,LOS ANGELES,-118.2731475830078,34.125587463378906
94578457,2025,2025-02-13,9550,2025-02-05,715,020014,NA,3,1,9,1900,0,3,5,NA,2,001,HADLEY AVE,BROADWAY AVE,0,NA,Y,B,C,N,NA,NA,NA,NA,NA,NA,NA,NA,NA,Y,3,0,1,2,A,-,12,21453,A,N,D,C,A,B,H,-,A,A,0,NA,NA,NA,NA,Y,NA,A,01,0,1,0,0,0,0,0,0,0,-,-,33.982730865478516,-118.05975341796876,LOS ANGELES,UNINCORPORATED,-118.05967712402344,33.982723236083984
94578519,2025,2025-02-13,9550,2025-02-05,740,023712,NA,3,1,5,1919,0,1,1,NA,2,652,I-605 SOUTHBOUND,SR-91,300,N,N,C,-,Y,LA,NA,605,NA,R,5.117,H,NA,L,N,4,0,1,3,A,-,03,22350,NA,N,C,C,A,B,H,-,A,D,0,NA,NA,NA,NA,Y,NA,D,22,0,0,1,0,0,0,0,0,0,-,-,33.87736892700195,-118.10294342041016,LOS ANGELES,CERRITOS,-118.1030044555664,33.87735366821289
94578535,2025,2025-02-13,9590,2025-02-05,1955,023397,NA,3,2,7,1942,0,1,1,NA,2,011,SR-110 S/B (ARROYO SECO PARKWAY),PARK ROW BRIDGE,60,S,N,C,-,Y,LA,NA,110,NA,NA,25.183,H,NA,L,Y,3,0,1,2,C,-,18,NA,NA,N,C,C,A,B,H,-,D,D,0,NA,NA,NA,NA,Y,NA,-,-,0,1,0,0,0,0,0,0,0,-,-,34.07630920410156,-118.23123168945313,LOS ANGELES,LOS ANGELES,-118.23125457763672,34.07632827758789
94578542,2024,2025-02-24,9535,2024-04-21,1815,023604,NA,7,2,9,1900,0,2,4,NA,2,018,3RD STREET,MEDNIK AVENUE,0,NA,Y,A,-,N,NA,NA,NA,NA,NA,NA,NA,NA,NA,Y,1,1,0,3,A,-,01,23152,A,N,B,2,F,A,H,-,A,A,0,Y,NA,NA,NA,Y,Y,A,01,0,0,0,1,0,0,0,0,0,-,-,34.0334587097168,-118.1623077392578,LOS ANGELES,UNINCORPORATED,-118.16229248046876,34.03328323364258
94578561,2025,2025-02-13,9530,2025-01-13,1800,023562,NA,1,2,9,1900,0,3,5,NA,2,002,EL SEGUNDO BLVD.,STANFORD AVE.,500,W,N,A,-,N,NA,NA,NA,NA,NA,NA,NA,NA,NA,N,4,0,1,2,A,-,03,22350,NA,F,C,C,A,A,H,-,C,D,0,NA,NA,NA,NA,Y,NA,-,99,0,0,1,0,0,0,0,0,0,-,-,33.91632080078125,-118.26331329345705,LOS ANGELES,UNINCORPORATED,-118.26415252685548,33.9163818359375
94578566,2025,2025-02-13,9530,2025-01-23,1600,023673,NA,4,2,9,1900,0,3,5,NA,2,002,CENTRAL AVE.,123RD ST,0,NA,Y,A,-,N,NA,NA,NA,NA,NA,NA,NA,NA,NA,N,4,0,1,2,A,-,12,22450,A,M,D,C,A,A,H,-,A,A,0,NA,NA,NA,NA,Y,NA,-,99,0,0,1,0,0,0,0,0,0,-,-,33.920440673828125,-118.25443267822266,LOS ANGELES,UNINCORPORATED,-118.2546157836914,33.920433044433594
94578599,2025,2025-02-13,9550,2025-02-04,840,023942,NA,2,1,9,1900,0,3,5,NA,2,003,COLIMA RD WESTBOUND,CAMINO DEL SUR,360,W,N,A,-,N,NA,NA,NA,NA,NA,NA,NA,NA,NA,Y,4,0,1,2,A,-,08,22107,NA,N,C,E,A,A,H,-,A,D,0,NA,NA,NA,NA,Y,NA,A,01,0,0,1,0,0,0,0,0,0,-,-,33.977210998535156,-117.98275756835938,LOS ANGELES,UNINCORPORATED,-117.9826889038086,33.97720718383789
94578684,2025,2025-02-13,9530,2025-02-13,540,017860,NA,4,3,7,1941,0,1,1,NA,2,420,I-405 S/B (SAN DIEGO FREEWAY),SPRING ST.,345,N,N,B,C,Y,LA,NA,405,NA,NA,4.616,H,NA,L,N,4,0,2,1,A,-,03,22350,NA,N,E,I,A,B,H,-,D,D,0,NA,NA,NA,NA,Y,NA,A,01,0,0,2,0,0,0,0,0,0,-,-,33.81222915649414,-118.16348266601564,LOS ANGELES,LONG BEACH,-118.16349792480467,33.81217956542969
94578685,2025,2025-02-13,9575,2025-02-06,1517,022110,NA,4,2,6,1953,0,1,1,NA,2,065,I-210 E/B (FOOTHILL FREEWAY),KINNEOLA AVENUE,50,E,N,B,-,Y,LA,NA,210,NA,R,29.045,H,NA,R,Y,4,0,1,4,A,-,08,22107,NA,M,B,C,A,A,H,-,A,D,0,NA,NA,NA,NA,Y,NA,A,01,0,0,1,0,0,0,0,0,0,-,-,34.14842987060547,-118.08661651611328,LOS ANGELES,PASADENA,-118.08657073974608,34.14849853515625
94578710,2025,2025-02-13,9590,2025-01-30,1830,024024,NA,4,2,7,1942,0,1,1,NA,2,052,I-110 N/B (HARBOR FREEWAY),EXPOSITION BLVD,600,N,N,A,-,Y,LA,NA,110,NA,NA,20.147,H,NA,R,N,3,0,1,2,A,-,07,21658,A,F,B,C,A,A,H,-,C,D,0,NA,NA,Y,NA,Y,NA,D,22,0,1,0,0,0,0,0,0,1,-,-,34.02000045776367,-118.27861785888672,LOS ANGELES,LOS ANGELES,-118.27866363525392,34.02001953125
94578711,2025,2025-02-13,9550,2025-02-01,1950,024058,NA,6,2,7,1941,0,1,3,NA,2,090,SR-91 EASTBOUND,CHERRY AVE,1848,W,N,A,-,Y,LA,NA,91,NA,R,12.744,H,NA,R,Y,4,0,1,1,A,-,08,22107,NA,N,E,I,A,A,H,-,B,D,0,NA,NA,NA,NA,Y,NA,A,01,0,0,1,0,0,0,0,0,0,-,-,33.876678466796875,-118.17495727539064,LOS ANGELES,LONG BEACH,-118.17495727539064,33.87678527832031
94578734,2025,2025-02-13,9530,2025-02-11,1710,024180,NA,2,2,9,1900,0,3,5,NA,2,001,BELL AVENUE (7200 BLOCK),FLORENCE AVENUE,5,S,N,A,-,N,NA,NA,NA,NA,NA,NA,NA,NA,NA,N,4,0,1,2,A,-,05,21202,A,N,D,G,A,A,H,-,B,A,0,NA,Y,NA,NA,Y,NA,M,91,0,0,1,0,0,0,1,0,0,-,-,33.9746208190918,-118.23811340332033,LOS ANGELES,UNINCORPORATED,-118.23812103271484,33.97470474243164
94578858,2025,2025-04-21,9590,2025-02-01,1150,023863,NA,6,1,7,1942,0,1,2,NA,2,070,US-101 N/B (HOLLYWOOD FREEWAY),SILVER LAKE BOULEVARD,800,S,N,A,-,Y,LA,NA,101,NA,NA,3.559,H,NA,R,N,4,0,2,4,A,-,03,22350,NA,N,C,C,A,A,H,-,A,D,0,NA,NA,NA,NA,Y,NA,A,01,0,0,2,0,0,0,0,0,0,-,-,34.07630920410156,-118.27777862548828,LOS ANGELES,LOS ANGELES,-118.27780151367188,34.076263427734375
94578926,2025,2025-02-13,9550,2025-02-05,1655,023127,NA,3,2,7,1941,0,1,1,NA,2,653,NORTHBOUND INTERSTATE 605,WARDLOW ROAD,126,S,N,B,-,Y,LA,NA,605,NA,R,0.754,H,NA,R,N,4,0,1,4,A,-,03,22350,NA,N,C,C,A,A,H,-,B,D,0,NA,NA,NA,NA,Y,NA,A,08,0,0,1,0,0,0,0,0,0,-,-,33.81721115112305,-118.08135223388672,LOS ANGELES,LONG BEACH,-118.08131408691406,33.81721115112305
94578931,2025,2025-02-13,9550,2025-02-03,950,023942,NA,1,1,9,1900,0,1,3,NA,2,600,SR-60 WESTBOUND,CROSSROADS PARKWAY,3800,E,N,A,-,Y,LA,NA,60,NA,NA,13.375,H,NA,L,Y,4,0,2,3,A,-,03,22350,NA,N,C,C,A,A,H,-,A,D,0,NA,NA,NA,NA,Y,NA,A,01,0,0,2,0,0,0,0,0,0,-,-,34.02806854248047,-117.99977111816406,LOS ANGELES,UNINCORPORATED,-117.99974822998048,34.02811813354492
94578944,2025,2025-02-13,9590,2025-02-01,1654,024101,NA,6,2,7,1942,0,1,3,NA,2,031,SR-60 W/B (POMONA FREEWAY),EUCLID AVENUE,50,W,N,A,-,Y,LA,NA,60,NA,R,0.945,H,NA,L,N,4,0,1,2,A,-,08,22107,NA,N,B,C,A,A,H,-,A,D,0,NA,NA,NA,NA,Y,NA,A,07,0,0,1,0,0,0,0,0,0,-,-,34.02845001220703,-118.209228515625,LOS ANGELES,LOS ANGELES,-118.209228515625,34.02849578857422
94578977,2025,2025-02-13,9590,2025-02-07,130,023522,NA,5,3,7,1942,0,1,1,NA,2,050,I-110 N/B (HARBOR FREEWAY)(HAF),59TH PLACE,340,S,N,C,-,Y,LA,NA,110,NA,NA,17.702,H,NA,R,N,4,0,1,2,A,-,07,21658,A,M,B,2,A,B,H,-,D,D,0,NA,NA,NA,NA,Y,NA,D,22,0,0,1,0,0,0,0,0,0,-,-,33.98503875732422,-118.28032684326172,LOS ANGELES,LOS ANGELES,-118.28041076660156,33.98503875732422
94578995,2024,2025-02-13,9550,2024-04-15,510,023193,NA,1,3,5,1919,0,1,3,NA,2,092,STATE ROUTE 91 (EASTBOUND),BLOOMFIELD AVENUE,1080,W,N,A,-,Y,LA,NA,91,NA,R,18.956,H,NA,R,Y,1,1,0,2,A,-,03,22350,NA,N,D,C,A,A,H,-,C,D,0,NA,NA,Y,NA,Y,NA,C,02,0,0,0,0,0,0,0,1,0,-,-,33.87635040283203,-118.06741333007813,LOS ANGELES,CERRITOS,-118.06742095947266,33.876304626464844
94578999,2025,2025-02-13,9590,2025-02-01,2355,023522,NA,6,3,7,1942,0,1,1,NA,2,053,I-110 S/B (HARBOR FREEWAY),6TH STREET,100,S,N,A,-,Y,LA,NA,110,NA,NA,22.74,H,NA,L,N,4,0,1,2,A,-,11,21954,A,M,G,B,E,A,H,-,D,D,0,Y,NA,NA,NA,Y,NA,N,60,0,0,1,0,1,0,0,0,0,-,-,34.05202865600586,-118.26014709472656,LOS ANGELES,LOS ANGELES,-118.26009368896484,34.05197525024414
94579007,2025,2025-02-13,9590,2025-01-14,1825,021835,NA,2,2,7,1942,0,1,1,NA,2,010,SR-110 N/B (ASP),SUNSET BLVD,100,N,N,A,-,Y,LA,NA,110,NA,NA,23.855,H,NA,R,N,4,0,2,3,A,-,07,21658,A,N,B,C,A,A,H,-,C,D,0,NA,NA,NA,NA,Y,NA,A,07,0,0,2,0,0,0,0,0,0,-,-,34.063968658447266,-118.24716949462892,LOS ANGELES,LOS ANGELES,-118.24716186523438,34.063961029052734
94579024,2025,2025-02-13,9550,2025-01-28,905,020014,NA,2,1,9,1900,0,1,1,NA,2,650,INTERSTATE 605 SB,SARAGOSA ST,106,N,N,A,-,Y,LA,NA,605,NA,R,12.642,H,NA,L,N,4,0,1,2,A,-,03,22350,NA,N,C,C,A,A,H,-,A,D,0,NA,NA,NA,NA,Y,NA,A,01,0,0,1,0,0,0,0,0,0,-,-,33.981258392333984,-118.07540130615234,LOS ANGELES,UNINCORPORATED,-118.07542419433594,33.98127746582031
94579037,2025,2025-02-13,9535,2025-02-06,1300,024085,NA,4,1,5,1952,0,1,1,NA,2,074,I-710 N/B (LONG BEACH FREEWAY),ROSECRANS AVENUE,700,S,N,B,-,Y,LA,NA,710,NA,NA,14.824,H,NA,R,Y,4,0,1,1,A,-,08,22107,NA,N,D,I,A,B,H,-,A,D,0,NA,NA,NA,NA,Y,NA,A,01,0,0,1,0,0,0,0,0,0,-,-,33.901729583740234,-118.18643188476564,LOS ANGELES,PARAMOUNT,-118.18628692626952,33.901695251464844
94579056,2025,2025-02-13,9550,2025-02-07,1115,020014,NA,5,1,6,1920,0,1,1,NA,2,150,INTERSTATE 105 WB,LAKEWOOD BLVD,100,E,N,B,-,Y,LA,NA,105,NA,R,15.789,H,NA,L,Y,4,0,3,1,A,-,08,22107,NA,N,E,I,A,B,H,-,A,D,0,NA,NA,NA,NA,Y,NA,D,22,0,0,3,0,0,0,0,0,0,-,-,33.913150787353516,-118.14012145996094,LOS ANGELES,DOWNEY,-118.14012145996094,33.91324234008789
94579069,2025,2025-02-14,9550,2025-02-11,1115,018408,NA,2,1,9,1900,0,1,3,NA,2,600,SR-60 W/B,7TH AVE.,250,E,N,A,-,Y,LA,NA,60,NA,NA,14.339,H,NA,L,N,3,0,1,2,A,-,03,22350,NA,N,C,C,A,A,H,-,A,D,0,NA,NA,NA,NA,Y,NA,D,22,0,1,0,0,0,0,0,0,0,-,-,34.01892852783203,-117.98748779296876,LOS ANGELES,UNINCORPORATED,-117.98746490478516,34.018943786621094
94579071,2025,2025-02-14,9535,2025-02-05,848,024077,NA,3,1,9,1900,0,1,1,NA,2,651,I-605 S/B (SAN GABRIEL RIVER FREEWAY),VALLEY BLVD,1890,S,N,C,-,Y,LA,NA,605,NA,R,19.048,H,NA,L,N,4,0,1,2,A,-,03,22350,NA,N,C,C,A,B,H,-,A,D,0,NA,NA,NA,NA,Y,NA,A,01,0,0,1,0,0,0,0,0,0,-,-,34.04962158203125,-118.00698852539064,LOS ANGELES,UNINCORPORATED,-118.00704956054688,34.049644470214844
94579072,2025,2025-02-14,9550,2025-02-12,825,018408,NA,3,1,9,1900,0,1,1,NA,2,650,I-605 S/B,SARAGOSA ST.,1430,N,N,B,C,Y,LA,NA,605,NA,R,12.701,H,NA,L,N,3,0,1,2,A,-,03,22350,NA,N,C,C,A,A,H,-,A,D,0,NA,NA,NA,NA,Y,NA,A,01,0,1,0,0,0,0,0,0,0,-,-,33.98191833496094,-118.0747528076172,LOS ANGELES,UNINCORPORATED,-118.07477569580078,33.981937408447266
94579079,2025,2025-02-14,9550,2025-02-06,1225,018854,NA,4,1,9,1900,0,1,1,NA,2,650,I-605 S/B,OBREGON ST.,150,S,N,B,-,Y,LA,NA,605,NA,R,13.959,H,NA,L,N,4,0,1,1,C,-,18,NA,NA,N,E,J,A,A,H,-,A,D,0,NA,NA,NA,NA,Y,NA,-,-,0,0,1,0,0,0,0,0,0,-,-,33.999019622802734,-118.06800842285156,LOS ANGELES,UNINCORPORATED,-118.06797790527344,33.99901580810547
94579080,2025,2025-02-14,9550,2025-02-11,905,018854,NA,2,1,3,1964,0,1,1,NA,2,650,I-605 N/B,TELEGRAPH RD.,1056,S,N,B,-,Y,LA,NA,605,NA,R,10.051,H,NA,R,N,4,0,1,2,A,-,03,22350,NA,N,C,C,A,A,H,-,A,D,0,NA,NA,NA,NA,Y,NA,A,07,0,0,1,0,0,0,0,0,0,-,-,33.946998596191406,-118.09345245361328,LOS ANGELES,SANTA FE SPRINGS,-118.09341430664064,33.94698715209961
94579108,2025,2025-02-14,9535,2025-02-10,1020,017943,NA,1,1,5,1947,0,1,3,NA,2,621,SR-60 (POMONA FREEWAY) W/B,MARKLAND DR,1003,E,N,A,-,Y,LA,NA,60,NA,R,6.5,H,NA,L,Y,4,0,1,2,A,-,08,22107,NA,N,D,C,A,A,H,-,A,D,0,NA,NA,NA,Y,Y,NA,A,07,0,0,1,0,0,0,0,0,0,-,-,34.03334045410156,-118.11475372314452,LOS ANGELES,MONTEBELLO,-118.11475372314452,34.033390045166016
94579109,2025,2025-02-14,9590,2025-02-02,1545,023642,NA,7,2,7,1942,0,1,1,NA,2,052,I-110 NORTHBOUND (HARBOR FREEWAY),2ND STREET,36,S,N,A,-,Y,LA,NA,110,NA,NA,23.229,H,NA,R,N,2,0,1,2,A,-,07,21658,A,N,B,C,A,A,H,-,A,D,0,NA,NA,Y,NA,Y,NA,A,07,1,0,0,0,0,0,0,0,1,-,-,34.05725860595703,-118.25463104248048,LOS ANGELES,LOS ANGELES,-118.25470733642578,34.057315826416016
94579112,2025,2025-02-14,9550,2025-02-09,925,023289,NA,7,1,9,1900,0,3,5,NA,2,004,COLIMA ROAD,HACIENDA BOULEVARD,50,E,N,A,-,N,NA,NA,NA,NA,NA,NA,NA,NA,NA,Y,3,0,1,3,A,-,03,22350,NA,N,C,C,A,A,H,-,A,D,0,NA,NA,NA,NA,Y,NA,A,01,0,1,0,0,0,0,0,0,0,-,-,34.01076126098633,-117.9626235961914,LOS ANGELES,UNINCORPORATED,-117.97291564941406,33.98127365112305
94579113,2025,2025-02-14,9575,2025-02-03,1535,024142,NA,1,2,7,1942,0,1,3,NA,2,043,SR-134 E/B (VENTURA FREEWAY),RIVERSIDE DR. (VICTORY BLVD. OFFRAMP),100,W,N,A,-,Y,LA,NA,134,NA,NA,4.786,H,NA,R,N,4,0,1,2,A,-,03,22350,NA,N,C,C,A,A,H,-,A,D,0,NA,NA,NA,NA,Y,NA,A,01,0,0,1,0,0,0,0,0,0,-,-,34.155311584472656,-118.29437255859376,LOS ANGELES,LOS ANGELES,-118.29437255859376,34.155269622802734
94579119,2025,2025-02-14,9575,2025-01-31,1844,023031,NA,5,2,7,1942,0,1,1,NA,2,053,I-5 N/B (GOLDEN STATE FREEWAY),OSBORNE STREET,400,S,N,A,-,Y,LA,NA,5,NA,NA,37.342,H,NA,R,N,4,0,1,2,A,-,08,22107,NA,N,B,2,A,A,H,-,C,D,0,NA,NA,NA,NA,Y,NA,A,07,0,0,1,0,0,0,0,0,0,-,-,34.24388885498047,-118.42144012451172,LOS ANGELES,LOS ANGELES,-118.4214324951172,34.243896484375
94579121,2025,2025-02-14,9550,2025-02-12,1035,023289,NA,3,1,9,1900,0,3,5,NA,2,002,LEFFINGWELL ROAD,CARMENITA ROAD,0,NA,Y,B,-,N,NA,NA,NA,NA,NA,NA,NA,NA,NA,N,4,0,1,2,A,-,09,21801,B,N,D,C,A,B,H,-,A,A,0,NA,NA,NA,NA,Y,NA,A,01,0,0,1,0,0,0,0,0,0,-,-,33.91876983642578,-118.0466537475586,LOS ANGELES,UNINCORPORATED,-118.04676818847656,33.91877746582031
94579122,2025,2025-02-14,9550,2025-02-06,754,023950,NA,4,1,9,1900,0,2,4,NA,1,013,HADLEY STREET (WESTBOUND),KEITH DRIVE,90,E,N,C,-,N,NA,NA,NA,NA,NA,NA,NA,NA,NA,N,4,0,1,2,A,-,08,22107,NA,N,B,C,A,B,H,-,A,D,0,NA,NA,NA,NA,Y,NA,A,07,0,0,1,0,0,0,0,0,0,-,-,33.982810974121094,-118.05889129638672,LOS ANGELES,UNINCORPORATED,-118.05897521972656,33.98273849487305
9457949,2022,2022-06-14,1942,2022-05-05,2345,38314,2157,4,5,7,1942,0,0,0,NA,0,26T35,VANOWEN ST,LIMERICK AV,10,E,N,A,-,N,NA,NA,NA,NA,NA,NA,NA,NA,NA,Y,4,0,1,1,A,-,01,23152,A,N,E,I,A,A,H,-,C,D,0,NA,NA,NA,NA,Y,Y,A,01,0,0,1,0,0,0,0,0,0,-,-,NA,NA,LOS ANGELES,LOS ANGELES,-118.58310699462892,34.19377136230469
94579571,2025,2025-02-14,9540,2025-02-04,2040,021190,NA,2,2,9,1900,0,2,4,NA,2,011,STEVENSON RANCH PARKWAY,HEMMINGWAY AVENUE,345,E,N,C,-,N,NA,NA,NA,NA,NA,NA,NA,NA,NA,Y,3,0,1,1,A,-,01,23152,A,N,E,8,A,B,H,-,C,D,0,NA,NA,NA,NA,Y,Y,A,01,0,1,0,0,0,0,0,0,0,-,-,34.38833999633789,-118.57972717285156,LOS ANGELES,UNINCORPORATED,-118.57984161376952,34.388153076171875
94579572,2025,2025-02-14,9525,2025-02-06,1300,022927,NA,4,1,9,1900,0,3,5,NA,2,003,N. GRAND AVE,TONI DR.,90,S,N,B,-,N,NA,NA,NA,NA,NA,NA,NA,NA,NA,Y,3,0,1,1,A,-,03,22350,NA,N,E,I,A,B,H,-,A,D,0,NA,NA,NA,NA,Y,NA,A,01,0,1,0,0,0,0,0,0,0,-,-,34.06752014160156,-117.8708724975586,LOS ANGELES,UNINCORPORATED,-117.87107849121094,34.06741714477539
94579589,2025,2025-03-03,9525,2025-02-08,1734,023933,NA,6,2,5,1906,0,1,1,NA,2,103,I-10 W/B (SAN BERNARDINO FWY),I-605 N/B (SAN GABRIEL RIVER FWY),1600,E,N,B,-,Y,LA,NA,10,NA,NA,31.499,H,NA,L,Y,4,0,1,2,A,-,08,22107,NA,N,E,2,A,A,H,-,B,D,0,NA,NA,NA,NA,Y,NA,A,07,0,0,1,0,0,0,0,0,0,-,-,34.06605911254883,-117.99424743652344,LOS ANGELES,BALDWIN PARK,-117.99422454833984,34.065940856933594
94579633,2025,2025-02-14,9550,2025-02-05,1605,023609,NA,3,2,9,1900,0,2,4,NA,1,031,HACIENDA BOULEVARD,HALLIBURTON ROAD,4,N,N,A,-,N,NA,NA,NA,NA,NA,NA,NA,NA,NA,N,4,0,1,2,A,-,10,21950,A,N,G,B,B,A,H,-,A,A,0,Y,NA,NA,NA,Y,NA,A,07,0,0,1,0,1,0,0,0,0,-,-,33.99723815917969,-117.96781158447266,LOS ANGELES,UNINCORPORATED,-117.96778869628906,33.99740219116211
94579647,2024,2025-02-14,9565,2024-11-22,800,023951,NA,5,1,9,1900,0,1,1,NA,2,012,I-105 WESTBOUND,BUDLONG AVENUE,155,E,N,A,-,Y,LA,NA,105,NA,R,6.549,H,NA,L,N,4,0,1,2,A,-,07,21658,A,F,B,C,A,A,H,-,A,D,0,NA,NA,Y,NA,Y,NA,A,01,0,0,1,0,0,0,0,0,1,-,-,33.92866897583008,-118.29532623291016,LOS ANGELES,UNINCORPORATED,-118.29534912109376,33.928749084472656
94579675,2025,2025-02-14,9550,2025-01-29,1340,024187,NA,3,1,1,1932,0,1,3,NA,2,600,SR-60 EASTBOUND,CROSSROADS PARKWAY,900,W,N,A,-,Y,LA,NA,60,NA,NA,12.439,H,NA,R,Y,4,0,3,2,A,-,08,22107,NA,N,B,C,A,A,H,-,A,D,0,NA,NA,NA,Y,Y,NA,-,-,0,0,3,0,0,0,0,0,0,-,-,34.02909851074219,-118.0160903930664,LOS ANGELES,INDUSTRY,-118.01608276367188,34.02912521362305
94579774,2025,2025-02-14,9540,2025-02-02,1710,023625,NA,7,2,7,1942,0,1,1,NA,2,210,I-210 W/B TRANSITION TO NB 5,BALBOA BLVD,375,S,N,A,-,Y,LA,NA,5,S,C,44.358,H,NA,R,Y,3,0,1,2,A,-,08,22107,NA,N,C,E,A,A,H,-,B,D,0,NA,NA,NA,Y,Y,NA,A,01,0,1,0,0,0,0,0,0,0,-,-,34.320560455322266,-118.49488067626952,LOS ANGELES,LOS ANGELES,-118.49480438232422,34.32067108154297
94579821,2025,2025-02-14,9535,2025-01-31,1546,023930,NA,5,2,9,1900,0,1,1,NA,2,110,I-10 E/B FROM ALAMEDA STREET (HOT LANES),ALAMEDA ST,5,E,N,A,-,Y,LA,NA,10,S,NA,16.976,H,NA,R,N,4,0,1,2,A,-,08,22107,NA,N,B,C,A,A,H,-,A,A,0,NA,NA,NA,NA,Y,NA,A,07,0,0,1,0,0,0,0,0,0,-,-,34.0548095703125,-118.23764801025392,LOS ANGELES,UNINCORPORATED,-118.23765563964844,34.05476760864258
94579892,2025,2025-02-14,9580,2025-02-05,1804,021966,NA,3,2,7,1942,0,1,2,NA,2,105,US-101 S/B (VENTURA FREEWAY),LAS VIRGENES RD,1000,S,N,C,-,Y,LA,NA,101,NA,NA,30.85,H,NA,L,Y,4,0,2,2,A,-,03,22350,NA,N,E,I,A,B,H,-,C,D,0,NA,NA,NA,NA,Y,NA,A,07,0,0,2,0,0,0,0,0,0,-,-,34.15044021606445,-118.69532775878906,LOS ANGELES,LOS ANGELES,-118.69532012939452,34.150428771972656
94579896,2025,2025-02-14,9580,2025-02-10,1100,022966,NA,1,1,7,1942,0,1,3,NA,2,171,SR-170 S/B (HOLLYWOOD FREEWAY) TO VICTORY BLVD,VICTORY BOULEVARD,25,S,N,A,-,Y,NA,NA,NA,NA,NA,NA,NA,NA,NA,N,3,0,1,2,A,-,03,22350,NA,N,C,C,A,A,H,-,A,A,0,NA,NA,NA,NA,Y,NA,A,08,0,1,0,0,0,0,0,0,0,-,-,34.18650817871094,-118.40252685546876,LOS ANGELES,LOS ANGELES,-118.40148162841795,34.186622619628906
94579917,2025,2025-05-12,9580,2025-02-08,355,023129,NA,6,3,7,1942,0,1,3,NA,2,117,SR-118 W/B (RONALD REAGAN FWY.),RESEDA BLVD,1917,E,N,A,-,Y,LA,NA,118,NA,R,6.181,H,NA,L,Y,4,0,1,2,A,-,08,22107,NA,N,B,C,A,A,H,-,D,D,0,NA,NA,NA,Y,Y,NA,A,01,0,0,1,0,0,0,0,0,0,-,-,34.27738952636719,-118.53038024902344,LOS ANGELES,LOS ANGELES,-118.53036499023438,34.27736282348633