CASE_ID,ACCIDENT_YEAR,PROC_DATE,JURIS,COLLISION_DATE,COLLISION_TIME,OFFICER_ID,REPORTING_DISTRICT,DAY_OF_WEEK,CHP_SHIFT,POPULATION,CNTY_CITY_LOC,SPECIAL_COND,BEAT_TYPE,CHP_BEAT_TYPE,CITY_DIVISION_LAPD,CHP_BEAT_CLASS,BEAT_NUMBER,PRIMARY_RD,SECONDARY_RD,DISTANCE,DIRECTION,INTERSECTION,WEATHER_1,WEATHER_2,STATE_HWY_IND,CALTRANS_COUNTY,CALTRANS_DISTRICT,STATE_ROUTE,ROUTE_SUFFIX,POSTMILE_PREFIX,POSTMILE,LOCATION_TYPE,RAMP_INTERSECTION,SIDE_OF_HWY,TOW_AWAY,COLLISION_SEVERITY,NUMBER_KILLED,NUMBER_INJURED,PARTY_COUNT,PRIMARY_COLL_FACTOR,PCF_CODE_OF_VIOL,PCF_VIOL_CATEGORY,PCF_VIOLATION,PCF_VIOL_SUBSECTION,HIT_AND_RUN,TYPE_OF_COLLISION,MVIW,PED_ACTION,ROAD_SURFACE,ROAD_COND_1,ROAD_COND_2,LIGHTING,CONTROL_DEVICE,CHP_ROAD_TYPE,PEDESTRIAN_ACCIDENT,BICYCLE_ACCIDENT,MOTORCYCLE_ACCIDENT,TRUCK_ACCIDENT,NOT_PRIVATE_PROPERTY,ALCOHOL_INVOLVED,STWD_VEHTYPE_AT_FAULT,CHP_VEHTYPE_AT_FAULT,COUNT_SEVERE_INJ,COUNT_VISIBLE_INJ,COUNT_COMPLAINT_PAIN,COUNT_PED_KILLED,COUNT_PED_INJURED,COUNT_BICYCLIST_KILLED,COUNT_BICYCLIST_INJURED,COUNT_MC_KILLED,COUNT_MC_INJURED,PRIMARY_RAMP,SECONDARY_RAMP,LATITUDE,LONGITUDE,COUNTY,CITY,POINT_X,POINT_Y
9458303,2022,2022-06-14,1942,2022-02-15,1800,39048,2185,2,5,7,1942,0,0,0,NA,0,26T52,VENTURA BL,GLADE AV,0,W,N,A,-,N,NA,NA,NA,NA,NA,NA,NA,NA,NA,Y,3,0,2,2,A,-,09,21801,A,N,D,C,A,A,H,-,B,A,0,NA,NA,NA,NA,Y,NA,A,01,0,2,0,0,0,0,0,0,0,-,-,NA,NA,LOS ANGELES,LOS ANGELES,-118.60803985595705,34.16857147216797
94583035,2025,2025-02-18,9525,2025-02-14,1339,024045,NA,5,1,6,1975,0,1,1,NA,2,103,I-10 W/B (SAN BERNARDINO FWY),PACIFIC AVE.,1056,E,N,A,-,Y,LA,NA,10,NA,NA,34.668,H,NA,L,N,4,0,1,3,A,-,03,22350,NA,N,C,C,A,A,H,-,A,D,0,NA,NA,NA,NA,Y,NA,D,22,0,0,1,0,0,0,0,0,0,-,-,34.0725212097168,-117.93955230712892,LOS ANGELES,WEST COVINA,-117.93955230712892,34.072540283203125
94583043,2025,2025-02-18,9535,2025-01-19,2145,024077,NA,7,2,3,1914,0,1,1,NA,2,500,I-5 NB (SANTA ANA FREEWAY),I-710 (LONG BEACH FREEWAY),325,S,N,A,-,Y,LA,NA,5,NA,NA,13.693,H,NA,R,Y,3,0,3,2,A,-,01,23152,A,F,C,C,A,A,H,-,C,D,0,NA,NA,NA,NA,Y,Y,A,07,0,1,2,0,0,0,0,0,0,-,-,34.01564025878906,-118.17141723632813,LOS ANGELES,COMMERCE,-118.17139434814452,34.01567077636719
9458305,2022,2022-06-28,1942,2022-05-05,0540,44773,TOPAN,4,5,7,1942,0,0,0,NA,0,2142,VICTORY BL,WOODLAKE ST,900,NA,N,A,-,N,NA,NA,NA,NA,NA,NA,NA,NA,NA,Y,3,0,1,2,D,-,00,NA,NA,N,D,E,A,A,H,-,B,D,0,NA,NA,NA,NA,Y,NA,-,-,0,1,0,0,0,0,0,0,0,-,-,NA,NA,LOS ANGELES,LOS ANGELES,-118.6314697265625,34.18642807006836
9458306,2022,2022-06-14,1942,2022-05-23,0930,42251,2158,1,5,7,1942,0,0,0,NA,0,26TL22,VARIEL AV,OXNARD ST,531,NA,N,A,-,N,NA,NA,NA,NA,NA,NA,NA,NA,NA,Y,2,0,1,2,A,-,09,21801,A,N,D,C,A,A,H,-,A,D,0,NA,NA,Y,NA,Y,NA,A,07,1,0,0,0,0,0,0,0,1,-,-,NA,NA,LOS ANGELES,LOS ANGELES,-118.59280395507813,34.17924499511719
9458307,2022,2022-07-06,1942,2022-02-17,0924,37806,2139,4,5,7,1942,0,0,0,NA,0,21B124,WINNETKA AV,SHERMAN WY,0,NA,Y,A,-,N,NA,NA,NA,NA,NA,NA,NA,NA,NA,Y,2,0,3,2,A,-,12,21453,A,N,D,C,A,A,H,-,A,A,0,NA,NA,NA,NA,Y,NA,A,01,2,1,0,0,0,0,0,0,0,-,-,NA,NA,LOS ANGELES,LOS ANGELES,-118.57099151611328,34.20101547241211
9458308,2022,2022-06-14,1942,2022-05-04,0540,39192,2157,3,5,7,1942,0,0,0,NA,0,26TL43,WINNETKA AV,FRIAR ST,200,NA,N,A,-,N,NA,NA,NA,NA,NA,NA,NA,NA,NA,Y,2,0,1,2,A,-,05,21650,A,N,A,C,A,A,H,-,A,D,0,NA,NA,NA,NA,Y,NA,A,01,1,0,0,0,0,0,0,0,0,-,-,NA,NA,LOS ANGELES,LOS ANGELES,-118.57095336914064,34.18779754638672
9458310,2022,2022-06-21,1942,2022-05-21,1130,40388,2107,6,5,7,1942,0,0,0,NA,0,36TL77,VARIEL AV,ROSCOE BL,200,N,N,A,-,N,NA,NA,NA,NA,NA,NA,NA,NA,NA,N,2,0,1,2,A,-,11,21954,A,N,G,B,D,A,H,-,A,D,0,Y,NA,NA,NA,Y,NA,N,60,1,0,0,0,1,0,0,0,0,-,-,NA,NA,LOS ANGELES,LOS ANGELES,-118.5928955078125,34.22047805786133
9458311,2022,2022-06-28,1942,2022-05-07,0020,40974,LA,6,5,7,1942,0,0,0,NA,0,2144,VICTORY,SHOUP,0,NA,N,A,-,N,NA,NA,NA,NA,NA,NA,NA,NA,NA,N,4,0,2,2,A,-,01,23152,A,N,C,C,A,A,H,-,C,A,0,NA,NA,NA,NA,Y,Y,A,01,0,0,2,0,0,0,0,0,0,-,-,NA,NA,LOS ANGELES,LOS ANGELES,-118.61457061767578,34.18644714355469
9458313,2022,2022-06-14,1942,2022-05-23,2200,36744,1936,1,5,7,1942,0,0,0,NA,0,19A7,LAUREL CANYON BL,SAN FERNANDO MISSION BL,290,N,N,A,-,N,NA,NA,NA,NA,NA,NA,NA,NA,NA,Y,4,0,2,2,A,-,01,23152,A,N,G,-,A,A,H,-,D,D,0,NA,NA,NA,NA,Y,Y,A,01,0,0,2,0,0,0,0,0,0,-,-,NA,NA,LOS ANGELES,LOS ANGELES,-118.45270538330078,34.27811813354492
9458314,2022,2022-06-14,1942,2022-05-22,2220,41198,2142,7,5,7,1942,0,0,0,NA,0,26T54W,PLATT AV,VANOWEN ST,0,NA,Y,A,-,N,NA,NA,NA,NA,NA,NA,NA,NA,NA,Y,2,0,3,2,A,-,01,23152,A,N,D,C,A,A,H,-,C,A,0,NA,NA,NA,NA,Y,Y,A,01,2,1,0,0,0,0,0,0,0,-,-,NA,NA,LOS ANGELES,LOS ANGELES,-118.64249420166016,34.1932487487793
9458315,2022,2022-06-14,1942,2022-05-23,1525,40542,1531,1,5,7,1942,0,0,0,O,0,NA,BELLAIRE AV,HATTERAS ST,20,S,N,A,-,N,NA,NA,NA,NA,NA,NA,NA,NA,NA,Y,4,0,1,1,A,-,08,22107,A,N,E,I,A,A,H,-,A,A,0,NA,NA,NA,NA,Y,NA,A,01,0,0,1,0,0,0,0,0,0,-,-,NA,NA,LOS ANGELES,LOS ANGELES,-118.409423828125,34.17570495605469
94583155,2025,2025-02-18,9525,2025-02-16,1955,023826,NA,7,2,6,1975,0,1,1,NA,2,103,I-10 W/B (SAN BERNARDINO FWY),SUNSET AVE,750,E,N,A,-,Y,LA,NA,10,NA,NA,35.023,H,NA,L,Y,4,0,2,2,A,-,07,21658,A,F,B,C,A,A,H,-,D,D,0,NA,NA,NA,NA,Y,NA,-,99,0,0,2,0,0,0,0,0,0,-,-,34.07244110107422,-117.93328094482422,LOS ANGELES,WEST COVINA,-117.93328094482422,34.07249450683594
94583158,2025,2025-02-18,9535,2025-01-27,10,022214,NA,1,3,6,1922,0,1,1,NA,2,401,I-10 W/B (SAN BERNARDINO FREEWAY),VALLEY BLVD,1267,E,N,B,C,Y,LA,NA,10,NA,NA,29.818,H,NA,L,Y,4,0,1,1,A,-,01,23152,A,N,E,I,A,B,H,-,D,D,0,NA,NA,NA,NA,Y,Y,A,01,0,0,1,0,0,0,0,0,0,-,-,34.06800079345703,-118.02259063720705,LOS ANGELES,EL MONTE,-118.0225830078125,34.068023681640625
9458316,2022,2022-06-14,1942,2022-05-22,1250,41316,1511,7,5,7,1942,0,0,0,O,0,26TL25,ETHEL AV,SHERMAN WY,200,S,N,A,-,N,NA,NA,NA,NA,NA,NA,NA,NA,NA,Y,4,0,1,4,A,-,01,23152,A,N,C,E,A,A,H,-,A,D,0,NA,NA,NA,NA,Y,Y,A,01,0,0,1,0,0,0,0,0,0,-,-,NA,NA,LOS ANGELES,LOS ANGELES,-118.41815185546876,34.200653076171875
94583160,2025,2025-02-18,9525,2025-02-14,1514,024045,NA,5,2,9,1900,0,3,5,NA,2,004,AMAR RD.,TONOPAH AVE.,105,W,N,A,-,N,NA,NA,NA,NA,NA,NA,NA,NA,NA,N,4,0,1,2,A,-,07,21658,A,N,B,C,A,A,H,-,A,A,0,NA,NA,NA,NA,Y,NA,A,01,0,0,1,0,0,0,0,0,0,-,-,34.047279357910156,-117.96572113037108,LOS ANGELES,UNINCORPORATED,-117.9657745361328,34.04728698730469
94583165,2025,2025-02-18,9525,2025-02-15,2220,023933,NA,6,3,9,1900,0,1,3,NA,1,024,SR-39 (SAN GABRIEL CANYON RD.),MILE POST MARKER 29.78,4330,S,N,A,-,Y,LA,NA,39,NA,NA,29,H,NA,R,Y,4,0,1,1,A,-,08,22107,NA,N,E,I,A,A,H,-,D,D,0,NA,NA,NA,NA,Y,NA,A,01,0,0,1,0,0,0,0,0,0,-,-,34.26239013671875,-117.85076904296876,LOS ANGELES,UNINCORPORATED,-117.8508071899414,34.262367248535156
9458317,2022,2022-06-14,1942,2022-05-25,0930,41514,1701,3,5,7,1942,0,0,0,Q,0,26TL23,CURBIN AV,RINALDI ST,100,S,N,A,-,N,NA,NA,NA,NA,NA,NA,NA,NA,NA,N,4,0,1,2,A,-,08,22107,NA,F,B,C,A,A,H,-,A,D,0,NA,NA,NA,NA,Y,NA,-,99,0,0,1,0,0,0,0,0,0,-,-,NA,NA,LOS ANGELES,LOS ANGELES,-118.56215667724608,34.27458572387695
94583208,2025,2025-04-23,9590,2025-02-10,2050,023892,NA,1,2,7,1942,0,1,S,NA,2,904,SR-170 (HOLLYWOOD FREEWAY),MOORPARK STREET,935,N,N,A,-,Y,LA,NA,170,NA,R,14.5,H,NA,R,Y,2,0,2,3,A,-,03,22350,NA,M,E,8,A,A,H,-,D,D,0,NA,NA,NA,NA,Y,NA,A,07,1,0,1,0,0,0,0,0,0,-,-,34.15298843383789,-118.37635040283205,LOS ANGELES,LOS ANGELES,-118.37637329101564,34.15311813354492
9458321,2022,2022-10-28,1900,2022-05-06,1800,525852,2313,5,5,5,1919,0,0,0,NA,0,230T,ARLINE AV,SOUTH ST,0,NA,Y,A,-,N,NA,NA,NA,NA,NA,NA,NA,NA,NA,Y,4,0,1,2,A,-,08,22107,NA,N,A,C,A,A,H,-,A,B,0,NA,NA,NA,NA,Y,NA,A,01,0,0,1,0,0,0,0,0,0,-,-,NA,NA,LOS ANGELES,CERRITOS,-118.08090972900392,33.85847854614258
94583210,2025,2025-12-01,9565,2025-02-05,1655,024304,NA,3,2,9,1900,0,3,5,NA,2,004,OSAGE AVE,LENNOX BLVD,633,S,N,B,-,N,NA,NA,NA,NA,NA,NA,NA,NA,NA,N,4,0,2,2,A,-,09,21804,A,N,H,2,A,B,E,-,A,D,0,NA,NA,NA,NA,Y,NA,A,07,0,0,2,0,0,0,0,0,0,-,-,33.93640899658203,-118.34613800048828,LOS ANGELES,UNINCORPORATED,-118.34611511230467,33.93644332885742
94583214,2025,2025-02-19,9535,2025-02-07,1655,023962,NA,5,2,9,1900,0,2,4,NA,2,022,OLYMPIC BLVD.,MCBRIDE AVE,0,NA,Y,A,-,N,NA,NA,NA,NA,NA,NA,NA,NA,NA,Y,4,0,1,2,A,-,09,21801,A,N,D,C,A,A,H,-,A,A,0,NA,NA,NA,NA,Y,NA,-,-,0,0,1,0,0,0,0,0,0,-,-,34.018741607666016,-118.17022705078124,LOS ANGELES,UNINCORPORATED,-118.17027282714844,34.01875686645508
94583218,2025,2025-02-19,9590,2025-02-01,1654,023642,NA,6,2,7,1942,0,1,1,NA,2,052,I-110 NORTHBOUND (HARBOR FREEWAY),1ST STREET,226,N,N,A,-,Y,LA,NA,110,NA,NA,23.397,H,NA,R,N,3,0,1,2,A,-,07,21658,A,N,C,C,A,A,H,-,A,D,0,NA,NA,Y,NA,Y,NA,C,02,0,1,0,0,0,0,0,0,1,-,-,34.059139251708984,-118.25277709960938,LOS ANGELES,LOS ANGELES,-118.25279235839844,34.05915069580078
9458339,2022,2022-06-10,1942,2022-05-18,1700,42834,0839,3,5,7,1942,0,0,0,H,0,27TL42,AVENUE OF THE STARS,SANTA MONICA BL,324,S,N,A,-,N,NA,NA,NA,NA,NA,NA,NA,NA,NA,N,3,0,1,2,A,-,11,21954,A,N,G,B,E,A,G,-,A,A,0,Y,NA,NA,NA,Y,NA,N,60,0,1,0,0,1,0,0,0,0,-,-,NA,NA,LOS ANGELES,LOS ANGELES,-118.41773223876952,34.06035614013672
9458341,2022,2022-06-13,1942,2022-05-25,1910,41210,0646,3,5,7,1942,0,0,0,F,0,27T31,CAHUENGA BL,HOLLYWOOD BL,150,S,N,A,-,N,NA,NA,NA,NA,NA,NA,NA,NA,NA,Y,4,0,1,7,A,-,07,21658,A,F,B,E,A,A,H,-,A,A,0,NA,NA,NA,NA,Y,NA,A,07,0,0,1,0,0,0,0,0,0,-,-,NA,NA,LOS ANGELES,LOS ANGELES,-118.32952880859376,34.101200103759766
9458342,2022,2022-06-13,1942,2022-05-06,1255,42059,1467,5,5,7,1942,0,0,0,N,0,14A28,LA TIJERA BL,W 78TH ST,0,NA,Y,A,-,N,NA,NA,NA,NA,NA,NA,NA,NA,NA,Y,3,0,1,2,A,-,03,22350,NA,N,D,C,A,A,H,-,A,A,0,NA,NA,NA,NA,Y,NA,A,01,0,1,0,0,0,0,0,0,0,-,-,NA,NA,LOS ANGELES,LOS ANGELES,-118.38175964355467,33.96845626831055
9458343,2022,2022-06-13,1942,2022-05-15,0545,42157,2024,7,5,7,1942,0,0,0,NA,0,27TL25,NORMANDIE AV,6TH ST,0,NA,Y,A,-,N,NA,NA,NA,NA,NA,NA,NA,NA,NA,N,3,0,3,2,A,-,01,23152,A,N,D,C,A,A,H,-,B,A,0,NA,NA,NA,NA,Y,Y,A,01,0,1,2,0,0,0,0,0,0,-,-,NA,NA,LOS ANGELES,LOS ANGELES,-118.30036926269533,34.063594818115234
9458344,2022,2022-06-13,1942,2022-05-26,1525,38090,0858,4,5,7,1942,0,0,0,H,0,27T33,AIRDROME ST,CREST DR,145,W,N,A,-,N,NA,NA,NA,NA,NA,NA,NA,NA,NA,N,2,0,1,2,A,-,11,21954,A,N,G,B,D,A,H,-,A,D,0,Y,NA,NA,NA,Y,NA,N,60,1,0,0,0,1,0,0,0,0,-,-,NA,NA,LOS ANGELES,LOS ANGELES,-118.38799285888672,34.04926681518555
9458345,2022,2022-07-08,1941,2022-05-26,0152,11118,NA,4,5,7,1941,0,0,0,NA,0,NA,ATLANTA AV,HARDING ST,300,S,N,A,-,N,NA,NA,NA,NA,NA,NA,NA,NA,NA,N,3,0,1,2,A,-,07,21658,A,N,D,-,A,A,H,-,C,A,0,NA,Y,NA,NA,Y,NA,L,NA,0,1,0,0,0,0,1,0,0,-,-,NA,NA,LOS ANGELES,LONG BEACH,-118.18551635742188,33.867279052734375
9458347,2022,2022-07-08,1941,2022-05-19,0830,11133,NA,4,5,7,1941,0,0,0,NA,0,NA,SHORELINE DR,BEACH ACCESS,0,NA,Y,A,-,N,NA,NA,NA,NA,NA,NA,NA,NA,NA,N,2,0,1,2,A,-,12,21453,A,N,G,B,B,A,H,-,A,A,0,Y,NA,NA,NA,Y,NA,A,NA,1,0,0,0,1,0,0,0,0,-,-,NA,NA,LOS ANGELES,LONG BEACH,-118.18392944335938,33.76475143432617
9458348,2022,2022-06-13,1941,2022-05-21,1139,11545,NA,6,5,7,1941,0,0,0,NA,0,NA,REDONDO BL,2ND ST,0,NA,Y,A,-,N,NA,NA,NA,NA,NA,NA,NA,NA,NA,N,3,0,1,2,A,-,05,21202,NA,N,D,G,A,A,H,-,A,D,0,NA,Y,NA,NA,Y,NA,L,NA,0,1,0,0,0,0,1,0,0,-,-,NA,NA,LOS ANGELES,LONG BEACH,-118.15239715576172,33.76348114013672
9458349,2022,2022-06-13,1941,2022-05-15,2100,11082,NA,7,5,7,1941,0,0,0,NA,0,NA,WARDLOW ST,SEABRIGHT AV,0,NA,Y,A,-,N,NA,NA,NA,NA,NA,NA,NA,NA,NA,Y,4,0,1,2,B,-,22,NA,NA,F,A,C,A,A,H,-,C,A,0,NA,NA,NA,NA,Y,NA,A,NA,0,0,1,0,0,0,0,0,0,-,-,NA,NA,LOS ANGELES,LONG BEACH,-118.21775817871094,33.82426834106445
9458350,2022,2022-07-08,1941,2022-05-21,2249,11524,NA,6,5,7,1941,0,0,0,NA,0,NA,SAINT LOUIS AV,E 14TH ST,250,S,N,A,-,N,NA,NA,NA,NA,NA,NA,NA,NA,NA,N,4,0,1,2,A,-,00,20002,A,N,B,C,A,A,H,-,C,D,0,NA,NA,NA,NA,Y,NA,A,NA,0,0,1,0,0,0,0,0,0,-,-,NA,NA,LOS ANGELES,LONG BEACH,-118.16656494140624,33.783756256103516
9458351,2022,2022-06-13,1941,2022-05-15,0908,11515,NA,7,5,7,1941,0,0,0,NA,0,NA,ATLANTA AV,PCH,0,NA,Y,A,-,N,NA,NA,NA,NA,NA,NA,NA,NA,NA,N,4,0,1,2,A,-,03,22350,NA,F,C,C,A,A,H,-,A,A,0,NA,NA,NA,NA,Y,NA,A,NA,0,0,1,0,0,0,0,0,0,-,-,NA,NA,LOS ANGELES,LONG BEACH,-118.18502807617188,33.78987121582031
9458352,2022,2022-06-13,1941,2022-05-01,0200,11347,NA,7,5,7,1941,0,0,0,NA,0,NA,LAKEWOOD BL,DEL AMO BL,0,NA,Y,A,-,N,NA,NA,NA,NA,NA,NA,NA,NA,NA,N,3,0,1,2,D,-,00,NA,NA,F,G,B,E,A,H,-,C,A,0,Y,NA,NA,NA,Y,NA,-,-,0,1,0,0,1,0,0,0,0,-,-,NA,NA,LOS ANGELES,LONG BEACH,-118.14257049560548,33.8470458984375
9458353,2022,2022-06-13,1941,2022-05-14,2107,11523,NA,6,5,7,1941,0,0,0,NA,0,NA,ATHERTON ST,BELLFLOWER BL,0,NA,Y,A,-,N,NA,NA,NA,NA,NA,NA,NA,NA,NA,Y,4,0,3,3,A,-,12,21453,A,F,A,C,A,A,H,-,B,A,0,NA,NA,NA,NA,Y,NA,A,NA,0,0,3,0,0,0,0,0,0,-,-,NA,NA,LOS ANGELES,LONG BEACH,-118.1247100830078,33.78850173950195
9458354,2022,2022-06-13,1941,2022-05-14,2224,11005,NA,6,5,7,1941,0,0,0,NA,0,NA,ANAHEIM ST,MOLINO AV,0,NA,Y,A,-,N,NA,NA,NA,NA,NA,NA,NA,NA,NA,N,4,0,1,2,A,-,08,22107,NA,F,B,C,A,A,H,-,C,A,0,NA,NA,NA,NA,Y,NA,A,NA,0,0,1,0,0,0,0,0,0,-,-,NA,NA,LOS ANGELES,LONG BEACH,-118.16110229492188,33.782615661621094
9458355,2022,2022-06-13,1942,2022-05-26,1420,38613,1008,4,5,7,1942,0,0,0,J,0,26TL48,VALJEAN AV,RUNNYMEDE ST,0,NA,Y,A,-,N,NA,NA,NA,NA,NA,NA,NA,NA,NA,Y,3,0,2,3,A,-,03,22350,NA,F,D,C,A,A,H,-,A,D,0,NA,NA,NA,NA,Y,NA,A,01,0,2,0,0,0,0,0,0,0,-,-,NA,NA,LOS ANGELES,LOS ANGELES,-118.48593139648438,34.20572280883789
9458356,2022,2022-06-13,1941,2022-05-23,2158,6116,NA,1,5,7,1941,0,0,0,NA,0,NA,BROADWAY,MOLINO AV,0,NA,Y,A,-,N,NA,NA,NA,NA,NA,NA,NA,NA,NA,N,3,0,1,2,A,-,09,21801,A,F,B,J,A,A,H,-,D,D,0,NA,NA,NA,NA,Y,NA,A,NA,0,1,0,0,0,0,0,0,0,-,-,NA,NA,LOS ANGELES,LONG BEACH,-118.1605987548828,33.765838623046875
9458358,2022,2022-06-13,1942,2022-05-25,1040,31931,1663,3,5,7,1942,0,0,0,P,0,26M28,BRANFORD ST,AMBOY ST,235,E,N,A,-,N,NA,NA,NA,NA,NA,NA,NA,NA,NA,Y,4,0,1,2,A,-,07,21658,A,F,B,C,A,A,H,-,A,A,0,NA,NA,NA,NA,Y,NA,-,NA,0,0,1,0,0,0,0,0,0,-,-,NA,NA,LOS ANGELES,LOS ANGELES,-118.41098022460938,34.24253463745117
9458359,2022,2022-07-08,1942,2022-05-27,1405,40542,NA,5,5,7,1942,0,0,0,NA,0,NA,WOODLEY,GERALD AV,850,N,N,A,-,N,NA,NA,NA,NA,NA,NA,NA,NA,NA,Y,2,0,1,2,A,-,01,23152,A,N,C,E,A,A,H,-,A,D,0,NA,NA,NA,NA,Y,Y,A,01,1,0,0,0,0,0,0,0,0,-,-,NA,NA,LOS ANGELES,LOS ANGELES,-118.49188232421876,34.29461669921875
9458360,2022,2022-07-22,1942,2022-05-13,1410,39410,1721,5,5,7,1942,0,0,0,Q,0,26TL45,SANTA SUSANA PASS RD,IVERSON RD,1320,W,N,A,-,N,NA,NA,NA,NA,NA,NA,NA,NA,NA,Y,3,0,2,2,A,-,05,21650,A,N,A,C,A,A,H,-,A,D,0,NA,NA,NA,NA,Y,NA,-,-,0,2,0,0,0,0,0,0,0,-,-,NA,NA,LOS ANGELES,LOS ANGELES,-118.62242889404295,34.27434158325195
94583646,2025,2025-02-19,9530,2025-02-08,1841,023862,NA,6,2,7,1942,0,1,1,NA,2,200,I-105 E/B (GLENN ANDERSON FWY),CENTRAL AVE.,1500,W,N,A,-,Y,LA,NA,105,NA,R,8.551,H,NA,R,N,4,0,1,3,A,-,03,22350,NA,F,C,C,A,A,H,-,D,D,0,NA,NA,NA,NA,Y,NA,-,99,0,0,1,0,0,0,0,0,0,-,-,33.927268981933594,-118.2605209350586,LOS ANGELES,LOS ANGELES,-118.2605209350586,33.92730712890625
94583659,2025,2025-02-19,9525,2025-02-05,7,024162,NA,3,3,1,1934,0,1,1,NA,2,204,I-210 E/B (FOOTHILL FWY),IRWINDALE AVENUE,2302,E,N,C,-,Y,LA,NA,210,NA,R,38.329,H,NA,R,N,4,0,1,2,C,-,18,NA,NA,N,C,C,A,B,H,-,D,D,0,NA,NA,NA,NA,Y,Y,-,-,0,0,1,0,0,0,0,0,0,-,-,34.13018035888672,-117.9259033203125,LOS ANGELES,IRWINDALE,-117.92588806152344,34.13019561767578
94583661,2025,2025-02-19,9590,2025-02-06,1140,019134,NA,4,1,7,1942,0,1,1,NA,2,021,I-10 W/B (SAN BERNARDINO FREEWAY),I-5 (GOLDEN STATE FREEWAY,1800,W,N,B,-,Y,LA,NA,10,NA,S,0.36,H,NA,L,Y,4,0,2,2,A,-,07,21658,A,F,B,2,A,A,H,-,A,D,0,NA,NA,NA,NA,Y,NA,A,01,0,0,2,0,0,0,0,0,0,-,-,34.05535125732422,-118.21936798095705,LOS ANGELES,LOS ANGELES,-118.2193603515625,34.05532455444336
94583662,2025,2025-02-19,9590,2025-02-06,730,021762,NA,4,1,7,1942,0,1,2,NA,2,072,US-101 N/B (HOLLYWOOD FREEWAY),UNIVERSAL STUDIOS BLVD,1400,S,N,B,C,Y,LA,NA,101,NA,NA,9.393,H,NA,R,N,4,0,1,3,A,-,08,22107,NA,N,E,8,A,B,H,-,A,D,0,NA,NA,NA,Y,Y,NA,A,01,0,0,1,0,0,0,0,0,0,-,-,34.130741119384766,-118.34896087646484,LOS ANGELES,LOS ANGELES,-118.34889221191406,34.13078689575195
94583663,2025,2025-02-19,9530,2025-02-15,2119,023622,NA,6,2,5,1935,0,2,S,NA,2,904,CARSON STREET,PIONEER BOULEVARD,63,W,N,A,-,N,NA,NA,NA,NA,NA,NA,NA,NA,NA,Y,4,0,1,3,A,-,01,23152,A,N,E,8,A,A,H,-,C,A,0,NA,NA,NA,NA,Y,Y,A,01,0,0,1,0,0,0,0,0,0,-,-,33.831478118896484,-118.08220672607422,LOS ANGELES,LAKEWOOD,-118.08216857910156,33.831520080566406
94583665,2025,2025-02-19,9525,2025-02-04,2355,024162,NA,2,3,1,1934,0,1,1,NA,2,204,I-210 E/B (FOOTHILL FWY),IRWINDALE AVENUE,2267,E,N,C,-,Y,LA,NA,210,NA,R,38.319,H,NA,R,N,4,0,1,1,A,-,08,22107,NA,N,E,I,A,B,H,-,D,D,0,NA,NA,NA,NA,Y,Y,A,01,0,0,1,0,0,0,0,0,0,-,-,34.13029861450195,-117.92601776123048,LOS ANGELES,IRWINDALE,-117.92604064941406,34.13025665283203
9458367,2022,2022-06-16,1941,2022-05-14,2041,11140,NA,6,5,7,1941,0,0,0,NA,0,NA,ARTESIA BL,ORIZABA AV,0,NA,Y,A,-,N,NA,NA,NA,NA,NA,NA,NA,NA,NA,Y,3,0,1,2,A,-,09,21801,A,N,A,C,A,A,H,-,C,A,0,NA,NA,Y,NA,Y,NA,A,01,0,1,0,0,0,0,0,0,1,-,-,NA,NA,LOS ANGELES,LONG BEACH,-118.15784454345705,33.87474822998047
94583672,2025,2025-02-19,9550,2025-02-08,15,023539,NA,6,3,9,1900,0,2,4,NA,1,031,HACIENDA BLVD,COLIMA ROAD,0,NA,Y,B,-,N,NA,NA,NA,NA,NA,NA,NA,NA,NA,Y,4,0,1,2,A,-,12,21453,A,N,D,C,A,A,H,-,C,A,0,NA,NA,NA,NA,Y,Y,-,-,0,0,1,0,0,0,0,0,0,-,-,33.98128128051758,-117.97295379638672,LOS ANGELES,UNINCORPORATED,-117.97308349609376,33.98124694824219
94583674,2025,2025-02-19,9525,2025-02-11,1855,024147,NA,2,2,4,1938,0,1,1,NA,2,207,SR-210 W/B (FOOTHILL FWY),FRUIT STREET,426,E,N,A,-,Y,LA,NA,210,NA,R,48.173,H,NA,L,Y,3,0,1,1,A,-,08,22107,NA,N,E,I,A,A,H,-,C,D,0,NA,NA,NA,NA,Y,NA,A,07,0,1,0,0,0,0,0,0,0,-,-,34.1197395324707,-117.76006317138672,LOS ANGELES,LA VERNE,-117.76006317138672,34.11973571777344
94583680,2025,2025-02-19,9550,2025-02-03,750,024157,NA,1,1,6,1920,0,1,1,NA,2,500,I-5 NORTHBOUND (SANTA ANA FREEWAY),I-605,254,N,N,E,-,Y,LA,NA,5,NA,NA,6.912,H,NA,R,N,4,0,1,3,A,-,07,21658,A,N,B,2,A,A,H,-,A,D,0,NA,NA,Y,NA,Y,NA,A,01,0,0,1,0,0,0,0,0,1,-,-,33.942100524902344,-118.09718322753906,LOS ANGELES,DOWNEY,-118.09715270996094,33.94211196899414
94583687,2025,2025-02-19,9535,2025-02-07,1710,019857,NA,5,2,9,1900,0,2,4,NA,2,011,EASTERN AVE. (1700 BLOCK),LANSDOWN AVE.,148,E,N,B,-,N,NA,NA,NA,NA,NA,NA,NA,NA,NA,N,4,0,1,2,A,-,09,21804,A,N,D,C,A,A,H,-,B,D,0,NA,NA,NA,NA,Y,NA,A,07,0,0,1,0,0,0,0,0,0,-,-,34.061431884765625,-118.17559814453124,LOS ANGELES,UNINCORPORATED,-118.17559051513672,34.06135940551758