CASE_ID,ACCIDENT_YEAR,PROC_DATE,JURIS,COLLISION_DATE,COLLISION_TIME,OFFICER_ID,REPORTING_DISTRICT,DAY_OF_WEEK,CHP_SHIFT,POPULATION,CNTY_CITY_LOC,SPECIAL_COND,BEAT_TYPE,CHP_BEAT_TYPE,CITY_DIVISION_LAPD,CHP_BEAT_CLASS,BEAT_NUMBER,PRIMARY_RD,SECONDARY_RD,DISTANCE,DIRECTION,INTERSECTION,WEATHER_1,WEATHER_2,STATE_HWY_IND,CALTRANS_COUNTY,CALTRANS_DISTRICT,STATE_ROUTE,ROUTE_SUFFIX,POSTMILE_PREFIX,POSTMILE,LOCATION_TYPE,RAMP_INTERSECTION,SIDE_OF_HWY,TOW_AWAY,COLLISION_SEVERITY,NUMBER_KILLED,NUMBER_INJURED,PARTY_COUNT,PRIMARY_COLL_FACTOR,PCF_CODE_OF_VIOL,PCF_VIOL_CATEGORY,PCF_VIOLATION,PCF_VIOL_SUBSECTION,HIT_AND_RUN,TYPE_OF_COLLISION,MVIW,PED_ACTION,ROAD_SURFACE,ROAD_COND_1,ROAD_COND_2,LIGHTING,CONTROL_DEVICE,CHP_ROAD_TYPE,PEDESTRIAN_ACCIDENT,BICYCLE_ACCIDENT,MOTORCYCLE_ACCIDENT,TRUCK_ACCIDENT,NOT_PRIVATE_PROPERTY,ALCOHOL_INVOLVED,STWD_VEHTYPE_AT_FAULT,CHP_VEHTYPE_AT_FAULT,COUNT_SEVERE_INJ,COUNT_VISIBLE_INJ,COUNT_COMPLAINT_PAIN,COUNT_PED_KILLED,COUNT_PED_INJURED,COUNT_BICYCLIST_KILLED,COUNT_BICYCLIST_INJURED,COUNT_MC_KILLED,COUNT_MC_INJURED,PRIMARY_RAMP,SECONDARY_RAMP,LATITUDE,LONGITUDE,COUNTY,CITY,POINT_X,POINT_Y
94586325,2025,2025-02-21,9540,2025-01-31,2140,023606,NA,5,2,9,1900,0,1,3,NA,2,146,SR-14 N/B,ESCONDIDO CANYON RD,1584,N,N,A,-,Y,LA,NA,14,NA,NA,43.62,H,NA,R,Y,4,0,1,2,A,-,03,22350,NA,M,C,C,A,A,H,-,D,D,0,NA,NA,NA,NA,Y,NA,D,22,0,0,1,0,0,0,0,0,0,-,-,34.494140625,-118.27838897705078,LOS ANGELES,UNINCORPORATED,-118.27841949462892,34.49418258666992
94586327,2025,2025-02-21,9590,2025-02-08,736,021762,NA,6,1,7,1942,0,1,2,NA,2,073,US-101 S/B (HOLLYWOOD FREEWAY),HELIOTROPE DRIVE,850,N,N,A,-,Y,LA,NA,101,NA,NA,4.796,H,NA,L,N,4,0,1,4,A,-,03,22350,NA,N,C,C,A,A,H,-,A,D,0,NA,NA,NA,NA,Y,NA,A,01,0,0,1,0,0,0,0,0,0,-,-,34.082820892333984,-118.29770660400392,LOS ANGELES,LOS ANGELES,-118.29775238037108,34.08278274536133
94586330,2025,2025-02-21,9565,2025-02-09,1437,022692,NA,7,2,9,1900,0,2,4,NA,2,024,IMPERIAL HWY. E/B,WESTERN AVE.,40,W,N,A,-,N,NA,NA,NA,NA,NA,NA,NA,NA,NA,N,4,0,1,2,A,-,03,22350,NA,N,C,C,A,A,H,-,A,A,0,NA,NA,NA,NA,Y,NA,A,01,0,0,1,0,0,0,0,0,0,-,-,33.930908203125,-118.30931854248048,LOS ANGELES,UNINCORPORATED,-118.30927276611328,33.9310188293457
94586333,2025,2025-02-21,9540,2025-02-18,1950,023873,NA,2,2,7,1942,0,1,1,NA,2,500,I-5 N/B (GOLDEN STATE FREEWAY),ROXFORD ST,260,S,N,A,-,Y,LA,NA,5,NA,NA,42.603,H,NA,R,Y,4,0,1,2,A,-,07,21658,A,N,C,C,A,A,H,-,D,D,0,NA,NA,NA,NA,Y,NA,A,08,0,0,1,0,0,0,0,0,0,-,-,34.30270004272461,-118.4790496826172,LOS ANGELES,LOS ANGELES,-118.47901153564452,34.30272674560547
94586337,2025,2025-02-21,9540,2025-02-16,755,024257,NA,7,1,9,1900,0,2,4,NA,1,202,SOLEDAD CANYON RD,SR-14 N/B,528,E,N,A,-,N,NA,NA,NA,NA,NA,NA,NA,NA,NA,Y,3,0,2,2,A,-,09,21801,A,N,A,2,A,A,H,-,A,D,0,NA,NA,NA,NA,Y,NA,D,22,0,2,0,0,0,0,0,0,0,-,-,34.4327507019043,-118.38414764404295,LOS ANGELES,UNINCORPORATED,-118.38417816162108,34.43272399902344
94586340,2025,2025-02-21,9540,2025-02-13,355,021132,NA,4,3,6,1985,0,1,3,NA,1,145,SR-14 SOUTHBOUND,PLACERITA CYN RD.,1000,N,N,B,C,Y,LA,NA,14,NA,R,28.571,H,NA,L,Y,4,0,1,1,A,-,03,22350,NA,N,E,I,A,B,H,-,C,D,0,NA,NA,NA,NA,Y,NA,A,07,0,0,1,0,0,0,0,0,0,-,-,34.3828010559082,-118.48806762695313,LOS ANGELES,SANTA CLARITA,-118.4879913330078,34.38273239135742
94586343,2025,2025-02-21,9540,2025-02-08,740,024271,NA,6,1,9,1900,0,1,3,NA,2,146,SR-14 N/B,AGUA DULCE CYN RD,5160,S,N,A,-,Y,LA,NA,14,NA,NA,38.776,H,NA,R,Y,3,0,1,1,A,-,08,22107,NA,N,E,8,A,A,H,-,A,D,0,NA,NA,NA,NA,Y,NA,A,07,0,1,0,0,0,0,0,0,0,-,-,34.459320068359375,-118.34474182128906,LOS ANGELES,UNINCORPORATED,-118.34483337402344,34.45941925048828
9458635,2022,2022-06-14,1928,2022-05-13,0736,50384,504,5,5,5,1928,0,0,0,NA,0,502,BIRCH AV,120TH ST,0,NA,Y,A,-,N,NA,NA,NA,NA,NA,NA,NA,NA,NA,Y,4,0,1,2,A,-,03,22350,NA,N,D,G,A,A,H,-,A,A,0,NA,Y,NA,NA,Y,NA,L,04,0,0,1,0,0,0,1,0,0,-,-,33.923648834228516,-118.35034942626952,LOS ANGELES,HAWTHORNE,-118.35028839111328,33.92366409301758
9458637,2022,2022-06-14,1928,2022-05-13,1101,50407,508,5,5,5,1928,0,0,0,NA,0,NA,VAN NESS AV,120TH ST,0,NA,Y,A,-,N,NA,NA,NA,NA,NA,NA,NA,NA,NA,N,4,0,1,2,A,-,03,22350,NA,N,C,C,A,A,H,-,A,A,0,NA,NA,NA,NA,Y,NA,A,01,0,0,1,0,0,0,0,0,0,-,-,33.923648834228516,-118.31775665283205,LOS ANGELES,HAWTHORNE,-118.31783294677734,33.9237174987793
9458638,2022,2022-06-14,1928,2022-05-31,0900,50324,520,2,5,5,1928,0,0,0,NA,0,503,ROSECRANS AV,CERISE AV,0,NA,Y,A,-,N,NA,NA,NA,NA,NA,NA,NA,NA,NA,N,4,0,1,2,A,-,21,22106,NA,M,G,B,B,A,H,-,A,A,0,Y,NA,NA,NA,Y,NA,-,NA,0,0,1,0,1,0,0,0,0,-,-,33.901878356933594,-118.33299255371094,LOS ANGELES,HAWTHORNE,-118.33303833007813,33.90192794799805
94586389,2025,2025-02-21,9590,2025-02-10,1740,018538,NA,1,2,7,1942,0,1,1,NA,2,050,I-110 N/B (HARBOR FWY.),54TH STREET,100,S,N,B,-,Y,LA,NA,110,NA,NA,18.267,H,NA,R,N,3,0,1,3,A,-,03,22350,NA,N,B,C,A,A,H,-,B,D,0,NA,NA,Y,NA,Y,NA,C,02,0,1,0,0,0,0,0,0,1,-,-,33.99293899536133,-118.28034973144533,LOS ANGELES,LOS ANGELES,-118.28043365478516,33.99293899536133
9458639,2022,2022-06-14,1928,2022-05-22,0824,50423,516,7,5,5,1928,0,0,0,NA,0,503,PRAIRIE AV,142ND ST,0,NA,Y,A,-,N,NA,NA,NA,NA,NA,NA,NA,NA,NA,Y,3,0,1,2,A,-,09,21804,A,N,-,C,A,A,H,-,A,D,0,NA,NA,Y,NA,Y,NA,A,08,0,1,0,0,0,0,0,0,1,-,-,33.90304183959961,-118.34396362304688,LOS ANGELES,HAWTHORNE,-118.34386444091795,33.902992248535156
94586391,2025,2025-02-21,9540,2025-02-20,1510,021395,NA,4,2,9,1900,0,1,3,NA,1,144,SR-14 N/B,GOLDEN VALLEY ROAD,4171,S,N,A,-,Y,LA,NA,14,NA,R,28.876,H,NA,R,Y,4,0,1,3,A,-,03,22350,NA,N,C,C,A,A,H,-,A,D,0,NA,NA,NA,NA,Y,NA,A,01,0,0,1,0,0,0,0,0,0,-,-,34.38523864746094,-118.48352813720705,LOS ANGELES,UNINCORPORATED,-118.4835205078125,34.38522720336914
94586393,2025,2025-02-21,9580,2025-02-18,2115,018718,NA,2,2,7,1942,0,1,2,NA,2,104,US-101 N/B (VENTURA FREEWAY),TOPANGA CANYON BLVD,200,N,N,A,-,Y,LA,NA,101,NA,NA,25.394,H,NA,R,N,4,0,1,2,D,-,00,NA,NA,N,C,C,A,A,H,-,C,D,0,NA,NA,NA,Y,Y,NA,-,-,0,0,1,0,0,0,0,0,0,-,-,34.17089080810547,-118.60665130615234,LOS ANGELES,LOS ANGELES,-118.60665130615234,34.1708869934082
9458640,2022,2022-06-14,1928,2022-05-15,0014,50425,501,7,5,5,1928,0,0,0,NA,0,501,HAWTHORNE BL,EL SEGUNDO BL,285,N,N,A,-,N,NA,NA,NA,NA,NA,NA,NA,NA,NA,Y,3,0,2,1,A,-,08,22107,NA,N,-,I,A,A,H,-,C,D,0,NA,NA,NA,NA,Y,NA,A,01,0,1,1,0,0,0,0,0,0,-,-,33.91640090942383,-118.35257720947266,LOS ANGELES,HAWTHORNE,-118.35270690917967,33.91720199584961
94586421,2025,2025-03-18,9590,2025-02-09,1120,023252,NA,7,1,7,1942,0,1,1,NA,2,052,I-110 N/B (HARBOR FREEWAY),ADAMS BOULEVARD,310,S,N,A,-,Y,LA,NA,110,NA,NA,20.641,H,NA,R,N,4,0,1,2,A,-,07,21658,A,F,B,C,A,A,H,-,A,D,0,NA,NA,NA,NA,Y,NA,-,99,0,0,1,0,0,0,0,0,0,-,-,34.02656173706055,-118.2748565673828,LOS ANGELES,LOS ANGELES,-118.27487182617188,34.02656555175781
94586459,2025,2025-03-18,9580,2025-02-10,1148,019952,NA,1,1,7,1942,0,1,2,NA,2,105,US-101 S/B (VENTURA FREEWAY),VENTURA BLVD,250,S,N,A,-,Y,LA,NA,101,NA,NA,25.722,H,NA,L,N,3,0,3,3,A,-,08,22107,NA,N,B,C,A,A,H,-,A,D,0,NA,NA,NA,Y,Y,NA,A,01,0,3,0,0,0,0,0,0,0,-,-,34.16946029663086,-118.61184692382813,LOS ANGELES,LOS ANGELES,-118.61183166503906,34.169437408447266
9458646,2022,2022-06-27,1920,2022-05-24,1229,12605,1920,2,5,6,1920,0,0,0,NA,0,006,PARAMOUNT BL,FIRESTONE BL,0,NA,Y,A,-,N,NA,NA,NA,NA,NA,NA,NA,NA,NA,Y,3,0,5,3,A,-,12,21453,A,N,D,C,A,A,H,-,A,A,0,NA,NA,NA,NA,Y,NA,A,07,0,1,4,0,0,0,0,0,0,-,-,NA,NA,LOS ANGELES,DOWNEY,-118.13795471191406,33.942771911621094
94586463,2025,2025-02-21,9525,2025-02-09,15,023966,NA,7,3,9,1900,0,3,5,NA,2,002,CIENEGA AVE,REEDER AVE,40,E,N,A,-,N,NA,NA,NA,NA,NA,NA,NA,NA,NA,Y,4,0,1,1,A,-,08,22107,NA,N,E,8,A,A,H,-,C,D,0,NA,NA,NA,NA,Y,NA,D,22,0,0,1,0,0,0,0,0,0,-,-,34.10314178466797,-117.85328674316406,LOS ANGELES,UNINCORPORATED,-117.85330963134766,34.10306167602539
94586526,2025,2025-02-21,9550,2025-02-15,1510,023782,NA,6,2,9,1900,0,1,3,NA,2,092,SR-91 E/B,CARMENITA RD,100,E,N,A,-,Y,LA,NA,91,NA,R,20.488,H,NA,R,N,4,0,1,2,A,-,03,22350,NA,M,C,C,A,A,H,-,A,D,0,NA,NA,NA,NA,Y,NA,-,99,0,0,1,0,0,0,0,0,0,-,-,33.863670349121094,-118.04579925537108,LOS ANGELES,UNINCORPORATED,-118.04581451416016,33.86365509033203
9458654,2022,2022-06-28,1925,2022-06-02,1441,27629,220,4,5,6,1925,0,0,0,NA,0,001,RT 134,BRAND BL,5,E,N,A,-,Y,LA,7,134,-,R,7.254,R,1,W,N,4,0,1,2,A,-,09,21804,A,N,D,G,A,A,H,-,A,A,0,NA,Y,NA,NA,Y,NA,L,04,0,0,1,0,0,0,1,0,0,WF,-,NA,NA,LOS ANGELES,GLENDALE,-118.25286102294922,34.156463623046875
94586572,2025,2025-02-21,9550,2025-02-11,1515,023248,NA,2,2,9,1900,0,1,1,NA,2,650,INTERSTATE 605 SOUTHBOUND,SARAGOSA,2495,N,N,A,-,Y,LA,NA,605,NA,R,12.901,H,NA,L,N,4,0,1,2,A,-,03,22350,NA,N,C,C,A,A,H,-,A,D,0,NA,NA,NA,NA,Y,NA,A,01,0,0,1,0,0,0,0,0,0,-,-,33.984310150146484,-118.07279205322266,LOS ANGELES,UNINCORPORATED,-118.07280731201172,33.98432159423828
94586573,2024,2025-02-21,9550,2024-09-11,1745,019321,NA,3,2,9,1900,0,3,5,NA,2,002,MEYER ROAD,UTICA STREET,110,E,N,A,-,N,NA,NA,NA,NA,NA,NA,NA,NA,NA,Y,1,1,0,3,A,-,01,23152,G,N,D,E,A,A,H,-,A,D,0,NA,NA,NA,NA,Y,Y,A,01,0,0,0,0,0,0,0,0,0,-,-,33.9233283996582,-118.04360198974608,LOS ANGELES,UNINCORPORATED,-118.04354095458984,33.92339324951172
94586577,2025,2025-02-21,9550,2025-02-11,1920,024284,NA,2,2,3,1964,0,1,1,NA,2,650,I-605,I-5,200,N,N,A,-,Y,LA,NA,605,NA,R,9.666,H,NA,R,N,4,0,1,2,A,-,03,22350,NA,N,C,C,A,A,H,-,D,D,0,NA,NA,NA,NA,Y,NA,A,01,0,0,1,0,0,0,0,0,0,-,-,33.94184112548828,-118.09622955322266,LOS ANGELES,SANTA FE SPRINGS,-118.0961685180664,33.94181823730469
94586593,2025,2025-02-21,9525,2025-02-19,930,019966,NA,3,1,6,1955,0,1,3,NA,2,071,SR-71 S/B (CHINO VALLEY FWY),PEYTON DR.,1208,N,N,B,-,Y,LA,NA,71,NA,R,4.608,H,NA,R,Y,3,0,1,1,A,-,08,22107,NA,N,F,A,A,A,D,-,A,D,0,NA,NA,NA,Y,Y,NA,F,27,0,1,0,0,0,0,0,0,0,-,-,34.021141052246094,-117.7472915649414,LOS ANGELES,POMONA,-117.74723052978516,34.02118682861328
9458661,2022,2022-06-29,1900,2022-05-19,1732,636283,0642,4,5,6,1985,0,0,0,NA,0,64T1,MCBEAN PKWY,BRIDGEPORT LN,0,NA,Y,A,-,N,NA,NA,NA,NA,NA,NA,NA,NA,NA,Y,3,0,2,2,A,-,09,21453,B,N,A,C,A,A,H,-,A,A,0,NA,NA,NA,NA,Y,NA,D,22,0,2,0,0,0,0,0,0,0,-,-,34.42744827270508,-118.56085968017578,LOS ANGELES,SANTA CLARITA,-118.5610809326172,34.42744064331055
9458665,2022,2022-06-21,1900,2022-05-17,2115,618139,0644,2,5,6,1985,0,0,0,NA,0,64T1,MAGIC MOUNTAIN PKWY,VALENCIA BL,0,NA,Y,A,-,N,NA,NA,NA,NA,NA,NA,NA,NA,NA,Y,4,0,4,3,A,-,12,21453,A,N,D,C,A,A,H,-,C,A,0,NA,NA,NA,NA,Y,NA,A,01,0,0,4,0,0,0,0,0,0,-,-,34.41606140136719,-118.54963684082033,LOS ANGELES,SANTA CLARITA,-118.54984283447266,34.41596221923828
9458681,2022,2022-06-27,1900,2022-05-19,0807,615106,2610,4,5,6,1950,0,0,0,NA,0,262T1,APRICOT DR,CITRUS DR,0,NA,Y,A,-,N,NA,NA,NA,NA,NA,NA,NA,NA,NA,Y,4,0,3,2,A,-,08,22107,NA,N,C,E,A,A,H,-,A,D,0,NA,NA,NA,NA,Y,NA,A,07,0,0,3,0,0,0,0,0,0,-,-,34.56581115722656,-118.09703063964844,LOS ANGELES,PALMDALE,-118.09728240966795,34.56573486328125
9458689,2022,2022-06-29,1900,2022-06-05,1133,639633,2610,7,5,6,1950,0,0,0,NA,0,261T1,PALMDALE BL,SIERRA HWY,0,NA,Y,A,-,N,NA,NA,NA,NA,NA,NA,NA,NA,NA,N,4,0,1,3,A,-,01,23152,F,M,B,C,A,A,H,-,A,A,0,NA,NA,NA,NA,Y,NA,D,22,0,0,1,0,0,0,0,0,0,-,-,34.57958984375,-118.11621856689452,LOS ANGELES,PALMDALE,-118.11662292480467,34.57951354980469
94586927,2025,2025-02-24,9575,2025-02-11,825,022503,NA,2,1,6,1912,0,1,1,NA,2,051,I-5 S/B (GOLDEN STATE FREEWAY),BURBANK BLVD,1420,N,N,A,-,Y,LA,NA,5,NA,NA,30.068,H,NA,L,Y,4,0,1,2,A,-,03,22350,NA,N,C,C,A,A,H,-,A,D,0,NA,NA,NA,Y,Y,NA,A,01,0,0,1,0,0,0,0,0,0,-,-,34.18764877319336,-118.32232666015624,LOS ANGELES,BURBANK,-118.3222885131836,34.18769454956055
94586929,2025,2025-02-24,9575,2025-02-13,1220,019538,NA,4,1,6,1912,0,1,1,NA,2,051,I-5 S/B (GOLDEN STATE FREEWAY),BUENA VISTA ST U/C,300,N,N,B,C,Y,LA,NA,5,NA,NA,31.299,H,NA,L,N,3,0,1,1,A,-,03,22350,NA,N,E,8,A,B,H,-,A,D,0,NA,NA,NA,NA,Y,NA,A,01,0,1,0,0,0,0,0,0,0,-,-,34.19926834106445,-118.33831787109376,LOS ANGELES,BURBANK,-118.33829498291016,34.19928741455078
94586932,2025,2025-02-24,9575,2025-02-13,1200,019538,NA,4,1,6,1912,0,1,1,NA,2,051,I-5 S/B (GOLDEN STATE FREEWAY),BUENA VISTA ST U/C,500,S,N,B,C,Y,LA,NA,5,NA,NA,31.148,H,NA,L,N,3,0,1,2,A,-,03,22350,NA,N,D,C,A,B,H,-,A,D,0,NA,NA,NA,NA,Y,NA,A,01,0,1,0,0,0,0,0,0,0,-,-,34.19763946533203,-118.33657073974608,LOS ANGELES,BURBANK,-118.33657836914064,34.1976318359375
94586937,2025,2025-02-24,9575,2025-02-12,508,021795,NA,3,3,5,1902,0,1,1,NA,2,065,I-210 W/B (FOOTHILL FREEWAY),BALDWIN AVE.,1600,E,N,A,-,Y,LA,NA,210,NA,R,31.147,H,NA,L,N,4,0,1,2,A,-,03,22350,NA,N,C,C,A,B,H,-,C,D,0,NA,NA,NA,NA,Y,NA,A,01,0,0,1,0,0,0,0,0,0,-,-,34.14908981323242,-118.0444793701172,LOS ANGELES,ARCADIA,-118.0444793701172,34.149024963378906
94586947,2025,2025-02-24,9545,2025-02-14,605,023224,NA,5,1,9,1900,0,3,5,NA,2,002,AVENUE S,CALLE GRILLO,20,W,N,C,-,Y,NA,NA,NA,NA,NA,NA,NA,NA,NA,N,4,0,1,2,A,-,03,22350,NA,N,C,C,A,B,H,-,B,A,0,NA,NA,NA,NA,Y,NA,D,22,0,0,1,0,0,0,0,0,0,-,-,34.557899475097656,-118.13043975830078,LOS ANGELES,UNINCORPORATED,-118.13027954101564,34.55792999267578
94586955,2025,2025-02-24,9525,2025-02-21,1546,017046,NA,5,2,1,1934,0,1,1,NA,2,652,I-605 N/B (SAN GABRIEL RIVER FWY),LIVE OAK AVE.,1584,S,N,A,-,Y,LA,NA,605,NA,NA,22.822,H,NA,R,N,4,0,1,2,A,-,03,22350,NA,N,C,C,A,A,H,-,A,D,0,NA,NA,NA,NA,Y,NA,A,01,0,0,1,0,0,0,0,0,0,-,-,34.099090576171875,-117.98503875732422,LOS ANGELES,IRWINDALE,-117.9850845336914,34.099098205566406
94586956,2025,2025-02-24,9525,2025-02-16,1640,023933,NA,7,2,6,1955,0,1,3,NA,2,606,SR-60 E/B (POMONA FWY),PHILLIPS RANCH,2150,W,N,A,-,Y,LA,NA,60,NA,R,27.626,H,NA,R,N,4,0,1,2,A,-,07,21658,A,N,B,C,A,A,H,-,A,D,0,NA,NA,NA,NA,Y,NA,A,07,0,0,1,0,0,0,0,0,0,-,-,34.0258903503418,-117.77771759033205,LOS ANGELES,POMONA,-117.77773284912108,34.025840759277344
94586965,2025,2025-02-24,9525,2025-02-11,1335,018164,NA,2,1,5,1906,0,1,1,NA,2,103,I-10 W/B (SAN BERNARDINO FWY),FRANCISQUITO AVE,940,E,N,A,-,Y,LA,NA,10,NA,NA,32.847,H,NA,L,N,3,0,1,3,A,-,07,21658,A,M,C,C,A,A,H,-,A,D,0,NA,NA,Y,NA,Y,NA,A,01,0,1,0,0,0,0,0,0,1,-,-,34.06909942626953,-117.97091674804688,LOS ANGELES,BALDWIN PARK,-117.97091674804688,34.06907272338867
9458701,2022,2022-06-21,1900,2022-05-30,1550,514671,2611,1,5,6,1950,0,0,0,NA,0,262T1,AVENUE R,5TH ST EAST,0,NA,Y,A,-,N,NA,NA,NA,NA,NA,NA,NA,NA,NA,Y,3,0,4,2,A,-,12,21453,A,N,D,C,A,A,H,-,A,A,0,NA,NA,NA,NA,Y,NA,D,22,0,2,2,0,0,0,0,0,0,-,-,34.572608947753906,-118.12049102783205,LOS ANGELES,PALMDALE,-118.12050628662108,34.572574615478516
9458721,2022,2022-06-15,1920,2022-05-25,0150,13965,NA,3,5,6,1920,0,0,0,NA,0,003,FIRESTONE BL,ARNETT ST,0,NA,Y,A,-,N,NA,NA,NA,NA,NA,NA,NA,NA,NA,Y,4,0,1,2,A,-,07,21658,A,N,B,C,A,A,H,-,C,A,0,NA,NA,NA,NA,Y,NA,A,01,0,0,1,0,0,0,0,0,0,-,-,NA,NA,LOS ANGELES,DOWNEY,-118.15180206298828,33.947200775146484
9458722,2022,2022-06-15,1920,2022-05-26,0710,11792,1920,4,5,6,1920,0,0,0,NA,0,006,LAKEWOOD BL,FIRESTONE BL,0,NA,Y,A,-,N,NA,NA,NA,NA,NA,NA,NA,NA,NA,N,4,0,1,2,A,-,09,21801,A,N,D,C,A,A,H,-,A,A,0,NA,NA,NA,NA,Y,NA,A,01,0,0,1,0,0,0,0,0,0,-,-,NA,NA,LOS ANGELES,DOWNEY,-118.12395477294922,33.93549728393555
9458723,2022,2022-06-15,1942,2022-05-29,1230,42962,1824,7,5,7,1942,0,0,0,R,0,18A26,AVALON BL,104TH ST,0,NA,Y,A,-,N,NA,NA,NA,NA,NA,NA,NA,NA,NA,Y,4,0,1,2,A,-,01,23152,A,N,A,C,A,A,H,-,A,A,0,NA,NA,NA,NA,Y,Y,A,01,0,0,1,0,0,0,0,0,0,-,-,NA,NA,LOS ANGELES,LOS ANGELES,-118.2651824951172,33.941951751708984
9458724,2022,2022-06-15,1942,2022-05-31,1216,41004,0392,2,5,7,1942,0,0,0,C,0,0392,VERNON AV,4TH AV,0,NA,Y,A,-,N,NA,NA,NA,NA,NA,NA,NA,NA,NA,Y,3,0,2,2,A,-,01,23152,A,N,C,C,A,A,H,-,C,A,0,NA,NA,NA,NA,Y,Y,A,07,0,2,0,0,0,0,0,0,0,-,-,NA,NA,LOS ANGELES,LOS ANGELES,-118.47293090820313,33.995277404785156
9458725,2022,2022-07-08,1942,2022-05-24,1300,44715,0312,2,5,7,1942,0,0,0,C,0,3A1,W ADAMS BL,LA BREA AV,20,E,N,A,-,N,NA,NA,NA,NA,NA,NA,NA,NA,NA,N,4,0,1,2,A,-,03,22350,NA,F,C,C,A,A,H,-,A,A,0,NA,NA,NA,NA,Y,NA,-,99,0,0,1,0,0,0,0,0,0,-,-,NA,NA,LOS ANGELES,LOS ANGELES,-118.35086059570313,34.03251266479492
9458727,2022,2022-06-21,1942,2022-05-10,1830,41048,1846,2,5,7,1942,0,0,0,R,0,18B45,IMPERIAL,SUCCESS AV,0,NA,N,A,-,N,NA,NA,NA,NA,NA,NA,NA,NA,NA,Y,4,0,2,2,A,-,09,21800,A,N,D,C,A,A,-,-,A,D,0,NA,NA,NA,NA,Y,NA,A,01,0,0,2,0,0,0,0,0,0,-,-,NA,NA,LOS ANGELES,LOS ANGELES,-118.24932098388672,33.92947006225586
9458728,2022,2022-06-21,1942,2022-05-28,0312,43185,0397,6,5,7,1942,0,0,0,C,0,3A63,NORMANDIE AV,42ND ST,164,S,N,A,-,N,NA,NA,NA,NA,NA,NA,NA,NA,NA,N,2,0,1,3,D,-,00,NA,NA,F,A,C,A,A,H,-,C,A,0,NA,NA,NA,NA,Y,Y,-,-,1,0,0,0,0,0,0,0,0,-,-,NA,NA,LOS ANGELES,LOS ANGELES,-118.30020141601564,34.00688171386719
9458729,2022,2022-06-14,1925,2022-05-31,0803,21092,159,2,5,6,1925,0,0,0,NA,0,004,HARVEY DR,GLENOAKS BL,0,NA,Y,B,-,N,NA,NA,NA,NA,NA,NA,NA,NA,NA,Y,3,0,2,2,A,-,09,21801,A,N,A,C,A,A,H,-,A,A,0,NA,NA,NA,NA,Y,NA,A,01,0,1,1,0,0,0,0,0,0,-,-,NA,NA,LOS ANGELES,GLENDALE,-118.22606658935548,34.15256881713867
9458730,2022,2022-06-14,1942,2022-05-09,0035,41844,1208,1,5,7,1942,0,0,0,L,0,25T33,HOOVER ST,48TH ST,0,N,N,A,-,N,NA,NA,NA,NA,NA,NA,NA,NA,NA,N,2,0,1,2,A,-,03,22350,NA,F,G,B,E,A,H,-,C,D,0,Y,NA,NA,NA,Y,NA,-,99,1,0,0,0,1,0,0,0,0,-,-,NA,NA,LOS ANGELES,LOS ANGELES,-118.28714752197266,33.9996223449707
94587305,2025,2025-02-24,9550,2025-02-16,1800,023782,NA,7,2,5,1919,0,1,1,NA,2,652,I-605 NB,183RD ST,50,N,N,A,-,Y,LA,NA,605,NA,R,4.267,H,NA,R,N,4,0,1,3,A,-,03,22350,NA,N,C,C,A,A,H,-,A,D,0,NA,NA,NA,NA,Y,NA,A,01,0,0,1,0,0,0,0,0,0,-,-,33.865821838378906,-118.09848022460938,LOS ANGELES,CERRITOS,-118.09850311279295,33.865814208984375
9458731,2022,2022-11-01,1925,2022-05-26,2213,27561,2,4,5,6,1925,0,0,0,NA,0,225,CENTRAL AV,CALIFORNIA AV,0,NA,Y,A,-,N,NA,NA,NA,NA,NA,NA,NA,NA,NA,N,4,0,1,2,A,-,08,22107,NA,M,D,G,A,A,H,-,C,A,0,NA,Y,NA,NA,Y,NA,A,01,0,0,1,0,0,0,1,0,0,-,-,NA,NA,LOS ANGELES,GLENDALE,-118.25791168212892,34.149932861328125
9458732,2022,2022-06-14,1925,2022-05-24,0734,36039,239,2,5,6,1925,0,0,0,NA,0,003,VERDUGO RD,BROADWAY,117,S,N,A,-,N,NA,NA,NA,NA,NA,NA,NA,NA,NA,NA,4,0,1,2,A,-,03,22350,NA,M,C,C,A,A,H,-,A,A,0,NA,NA,NA,NA,Y,Y,A,01,0,0,1,0,0,0,0,0,0,-,-,34.146141052246094,-118.23503875732422,LOS ANGELES,GLENDALE,-118.23495483398438,34.145851135253906
94587325,2025,2025-02-24,9550,2025-02-15,1630,023782,NA,6,2,5,1919,0,1,3,NA,2,092,SR-91 E/B,SHOEMAKER AVE,1056,W,N,A,-,Y,LA,NA,91,NA,R,19.538,H,NA,R,Y,2,0,1,2,A,-,08,22107,NA,N,B,C,A,A,H,-,A,D,0,NA,NA,Y,NA,Y,NA,C,02,1,0,0,0,0,0,0,0,1,-,-,33.872249603271484,-118.05890655517578,LOS ANGELES,CERRITOS,-118.05894470214844,33.872215270996094
94587329,2025,2025-02-24,9550,2025-02-16,1801,023782,NA,7,2,5,1919,0,1,1,NA,2,652,I-605 N/B,ARTESIA BLVD,792,S,N,A,-,Y,LA,NA,605,NA,R,4.626,H,NA,R,Y,3,0,1,2,A,-,03,22350,NA,N,C,C,A,A,H,-,A,D,0,NA,NA,NA,NA,Y,NA,A,01,0,1,0,0,0,0,0,0,0,-,-,33.87055969238281,-118.10018920898438,LOS ANGELES,CERRITOS,-118.10027313232422,33.870540618896484