CASE_ID,ACCIDENT_YEAR,PROC_DATE,JURIS,COLLISION_DATE,COLLISION_TIME,OFFICER_ID,REPORTING_DISTRICT,DAY_OF_WEEK,CHP_SHIFT,POPULATION,CNTY_CITY_LOC,SPECIAL_COND,BEAT_TYPE,CHP_BEAT_TYPE,CITY_DIVISION_LAPD,CHP_BEAT_CLASS,BEAT_NUMBER,PRIMARY_RD,SECONDARY_RD,DISTANCE,DIRECTION,INTERSECTION,WEATHER_1,WEATHER_2,STATE_HWY_IND,CALTRANS_COUNTY,CALTRANS_DISTRICT,STATE_ROUTE,ROUTE_SUFFIX,POSTMILE_PREFIX,POSTMILE,LOCATION_TYPE,RAMP_INTERSECTION,SIDE_OF_HWY,TOW_AWAY,COLLISION_SEVERITY,NUMBER_KILLED,NUMBER_INJURED,PARTY_COUNT,PRIMARY_COLL_FACTOR,PCF_CODE_OF_VIOL,PCF_VIOL_CATEGORY,PCF_VIOLATION,PCF_VIOL_SUBSECTION,HIT_AND_RUN,TYPE_OF_COLLISION,MVIW,PED_ACTION,ROAD_SURFACE,ROAD_COND_1,ROAD_COND_2,LIGHTING,CONTROL_DEVICE,CHP_ROAD_TYPE,PEDESTRIAN_ACCIDENT,BICYCLE_ACCIDENT,MOTORCYCLE_ACCIDENT,TRUCK_ACCIDENT,NOT_PRIVATE_PROPERTY,ALCOHOL_INVOLVED,STWD_VEHTYPE_AT_FAULT,CHP_VEHTYPE_AT_FAULT,COUNT_SEVERE_INJ,COUNT_VISIBLE_INJ,COUNT_COMPLAINT_PAIN,COUNT_PED_KILLED,COUNT_PED_INJURED,COUNT_BICYCLIST_KILLED,COUNT_BICYCLIST_INJURED,COUNT_MC_KILLED,COUNT_MC_INJURED,PRIMARY_RAMP,SECONDARY_RAMP,LATITUDE,LONGITUDE,COUNTY,CITY,POINT_X,POINT_Y
94590376,2024,2025-02-26,9550,2024-12-17,2201,023539,NA,2,3,3,1964,0,1,1,NA,2,651,I-605 N/B,FLORENCE AVE U/C,1450,S,N,A,-,Y,LA,NA,605,NA,R,9.03,H,NA,R,Y,4,0,1,2,A,-,03,22350,NA,N,C,E,A,A,H,-,C,D,0,NA,NA,NA,NA,Y,NA,A,07,0,0,1,0,0,0,0,0,0,-,-,33.93349838256836,-118.1006088256836,LOS ANGELES,SANTA FE SPRINGS,-118.10049438476564,33.9334602355957
94590377,2025,2025-04-24,9575,2025-02-13,418,024163,NA,4,3,7,1942,0,1,1,NA,2,050,I-5 N/B (GOLDEN STATE FREEWAY),THE LOS ANGELES RIVER,603,N,N,B,C,Y,LA,NA,5,NA,NA,27.266,H,NA,R,Y,4,0,1,2,D,-,00,NA,NA,N,C,2,A,B,H,-,D,D,0,NA,NA,NA,NA,Y,NA,-,-,0,0,1,0,0,0,0,0,0,-,-,34.15768051147461,-118.29090881347656,LOS ANGELES,LOS ANGELES,-118.2909927368164,34.15764236450195
9459038,2022,2022-06-16,1900,2022-02-23,2315,618166,1351,3,5,3,1927,0,0,0,NA,0,135AE,221ST ST,VIOLETA AV,0,NA,Y,A,-,N,NA,NA,NA,NA,NA,NA,NA,NA,NA,N,4,0,1,2,A,-,12,22450,A,M,D,G,A,A,H,-,C,A,0,NA,Y,NA,NA,Y,NA,L,04,0,0,1,0,0,0,1,0,0,-,-,NA,NA,LOS ANGELES,HAWAIIAN GARDENS,-118.07931518554688,33.827606201171875
94590391,2024,2025-02-26,9550,2024-12-17,2202,023539,NA,2,3,3,1964,0,1,1,NA,2,651,I-605 N/B,FLORENCE AVE U/C,1470,S,N,A,-,Y,LA,NA,605,NA,R,9.033,H,NA,R,Y,4,0,1,3,A,-,03,22350,NA,N,C,E,A,A,H,-,C,A,0,NA,NA,NA,NA,Y,NA,A,07,0,0,1,0,0,0,0,0,0,-,-,33.93354034423828,-118.10059356689452,LOS ANGELES,SANTA FE SPRINGS,-118.10047149658205,33.933502197265625
94590417,2025,2025-02-26,9530,2025-02-13,1615,022079,NA,4,2,9,1900,0,3,5,NA,2,001,FLORENCE AVE.,HOOPER AVE.,200,W,N,B,C,N,NA,NA,NA,NA,NA,NA,NA,NA,NA,Y,4,0,1,2,A,-,09,21801,A,N,D,C,A,A,H,-,A,D,0,NA,NA,NA,NA,Y,NA,D,22,0,0,1,0,0,0,0,0,0,-,-,33.9747200012207,-118.25279998779295,LOS ANGELES,UNINCORPORATED,-118.252685546875,33.97475814819336
94590430,2025,2025-04-29,9530,2025-02-13,630,023235,NA,4,1,7,1942,0,1,1,NA,2,110,I-110 N/B TO W/B I-105,IMPERIAL HIGHWAY,100,S,N,C,-,Y,NA,NA,NA,NA,NA,NA,NA,NA,NA,N,4,0,1,2,A,-,08,22107,NA,N,E,8,A,B,H,-,A,D,0,NA,NA,NA,Y,Y,NA,A,01,0,0,1,0,0,0,0,0,0,-,-,33.929351806640625,-118.27993011474608,LOS ANGELES,LOS ANGELES,-118.28013610839844,33.930728912353516
94590431,2025,2025-02-26,9590,2025-02-13,750,019134,NA,4,1,7,1942,0,1,1,NA,2,053,I-110 S/B (HARBOR FREEWAY),8TH STREET,430,S,N,B,C,Y,LA,NA,110,NA,NA,22.363,H,NA,L,N,4,0,1,1,A,-,08,22107,NA,N,E,I,A,B,H,-,A,D,0,NA,NA,NA,NA,Y,NA,A,07,0,0,1,0,0,0,0,0,0,-,-,34.04875946044922,-118.2655792236328,LOS ANGELES,LOS ANGELES,-118.26551055908205,34.048683166503906
94590447,2025,2025-02-26,9575,2025-02-13,2157,024142,NA,4,2,7,1942,0,1,1,NA,2,050,I-5 N/B (GOLDEN STATE FREEWAY) FROM COLORADO ST. F,COLORADO ST. FREEWAY EXTENSION,415,N,N,C,-,Y,LA,NA,5,NA,NA,25.862,H,NA,R,Y,4,0,1,1,A,-,03,22350,NA,N,E,I,A,B,H,-,C,D,0,NA,NA,NA,NA,Y,NA,J,48,0,0,1,0,0,0,0,0,0,-,-,34.14208984375,-118.27771759033205,LOS ANGELES,LOS ANGELES,-118.27786254882813,34.14207077026367
94590470,2025,2025-02-26,9540,2025-02-24,1825,023508,NA,1,2,7,1942,0,1,1,NA,1,502,I-5 NORTHBOUND,I-210,100,S,N,A,-,Y,LA,NA,5,NA,R,43.556,H,NA,R,Y,4,0,2,4,A,-,03,22350,NA,N,C,C,A,A,H,-,C,D,0,NA,NA,NA,NA,Y,NA,A,07,0,0,2,0,0,0,0,0,0,-,-,34.31114959716797,-118.48654174804688,LOS ANGELES,LOS ANGELES,-118.48657989501952,34.31113052368164
94590473,2025,2025-02-26,9545,2025-02-14,715,020140,NA,5,1,9,1900,0,3,5,NA,2,004,AVENUE J,210TH STREET EAST,30,E,N,B,G,N,NA,NA,NA,NA,NA,NA,NA,NA,NA,Y,3,0,1,1,A,-,08,22107,NA,N,E,I,A,A,H,-,A,D,0,NA,NA,NA,NA,Y,NA,A,01,0,1,0,0,0,0,0,0,0,-,-,34.68986129760742,-117.75601196289064,LOS ANGELES,UNINCORPORATED,-117.75604248046876,34.6898193359375
94590504,2025,2025-02-26,9545,2025-02-20,1550,016124,NA,4,2,9,1900,0,3,5,NA,1,005,AVENUE O,180TH ST EAST,528,E,N,A,-,N,NA,NA,NA,NA,NA,NA,NA,NA,NA,Y,4,0,1,2,A,-,09,21804,A,N,D,C,A,A,H,-,A,D,0,NA,NA,NA,NA,Y,NA,A,01,0,0,1,0,0,0,0,0,0,-,-,34.61663055419922,-117.8073501586914,LOS ANGELES,UNINCORPORATED,-117.80763244628906,34.61663818359375
94590525,2025,2025-02-26,9540,2025-02-18,1855,024146,NA,2,2,7,1942,0,1,1,NA,1,503,I-5 S/B,BALBOA BLVD,1531,N,N,A,-,Y,LA,NA,5,NA,R,44.731,H,NA,L,Y,2,0,1,1,A,-,03,22350,NA,N,E,I,A,A,H,-,C,D,0,NA,NA,Y,NA,Y,NA,C,02,1,0,0,0,0,0,0,0,1,-,-,34.32324981689453,-118.50048065185548,LOS ANGELES,LOS ANGELES,-118.50048065185548,34.32324981689453
94590530,2025,2025-02-26,9540,2025-02-17,1450,018024,NA,1,2,9,1900,0,2,4,NA,1,202,SOLEDAD CANYON RD,AGUA DULCE CYN RD,4224,E,N,B,-,N,NA,NA,NA,NA,NA,NA,NA,NA,NA,Y,4,0,1,1,A,-,08,22107,NA,N,E,I,A,A,H,-,A,D,0,NA,NA,NA,NA,Y,NA,A,01,0,0,1,0,0,0,0,0,0,-,-,34.43722915649414,-118.32984161376952,LOS ANGELES,UNINCORPORATED,-118.32334136962892,34.43824005126953
94590535,2025,2025-02-26,9530,2025-02-13,445,023235,NA,4,3,7,1941,0,1,1,NA,2,410,I-405 S/B (SAN DIEGO FREEWAY),ALAMEDA ST.,200,N,N,C,-,Y,LA,NA,405,NA,NA,8.923,H,NA,L,Y,3,0,1,2,A,-,03,22350,NA,N,C,C,A,B,H,-,C,D,0,NA,NA,Y,NA,Y,NA,C,02,0,1,0,0,0,0,0,0,1,-,-,33.82564926147461,-118.23037719726564,LOS ANGELES,LONG BEACH,-118.23038482666016,33.82554626464844
94590543,2025,2025-02-26,9575,2025-02-15,718,023009,NA,6,1,7,1942,0,1,3,NA,2,070,SR-118 W/B (RONALD REAGAN FREEWAY),SAN FERNANDO RD,514,W,N,A,-,Y,LA,NA,118,NA,R,12.293,H,NA,L,N,4,0,1,2,A,-,03,22350,NA,N,C,C,A,A,H,-,A,D,0,NA,NA,NA,NA,Y,NA,D,22,0,0,1,0,0,0,0,0,0,-,-,34.271480560302734,-118.43035888671876,LOS ANGELES,LOS ANGELES,-118.4303970336914,34.271514892578125
94590544,2025,2025-02-26,9550,2025-02-14,1300,023712,NA,5,1,5,1919,0,1,1,NA,2,652,I-605 SOUTHBOUND,183RD ST,300,S,N,A,-,Y,LA,NA,605,NA,R,4.196,H,NA,L,Y,4,0,1,3,A,-,03,22350,NA,N,C,C,A,A,H,-,A,D,0,NA,NA,NA,NA,Y,NA,A,01,0,0,1,0,0,0,0,0,0,-,-,33.86478042602539,-118.09848022460938,LOS ANGELES,CERRITOS,-118.09846496582033,33.864784240722656
94590556,2025,2025-02-26,9535,2025-02-12,805,024280,NA,3,1,9,1900,0,2,4,NA,2,011,MICHIGAN AVENUE,EASTERN AVENUE,0,NA,Y,B,-,N,NA,NA,NA,NA,NA,NA,NA,NA,NA,N,4,0,2,2,A,-,12,21453,A,N,D,C,A,B,H,-,A,A,0,NA,NA,NA,NA,Y,NA,A,01,0,0,2,0,0,0,0,0,0,-,-,34.03874969482422,-118.1736068725586,LOS ANGELES,UNINCORPORATED,-118.17359924316406,34.038719177246094
94590567,2025,2025-02-26,9540,2025-02-12,1315,020678,NA,3,1,7,1942,0,1,1,NA,2,500,I-5 N/B (GOLDEN STATE FWY),RINALDI ST.,1200,N,N,C,-,Y,LA,NA,5,NA,NA,40.7,H,NA,R,Y,4,0,1,3,A,-,13,22515,A,M,B,C,A,B,H,-,A,D,0,NA,NA,NA,Y,Y,NA,G,25,0,0,1,0,0,0,0,0,0,-,-,34.2823600769043,-118.45704650878906,LOS ANGELES,LOS ANGELES,-118.45710754394533,34.28233337402344
94590575,2025,2025-02-26,9540,2025-02-14,1330,021118,NA,5,1,6,1985,0,1,1,NA,2,506,I-5 N/B,VALENCIA BLVD,761,N,N,A,-,Y,LA,NA,5,NA,R,52.568,H,NA,R,N,4,0,1,2,A,-,07,21658,A,N,B,C,A,A,D,-,A,D,0,NA,NA,NA,Y,Y,NA,A,07,0,0,1,0,0,0,0,0,0,-,-,34.40974044799805,-118.5767822265625,LOS ANGELES,SANTA CLARITA,-118.57680511474608,34.409732818603516
94590577,2025,2025-02-26,9540,2025-02-14,1615,021372,NA,5,2,6,1985,0,1,3,NA,1,144,SR-14 NORTHBOUND (ANTELOPE VALLEY FREEWAY),NEWHALL AVENUE,1715,N,N,A,-,Y,LA,NA,14,NA,R,27.385,H,NA,R,Y,4,0,1,3,A,-,03,22350,NA,F,C,C,A,A,H,-,A,D,0,NA,NA,NA,NA,Y,NA,-,99,0,0,1,0,0,0,0,0,0,-,-,34.36946105957031,-118.5009307861328,LOS ANGELES,SANTA CLARITA,-118.50098419189452,34.369483947753906
94590580,2025,2025-02-26,9540,2025-02-14,1825,023330,NA,5,2,6,1985,0,2,4,NA,2,010,THE OLD RD,PICO CANYON RD,370,S,N,A,-,N,NA,NA,NA,NA,NA,NA,NA,NA,NA,Y,3,0,1,2,A,-,09,21804,A,N,D,C,A,A,H,-,C,D,0,NA,NA,NA,NA,Y,NA,A,01,0,1,0,0,0,0,0,0,0,-,-,34.37984085083008,-118.57086944580078,LOS ANGELES,SANTA CLARITA,-118.57086181640624,34.38005828857422
94590587,2025,2025-02-26,9540,2025-02-16,1515,023847,NA,7,2,7,1942,0,1,1,NA,1,502,I-5 N/B (GOLDEN STATE FREEWAY) FROM ROXFORD ST,ROXFORD ST,792,N,N,A,-,Y,LA,NA,5,NA,NA,42.805,H,NA,R,Y,4,0,1,2,A,-,17,23114,A,M,A,J,A,A,H,-,A,D,0,NA,NA,NA,NA,Y,NA,-,99,0,0,1,0,0,0,0,0,0,-,-,34.305110931396484,-118.48101806640624,LOS ANGELES,LOS ANGELES,-118.4811553955078,34.305023193359375
94590589,2025,2025-02-26,9540,2025-02-16,1305,024257,NA,7,1,9,1900,0,1,3,NA,1,144,SR-14 N/B,PLACERITA CANYON RD,2112,N,N,A,-,Y,LA,NA,14,NA,R,28.261,H,NA,R,Y,3,0,1,2,A,-,07,21658,A,N,B,2,A,A,H,-,A,D,0,NA,NA,NA,NA,Y,NA,A,07,0,1,0,0,0,0,0,0,0,-,-,34.37937927246094,-118.49154663085938,LOS ANGELES,UNINCORPORATED,-118.49150848388672,34.37934494018555
9459063,2022,2022-06-10,1942,2022-05-04,0120,42664,0721,3,5,7,1942,0,0,0,G,0,27T35,BEVERLY BL,SAN VICENTE BL,0,NA,Y,A,-,N,NA,NA,NA,NA,NA,NA,NA,NA,NA,Y,3,0,2,2,A,-,01,23152,A,N,D,C,A,A,H,-,C,A,0,NA,NA,NA,NA,Y,Y,A,01,0,1,1,0,0,0,0,0,0,-,-,NA,NA,LOS ANGELES,LOS ANGELES,-118.37938690185548,34.07654571533203
94590631,2025,2025-02-26,9535,2025-02-13,1140,024308,NA,4,1,6,1922,0,1,1,NA,2,400,I-10 E/B (SAN BERNARDINO FWY),VALLEY BLVD,910,E,N,C,-,Y,LA,NA,10,NA,NA,29.751,H,NA,R,N,3,0,1,2,A,-,03,22350,NA,N,C,C,A,B,H,-,A,D,0,NA,NA,NA,Y,Y,NA,F,26,0,1,0,0,0,0,0,0,0,-,-,34.06792068481445,-118.0234603881836,LOS ANGELES,EL MONTE,-118.02345275878906,34.067970275878906
94590634,2025,2025-02-26,9590,2025-02-10,1305,019134,NA,1,1,7,1942,0,1,1,NA,2,081,I-5 S/B (GOLDEN STATE FREEWAY),WHITTIER BOULEVARD,15,S,N,B,-,Y,LA,NA,5,NA,NA,17.041,H,NA,L,N,4,0,1,2,A,-,03,22350,NA,F,C,C,A,A,H,-,A,D,0,NA,NA,NA,NA,Y,NA,-,99,0,0,1,0,0,0,0,0,0,-,-,34.036338806152344,-118.22064208984376,LOS ANGELES,LOS ANGELES,-118.22069549560548,34.03635787963867
9459064,2022,2022-06-10,1942,2022-05-11,1700,42665,0784,3,5,7,1942,0,0,0,G,0,27TL23,LA BREA AV,23RD ST,50,N,N,A,-,N,NA,NA,NA,NA,NA,NA,NA,NA,NA,Y,4,0,1,2,A,-,03,22350,NA,N,C,C,A,A,H,-,A,D,0,NA,NA,NA,NA,Y,NA,A,01,0,0,1,0,0,0,0,0,0,-,-,NA,NA,LOS ANGELES,LOS ANGELES,-118.34945678710938,34.035980224609375
9459065,2022,2022-06-10,1942,2022-05-03,1615,42834,0762,2,5,7,1942,0,0,0,G,0,27Q15W,LA CIENEGA BL,18TH ST,0,NA,Y,A,-,N,NA,NA,NA,NA,NA,NA,NA,NA,NA,Y,4,0,2,3,A,-,12,21453,A,F,D,C,A,A,H,-,A,A,0,NA,NA,NA,NA,Y,NA,A,01,0,0,2,0,0,0,0,0,0,-,-,NA,NA,LOS ANGELES,LOS ANGELES,-118.37683868408205,34.04450607299805
94590650,2025,2025-02-26,9550,2025-02-14,1730,024057,NA,5,2,9,1900,0,1,3,NA,2,602,SR-60 WESTBOUND,FULLERTON RD.,2800,E,N,A,-,Y,LA,NA,60,NA,NA,20.025,H,NA,L,N,3,0,1,2,A,-,03,22350,NA,N,C,C,A,A,H,-,D,D,0,NA,NA,NA,NA,Y,NA,A,07,0,1,0,0,0,0,0,0,0,-,-,33.99428176879883,-117.89565277099608,LOS ANGELES,UNINCORPORATED,-117.89565277099608,33.9942741394043
94590653,2025,2025-03-18,9590,2025-02-14,1910,023970,NA,5,2,7,1942,0,1,2,NA,2,073,US-101 S/B (HOLLYWOOD FREEWAY),ODIN ST,400,S,N,A,-,Y,LA,NA,101,NA,NA,7.664,H,NA,L,N,4,0,1,2,A,-,07,21658,A,N,B,C,A,A,H,-,C,D,0,NA,NA,NA,NA,Y,NA,A,01,0,0,1,0,0,0,0,0,0,-,-,34.10953903198242,-118.33367919921876,LOS ANGELES,LOS ANGELES,-118.33363342285156,34.109580993652344
9459066,2022,2022-06-17,1942,2022-05-12,0500,42879,1453,4,5,7,1942,0,0,0,N,0,14A45,MAXELLA AV,REDWOOD AV,350,W,N,A,-,N,NA,NA,NA,NA,NA,NA,NA,NA,NA,Y,4,0,1,1,A,-,01,23152,F,N,E,I,A,A,H,-,C,A,0,NA,NA,NA,NA,Y,NA,A,07,0,0,1,0,0,0,0,0,0,-,-,NA,NA,LOS ANGELES,LOS ANGELES,-118.43885803222656,33.98789978027344
94590660,2025,2025-02-26,9550,2025-02-14,1645,023937,NA,5,2,5,1908,0,1,3,NA,2,091,I-605 SB,ARTESIA BOULEVARD,500,S,N,A,-,Y,LA,NA,605,NA,R,4.642,H,NA,L,Y,3,0,2,3,A,-,08,22107,NA,N,D,C,A,A,H,-,A,D,0,NA,NA,NA,NA,Y,NA,A,07,0,1,1,0,0,0,0,0,0,-,-,33.87078857421875,-118.10067749023438,LOS ANGELES,BELLFLOWER,-118.10062408447266,33.87080383300781
9459067,2022,2022-06-10,1942,2022-05-05,1100,34882,0738,4,5,7,1942,0,0,0,G,0,27M116,HIGHLAND AV,4TH ST,0,NA,Y,A,-,N,NA,NA,NA,NA,NA,NA,NA,NA,NA,Y,3,0,2,2,A,-,09,21801,A,N,D,C,A,A,H,-,A,D,0,NA,NA,NA,NA,Y,NA,A,01,0,1,1,0,0,0,0,0,0,-,-,NA,NA,LOS ANGELES,LOS ANGELES,-118.33863067626952,34.066890716552734
9459068,2022,2022-06-10,1942,2022-05-09,2000,44299,0833,1,5,7,1942,0,0,0,H,0,27T31W,VETERAN AV,OHIO AV,0,NA,Y,A,-,N,NA,NA,NA,NA,NA,NA,NA,NA,NA,N,3,0,1,2,A,-,09,21801,A,F,H,G,A,A,H,-,B,A,0,NA,Y,NA,NA,Y,NA,-,99,0,1,0,0,0,0,1,0,0,-,-,NA,NA,LOS ANGELES,LOS ANGELES,-118.44320678710938,34.052490234375
94590703,2025,2025-02-26,9565,2025-02-13,1545,023177,NA,4,2,9,1900,0,2,4,NA,2,022,NORMANDIE AVE.,103RD ST.,0,NA,Y,C,-,N,NA,NA,NA,NA,NA,NA,NA,NA,NA,N,3,0,1,2,A,-,09,21801,A,N,D,C,A,B,H,-,A,A,0,NA,NA,NA,NA,Y,NA,A,01,0,1,0,0,0,0,0,0,0,-,-,33.94322967529297,-118.30032348632813,LOS ANGELES,UNINCORPORATED,-118.30030059814452,33.94320297241211
94590733,2025,2025-02-26,9590,2025-02-20,541,021823,NA,4,3,7,1942,0,1,1,NA,2,051,I-110 S/B (HARBOR FREEWAY),VERNON AVE,100,N,N,A,-,Y,LA,NA,110,NA,NA,19.041,H,NA,L,N,4,0,1,3,A,-,07,21658,A,F,B,C,A,A,H,-,C,D,0,NA,NA,NA,NA,Y,NA,-,99,0,0,1,0,0,0,0,0,0,-,-,34.00419998168945,-118.28121948242188,LOS ANGELES,LOS ANGELES,-118.28115081787108,34.00419998168945
94590736,2025,2025-02-26,9575,2025-02-15,2135,022651,NA,6,2,9,1900,0,2,4,NA,2,083,CALIFORNIA BLVD.,LOTUS AVE.,0,NA,Y,A,-,N,NA,NA,NA,NA,NA,NA,NA,NA,NA,Y,4,0,3,2,A,-,09,21802,A,N,D,C,A,A,H,-,C,A,0,NA,NA,NA,NA,Y,NA,A,07,0,0,3,0,0,0,0,0,0,-,-,34.13536071777344,-118.07633209228516,LOS ANGELES,UNINCORPORATED,-118.07632446289064,34.135414123535156
94590742,2024,2025-02-26,9530,2024-08-28,45,022022,NA,3,3,9,1900,0,3,5,NA,2,001,ALAMEDA STREET (8000 BLOCK),NADEAU STREET,300,S,N,A,-,N,NA,NA,NA,NA,NA,NA,NA,NA,NA,Y,1,1,0,2,A,-,08,22107,NA,F,E,8,A,A,H,-,C,D,0,NA,Y,NA,NA,Y,NA,A,01,0,0,0,0,0,1,0,0,0,-,-,33.96635818481445,-118.23307037353516,LOS ANGELES,UNINCORPORATED,-118.23303985595705,33.96664047241211
94590746,2025,2025-02-26,9525,2025-02-20,848,022770,NA,4,1,4,1905,0,1,1,NA,2,203,I-210 W/B (FOOTHILL FREEWAY),CITRUS AVENUE,650,W,N,A,-,Y,LA,NA,210,NA,R,40.472,H,NA,L,Y,4,0,2,4,A,-,03,22350,NA,N,C,C,A,A,H,-,A,D,0,NA,NA,NA,NA,Y,NA,A,07,0,0,2,0,0,0,0,0,0,-,-,34.12097930908203,-117.89247131347656,LOS ANGELES,AZUSA,-117.89247131347656,34.12099075317383
94590769,2025,2025-02-26,9580,2025-02-22,2110,023284,NA,6,2,7,1942,0,1,1,NA,2,404,I-405 N/B (SAN DIEGO FWY),SEPULVEDA BLVD,1690,S,N,A,-,Y,LA,NA,405,NA,NA,38.263,H,NA,R,N,3,0,2,2,A,-,03,22350,NA,N,C,C,A,A,H,-,C,D,0,NA,NA,NA,NA,Y,NA,A,07,0,1,1,0,0,0,0,0,0,-,-,34.14373016357422,-118.4710693359375,LOS ANGELES,LOS ANGELES,-118.47113037109376,34.14373779296875
94590784,2025,2025-02-26,9525,2025-02-13,526,023070,NA,4,3,9,1900,0,3,5,NA,2,004,AMAR RD,VALINDA AVE,0,NA,Y,C,-,N,NA,NA,NA,NA,NA,NA,NA,NA,NA,Y,3,0,2,2,A,-,12,21453,A,N,D,C,A,B,H,-,C,A,0,NA,NA,NA,NA,Y,NA,A,01,0,1,1,0,0,0,0,0,0,-,-,34.03567886352539,-117.9262466430664,LOS ANGELES,UNINCORPORATED,-117.92633819580078,34.03569412231445
94590841,2025,2025-02-26,9535,2025-02-13,920,024308,NA,4,1,9,1900,0,1,1,NA,2,651,I-605 S/B TO SR-60 E/B,SR-60,380,S,N,C,-,Y,NA,NA,NA,NA,NA,NA,NA,NA,NA,Y,3,0,1,1,A,-,03,22350,NA,N,E,I,A,B,H,-,A,D,0,NA,NA,NA,NA,Y,NA,A,01,0,1,0,0,0,0,0,0,0,-,-,34.033668518066406,-118.02908325195313,LOS ANGELES,UNINCORPORATED,-118.0281219482422,34.033390045166016
94590851,2025,2025-02-26,9530,2025-02-14,2230,024223,NA,5,3,9,1900,0,3,5,NA,2,001,COMPTON AVE.,80TH ST.,0,NA,Y,A,-,N,NA,NA,NA,NA,NA,NA,NA,NA,NA,N,4,0,1,2,A,-,05,21650,NA,N,D,C,A,A,H,-,C,D,0,NA,NA,NA,NA,Y,NA,M,94,0,0,1,0,0,0,0,0,0,-,-,33.96662139892578,-118.2475814819336,LOS ANGELES,UNINCORPORATED,-118.2476806640625,33.96656799316406
94590852,2025,2025-02-26,9575,2025-02-17,1436,021538,NA,1,2,9,1900,0,3,5,NA,2,002,CASITAS AVE. (3100 BLOCK),DEVIRIAN PL.,120,N,N,B,-,N,NA,NA,NA,NA,NA,NA,NA,NA,NA,Y,4,0,1,3,A,-,08,22107,NA,N,A,E,A,A,H,-,A,D,0,NA,NA,NA,NA,Y,NA,A,07,0,0,1,0,0,0,0,0,0,-,-,34.198280334472656,-118.16226196289064,LOS ANGELES,UNINCORPORATED,-118.16217803955078,34.198448181152344
94590872,2025,2025-02-26,9575,2025-02-23,1135,024267,NA,7,1,9,1900,0,1,1,NA,2,064,MICHILLINDA AVE.,COLORADO BLVD.,0,NA,Y,A,-,N,NA,NA,NA,NA,NA,NA,NA,NA,NA,N,4,0,1,3,A,-,09,21801,A,N,D,2,A,A,H,-,A,A,0,NA,NA,NA,NA,Y,NA,A,01,0,0,1,0,0,0,0,0,0,-,-,34.14796829223633,-118.06777191162108,LOS ANGELES,UNINCORPORATED,-118.06779479980467,34.147926330566406
94590875,2025,2025-02-26,9535,2025-02-10,2350,023567,NA,1,3,9,1900,0,1,3,NA,2,620,SR-60 EB TO I-605 NB,I-605 (SAN GABRIEL RIVER FREEWAY),590,W,N,A,-,Y,NA,NA,NA,NA,NA,NA,NA,NA,NA,N,4,0,1,1,A,-,08,22107,NA,N,F,J,A,A,H,-,D,D,0,NA,NA,NA,NA,Y,NA,A,01,0,0,1,0,0,0,0,0,0,-,-,34.034610748291016,-118.02969360351564,LOS ANGELES,UNINCORPORATED,-118.02735137939452,34.033958435058594
94590879,2025,2025-02-26,9535,2025-02-10,1020,024194,NA,1,1,3,1914,0,1,1,NA,2,500,I-5 N/B (SANTA ANA FREEWAY) TO GARFIELD AVE,GARFIELD AVE.,106,S,N,A,-,Y,LA,NA,5,NA,NA,10.676,H,NA,R,N,3,0,3,4,A,-,03,22350,NA,N,C,C,A,A,H,-,A,A,0,NA,NA,NA,NA,Y,NA,A,08,0,3,0,0,0,0,0,0,0,-,-,33.98563003540039,-118.13468933105467,LOS ANGELES,COMMERCE,-118.13477325439452,33.98554229736328
94590885,2025,2025-02-26,9535,2025-02-08,1458,023930,NA,6,2,9,1900,0,3,5,NA,2,002,DEWAR AVE (5300 BLOCK),MARGARET AVE,150,N,N,A,-,N,NA,NA,NA,NA,NA,NA,NA,NA,NA,N,4,0,1,2,D,-,00,NA,NA,N,C,C,A,A,H,-,A,D,0,NA,NA,NA,NA,Y,NA,-,-,0,0,1,0,0,0,0,0,0,-,-,34.031280517578125,-118.1488037109375,LOS ANGELES,UNINCORPORATED,-118.1487045288086,34.03125762939453
94590894,2025,2025-02-26,9535,2025-02-03,654,023258,NA,1,1,5,1948,0,1,1,NA,2,420,I-10 E/B TO I-710 SB,CAMPUS RD,550,E,N,A,-,Y,NA,NA,NA,NA,NA,NA,NA,NA,NA,N,4,0,1,2,A,-,08,22107,NA,N,B,C,A,A,H,-,A,D,0,NA,NA,NA,Y,Y,NA,G,25,0,0,1,0,0,0,0,0,0,-,-,34.06119155883789,-118.16911315917967,LOS ANGELES,MONTEREY PARK,-118.17093658447266,34.06135940551758
9459094,2022,2022-06-10,1916,2022-05-25,2225,3035,E60R2,3,5,4,1916,0,0,0,NA,0,EAST,COVINA HILLS RD,CHAPARRO RD,444,W,N,A,-,N,NA,NA,NA,NA,NA,NA,NA,NA,NA,Y,2,0,1,1,A,-,08,22107,NA,N,F,A,A,A,H,-,C,D,0,NA,NA,Y,NA,Y,NA,C,02,1,0,0,0,0,0,0,0,1,-,-,34.07722091674805,-117.86563110351564,LOS ANGELES,COVINA,-117.8658447265625,34.076934814453125