CASE_ID,ACCIDENT_YEAR,PROC_DATE,JURIS,COLLISION_DATE,COLLISION_TIME,OFFICER_ID,REPORTING_DISTRICT,DAY_OF_WEEK,CHP_SHIFT,POPULATION,CNTY_CITY_LOC,SPECIAL_COND,BEAT_TYPE,CHP_BEAT_TYPE,CITY_DIVISION_LAPD,CHP_BEAT_CLASS,BEAT_NUMBER,PRIMARY_RD,SECONDARY_RD,DISTANCE,DIRECTION,INTERSECTION,WEATHER_1,WEATHER_2,STATE_HWY_IND,CALTRANS_COUNTY,CALTRANS_DISTRICT,STATE_ROUTE,ROUTE_SUFFIX,POSTMILE_PREFIX,POSTMILE,LOCATION_TYPE,RAMP_INTERSECTION,SIDE_OF_HWY,TOW_AWAY,COLLISION_SEVERITY,NUMBER_KILLED,NUMBER_INJURED,PARTY_COUNT,PRIMARY_COLL_FACTOR,PCF_CODE_OF_VIOL,PCF_VIOL_CATEGORY,PCF_VIOLATION,PCF_VIOL_SUBSECTION,HIT_AND_RUN,TYPE_OF_COLLISION,MVIW,PED_ACTION,ROAD_SURFACE,ROAD_COND_1,ROAD_COND_2,LIGHTING,CONTROL_DEVICE,CHP_ROAD_TYPE,PEDESTRIAN_ACCIDENT,BICYCLE_ACCIDENT,MOTORCYCLE_ACCIDENT,TRUCK_ACCIDENT,NOT_PRIVATE_PROPERTY,ALCOHOL_INVOLVED,STWD_VEHTYPE_AT_FAULT,CHP_VEHTYPE_AT_FAULT,COUNT_SEVERE_INJ,COUNT_VISIBLE_INJ,COUNT_COMPLAINT_PAIN,COUNT_PED_KILLED,COUNT_PED_INJURED,COUNT_BICYCLIST_KILLED,COUNT_BICYCLIST_INJURED,COUNT_MC_KILLED,COUNT_MC_INJURED,PRIMARY_RAMP,SECONDARY_RAMP,LATITUDE,LONGITUDE,COUNTY,CITY,POINT_X,POINT_Y
9459095,2022,2022-06-10,1916,2022-05-10,1903,2949,W21R1,2,5,4,1916,0,0,0,NA,0,WEST,PUENTE ST,ARMEL AV,19,E,N,A,-,N,NA,NA,NA,NA,NA,NA,NA,NA,NA,Y,4,0,2,3,A,-,04,21703,NA,N,C,C,A,A,H,-,A,D,0,NA,NA,NA,NA,Y,NA,A,01,0,0,2,0,0,0,0,0,0,-,-,34.08293151855469,-117.90319061279295,LOS ANGELES,COVINA,-117.9032745361328,34.08271789550781
94590955,2025,2025-02-26,9590,2025-02-19,850,015575,NA,3,1,7,1942,0,1,3,NA,2,095,SR-2 W/B (GLENDALE FREEWAY),VERDUGO ROAD,105,E,N,A,-,Y,LA,NA,2,NA,R,17.056,H,NA,L,N,4,0,1,2,A,-,03,22350,NA,N,C,C,A,A,H,-,A,D,0,NA,NA,NA,NA,Y,NA,A,01,0,0,1,0,0,0,0,0,0,-,-,34.12187957763672,-118.22962188720705,LOS ANGELES,LOS ANGELES,-118.22956085205078,34.121849060058594
9459096,2022,2022-06-10,1900,2022-05-28,2000,524971,2924,6,5,5,1990,0,0,0,NA,0,292K3,DIAMOND BAR BL,MONTEFINO AV,624,S,N,A,-,N,NA,NA,NA,NA,NA,NA,NA,NA,NA,Y,4,0,1,3,A,-,08,22107,NA,N,C,E,A,A,H,-,A,D,0,NA,NA,NA,NA,Y,Y,A,01,0,0,1,0,0,0,0,0,0,-,-,33.99774169921875,-117.81284332275392,LOS ANGELES,DIAMOND BAR,-117.81378173828124,33.99651336669922
9459097,2022,2022-06-10,1900,2022-05-26,1030,520671,2922,4,5,5,1990,0,0,0,NA,0,292T1,DIAMOND BAR BL,GOLD RUSH DR,480,N,N,A,-,N,NA,NA,NA,NA,NA,NA,NA,NA,NA,Y,3,0,3,2,A,-,09,21804,A,N,D,C,A,A,H,-,A,D,0,NA,NA,NA,NA,Y,NA,A,01,0,3,0,0,0,0,0,0,0,-,-,34.01646041870117,-117.80709838867188,LOS ANGELES,DIAMOND BAR,-117.80709838867188,34.01538848876953
9459098,2022,2022-06-13,1900,2022-05-23,0907,520671,2928,1,5,5,1990,0,0,0,NA,0,292T1,LYCOMING ST,BREA CANYON RD,37,E,N,A,-,N,NA,NA,NA,NA,NA,NA,NA,NA,NA,N,4,0,1,2,A,-,03,22350,NA,N,C,C,A,A,H,-,A,A,0,NA,NA,NA,NA,Y,NA,A,07,0,0,1,0,0,0,0,0,0,-,-,34.00291061401367,-117.8459930419922,LOS ANGELES,DIAMOND BAR,-117.84625244140624,34.002891540527344
9459100,2022,2022-06-13,1925,2022-05-24,1436,21092,232,2,5,6,1925,0,0,0,NA,0,004,DORAN ST,JACKSON ST,146,E,N,A,-,N,NA,NA,NA,NA,NA,NA,NA,NA,NA,N,3,0,1,2,A,-,03,22350,NA,N,B,C,A,A,H,-,A,D,0,NA,NA,NA,NA,Y,NA,A,01,0,1,0,0,0,0,0,0,0,-,-,NA,NA,LOS ANGELES,GLENDALE,-118.24974822998048,34.15469741821289
9459101,2022,2022-06-09,1925,2022-05-25,1106,28122,138,3,5,6,1925,0,0,0,NA,0,005,CANADA BL,FERNBROOK PL,0,NA,Y,A,-,N,NA,NA,NA,NA,NA,NA,NA,NA,NA,Y,4,0,2,2,A,-,09,21802,A,N,D,C,A,A,H,-,A,A,0,NA,NA,NA,NA,Y,NA,A,01,0,0,2,0,0,0,0,0,0,-,-,NA,NA,LOS ANGELES,GLENDALE,-118.2289810180664,34.17527770996094
9459102,2022,2022-06-09,1925,2022-05-18,1050,21092,233,3,5,6,1925,0,0,0,NA,0,004,GLENDALE AV,DORAN ST,0,NA,Y,A,-,N,NA,NA,NA,NA,NA,NA,NA,NA,NA,NA,3,0,1,2,A,-,11,21456,C,N,G,B,B,A,H,-,A,A,0,Y,NA,NA,NA,Y,NA,N,60,0,1,0,0,1,0,0,0,0,-,-,NA,NA,LOS ANGELES,GLENDALE,-118.24365997314452,34.153541564941406
94591020,2025,2025-02-26,9575,2025-02-13,1653,024270,NA,4,2,3,1991,0,1,1,NA,2,062,I-210 E/B (FOOTHILL FREEWAY),ALTA CANADA ROAD,1160,W,N,C,-,Y,LA,NA,210,NA,R,19.007,H,NA,R,N,3,0,1,1,A,-,03,22350,NA,N,E,I,A,B,H,-,D,D,0,NA,NA,NA,NA,Y,NA,A,07,0,1,0,0,0,0,0,0,0,-,-,34.207088470458984,-118.21550750732422,LOS ANGELES,LA CANADA-FLINTRIDGE,-118.21552276611328,34.207027435302734
94591024,2025,2025-02-26,9590,2025-02-18,1755,024353,NA,2,2,7,1942,0,1,1,NA,2,052,I- 110 N/B (HARBOR FREEWAY),JAMES M WOOD BLVD,50,N,N,A,-,Y,LA,NA,110,NA,NA,22.301,H,NA,R,N,4,0,1,7,A,-,07,21658,A,N,F,C,A,A,H,-,C,D,0,NA,NA,NA,NA,Y,NA,A,01,0,0,1,0,0,0,0,0,0,-,-,34.04806900024414,-118.26622009277344,LOS ANGELES,LOS ANGELES,-118.26622009277344,34.04806900024414
9459103,2022,2022-06-09,1925,2022-05-18,1655,28122,239,3,5,6,1925,0,0,0,NA,0,004,CHEVY CHASE DR,VERDUGO RD,0,NA,Y,A,-,N,NA,NA,NA,NA,NA,NA,NA,NA,NA,Y,3,0,2,2,A,-,09,21801,A,N,A,C,A,A,H,-,A,A,0,NA,NA,NA,NA,Y,NA,A,07,0,1,1,0,0,0,0,0,0,-,-,34.15122985839844,-118.2364501953125,LOS ANGELES,GLENDALE,-118.23643493652344,34.15123748779297
94591031,2025,2025-02-26,9590,2025-02-05,1500,023970,NA,3,2,7,1942,0,1,1,NA,2,013,SR-110 S/B (ARROYO SECO PARKWAY),AVE 52,100,N,N,A,-,Y,LA,NA,110,NA,NA,28.074,H,NA,L,N,4,0,4,4,A,-,03,22350,NA,N,C,C,A,B,H,-,A,D,0,NA,NA,NA,NA,Y,NA,A,01,0,0,4,0,0,0,0,0,0,-,-,34.10301971435547,-118.19597625732422,LOS ANGELES,LOS ANGELES,-118.19598388671876,34.10298156738281
94591032,2024,2025-02-26,9550,2024-08-16,2215,023127,NA,5,3,9,1900,0,3,5,NA,2,002,IMPERIAL HIGHWAY,MARQUARDT AVENUE,215,E,N,A,-,N,NA,NA,NA,NA,NA,NA,NA,NA,NA,N,1,1,0,3,A,-,11,21954,A,N,G,B,D,A,H,-,C,D,0,Y,NA,NA,NA,Y,NA,N,60,0,0,0,1,0,0,0,0,0,-,-,33.91714096069336,-118.03717041015624,LOS ANGELES,UNINCORPORATED,-118.03732299804688,33.917110443115234
9459104,2022,2022-06-09,1925,2022-05-21,1250,21024,NA,6,5,6,1925,0,0,0,NA,0,003,ADAMS,MAPLE,0,NA,Y,A,-,N,NA,NA,NA,NA,NA,NA,NA,NA,NA,N,4,0,1,2,A,-,12,22450,A,N,-,C,A,A,H,-,A,A,0,NA,NA,NA,NA,Y,Y,-,-,0,0,1,0,0,0,0,0,0,-,-,NA,NA,LOS ANGELES,GLENDALE,-118.24181365966795,34.139007568359375
9459105,2022,2022-06-09,1925,2022-05-19,1852,26160,138,4,5,6,1925,0,0,0,NA,0,005,CANADA BL,COLINA DR,0,NA,Y,A,-,N,NA,NA,NA,NA,NA,NA,NA,NA,NA,Y,4,0,1,2,A,-,03,22350,NA,N,C,C,A,A,H,-,A,A,0,NA,NA,NA,NA,Y,NA,A,01,0,0,1,0,0,0,0,0,0,-,-,34.17441177368164,-118.2289581298828,LOS ANGELES,GLENDALE,-118.22898864746094,34.17440414428711
94591053,2025,2025-02-27,9565,2025-02-13,1200,022775,NA,4,1,4,1918,0,1,3,NA,2,070,SR-90 E/B,SEPULVEDA BLVD,330,E,N,C,-,Y,LA,NA,90,NA,NA,2.92,H,NA,R,Y,3,0,1,1,A,-,08,22107,NA,N,E,I,A,B,H,-,A,D,0,NA,NA,NA,NA,Y,NA,A,01,0,1,0,0,0,0,0,0,0,-,-,33.98731994628906,-118.3943099975586,LOS ANGELES,CULVER CITY,-118.3943099975586,33.98725128173828
94591054,2025,2025-02-27,9575,2025-02-25,1235,024267,NA,2,1,7,1942,0,1,3,NA,2,041,SR-134 W/B (VENTURA FREEWAY),ARBOR DELL RD.,3379,W,N,A,-,Y,LA,NA,134,NA,R,10.289,H,NA,L,N,4,0,2,3,A,-,08,22107,NA,N,B,C,A,A,H,-,A,D,0,NA,NA,NA,NA,Y,NA,A,07,0,0,2,0,0,0,0,0,0,-,-,34.146759033203125,-118.20374298095705,LOS ANGELES,LOS ANGELES,-118.20374298095705,34.14676284790039
94591062,2025,2025-02-27,9565,2025-02-13,330,023564,NA,4,3,7,1942,0,1,1,NA,2,060,I-405 S/B,LA TIJERA BOULEVARD,180,N,N,B,C,Y,LA,NA,405,NA,NA,24.319,H,NA,L,Y,3,0,1,1,A,-,03,22350,NA,N,F,A,A,B,H,-,C,D,0,NA,NA,NA,NA,Y,NA,A,01,0,1,0,0,0,0,0,0,0,-,-,33.972049713134766,-118.37876892089844,LOS ANGELES,LOS ANGELES,-118.37872314453124,33.97210693359375
94591067,2025,2025-02-27,9590,2025-02-14,1455,024024,NA,5,2,7,1942,0,1,1,NA,2,053,I-110 S/B (HARBOR FREEWAY),7TH STREET,50,S,N,A,-,Y,LA,NA,110,NA,NA,22.536,H,NA,L,N,4,0,1,2,A,-,03,22350,NA,N,C,C,A,A,H,-,A,D,0,NA,NA,NA,NA,Y,NA,A,01,0,0,1,0,0,0,0,0,0,-,-,34.05023956298828,-118.2631378173828,LOS ANGELES,LOS ANGELES,-118.26307678222656,34.05016326904297
9459108,2022,2022-06-09,1929,2022-05-21,0133,238,1,6,5,3,1929,0,0,0,NA,0,NA,HERMOSA AV,2ND ST,3,N,N,A,-,N,NA,NA,NA,NA,NA,NA,NA,NA,NA,N,4,0,1,2,A,-,10,21950,A,N,A,J,A,A,H,-,C,A,0,NA,Y,NA,NA,Y,NA,-,NA,0,0,1,0,0,0,1,0,0,-,-,NA,NA,LOS ANGELES,HERMOSA BEACH,-118.39820098876952,33.85491943359375
9459110,2022,2022-06-09,1900,2022-05-21,2025,605584,0812,6,5,4,1960,0,0,0,NA,0,81K1,BONITA AV,EUCLAAV,0,NA,Y,A,-,N,NA,NA,NA,NA,NA,NA,NA,NA,NA,Y,2,0,1,2,A,-,09,21801,A,N,-,C,A,A,H,-,C,D,0,NA,NA,Y,NA,Y,NA,A,07,1,0,0,0,0,0,0,0,1,-,-,34.106658935546875,-117.81574249267578,LOS ANGELES,SAN DIMAS,-117.81584167480467,34.10667037963867
9459114,2022,2022-06-09,1900,2022-05-15,2059,640413,1621,7,5,5,1977,0,0,0,NA,0,167T1,223 ST,ARCO RD,43,W,N,A,-,N,NA,NA,NA,NA,NA,NA,NA,NA,NA,N,3,0,1,2,A,-,11,21954,A,N,G,B,D,A,H,-,D,A,0,Y,NA,NA,NA,Y,NA,N,60,0,1,0,0,1,0,0,0,0,-,-,33.824440002441406,-118.2322235107422,LOS ANGELES,CARSON,NA,NA
9459115,2022,2022-07-12,1942,2022-05-04,0930,37901,0551,3,5,7,1942,0,0,0,E,0,054,SUMMERLAND AV,WESTERN AV,32,W,N,A,-,N,NA,NA,NA,NA,NA,NA,NA,NA,NA,N,4,0,1,2,A,-,09,21801,A,N,H,B,B,A,H,-,A,A,0,Y,NA,NA,NA,Y,NA,A,01,0,0,1,0,1,0,0,0,0,-,-,NA,NA,LOS ANGELES,LOS ANGELES,-118.30962371826172,33.74713134765625
9459116,2022,2022-06-09,1942,2022-05-05,1930,40105,1891,4,5,7,1942,0,0,0,R,0,25T31,W 168TH ST,ESTRELLA AV,100,E,N,A,-,N,NA,NA,NA,NA,NA,NA,NA,NA,NA,N,2,0,1,2,A,-,11,21954,A,F,G,B,E,A,H,-,C,D,0,Y,NA,NA,NA,Y,NA,N,60,1,0,0,0,1,0,0,0,0,-,-,NA,NA,LOS ANGELES,LOS ANGELES,-118.2851791381836,33.87932205200195
9459117,2022,2022-06-09,1942,2022-05-01,1450,41704,0557,7,5,7,1942,0,0,0,E,0,25MQ54,CABRILLO AV,1ST ST,0,NA,Y,A,-,N,NA,NA,NA,NA,NA,NA,NA,NA,NA,N,2,0,1,2,A,-,09,21801,A,N,D,C,A,A,H,-,A,A,0,NA,NA,Y,NA,Y,NA,C,02,1,0,0,0,0,0,0,0,1,-,-,NA,NA,LOS ANGELES,LOS ANGELES,-118.29454040527344,33.74333190917969
9459118,2022,2022-06-09,1942,2022-05-06,1200,38556,1253,5,5,7,1942,0,0,0,L,0,25TL27,WESTERN AV,78TH ST,55,N,N,A,-,N,NA,NA,NA,NA,NA,NA,NA,NA,NA,Y,2,0,2,2,A,-,09,21804,NA,N,D,C,A,A,H,-,A,D,0,NA,NA,NA,NA,Y,NA,A,07,1,1,0,0,0,0,0,0,0,-,-,NA,NA,LOS ANGELES,LOS ANGELES,-118.30901336669922,33.96921920776367
9459119,2022,2022-06-09,1942,2022-05-12,2150,41747,1851,4,5,7,1942,0,0,0,R,0,25T31W,EL SEGUNDO BL,MENLO AV,0,NA,Y,A,-,N,NA,NA,NA,NA,NA,NA,NA,NA,NA,Y,3,0,2,2,A,-,01,23152,A,N,D,C,A,A,H,-,D,A,0,NA,NA,NA,NA,Y,Y,A,01,0,1,1,0,0,0,0,0,0,-,-,NA,NA,LOS ANGELES,LOS ANGELES,-118.28938293457033,33.916419982910156
9459120,2022,2022-06-09,1942,2022-05-01,0145,37618,1823,7,5,7,1942,0,0,0,R,0,25T33W,SAN PEDRO ST,CENTURY BL,0,NA,Y,A,-,N,NA,NA,NA,NA,NA,NA,NA,NA,NA,Y,2,0,1,2,A,-,09,21801,NA,N,D,D,A,A,H,-,C,A,0,NA,NA,Y,NA,Y,NA,-,NA,1,0,0,0,0,0,0,0,1,-,-,NA,NA,LOS ANGELES,LOS ANGELES,-118.26953125,33.945587158203125
9459121,2022,2022-06-09,1942,2022-05-26,1700,43073,1266,4,5,7,1942,0,0,0,L,0,12A51,84TH PL,FIGUEROA ST,15,W,N,A,-,N,NA,NA,NA,NA,NA,NA,NA,NA,NA,N,4,0,1,2,A,-,11,21950,B,N,G,B,C,A,H,-,A,D,0,Y,NA,NA,NA,Y,NA,N,60,0,0,1,0,1,0,0,0,0,-,-,NA,NA,LOS ANGELES,LOS ANGELES,-118.28272247314452,33.9623908996582
9459122,2022,2022-06-09,1942,2022-05-17,1545,41704,1283,2,5,7,1942,0,0,0,L,0,25MQ54,CENTURY BL,GRAMERCY PL,0,NA,Y,A,-,N,NA,NA,NA,NA,NA,NA,NA,NA,NA,Y,4,0,1,2,A,-,08,22102,NA,F,B,C,A,A,H,-,A,D,0,NA,NA,NA,NA,Y,NA,-,99,0,0,1,0,0,0,0,0,0,-,-,NA,NA,LOS ANGELES,LOS ANGELES,-118.31338500976564,33.94546127319336
9459123,2022,2022-06-09,1942,2022-05-15,1845,39028,1259,7,5,7,1942,0,0,0,L,0,MQ55,CENTRAL AV,79TH ST,0,NA,Y,A,-,N,NA,NA,NA,NA,NA,NA,NA,NA,NA,Y,4,0,2,4,A,-,05,21460,A,F,D,C,A,A,H,-,A,A,0,NA,NA,NA,NA,Y,NA,-,99,0,0,2,0,0,0,0,0,0,-,-,NA,NA,LOS ANGELES,LOS ANGELES,-118.25643157958984,33.96745681762695
9459124,2022,2022-06-09,1942,2022-05-25,1815,41977,0325,3,5,7,1942,0,0,0,C,0,25MX81,VERMONT AV,27TH ST,150,N,N,A,-,N,NA,NA,NA,NA,NA,NA,NA,NA,NA,Y,4,0,2,2,A,-,21,22106,A,F,C,C,A,A,H,-,A,A,0,NA,NA,NA,NA,Y,NA,-,99,0,0,2,0,0,0,0,0,0,-,-,NA,NA,LOS ANGELES,LOS ANGELES,-118.2915496826172,34.030921936035156
9459125,2022,2022-06-09,1942,2022-05-21,1415,41933,1208,6,5,7,1942,0,0,0,L,0,25TL23,VERNON AV,FIGUEROA ST,340,W,N,A,-,N,NA,NA,NA,NA,NA,NA,NA,NA,NA,N,4,0,1,2,A,-,09,21801,A,F,D,C,A,A,H,-,A,D,0,NA,NA,NA,NA,Y,NA,A,01,0,0,1,0,0,0,0,0,0,-,-,NA,NA,LOS ANGELES,LOS ANGELES,-118.28385925292967,34.00373840332031
9459126,2022,2022-06-09,1942,2022-05-23,1531,41747,0515,1,5,7,1942,0,0,0,E,0,25T33,PACIFIC COAST HWY,AVALON BL,100,E,N,A,-,N,NA,NA,NA,NA,NA,NA,NA,NA,NA,N,4,0,2,2,A,-,03,22350,NA,F,C,C,A,A,H,-,A,D,0,NA,NA,NA,NA,Y,NA,-,99,0,0,2,0,0,0,0,0,0,-,-,NA,NA,LOS ANGELES,LOS ANGELES,-118.26299285888672,33.79118347167969
9459127,2022,2022-06-09,1942,2022-05-26,2245,43270,1846,4,5,7,1942,0,0,0,R,0,25T3W3,CENTRAL AV,IMPERIAL HWY,38,N,N,A,-,N,NA,NA,NA,NA,NA,NA,NA,NA,NA,N,3,0,1,2,A,-,17,21208,B,F,D,G,A,A,H,-,C,A,0,NA,Y,NA,NA,Y,NA,L,04,0,1,0,0,0,0,1,0,0,-,-,NA,NA,LOS ANGELES,LOS ANGELES,-118.25423431396484,33.92957305908203
9459128,2022,2022-06-09,1942,2022-05-23,0810,35393,1232,1,5,7,1942,0,0,0,L,0,25T21,FIGUEROA ST,66TH ST,30,N,N,A,-,N,NA,NA,NA,NA,NA,NA,NA,NA,NA,N,4,0,1,2,A,-,03,22350,A,F,C,C,A,A,H,-,A,D,0,NA,NA,NA,NA,Y,NA,-,99,0,0,1,0,0,0,0,0,0,-,-,NA,NA,LOS ANGELES,LOS ANGELES,-118.28270721435548,33.979881286621094
9459129,2022,2022-06-09,1942,2022-05-23,0835,40404,1208,1,5,7,1942,0,0,0,L,0,25TL27,FIGUEROA ST,VERNON AV,115,S,N,A,-,N,NA,NA,NA,NA,NA,NA,NA,NA,NA,N,4,0,1,2,A,-,09,21804,A,F,D,C,A,A,H,-,A,A,0,NA,NA,NA,NA,Y,NA,-,99,0,0,1,0,0,0,0,0,0,-,-,NA,NA,LOS ANGELES,LOS ANGELES,-118.2827377319336,34.00343322753906
9459130,2022,2022-06-21,1942,2022-05-26,1625,43786,0355,4,5,7,1942,0,0,0,C,0,3A74,WESTERN AV,EXPOSITION BL,70,E,N,A,-,N,NA,NA,NA,NA,NA,NA,NA,NA,NA,N,4,0,1,2,A,-,03,22350,NA,N,C,C,A,A,H,-,A,A,0,NA,NA,NA,NA,Y,NA,-,NA,0,0,1,0,0,0,0,0,0,-,-,NA,NA,LOS ANGELES,LOS ANGELES,-118.30892181396484,34.01826095581055
9459131,2022,2022-07-06,1942,2022-05-30,0005,43786,1213,1,5,7,1942,0,0,0,L,0,3A74,57TH ST,ST ANDREWS PL S,0,NA,N,A,-,N,NA,NA,NA,NA,NA,NA,NA,NA,NA,Y,4,0,1,2,A,-,12,22450,A,F,A,C,A,A,H,-,C,D,0,NA,NA,NA,NA,Y,NA,A,01,0,0,1,0,0,0,0,0,0,-,-,NA,NA,LOS ANGELES,LOS ANGELES,-118.31134796142578,33.99094772338867
9459133,2022,2022-06-09,1900,2022-05-11,1345,664473,1515,3,5,5,1954,0,0,0,NA,0,153A,WASHINGTON BL,PASSONS BL,398,E,N,A,-,N,NA,NA,NA,NA,NA,NA,NA,NA,NA,Y,4,0,1,3,A,-,03,22350,NA,N,C,C,A,A,H,-,A,D,0,NA,NA,NA,NA,Y,NA,A,07,0,0,1,0,0,0,0,0,0,-,-,33.97861099243164,-118.08863067626952,LOS ANGELES,PICO RIVERA,-118.0890884399414,33.97873306274414
9459135,2022,2022-06-09,1926,2022-05-17,1232,0175,2,2,5,5,1926,0,0,0,NA,0,002,W BASELINE RD,S BARRANCA AV,0,NA,Y,A,-,N,NA,NA,NA,NA,NA,NA,NA,NA,NA,Y,3,0,2,2,A,-,09,21801,B,N,A,C,A,A,H,-,A,A,0,NA,NA,NA,NA,Y,NA,A,01,0,2,0,0,0,0,0,0,0,-,-,34.1214485168457,-117.88137817382813,LOS ANGELES,GLENDORA,-117.88137817382813,34.12115478515625
9459136,2022,2022-06-09,1926,2022-05-17,1715,0139,2,2,5,5,1926,0,0,0,NA,0,002,E RTE 66,GLENDORA AV,246,E,N,A,-,N,NA,NA,NA,NA,NA,NA,NA,NA,NA,N,3,0,1,2,A,-,11,21954,A,N,G,B,D,A,H,-,A,A,0,Y,NA,NA,NA,Y,NA,N,60,0,1,0,0,1,0,0,0,0,-,-,34.12862014770508,-117.86377716064452,LOS ANGELES,GLENDORA,-117.86299896240234,34.12868881225586
9459137,2022,2022-06-17,1926,2022-05-19,1235,0148,1,4,5,5,1926,0,0,0,NA,0,001,W BENNETT AV,VALENCIA ST,0,NA,Y,A,-,N,NA,NA,NA,NA,NA,NA,NA,NA,NA,N,3,0,1,1,D,-,00,NA,NA,N,E,I,A,A,H,-,A,D,0,NA,Y,NA,NA,Y,NA,-,-,0,1,0,0,0,0,1,0,0,-,-,34.1396598815918,-117.87493896484376,LOS ANGELES,GLENDORA,-117.8764190673828,34.13966369628906
94591462,2025,2025-02-27,9550,2025-02-13,2349,024204,NA,4,3,9,1900,0,1,1,NA,2,651,I-605 N/B,ROSECRANS AVENUE,200,S,N,B,C,Y,LA,NA,605,NA,R,6.781,H,NA,R,N,3,0,1,2,A,-,03,22350,NA,N,C,C,A,B,H,-,C,D,0,NA,NA,NA,NA,Y,NA,D,22,0,1,0,0,0,0,0,0,0,-,-,33.901371002197266,-118.10507202148438,LOS ANGELES,UNINCORPORATED,-118.1050262451172,33.901371002197266
94591463,2025,2025-02-27,9540,2025-02-25,840,019545,NA,2,1,7,1942,0,1,1,NA,1,503,I-5 SOUTHBOUND,BALBOA BLVD,590,N,N,A,-,Y,LA,NA,5,NA,R,44.552,H,NA,L,N,3,0,1,2,A,-,03,22350,NA,N,C,C,A,A,H,-,A,D,0,NA,NA,NA,NA,Y,NA,A,07,0,1,0,0,0,0,0,0,0,-,-,34.32183837890625,-118.49794769287108,LOS ANGELES,LOS ANGELES,-118.49795532226564,34.32183074951172
9459147,2022,2022-06-10,1900,2022-05-19,1422,463464,2243,4,5,3,1989,0,0,0,NA,0,224T1,LAS VIRGENES RD,THOUSAND OAKS BL,1637,S,N,A,-,N,NA,NA,NA,NA,NA,NA,NA,NA,NA,Y,3,0,1,4,A,-,08,22107,NA,N,B,C,A,A,H,-,A,D,0,NA,NA,NA,NA,Y,NA,A,08,0,1,0,0,0,0,0,0,0,-,-,34.156349182128906,-118.69937896728516,LOS ANGELES,CALABASAS,-118.69950103759766,34.156429290771484
94591470,2025,2025-02-27,9590,2025-02-13,2030,022717,NA,4,2,7,1942,0,1,S,NA,2,904,US-101 S/B (HOLLYWOOD FREEWAY),LANKERSHIM BLVD,350,S,N,C,-,Y,LA,NA,101,NA,NA,10.268,H,NA,L,N,4,0,1,1,A,-,08,22107,NA,N,E,J,A,B,H,-,C,D,0,NA,NA,NA,NA,Y,NA,A,08,0,0,1,0,0,0,0,0,0,-,-,34.13677978515625,-118.36199951171876,LOS ANGELES,LOS ANGELES,-118.36192321777344,34.13685989379883
94591472,2025,2025-02-27,9550,2025-02-13,2315,024129,NA,4,3,6,1949,0,1,1,NA,2,501,I-5 S/B,IMPERIAL HIGHWAY,82,S,N,C,-,Y,LA,NA,5,NA,NA,4.907,H,NA,L,Y,4,0,1,1,A,-,03,22350,NA,N,A,I,A,B,H,-,C,D,0,NA,NA,NA,NA,Y,NA,A,01,0,0,1,0,0,0,0,0,0,-,-,33.91674041748047,-118.07996368408205,LOS ANGELES,NORWALK,-118.07975769042967,33.916839599609375
94591521,2025,2025-02-27,9530,2025-02-14,1525,023865,NA,5,2,9,1900,0,1,1,NA,2,110,I-110 S/B (HARBOR FREEWAY),CENTURY BLVD.,700,S,N,A,-,Y,LA,NA,110,NA,NA,14.839,H,NA,L,Y,4,0,1,2,A,-,03,22350,NA,N,C,C,A,A,H,-,A,D,0,NA,NA,NA,NA,Y,NA,D,22,0,0,1,0,0,0,0,0,0,-,-,33.943538665771484,-118.280029296875,LOS ANGELES,UNINCORPORATED,-118.28008270263672,33.94354248046875
94591523,2025,2025-02-27,9550,2025-02-14,719,020025,NA,5,1,9,1900,0,2,4,NA,1,052,COLIMA ROAD,PASO REAL AVE,16,E,N,A,-,N,NA,NA,NA,NA,NA,NA,NA,NA,NA,N,2,0,1,2,A,-,09,21804,A,N,D,C,A,B,H,-,A,A,0,NA,NA,NA,NA,Y,NA,M,94,1,0,0,0,0,0,0,0,0,-,-,33.987831115722656,-117.89340209960938,LOS ANGELES,UNINCORPORATED,-117.89349365234376,33.98775863647461
94591531,2025,2025-02-27,9550,2025-01-29,430,022597,NA,3,3,9,1900,0,2,4,NA,1,032,7TH AVENUE,GALE AVENUE,0,NA,Y,A,-,N,NA,NA,NA,NA,NA,NA,NA,NA,NA,Y,3,0,1,2,A,-,12,21453,A,N,D,2,A,A,H,-,C,A,0,NA,NA,Y,NA,Y,NA,C,02,0,1,0,0,0,0,0,0,1,-,-,34.02000045776367,-117.98792266845705,LOS ANGELES,UNINCORPORATED,-117.98786926269533,34.019962310791016
94591541,2025,2025-02-27,9550,2025-02-14,548,023920,NA,5,3,9,1900,0,2,4,NA,1,041,STIMSON AVENUE,KISKA AVENUE,0,NA,Y,C,-,N,NA,NA,NA,NA,NA,NA,NA,NA,NA,N,4,0,2,2,A,-,09,21802,A,M,D,C,A,B,H,-,D,D,0,NA,NA,NA,NA,Y,NA,-,99,0,0,2,0,0,0,0,0,0,-,-,33.98585891723633,-117.96215057373048,LOS ANGELES,UNINCORPORATED,-117.96234130859376,33.98568344116211