CASE_ID,ACCIDENT_YEAR,PROC_DATE,JURIS,COLLISION_DATE,COLLISION_TIME,OFFICER_ID,REPORTING_DISTRICT,DAY_OF_WEEK,CHP_SHIFT,POPULATION,CNTY_CITY_LOC,SPECIAL_COND,BEAT_TYPE,CHP_BEAT_TYPE,CITY_DIVISION_LAPD,CHP_BEAT_CLASS,BEAT_NUMBER,PRIMARY_RD,SECONDARY_RD,DISTANCE,DIRECTION,INTERSECTION,WEATHER_1,WEATHER_2,STATE_HWY_IND,CALTRANS_COUNTY,CALTRANS_DISTRICT,STATE_ROUTE,ROUTE_SUFFIX,POSTMILE_PREFIX,POSTMILE,LOCATION_TYPE,RAMP_INTERSECTION,SIDE_OF_HWY,TOW_AWAY,COLLISION_SEVERITY,NUMBER_KILLED,NUMBER_INJURED,PARTY_COUNT,PRIMARY_COLL_FACTOR,PCF_CODE_OF_VIOL,PCF_VIOL_CATEGORY,PCF_VIOLATION,PCF_VIOL_SUBSECTION,HIT_AND_RUN,TYPE_OF_COLLISION,MVIW,PED_ACTION,ROAD_SURFACE,ROAD_COND_1,ROAD_COND_2,LIGHTING,CONTROL_DEVICE,CHP_ROAD_TYPE,PEDESTRIAN_ACCIDENT,BICYCLE_ACCIDENT,MOTORCYCLE_ACCIDENT,TRUCK_ACCIDENT,NOT_PRIVATE_PROPERTY,ALCOHOL_INVOLVED,STWD_VEHTYPE_AT_FAULT,CHP_VEHTYPE_AT_FAULT,COUNT_SEVERE_INJ,COUNT_VISIBLE_INJ,COUNT_COMPLAINT_PAIN,COUNT_PED_KILLED,COUNT_PED_INJURED,COUNT_BICYCLIST_KILLED,COUNT_BICYCLIST_INJURED,COUNT_MC_KILLED,COUNT_MC_INJURED,PRIMARY_RAMP,SECONDARY_RAMP,LATITUDE,LONGITUDE,COUNTY,CITY,POINT_X,POINT_Y
94600823,2025,2025-03-18,9575,2025-02-14,1516,024266,NA,5,2,6,1953,0,1,1,NA,2,064,I-210 E/B (FOOTHILL FREEWAY),ALTADENA DR,280,E,N,B,-,Y,LA,NA,210,NA,R,28.334,H,NA,R,N,4,0,1,2,A,-,07,21658,A,N,B,C,A,A,H,-,A,D,0,NA,NA,NA,Y,Y,NA,G,25,0,0,1,0,0,0,0,0,0,-,-,34.15238952636719,-118.09742736816406,LOS ANGELES,PASADENA,-118.09742736816406,34.15240478515625
94600825,2025,2025-03-18,9575,2025-02-14,2140,024142,NA,5,2,6,1925,0,1,3,NA,2,042,SR-134 E/B (VENTURA FREEWAY) TO GLENDALE AVENUE,GLENDALE AVE.,355,W,N,A,-,Y,NA,NA,NA,NA,NA,NA,NA,NA,NA,Y,3,0,1,2,A,-,03,22350,NA,N,C,C,A,A,H,-,C,D,0,NA,NA,NA,NA,Y,NA,A,01,0,1,0,0,0,0,0,0,0,-,-,34.1556396484375,-118.24378967285156,LOS ANGELES,GLENDALE,-118.24332427978516,34.15606689453125
94600829,2025,2025-03-18,9575,2025-03-07,1237,023009,NA,5,1,6,1925,0,1,1,NA,2,050,I-5 S/B (GOLDEN STATE FREEWAY),SONORA AVE,402,N,N,A,-,Y,LA,NA,5,NA,NA,27.629,H,NA,L,N,4,0,1,2,A,-,03,22350,NA,N,C,C,A,A,H,-,A,D,0,NA,NA,NA,NA,Y,NA,D,22,0,0,1,0,0,0,0,0,0,-,-,34.1622200012207,-118.29409027099608,LOS ANGELES,GLENDALE,-118.29404449462892,34.16224670410156
94601215,2025,2025-03-18,9530,2025-03-04,1755,024138,NA,2,2,9,1900,0,1,1,NA,2,120,I-110 S/B TO I-405,HOOVER ST.,65,E,N,A,-,Y,NA,NA,NA,NA,NA,NA,NA,NA,NA,N,4,0,2,2,A,-,03,22350,NA,M,C,C,A,A,H,-,B,D,0,NA,NA,NA,NA,Y,NA,A,07,0,0,2,0,0,0,0,0,0,-,-,33.8673210144043,-118.2854232788086,LOS ANGELES,UNINCORPORATED,-118.28680419921876,33.897369384765625
94601216,2025,2025-03-18,9530,2025-03-03,1720,024138,NA,1,2,7,1942,0,1,1,NA,2,200,I-105 E/B (GLENN ANDERSON FWY),MAIN ST.,200,E,N,A,-,Y,LA,NA,105,NA,R,7.81,H,NA,R,N,3,0,1,2,A,-,07,21658,A,N,C,C,A,A,H,-,B,D,0,NA,NA,Y,NA,Y,NA,A,07,0,1,0,0,0,0,0,0,1,-,-,33.927791595458984,-118.2732162475586,LOS ANGELES,LOS ANGELES,-118.27323150634766,33.927757263183594
94601226,2025,2025-03-18,9530,2025-02-23,1500,024337,NA,7,2,6,1972,0,1,1,NA,2,400,I-405 N/B TO CRENSHAW BLVD.,182ND ST.,85,S,N,A,-,Y,NA,NA,NA,NA,NA,NA,NA,NA,NA,Y,4,0,2,1,A,-,03,22350,NA,N,E,8,A,A,H,-,A,A,0,NA,NA,NA,NA,Y,NA,A,01,0,0,2,0,0,0,0,0,0,-,-,33.86531066894531,-118.32521057128906,LOS ANGELES,TORRANCE,-118.3300323486328,33.865718841552734
94601238,2025,2025-03-18,9545,2025-03-06,2040,022678,NA,4,2,9,1900,0,3,5,NA,2,004,105TH ST E,AVE R-4,101,S,N,B,C,N,NA,NA,NA,NA,NA,NA,NA,NA,NA,Y,3,0,1,2,A,-,01,23152,F,N,C,E,A,B,H,-,D,D,0,NA,NA,NA,NA,Y,NA,A,01,0,1,0,0,0,0,0,0,0,-,-,34.56856155395508,-117.94319915771484,LOS ANGELES,UNINCORPORATED,-117.94316864013672,34.572242736816406
94601254,2025,2025-03-18,9565,2025-02-25,1000,024321,NA,2,1,9,1900,0,2,4,NA,2,023,ALLEY EAST OF WESTERN AVE,W. 108TH ST.,249,S,N,A,-,N,NA,NA,NA,NA,NA,NA,NA,NA,NA,N,3,0,1,2,C,-,18,NA,NA,N,E,E,A,A,H,-,A,D,0,NA,NA,NA,NA,Y,NA,-,-,0,1,0,0,0,0,0,0,0,-,-,33.937339782714844,-118.30845642089844,LOS ANGELES,UNINCORPORATED,NA,NA
94601258,2025,2025-03-18,9545,2025-02-23,1755,023914,NA,7,2,6,1992,0,1,3,NA,2,011,SR-14 N/B,AVENUE L,1650,S,N,A,-,Y,LA,NA,14,NA,R,65.362,H,NA,R,Y,4,0,2,5,A,-,03,22350,NA,N,C,C,A,A,D,-,D,D,0,NA,NA,NA,NA,Y,NA,A,07,0,0,2,0,0,0,0,0,0,-,-,34.65570068359375,-118.1531219482422,LOS ANGELES,LANCASTER,-118.15316772460938,34.65570068359375
94601302,2025,2025-03-18,9550,2025-02-26,1725,024082,NA,3,2,5,1919,0,1,1,NA,2,652,INTERSTATE 605 NORTHBOUND (SAN GABRIEL RIVER FREEW,STATE ROUTE 91 (ARTESIA FREEWAY),10,N,N,A,-,Y,LA,NA,605,NA,R,5.063,H,NA,R,N,4,0,1,2,A,-,03,22350,NA,N,C,C,A,A,H,-,A,D,0,NA,NA,NA,NA,Y,NA,A,01,0,0,1,0,0,0,0,0,0,-,-,33.876609802246094,-118.1024169921875,LOS ANGELES,CERRITOS,-118.10243988037108,33.87660217285156
94601311,2025,2025-03-18,9550,2025-01-26,2202,023881,NA,7,3,9,1900,0,2,4,NA,1,012,SLAUSON AVENUE,SAL AVENUE,765,W,N,A,-,N,NA,NA,NA,NA,NA,NA,NA,NA,NA,Y,3,0,1,2,A,-,03,22350,NA,N,C,C,A,A,H,-,A,D,0,NA,NA,NA,NA,Y,NA,A,01,0,1,0,0,0,0,0,0,0,-,-,33.96669006347656,-118.08811950683594,LOS ANGELES,UNINCORPORATED,-118.08747863769533,33.966739654541016
94601328,2025,2025-03-18,9550,2025-02-24,1850,024296,NA,1,2,5,1919,0,1,3,NA,2,092,SR-91 E/B,BLOOMFIELD,100,E,N,A,-,Y,LA,NA,91,NA,R,19.197,H,NA,R,Y,4,0,1,1,A,-,08,22107,NA,N,H,I,A,A,H,-,C,D,0,NA,NA,NA,NA,Y,NA,D,22,0,0,1,0,0,0,0,0,0,-,-,33.874961853027344,-118.06362915039064,LOS ANGELES,CERRITOS,-118.06351470947266,33.875125885009766
94601331,2025,2025-03-18,9550,2025-01-21,125,023825,NA,2,3,9,1900,0,3,5,NA,2,002,ARROYO DRIVE N/B,LEFFINGWELL ROAD,200,N,N,A,-,Y,NA,NA,NA,NA,NA,NA,NA,NA,NA,N,3,0,1,3,A,-,08,22107,NA,M,B,C,A,A,H,-,C,D,0,NA,NA,NA,NA,Y,NA,A,07,0,1,0,0,0,0,0,0,0,-,-,33.92618179321289,-118.01598358154295,LOS ANGELES,UNINCORPORATED,-118.01608276367188,33.926422119140625
94601332,2025,2025-03-18,9530,2025-02-21,1952,023622,NA,5,2,7,1941,0,1,1,NA,2,071,I-710 N/B (LONG BEACH FREEWAY),ATLANTIC AVE,1795,S,N,A,-,Y,LA,NA,710,NA,NA,13.279,H,NA,R,Y,2,0,1,1,A,-,01,23152,A,N,E,I,A,A,H,-,C,D,0,NA,NA,NA,NA,Y,Y,A,07,1,0,0,0,0,0,0,0,0,-,-,33.87990188598633,-118.19206237792967,LOS ANGELES,LONG BEACH,-118.19197082519533,33.879886627197266
9460134,2022,2022-06-23,1900,2022-02-28,1615,620929,0976,1,5,4,1979,0,0,0,NA,0,92T1,CRESCENT HEIGHTS BL,FOUNTAIN AV,188,N,N,A,-,N,NA,NA,NA,NA,NA,NA,NA,NA,NA,N,4,0,1,2,A,-,09,21804,A,N,D,C,A,A,H,-,A,D,0,NA,NA,NA,NA,Y,NA,A,01,0,0,1,0,0,0,0,0,0,-,-,34.09476852416992,-118.36604309082033,LOS ANGELES,WEST HOLLYWOOD,-118.365966796875,34.09491729736328
94601340,2025,2025-03-18,9550,2025-02-22,1655,023937,NA,6,2,6,1920,0,1,1,NA,2,150,I-105 EB TO I-605 NB,IMPERIAL HIGHWAY,500,S,N,A,-,Y,LA,NA,605,NA,R,7.743,H,NA,R,Y,4,0,1,3,A,-,03,22350,NA,N,B,C,A,A,H,-,A,D,0,NA,NA,Y,NA,Y,NA,C,02,0,0,1,0,0,0,0,0,1,-,-,33.915321350097656,-118.1047134399414,LOS ANGELES,DOWNEY,-118.10462951660156,33.91531753540039
94601341,2025,2025-03-18,9580,2025-03-04,2300,023155,NA,2,3,7,1942,0,1,1,NA,2,406,SR-118 E/B (RONALD REAGAN FWY.) TO I-405 NB,I-405 (SAN DIEGO FWY),53,E,N,A,-,Y,NA,NA,NA,NA,NA,NA,NA,NA,NA,N,4,0,1,1,A,-,08,22107,NA,N,E,I,A,A,H,-,C,D,0,NA,NA,NA,NA,Y,NA,A,01,0,0,1,0,0,0,0,0,0,-,-,34.2652587890625,-118.47080230712892,LOS ANGELES,LOS ANGELES,-118.47189331054688,34.265899658203125
94601351,2025,2025-03-18,9540,2025-01-20,2305,022404,NA,1,3,9,1900,0,1,1,NA,2,507,I-5 S/B (GOLDEN STATE FREEWAY),RYE CANYON RD,3060,N,N,A,-,Y,LA,NA,5,NA,R,54.676,H,NA,L,Y,4,0,1,1,A,-,08,22107,NA,F,E,9,A,A,H,-,C,D,0,NA,NA,NA,NA,Y,NA,A,08,0,0,1,0,0,0,0,0,0,-,-,34.437049865722656,-118.59551239013672,LOS ANGELES,UNINCORPORATED,-118.5954132080078,34.43712615966797
94601358,2025,2025-03-18,9565,2025-02-26,31,023173,NA,3,3,7,1942,0,1,1,NA,2,063,I-405 N/B,MONTANA AVE,100,N,N,A,-,Y,LA,NA,405,NA,NA,32.529,H,NA,R,Y,3,0,1,2,C,-,18,NA,NA,M,D,C,A,A,C,-,D,D,0,NA,NA,NA,NA,Y,Y,-,-,0,1,0,0,0,0,0,0,0,-,-,34.06740951538086,-118.46173858642578,LOS ANGELES,LOS ANGELES,-118.46177673339844,34.067386627197266
94601368,2025,2025-03-18,9540,2025-03-02,1615,023743,NA,7,2,9,1900,0,1,3,NA,2,147,SR-14 S/B (ANTELOPE VALLEY FREEWAY),ESCONDIDO CANYON RD,8976,N,N,C,-,Y,LA,NA,14,NA,NA,45.032,H,NA,L,Y,4,0,2,1,A,-,03,22350,NA,N,E,J,A,B,H,-,A,D,0,NA,NA,NA,NA,Y,NA,A,01,0,0,2,0,0,0,0,0,0,-,-,34.501888275146484,-118.25617980957033,LOS ANGELES,UNINCORPORATED,-118.25603485107422,34.50178527832031
94601382,2025,2025-03-18,9540,2025-03-02,1005,024257,NA,7,1,9,1900,0,1,1,NA,2,507,I-5 S/B,MAGIC MOUNTAIN PKY,280,S,N,A,-,Y,LA,NA,5,NA,R,53.492,H,NA,L,Y,3,0,1,1,C,-,18,NA,NA,N,H,A,A,A,H,-,A,D,0,NA,NA,NA,NA,Y,NA,-,-,0,1,0,0,0,0,0,0,0,-,-,34.42216110229492,-118.5829620361328,LOS ANGELES,UNINCORPORATED,-118.58294677734376,34.42216491699219
94601383,2025,2025-03-18,9565,2025-02-26,555,022857,NA,3,3,9,1900,0,3,5,NA,2,002,EL SEGUNDO BOULEVARD,HARVARD BOULEVARD,10,E,N,B,-,N,NA,NA,NA,NA,NA,NA,NA,NA,NA,N,4,0,1,3,A,-,03,22350,NA,N,C,C,A,A,H,-,B,D,0,NA,NA,NA,NA,Y,NA,A,01,0,0,1,0,0,0,0,0,0,-,-,33.91653060913086,-118.306640625,LOS ANGELES,UNINCORPORATED,-118.30677795410156,33.916439056396484
94601384,2025,2025-03-18,9540,2025-03-01,2010,023743,NA,6,2,9,1900,0,2,4,NA,2,012,PICO CANYON RD,CONSTITUTION AVE,0,NA,Y,A,-,N,NA,NA,NA,NA,NA,NA,NA,NA,NA,Y,4,0,1,2,A,-,12,21453,A,N,D,2,A,A,H,-,C,D,0,NA,NA,NA,NA,Y,NA,-,-,0,0,1,0,0,0,0,0,0,-,-,34.38179016113281,-118.57552337646484,LOS ANGELES,UNINCORPORATED,-118.57550048828124,34.38179016113281
94601395,2025,2025-03-18,9540,2025-03-01,155,023817,NA,6,3,6,1985,0,1,3,NA,2,146,SR-14 N/B,SAND CANYON RD,2006,N,N,A,-,Y,LA,NA,14,NA,NA,33.767,H,NA,R,Y,4,0,1,1,A,-,08,22107,NA,N,E,8,A,A,H,-,D,D,0,NA,NA,NA,NA,Y,NA,A,01,0,0,1,0,0,0,0,0,0,-,-,34.4275016784668,-118.41837310791016,LOS ANGELES,SANTA CLARITA,-118.41836547851564,34.42748260498047
94601402,2025,2025-03-18,9580,2025-03-04,1735,024167,NA,2,2,7,1942,0,1,1,NA,2,405,I-405 S/B (SAN DIEGO FWY),VICTORY BLVD,3000,S,N,A,-,Y,LA,NA,405,NA,NA,40.81,H,NA,L,Y,3,0,1,2,A,-,03,22350,NA,N,C,A,A,A,H,-,A,D,0,NA,NA,NA,NA,Y,NA,D,22,0,1,0,0,0,0,0,0,0,-,-,34.179359436035156,-118.46997833251952,LOS ANGELES,LOS ANGELES,-118.46991729736328,34.17938995361328
94601408,2025,2025-03-18,9580,2025-03-04,30,023655,NA,2,3,7,1942,0,1,1,NA,2,404,I-405 N/B (SAN DIEGO FWY),BURBANK BLVD,2429,N,N,A,-,Y,LA,NA,405,NA,NA,40.757,H,NA,R,Y,4,0,1,2,A,-,03,22350,NA,N,C,C,A,A,H,-,D,D,0,NA,NA,NA,Y,Y,NA,A,07,0,0,1,0,0,0,0,0,0,-,-,34.178741455078125,-118.46914672851564,LOS ANGELES,LOS ANGELES,-118.46916198730467,34.178733825683594
94601430,2025,2025-03-18,9540,2025-03-06,1240,023691,NA,4,1,6,1985,0,1,3,NA,1,145,SR-14 S/B,PLACERITA CANYON RD,2112,N,N,B,-,Y,LA,NA,14,NA,R,28.6,H,NA,L,Y,4,0,1,1,A,-,03,22350,NA,N,E,I,A,B,H,-,A,D,0,NA,NA,NA,NA,Y,NA,A,01,0,0,1,0,0,0,0,0,0,-,-,34.38296890258789,-118.487548828125,LOS ANGELES,SANTA CLARITA,-118.48762512207033,34.383033752441406
94601444,2025,2025-03-18,9540,2025-02-27,1245,018162,NA,4,1,9,1900,0,2,4,NA,2,010,THE OLD ROAD,MARKET DRIVE SOUTH,24,N,N,A,-,N,NA,NA,NA,NA,NA,NA,NA,NA,NA,N,4,0,1,2,A,-,03,22350,NA,N,C,C,A,A,H,-,A,A,0,NA,NA,NA,NA,Y,NA,D,22,0,0,1,0,0,0,0,0,0,-,-,34.382999420166016,-118.57135772705078,LOS ANGELES,UNINCORPORATED,NA,NA
94601453,2025,2025-03-18,9565,2025-02-26,1725,024200,NA,3,2,7,1942,0,1,1,NA,2,083,INTERSTATE 10 E/B (SANTA MONICA FWY.),LA CIENEGA BOULEVARD,300,W,N,A,-,Y,LA,NA,10,NA,R,8.783,H,NA,R,N,4,0,1,3,A,-,07,21658,A,N,B,C,A,A,H,-,A,D,0,NA,NA,Y,NA,Y,NA,A,01,0,0,1,0,0,0,0,0,1,-,-,34.036930084228516,-118.3787078857422,LOS ANGELES,LOS ANGELES,-118.3787078857422,34.036895751953125
94601501,2025,2025-03-18,9575,2025-02-24,1810,024270,NA,1,2,6,1925,0,1,1,NA,2,050,I-5 S/B (GOLDEN STATE FREEWAY),WESTERN AVENUE,764,S,N,A,-,Y,LA,NA,5,NA,NA,27.694,H,NA,L,Y,4,0,4,2,A,-,03,22350,NA,N,C,C,A,A,H,-,D,D,0,NA,NA,NA,NA,Y,NA,A,01,0,0,4,0,0,0,0,0,0,-,-,34.16299057006836,-118.29473114013672,LOS ANGELES,GLENDALE,-118.2947006225586,34.16300964355469
94601548,2025,2025-03-18,9580,2025-03-08,520,022966,NA,6,3,7,1942,0,1,2,NA,2,101,US-101 S/B AT SR-134 E/B (VENTURA FREEWAY),TUJUNGA AVENUE,305,N,N,A,-,Y,LA,NA,101,NA,NA,11.906,H,NA,L,Y,3,0,2,2,A,-,08,22107,NA,N,B,2,A,A,H,-,D,D,0,NA,NA,NA,NA,Y,NA,-,-,0,1,1,0,0,0,0,0,0,-,-,34.15433120727539,-118.380126953125,LOS ANGELES,LOS ANGELES,-118.38014221191406,34.15424346923828
94601581,2024,2025-03-18,9565,2024-12-03,1725,022902,NA,2,2,9,1900,0,3,5,NA,2,004,SHOUP AVE,133RD ST,0,NA,Y,A,-,N,NA,NA,NA,NA,NA,NA,NA,NA,NA,N,4,0,1,2,A,-,10,21950,A,N,G,B,D,A,H,-,B,A,0,Y,NA,NA,NA,Y,NA,A,07,0,0,1,0,1,0,0,0,0,-,-,33.91204071044922,-118.36412811279295,LOS ANGELES,UNINCORPORATED,-118.36421966552734,33.91203689575195
94601589,2025,2025-03-18,9565,2025-02-26,1750,024172,NA,3,2,9,1900,0,3,5,NA,2,005,ADMIRALTY WAY,BALI WAY,20,N,N,A,-,N,NA,NA,NA,NA,NA,NA,NA,NA,NA,N,4,0,1,2,A,-,07,21658,A,N,B,C,A,A,H,-,C,A,0,NA,NA,NA,NA,Y,NA,A,07,0,0,1,0,0,0,0,0,0,-,-,33.98244094848633,-118.44197082519533,LOS ANGELES,UNINCORPORATED,-118.44168853759766,33.98215103149414
94601603,2025,2025-03-18,9540,2025-03-01,1415,023847,NA,6,2,6,1985,0,1,3,NA,1,145,SR-14 S/B (ANTELOPE VALLEY FREEWAY),GOLDEN VALLEY RD,3168,N,N,A,-,Y,LA,NA,14,NA,R,30.272,H,NA,L,N,3,0,1,2,A,-,07,21658,A,M,E,I,A,A,H,-,A,D,0,NA,NA,NA,NA,Y,NA,-,99,0,1,0,0,0,0,0,0,0,-,-,34.397579193115234,-118.46430206298828,LOS ANGELES,SANTA CLARITA,-118.464111328125,34.397361755371094
9460162,2022,2022-06-28,1928,2022-06-04,2027,50432,514,6,5,5,1928,0,0,0,NA,0,502,HAWTHORN BL,120TH ST,0,NA,Y,A,-,N,NA,NA,NA,NA,NA,NA,NA,NA,NA,Y,4,0,5,3,A,-,03,22350,NA,N,C,C,A,A,H,-,C,A,0,NA,NA,NA,NA,Y,NA,A,07,0,0,5,0,0,0,0,0,0,-,-,33.92362976074219,-118.35269927978516,LOS ANGELES,HAWTHORNE,-118.35266876220705,33.92367172241211
94601653,2025,2025-03-18,9590,2025-02-25,820,016230,NA,2,1,7,1942,0,1,1,NA,2,021,I-10 WB SBF,SOTO STREET,1477,E,N,A,-,Y,LA,NA,10,NA,NA,19.36,H,NA,L,N,4,0,1,2,A,-,03,22350,NA,N,C,C,A,A,H,-,A,D,0,NA,NA,NA,NA,Y,NA,A,07,0,0,1,0,0,0,0,0,0,-,-,34.055641174316406,-118.19792175292967,LOS ANGELES,LOS ANGELES,-118.19791412353516,34.05560302734375
94601676,2025,2025-05-21,9545,2025-02-27,1530,020140,NA,4,2,6,1992,0,1,3,NA,2,011,SR-14 S/B,AVENUE G,1584,S,N,B,-,Y,LA,NA,14,NA,R,70.66,H,NA,L,Y,3,0,5,4,A,-,03,22350,NA,N,C,C,A,A,D,-,A,D,0,NA,NA,NA,NA,Y,NA,A,01,0,2,3,0,0,0,0,0,0,-,-,34.728389739990234,-118.17050170898438,LOS ANGELES,LANCASTER,-118.17046356201172,34.728389739990234
94601680,2025,2025-03-18,9550,2025-02-27,2255,024129,NA,4,3,6,1920,0,1,1,NA,2,151,I-105 W/B,LAKEWOOD BOULEVARD,462,W,N,A,-,Y,LA,NA,105,NA,R,15.653,H,NA,L,Y,3,0,1,2,A,-,01,23152,A,N,C,C,A,A,H,-,C,D,0,NA,NA,NA,NA,Y,Y,A,01,0,1,0,0,0,0,0,0,0,-,-,33.91328811645508,-118.14231872558594,LOS ANGELES,DOWNEY,-118.14231872558594,33.91321563720703
94601697,2025,2025-03-18,9590,2025-02-24,1240,016230,NA,1,1,7,1942,0,1,1,NA,2,021,I-10 EB SBF,I-5 SB GSF TO CESAR E. CHAVEZ,197,W,N,A,-,Y,LA,NA,10,NA,S,0.513,H,NA,L,N,4,0,1,1,A,-,08,22107,NA,N,E,I,A,A,H,-,A,D,0,NA,NA,NA,NA,Y,NA,A,01,0,0,1,0,0,0,0,0,0,-,-,34.055179595947266,-118.21665191650392,LOS ANGELES,LOS ANGELES,-118.21665191650392,34.055381774902344
94601710,2024,2025-03-18,9565,2024-12-17,1235,023735,NA,2,1,9,1900,0,2,4,NA,2,021,98TH STREET,VERMONT AVENUE,20,W,N,A,-,N,NA,NA,NA,NA,NA,NA,NA,NA,NA,Y,4,0,1,2,A,-,08,22107,NA,F,E,I,F,A,H,-,A,A,0,Y,NA,NA,NA,Y,NA,A,01,0,0,1,0,1,0,0,0,0,-,-,33.94704055786133,-118.29206085205078,LOS ANGELES,UNINCORPORATED,-118.29196166992188,33.9468994140625
94601711,2025,2025-03-18,9530,2025-01-31,645,022438,NA,5,1,9,1900,0,1,1,NA,2,120,I-110 S/B TO I-405 S/B,I-110 S/B (HARBOR FREEWAY),345,W,N,A,-,Y,LA,NA,405,NA,NA,13.071,H,NA,R,N,4,0,1,2,A,-,07,21658,A,F,B,C,A,A,H,-,A,D,0,NA,NA,NA,NA,Y,NA,A,07,0,0,1,0,0,0,0,0,0,-,-,33.85778045654297,-118.28620147705078,LOS ANGELES,UNINCORPORATED,-118.2861557006836,33.857845306396484
94601716,2025,2025-03-18,9580,2025-02-26,1017,019952,NA,3,1,7,1942,0,1,1,NA,2,405,I-405 S/B (SAN DIEGO FWY),SEPULVEDA BLVD,150,S,N,A,-,Y,LA,NA,405,NA,NA,38.506,H,NA,L,N,3,0,1,3,A,-,08,22107,NA,N,B,C,A,A,H,-,A,D,0,NA,NA,Y,NA,Y,NA,A,01,0,1,0,0,0,0,0,0,1,-,-,34.147090911865234,-118.4702606201172,LOS ANGELES,LOS ANGELES,-118.47038269042967,34.14713668823242
94601730,2025,2025-03-18,9545,2025-02-26,850,020140,NA,3,1,9,1900,0,3,5,NA,2,002,AVENUE N,30TH STREET WEST,180,E,N,A,-,N,NA,NA,NA,NA,NA,NA,NA,NA,NA,Y,3,0,3,3,A,-,03,22350,NA,N,C,C,A,A,H,-,A,D,0,NA,NA,NA,NA,Y,NA,A,07,0,1,2,0,0,0,0,0,0,-,-,34.631160736083984,-118.18263244628906,LOS ANGELES,UNINCORPORATED,-118.18278503417967,34.63113021850586
9460175,2022,2022-06-28,1956,2022-06-01,0909,1292,44,3,5,5,1956,0,0,0,NA,0,003,GRANT AV,MACKAY LN,169,E,N,A,-,N,NA,NA,NA,NA,NA,NA,NA,NA,NA,N,4,0,1,2,A,-,08,22103,NA,N,D,C,A,A,H,-,A,D,0,NA,NA,NA,NA,Y,NA,A,01,0,0,1,0,0,0,0,0,0,-,-,NA,NA,LOS ANGELES,REDONDO BEACH,-118.36798095703124,33.8690299987793
94601784,2025,2025-03-18,9590,2025-03-06,850,021762,NA,4,1,7,1942,0,1,2,NA,2,073,US-101 S/B (HOLLYWOOD FREEWAY),WILTON PL,100,N,N,A,-,Y,LA,NA,101,NA,NA,6.176,H,NA,L,N,4,0,1,2,A,-,03,22350,NA,N,C,C,A,A,H,-,A,D,0,NA,NA,NA,NA,Y,NA,A,01,0,0,1,0,0,0,0,0,0,-,-,34.09714889526367,-118.31391143798828,LOS ANGELES,LOS ANGELES,-118.3139419555664,34.097129821777344
94601810,2025,2025-03-18,9530,2025-02-26,1720,023673,NA,3,2,7,1941,0,1,1,NA,2,430,I-405 N/B (SAN DIEGO FREEWAY),CLARKE AVE.,75,S,N,A,-,Y,LA,NA,405,NA,NA,2.753,H,NA,R,N,4,0,1,2,A,-,03,22350,NA,N,C,C,A,A,H,-,B,D,0,NA,NA,NA,NA,Y,NA,D,22,0,0,1,0,0,0,0,0,0,-,-,33.802879333496094,-118.13359832763672,LOS ANGELES,LONG BEACH,-118.13359832763672,33.80289077758789
94601819,2025,2025-03-18,9575,2025-02-24,1655,024270,NA,1,2,7,1942,0,1,1,NA,2,050,I-5 S/B (GOLDEN STATE FREEWAY),THE SOUTH EDGE OF THE LA RIVER,60,N,N,A,-,Y,LA,NA,5,NA,NA,27.127,H,NA,L,N,4,0,1,2,A,-,07,21658,A,N,B,C,A,A,H,-,A,D,0,NA,NA,NA,NA,Y,NA,-,-,0,0,1,0,0,0,0,0,0,-,-,34.155941009521484,-118.28996276855467,LOS ANGELES,LOS ANGELES,-118.28997039794922,34.15593338012695
94601822,2025,2025-03-18,9550,2025-03-10,610,018408,NA,1,1,9,1900,0,2,4,NA,1,052,COLIMA RD.,JELLICK AVE.,20,W,N,A,-,N,NA,NA,NA,NA,NA,NA,NA,NA,NA,N,3,0,1,2,A,-,09,21804,A,N,D,J,A,A,H,-,C,A,0,NA,NA,NA,NA,Y,NA,M,94,0,1,0,0,0,0,0,0,0,-,-,33.98823928833008,-117.90135955810548,LOS ANGELES,UNINCORPORATED,-117.90126800537108,33.98810577392578
94601835,2025,2025-03-18,9545,2025-02-27,2240,023663,NA,4,3,9,1900,0,1,3,NA,2,011,SR-14 S/B,AVENUE C,2660,N,N,A,-,Y,LA,NA,14,NA,R,75.547,H,NA,L,Y,2,0,1,1,A,-,01,23152,A,N,E,I,A,A,D,-,D,D,0,NA,NA,NA,NA,Y,Y,A,07,1,0,0,0,0,0,0,0,0,-,-,34.79930114746094,-118.17112731933594,LOS ANGELES,UNINCORPORATED,-118.17107391357422,34.79930114746094