CASE_ID,ACCIDENT_YEAR,PROC_DATE,JURIS,COLLISION_DATE,COLLISION_TIME,OFFICER_ID,REPORTING_DISTRICT,DAY_OF_WEEK,CHP_SHIFT,POPULATION,CNTY_CITY_LOC,SPECIAL_COND,BEAT_TYPE,CHP_BEAT_TYPE,CITY_DIVISION_LAPD,CHP_BEAT_CLASS,BEAT_NUMBER,PRIMARY_RD,SECONDARY_RD,DISTANCE,DIRECTION,INTERSECTION,WEATHER_1,WEATHER_2,STATE_HWY_IND,CALTRANS_COUNTY,CALTRANS_DISTRICT,STATE_ROUTE,ROUTE_SUFFIX,POSTMILE_PREFIX,POSTMILE,LOCATION_TYPE,RAMP_INTERSECTION,SIDE_OF_HWY,TOW_AWAY,COLLISION_SEVERITY,NUMBER_KILLED,NUMBER_INJURED,PARTY_COUNT,PRIMARY_COLL_FACTOR,PCF_CODE_OF_VIOL,PCF_VIOL_CATEGORY,PCF_VIOLATION,PCF_VIOL_SUBSECTION,HIT_AND_RUN,TYPE_OF_COLLISION,MVIW,PED_ACTION,ROAD_SURFACE,ROAD_COND_1,ROAD_COND_2,LIGHTING,CONTROL_DEVICE,CHP_ROAD_TYPE,PEDESTRIAN_ACCIDENT,BICYCLE_ACCIDENT,MOTORCYCLE_ACCIDENT,TRUCK_ACCIDENT,NOT_PRIVATE_PROPERTY,ALCOHOL_INVOLVED,STWD_VEHTYPE_AT_FAULT,CHP_VEHTYPE_AT_FAULT,COUNT_SEVERE_INJ,COUNT_VISIBLE_INJ,COUNT_COMPLAINT_PAIN,COUNT_PED_KILLED,COUNT_PED_INJURED,COUNT_BICYCLIST_KILLED,COUNT_BICYCLIST_INJURED,COUNT_MC_KILLED,COUNT_MC_INJURED,PRIMARY_RAMP,SECONDARY_RAMP,LATITUDE,LONGITUDE,COUNTY,CITY,POINT_X,POINT_Y
94612005,2025,2025-03-20,9590,2025-03-18,1250,015575,NA,2,1,7,1942,0,1,1,NA,2,085,I-5 S/B (GOLDEN STATE FREEWAY),HYPERION AVENUE,995,N,N,A,-,Y,LA,NA,5,NA,NA,23.916,H,NA,L,N,4,0,1,2,A,-,03,22350,NA,N,C,C,A,A,H,-,A,D,0,NA,NA,NA,NA,Y,NA,A,01,0,0,1,0,0,0,0,0,0,-,-,34.11492919921875,-118.26831817626952,LOS ANGELES,LOS ANGELES,-118.26834869384766,34.11491775512695
94612010,2025,2025-03-20,9590,2025-03-10,1120,019134,NA,1,1,7,1942,0,1,1,NA,2,081,I-5 S/B (GOLDEN STATE FREEWAY),4TH STREET,15,S,N,B,-,Y,LA,NA,5,NA,NA,17.561,H,NA,L,Y,4,0,1,4,A,-,03,22350,NA,F,C,C,A,A,H,-,A,D,0,NA,NA,NA,Y,Y,NA,F,26,0,0,1,0,0,0,0,0,0,-,-,34.042911529541016,-118.2173080444336,LOS ANGELES,LOS ANGELES,-118.21732330322266,34.04291534423828
94612013,2025,2025-03-20,9535,2025-02-25,1715,022269,NA,2,2,9,1900,0,3,5,NA,2,006,POTRERO GRANDE DR. (1600 BLOCK),HILL DR.,40,W,N,A,-,N,NA,NA,NA,NA,NA,NA,NA,NA,NA,N,4,0,3,3,A,-,03,22350,NA,N,C,C,A,A,H,-,B,A,0,NA,NA,NA,NA,Y,NA,D,22,0,0,3,0,0,0,0,0,0,-,-,34.04813003540039,-118.09837341308594,LOS ANGELES,UNINCORPORATED,-118.09829711914064,34.04817581176758
94612018,2025,2025-03-20,9590,2025-02-22,1650,023957,NA,6,2,7,1942,0,1,1,NA,2,083,I-5 S/B (GOLDEN STATE FREEWAY),NEWELL ST,100,S,N,A,-,Y,NA,NA,NA,NA,NA,NA,NA,NA,NA,N,4,0,2,3,A,-,03,22350,NA,N,C,C,A,A,H,-,A,D,0,NA,NA,NA,NA,Y,NA,A,01,0,0,2,0,0,0,0,0,0,-,-,34.09878158569336,-118.24756622314452,LOS ANGELES,LOS ANGELES,-118.24723815917967,34.098854064941406
94612022,2025,2025-03-20,9590,2025-03-11,535,018345,NA,2,3,7,1942,0,1,1,NA,2,062,I-10 EB (SMF) TO I-110 NB (HAF),VENICE BLVD.,125,E,N,B,-,Y,NA,NA,NA,NA,NA,NA,NA,NA,NA,N,3,0,1,1,A,-,08,22107,NA,N,E,I,A,B,H,-,C,D,0,NA,NA,NA,NA,Y,NA,A,07,0,1,0,0,0,0,0,0,0,-,-,34.038818359375,-118.27205657958984,LOS ANGELES,LOS ANGELES,-118.37516021728516,34.03636932373047
94612029,2025,2025-03-20,9525,2025-03-09,15,023899,NA,7,3,1,1934,0,1,1,NA,2,652,I-605 N/B (SAN GABRIEL RIVER FWY),LIVE OAK AVE.,6600,S,N,A,-,Y,LA,NA,605,NA,NA,22.259,H,NA,R,Y,4,0,2,2,A,-,03,22350,NA,N,C,C,A,A,H,-,C,D,0,NA,NA,NA,NA,Y,NA,A,01,0,0,2,0,0,0,0,0,0,-,-,34.09265899658203,-117.99047088623048,LOS ANGELES,IRWINDALE,-117.99047088623048,34.0926628112793
94612042,2025,2025-03-20,9565,2025-03-10,924,024161,NA,1,1,6,1933,0,1,1,NA,2,060,I-405 N/B,FLORENCE AVENUE,50,N,N,A,-,Y,LA,NA,405,NA,NA,23.517,H,NA,R,N,4,0,1,2,A,-,07,21658,A,N,B,C,A,A,H,-,A,D,0,NA,NA,Y,NA,Y,NA,A,07,0,0,1,0,0,0,0,0,1,-,-,33.963951110839844,-118.37004089355467,LOS ANGELES,INGLEWOOD,-118.36991119384766,33.9639778137207
94612043,2025,2025-03-20,9565,2025-03-07,1210,023177,NA,5,1,9,1900,0,1,1,NA,2,060,I-405 N/B (SAN DIEGO FWY),CENTURY BLVD.,200,S,N,A,-,Y,LA,NA,405,NA,NA,22.016,H,NA,R,Y,3,0,1,4,A,-,08,22107,NA,N,B,C,A,A,H,-,A,D,0,NA,NA,NA,NA,Y,NA,A,01,0,1,0,0,0,0,0,0,0,-,-,33.9422607421875,-118.36801147460938,LOS ANGELES,UNINCORPORATED,-118.36822509765624,33.942256927490234
94612076,2025,2025-03-20,9530,2025-03-10,510,023235,NA,1,3,6,1972,0,1,1,NA,2,400,I-405 S/B (SAN DIEGO FREEWAY),WESTERN AVENUE,300,N,N,A,-,Y,LA,NA,405,NA,NA,14.602,H,NA,L,Y,2,0,3,6,A,-,01,23152,A,N,E,8,A,A,H,-,C,D,0,NA,NA,NA,NA,Y,Y,A,01,1,0,2,0,0,0,0,0,0,-,-,33.8603401184082,-118.31231689453124,LOS ANGELES,TORRANCE,-118.31234741210938,33.860267639160156
94612080,2025,2025-03-20,9535,2025-02-23,1135,024280,NA,7,1,9,1900,0,3,5,NA,2,002,HICKS AVENUE (1200 BLOCK),UNION PACIFIC AVENUE,528,N,N,A,-,N,NA,NA,NA,NA,NA,NA,NA,NA,NA,N,4,0,1,2,A,-,09,21804,A,N,D,C,A,A,H,-,A,D,0,NA,NA,NA,NA,Y,NA,A,07,0,0,1,0,0,0,0,0,0,-,-,34.01707077026367,-118.19024658203124,LOS ANGELES,UNINCORPORATED,-118.19052124023438,34.01654052734375
94612121,2025,2025-03-20,9535,2025-03-10,631,023804,NA,1,1,9,1900,0,1,1,NA,2,500,I-5 (SANTA ANA FREEWAY) N/B,DITMAN AVE.,207,S,N,A,-,Y,LA,NA,5,NA,NA,14.742,H,NA,R,N,4,0,1,2,A,-,03,22350,NA,N,C,C,A,A,H,-,C,D,0,NA,NA,NA,NA,Y,NA,A,07,0,0,1,0,0,0,0,0,0,-,-,34.020240783691406,-118.18852996826172,LOS ANGELES,UNINCORPORATED,-118.18852996826172,34.020233154296875
94612133,2025,2025-03-20,9550,2025-03-12,750,018854,NA,3,1,9,1900,0,2,4,NA,1,051,NOGALES ST.,VILLA CLARA ST.,0,NA,Y,B,-,N,NA,NA,NA,NA,NA,NA,NA,NA,NA,N,4,0,1,2,A,-,09,21802,A,N,D,C,A,B,H,-,A,A,0,NA,NA,NA,NA,Y,NA,A,07,0,0,1,0,0,0,0,0,0,-,-,33.978729248046875,-117.88857269287108,LOS ANGELES,UNINCORPORATED,-117.88857269287108,33.97872543334961
94612134,2025,2025-03-20,9550,2025-03-12,1510,022023,NA,3,2,6,1920,0,1,1,NA,2,651,I-605 NORTHBOUND TO I-5,FLORENCE AVE.,200,S,N,A,-,Y,NA,NA,NA,NA,NA,NA,NA,NA,NA,N,4,0,2,2,A,-,21,22106,NA,N,C,C,A,A,H,-,A,D,0,NA,NA,NA,NA,Y,NA,A,01,0,0,2,0,0,0,0,0,0,-,-,33.9356689453125,-118.09889221191406,LOS ANGELES,DOWNEY,-118.09856414794922,33.93734359741211
94612140,2025,2025-03-20,9535,2025-03-10,715,023070,NA,1,1,5,1959,0,1,1,NA,2,401,W/B I-10 (SAN BERNARDINO FREEWAY),TEMPLE CITY BL,300,E,N,A,-,Y,LA,NA,10,NA,NA,27.752,H,NA,L,N,4,0,1,2,A,-,03,22350,NA,N,C,C,A,A,H,-,A,D,0,NA,NA,NA,NA,Y,NA,A,01,0,0,1,0,0,0,0,0,0,-,-,34.072608947753906,-118.05742645263672,LOS ANGELES,ROSEMEAD,-118.05743408203124,34.0726432800293
94612166,2025,2025-03-20,9545,2025-03-09,735,023505,NA,7,1,9,1900,0,3,5,NA,2,004,AVENUE T,LONGVIEW RD,0,NA,Y,A,-,N,NA,NA,NA,NA,NA,NA,NA,NA,NA,Y,3,0,2,2,A,-,09,21802,A,N,D,C,A,A,H,-,A,A,0,NA,NA,NA,NA,Y,NA,A,01,0,1,1,0,0,0,0,0,0,-,-,34.542808532714844,-117.89012145996094,LOS ANGELES,UNINCORPORATED,-117.89006042480467,34.54280090332031
94612170,2025,2025-03-20,9535,2025-03-10,1250,023070,NA,1,1,5,1959,0,1,1,NA,2,400,E/B I-10 (SAN BERNARDINO FREEWAY),SAN GABRIEL BLVD,500,E,N,A,-,Y,LA,NA,10,NA,NA,25.95,H,NA,R,N,4,0,1,2,A,-,03,22350,NA,N,C,C,A,A,H,-,A,D,0,NA,NA,NA,NA,Y,NA,A,01,0,0,1,0,0,0,0,0,0,-,-,34.07194137573242,-118.08883666992188,LOS ANGELES,ROSEMEAD,-118.08883666992188,34.07185745239258
94612181,2025,2025-05-21,9535,2025-03-10,1323,023070,NA,1,1,5,1906,0,1,1,NA,2,400,I-10 E/B (SAN BERNARDINO FREEWAY) TO I-605 N/B (SA,I-605 N/B (SAN GABRIEL RIVER FREEWAY),15,W,N,A,-,Y,LA,NA,10,NA,NA,31.138,H,NA,R,N,4,0,6,2,A,-,03,22350,NA,M,C,C,A,A,H,-,A,D,0,NA,NA,NA,NA,Y,NA,A,08,0,0,6,0,0,0,0,0,0,-,-,34.0648307800293,-118.00041198730467,LOS ANGELES,BALDWIN PARK,-118.00042724609376,34.06495666503906
94612196,2025,2025-03-20,9545,2025-03-10,2050,021497,NA,1,2,9,1900,0,1,3,NA,2,011,SR-14 S/B,AVENUE G,1742,N,N,B,-,Y,LA,NA,14,NA,R,71.335,H,NA,L,Y,4,0,1,1,A,-,01,23152,A,N,E,I,A,A,H,-,D,D,0,NA,NA,NA,NA,Y,Y,A,01,0,0,1,0,0,0,0,0,0,-,-,34.73817825317383,-118.1706085205078,LOS ANGELES,UNINCORPORATED,-118.17053985595705,34.738182067871094
94612206,2025,2025-04-15,9550,2025-03-13,20,023825,NA,4,3,3,1964,0,1,1,NA,2,650,I-605 NB,DAVENRICH ST,85,N,N,C,-,Y,LA,NA,605,NA,R,9.973,H,NA,R,Y,4,0,1,3,A,-,03,22350,NA,N,E,I,A,B,H,-,C,D,0,NA,NA,NA,Y,Y,NA,F,26,0,0,1,0,0,0,0,0,0,-,-,33.946048736572266,-118.0941162109375,LOS ANGELES,SANTA FE SPRINGS,-118.09397888183594,33.94599533081055
94612252,2025,2025-03-20,9545,2025-03-09,855,023505,NA,7,1,9,1900,0,3,5,NA,2,004,50TH STREET EAST,AVENUE M,15,S,N,A,-,N,NA,NA,NA,NA,NA,NA,NA,NA,NA,Y,4,0,1,2,A,-,03,22350,NA,N,D,2,A,A,H,-,A,A,0,NA,NA,NA,NA,Y,NA,A,01,0,0,1,0,0,0,0,0,0,-,-,34.64590835571289,-118.04086303710938,LOS ANGELES,UNINCORPORATED,-118.0408935546875,34.64597702026367
94612253,2025,2025-03-20,9575,2025-02-26,1848,024270,NA,3,2,6,1925,0,1,3,NA,2,042,SR-134 W/B (VENTURA FREEWAY),CONCORD ST.,1050,E,N,A,-,Y,LA,NA,134,NA,R,6.404,H,NA,L,N,4,0,3,5,A,-,03,22350,NA,N,C,2,A,A,H,-,C,C,0,NA,NA,NA,NA,Y,NA,A,07,0,0,3,0,0,0,0,0,0,-,-,34.15570068359375,-118.26764678955078,LOS ANGELES,GLENDALE,-118.26765441894533,34.15570831298828
94612272,2025,2025-03-20,9575,2025-03-05,2103,024136,NA,3,2,9,1900,0,1,1,NA,2,062,I-210 E/B (FOOTHILL FREEWAY),BRIGGS AVE,235,E,N,B,C,Y,LA,NA,210,NA,R,18.066,H,NA,R,Y,2,0,1,2,A,-,03,22350,NA,N,D,C,A,B,H,-,C,D,0,NA,NA,NA,NA,Y,NA,A,07,1,0,0,0,0,0,0,0,0,-,-,34.21274948120117,-118.23030090332033,LOS ANGELES,UNINCORPORATED,-118.23027801513672,34.21277618408203
94612345,2025,2025-03-20,9575,2025-03-09,1450,022629,NA,7,2,7,1942,0,1,3,NA,2,043,SR-134 E/B (VENTURA FREEWAY),FOREST LAWN DRIVE,2112,E,N,A,-,Y,LA,NA,134,NA,NA,4.192,H,NA,R,N,4,0,1,2,A,-,03,22350,NA,M,C,C,A,A,H,-,A,D,0,NA,NA,NA,NA,Y,NA,-,99,0,0,1,0,0,0,0,0,0,-,-,34.156288146972656,-118.30462646484376,LOS ANGELES,LOS ANGELES,-118.30463409423828,34.15630340576172
94612346,2025,2025-03-20,9545,2025-03-10,1815,022910,NA,1,2,9,1900,0,3,5,NA,2,003,SR-14 NORTHBOUND,SIERRA HIGHWAY,1320,N,N,A,-,Y,LA,NA,14,NA,R,52.731,H,NA,R,Y,3,0,2,3,A,-,03,22350,NA,N,C,2,A,A,H,-,B,D,0,NA,NA,NA,NA,Y,NA,A,01,0,1,1,0,0,0,0,0,0,-,-,34.491180419921875,-118.13118743896484,LOS ANGELES,UNINCORPORATED,-118.13117980957033,34.49113464355469
94612350,2025,2025-03-20,9535,2025-03-03,1623,023351,NA,1,2,9,1900,0,1,3,NA,2,600,SR-60 E/B (POMONA FREEWAY),I-710 (LONG BEACH FREEWAY),205,E,N,A,-,Y,LA,NA,60,NA,R,3.698,H,NA,R,N,4,0,1,2,A,-,03,22350,NA,N,C,C,A,A,H,-,A,D,0,NA,NA,NA,NA,Y,NA,A,01,0,0,1,0,0,0,0,0,0,-,-,34.0364990234375,-118.16266632080078,LOS ANGELES,UNINCORPORATED,-118.16266632080078,34.03641891479492
94612365,2025,2025-03-20,9545,2025-03-18,335,023608,NA,2,3,9,1900,0,2,4,NA,1,026,SPUNKY CANYON RD,SPUNKY EDISON RD,2424,E,N,A,-,N,NA,NA,NA,NA,NA,NA,NA,NA,NA,N,3,0,1,1,A,-,01,23152,A,N,E,I,A,A,H,-,D,D,0,NA,NA,NA,NA,Y,Y,A,01,0,1,0,0,0,0,0,0,0,-,-,34.59674835205078,-118.38561248779295,LOS ANGELES,UNINCORPORATED,-118.38556671142578,34.596771240234375
94612371,2025,2025-03-20,9575,2025-03-17,2010,024291,NA,1,2,5,1902,0,1,1,NA,2,065,I-210 E/B (FOOTHILL FREEWAY),SANTA ANITE AVENUE,2112,W,N,B,-,Y,NA,NA,NA,NA,NA,NA,NA,NA,NA,N,4,0,1,1,A,-,08,22107,NA,N,E,I,A,B,H,-,D,D,0,NA,NA,NA,NA,Y,NA,D,22,0,0,1,0,0,0,0,0,0,-,-,34.14733123779297,-118.03224182128906,LOS ANGELES,ARCADIA,-118.03842163085938,34.148460388183594
94612374,2025,2025-03-20,9525,2025-03-19,2346,024054,NA,3,3,6,1975,0,1,1,NA,2,106,I-10 E/B (SAN BERNARDINO FWY),HOLT BLVD,2165,E,N,A,-,Y,LA,NA,10,NA,NA,39.394,H,NA,R,Y,4,0,1,2,A,-,03,22350,NA,N,C,C,A,A,H,-,D,D,0,NA,NA,NA,NA,Y,NA,A,01,0,0,1,0,0,0,0,0,0,-,-,34.06792068481445,-117.85823822021484,LOS ANGELES,WEST COVINA,-117.85823822021484,34.06794738769531
94612377,2025,2025-03-21,9525,2025-03-09,135,023661,NA,7,3,5,1906,0,1,1,NA,2,103,I-10 W/B TO I-605 N/B,I-605 N/B (SAN GABRIEL RIVER FWY),355,E,N,A,-,Y,NA,NA,NA,NA,NA,NA,NA,NA,NA,N,2,0,1,1,A,-,08,22107,NA,N,E,I,A,A,H,-,C,D,0,NA,NA,NA,NA,Y,NA,D,22,1,0,0,0,0,0,0,0,0,-,-,34.06578063964844,-117.99887847900392,LOS ANGELES,BALDWIN PARK,-117.99889373779295,34.06536865234375
94612378,2025,2025-03-21,9535,2025-03-10,420,022812,NA,1,3,9,1900,0,1,1,NA,2,070,I-710 (LONG BEACH FREEWAY) N/B TO SR-60 (POMONA FR,SR-60 (POMONA FREEWAY) E/B,600,S,N,A,-,Y,NA,NA,NA,NA,NA,NA,NA,NA,NA,N,4,0,1,2,A,-,03,22350,NA,N,C,C,A,A,H,-,C,A,0,NA,NA,NA,NA,Y,NA,D,22,0,0,1,0,0,0,0,0,0,-,-,34.03133010864258,-118.17031097412108,LOS ANGELES,UNINCORPORATED,-118.1698989868164,34.0355110168457
94612379,2025,2025-03-21,9550,2025-03-12,1050,020014,NA,3,1,9,1900,0,2,4,NA,1,022,TELEGRAPH ROAD E/B,GUNN AVE,100,E,N,B,C,N,NA,NA,NA,NA,NA,NA,NA,NA,NA,N,4,0,1,2,A,-,08,22107,NA,N,E,I,A,B,H,-,A,D,0,NA,NA,NA,NA,Y,NA,D,22,0,0,1,0,0,0,0,0,0,-,-,33.93857955932617,-118.04429626464844,LOS ANGELES,UNINCORPORATED,-118.04426574707033,33.938716888427734
94612380,2025,2025-03-21,9535,2025-03-10,1009,023448,NA,1,1,5,1969,0,1,1,NA,2,074,I-710 (LONG BEACH FREEWAY) N/B,FILESTONE BLVD,2059,S,N,A,-,Y,LA,NA,710,NA,NA,18.049,H,NA,R,N,4,0,1,2,A,-,07,21658,A,N,B,C,A,A,H,-,A,D,0,NA,NA,NA,NA,Y,NA,-,-,0,0,1,0,0,0,0,0,0,-,-,33.944091796875,-118.17073059082033,LOS ANGELES,SOUTH GATE,-118.1707763671875,33.944095611572266
94612393,2025,2025-03-21,9525,2025-03-16,245,023939,NA,7,3,5,1990,0,1,3,NA,2,611,SR-60 W/B (POMONA FWY),FAIRWAY DR.,2904,E,N,A,-,Y,LA,NA,60,NA,R,22.059,H,NA,L,Y,4,0,1,1,A,-,08,22107,NA,N,E,I,A,A,H,-,D,D,0,NA,NA,NA,NA,Y,NA,D,22,0,0,1,0,0,0,0,0,0,-,-,33.99787139892578,-117.86062622070313,LOS ANGELES,DIAMOND BAR,-117.86065673828124,33.99798583984375
94612409,2025,2025-03-21,9565,2025-03-10,910,024021,NA,1,1,5,1928,0,1,1,NA,2,012,I-105 W/B,118TH ST PED O/C,300,E,N,A,-,Y,LA,NA,105,NA,R,3.94,H,NA,L,Y,3,0,1,2,A,-,07,21658,A,N,B,2,A,A,H,-,A,D,0,NA,NA,NA,Y,Y,NA,A,01,0,1,0,0,0,0,0,0,0,-,-,33.92720031738281,-118.3395767211914,LOS ANGELES,HAWTHORNE,-118.33961486816406,33.92716598510742
94612554,2025,2025-03-21,9530,2025-03-11,1610,017860,NA,2,2,7,1941,0,1,1,NA,2,420,I-405 S/B (SAN DIEGO FREEWAY),SPRING ST.,684,N,N,B,-,Y,LA,NA,405,NA,NA,4.687,H,NA,L,N,4,0,1,2,A,-,03,22350,NA,N,C,C,A,A,H,-,A,D,0,NA,NA,NA,NA,Y,NA,A,07,0,0,1,0,0,0,0,0,0,-,-,33.812538146972656,-118.16461181640624,LOS ANGELES,LONG BEACH,-118.16461944580078,33.8125114440918
94612560,2025,2025-03-21,9575,2025-03-13,426,017722,NA,4,3,6,1953,0,1,1,NA,2,065,I-210 W/B (FOOTHILL FREEWAY),SUNNYSLOPE AVE.,1000,E,N,B,C,Y,LA,NA,210,NA,R,28.791,H,NA,L,N,4,0,1,1,A,-,03,22350,NA,N,E,I,A,B,H,-,C,D,0,NA,NA,NA,NA,Y,NA,A,01,0,0,1,0,0,0,0,0,0,-,-,34.15106964111328,-118.0898208618164,LOS ANGELES,PASADENA,-118.08973693847656,34.15116500854492
94612569,2025,2025-03-21,9530,2025-03-01,2130,024223,NA,6,2,9,1900,0,3,5,NA,2,001,FIRESTONE BLVD.,MAIE AVE.,115,W,N,A,-,N,NA,NA,NA,NA,NA,NA,NA,NA,NA,N,3,0,1,3,A,-,11,21954,A,N,G,1,D,D,H,-,C,D,0,Y,NA,NA,NA,Y,NA,N,60,0,1,0,0,1,0,0,0,0,-,-,33.96018981933594,-118.24494934082033,LOS ANGELES,UNINCORPORATED,-118.24481964111328,33.96015167236328
94612570,2025,2025-03-21,9530,2025-03-06,2000,024130,NA,4,2,9,1900,0,3,5,NA,2,002,SAN PEDRO ST.,ROSECRANS AVE.,6,S,N,B,-,N,NA,NA,NA,NA,NA,NA,NA,NA,NA,N,3,0,1,2,A,-,10,21950,A,F,G,B,B,B,H,-,C,A,0,Y,NA,NA,NA,Y,Y,-,99,0,1,0,0,1,0,0,0,0,-,-,33.901790618896484,-118.2689971923828,LOS ANGELES,UNINCORPORATED,-118.2689971923828,33.90194320678711
94612576,2025,2025-03-21,9590,2025-03-12,1914,022690,NA,3,2,7,1942,0,1,1,NA,2,041,I-5 S/B (SAF),MARIETTA ST,50,N,N,B,C,Y,NA,NA,NA,NA,NA,NA,NA,NA,NA,N,4,0,1,2,A,-,03,22350,NA,N,C,C,A,B,H,-,C,D,0,NA,NA,NA,NA,Y,NA,-,33,0,0,1,0,0,0,0,0,0,-,-,34.028358459472656,-118.21373748779295,LOS ANGELES,LOS ANGELES,-118.21388244628906,34.02824020385742
94612578,2025,2025-03-21,9590,2025-03-14,1000,018345,NA,5,1,7,1942,0,1,1,NA,2,064,I-10 EASTBOUND (SANTA MONICA FREEWAY),ELWOOD ST,75,W,N,A,-,Y,LA,NA,10,NA,NA,17.313,H,NA,R,N,4,0,1,2,A,-,07,21658,A,N,B,C,A,B,H,-,A,D,0,NA,NA,NA,NA,Y,NA,A,07,0,0,1,0,0,0,0,0,0,-,-,34.02585983276367,-118.23622131347656,LOS ANGELES,LOS ANGELES,-118.23619079589844,34.02581024169922
94612587,2025,2025-03-21,9530,2025-03-11,20,021709,NA,2,3,5,1977,0,1,1,NA,2,410,I-405 S/B (SAN DIEGO FREEWAY),WILMINGTON AVE,1500,N,N,A,-,Y,LA,NA,405,NA,NA,9.865,H,NA,L,Y,4,0,1,2,A,-,03,22350,NA,N,E,I,A,A,H,-,C,D,0,NA,NA,NA,NA,Y,NA,A,01,0,0,1,0,0,0,0,0,0,-,-,33.82566833496094,-118.24658203125,LOS ANGELES,CARSON,-118.24658203125,33.82575607299805
94612593,2025,2025-03-21,9565,2025-03-11,1835,023173,NA,2,2,7,1942,0,1,1,NA,2,062,I-405 S/B,PALMS BLVD,300,S,N,A,-,Y,LA,NA,405,NA,NA,28.439,H,NA,L,Y,4,0,3,3,A,-,03,22350,NA,N,C,C,A,A,H,-,A,D,0,NA,NA,NA,NA,Y,NA,A,01,0,0,3,0,0,0,0,0,0,-,-,34.01792907714844,-118.42312622070313,LOS ANGELES,LOS ANGELES,-118.42313385009766,34.01792907714844
94612597,2025,2025-04-02,9550,2025-03-08,1815,024057,NA,6,2,9,1900,0,2,4,NA,1,052,COLIMA ROAD,PASO REAL AVE.,0,NA,Y,A,-,N,NA,NA,NA,NA,NA,NA,NA,NA,NA,N,3,0,1,2,A,-,10,21950,A,N,G,B,B,A,H,-,C,A,0,Y,NA,NA,NA,Y,NA,A,01,0,1,0,0,1,0,0,0,0,-,-,33.9876708984375,-117.89341735839844,LOS ANGELES,UNINCORPORATED,-117.8935546875,33.987762451171875
94612622,2025,2025-03-21,9530,2025-03-11,633,024138,NA,2,1,5,1977,0,1,3,NA,2,310,SR-91 E/B (ARTESIA FREEWAY),CENTRAL AVE.,1500,W,N,B,C,Y,LA,NA,91,NA,R,8.751,H,NA,R,Y,4,0,2,3,A,-,07,21658,A,N,B,2,A,B,H,-,D,D,0,NA,NA,NA,NA,Y,NA,A,07,0,0,2,0,0,0,0,0,0,-,-,33.87348175048828,-118.24320220947266,LOS ANGELES,CARSON,-118.24319458007813,33.873416900634766
94612624,2025,2025-03-21,9525,2025-03-14,512,024045,NA,5,3,6,1955,0,1,1,NA,2,108,I-10 E/B TO SR-71 SOUTHBOUND,SR-57 N/B (ORANGE FWY),500,E,N,A,-,Y,NA,NA,NA,NA,NA,NA,NA,NA,NA,N,2,0,1,3,A,-,08,22107,NA,N,E,I,A,A,H,-,C,C,0,NA,NA,NA,Y,Y,NA,A,01,1,0,0,0,0,0,0,0,0,-,-,34.065120697021484,-117.8051300048828,LOS ANGELES,POMONA,-117.8051528930664,34.065696716308594
94612640,2025,2025-03-21,9545,2025-03-12,845,020547,NA,3,1,6,1992,0,1,3,NA,2,011,SR-14 S/B,AVENUE L,1200,N,N,A,-,Y,LA,NA,14,NA,R,65.996,H,NA,L,Y,4,0,3,3,A,-,03,22350,NA,N,C,C,A,A,D,-,A,D,0,NA,NA,NA,NA,Y,NA,A,01,0,0,3,0,0,0,0,0,0,-,-,34.66487121582031,-118.15354919433594,LOS ANGELES,LANCASTER,-118.15355682373048,34.66487121582031
94612695,2025,2025-03-21,9530,2025-03-11,1800,024345,NA,2,2,9,1900,0,3,5,NA,2,002,CENTRAL AVE (BLOCK 1200),123RD ST,60,S,N,A,-,N,NA,NA,NA,NA,NA,NA,NA,NA,NA,N,3,0,1,2,A,-,03,22350,NA,N,C,C,A,A,H,-,A,A,0,NA,NA,Y,NA,Y,NA,C,03,0,1,0,0,0,0,0,0,1,-,-,33.920188903808594,-118.25430297851564,LOS ANGELES,UNINCORPORATED,-118.25462341308594,33.920265197753906
94612702,2025,2025-03-21,9530,2025-03-11,910,024076,NA,2,1,9,1900,0,3,5,NA,2,001,ALAMEDA ST.,MANCHESTER AVE.,0,NA,Y,B,-,N,NA,NA,NA,NA,NA,NA,NA,NA,NA,Y,4,0,1,2,A,-,12,21453,A,F,D,C,A,A,H,-,A,A,0,NA,NA,NA,NA,Y,NA,-,99,0,0,1,0,0,0,0,0,0,-,-,33.960140228271484,-118.23162078857422,LOS ANGELES,UNINCORPORATED,-118.23159790039064,33.960121154785156
94612704,2025,2025-03-21,9545,2025-03-13,1445,019816,NA,4,2,9,1900,0,2,4,NA,1,027,BOUQUET CANYON RD,LEONA DIVIDE FIRE ROAD,1584,S,N,D,-,N,NA,NA,NA,NA,NA,NA,NA,NA,NA,N,4,0,2,1,A,-,08,22107,NA,N,E,I,A,C,H,-,A,D,0,NA,NA,NA,NA,Y,NA,A,07,0,0,2,0,0,0,0,0,0,-,-,34.584228515625,-118.31047821044922,LOS ANGELES,UNINCORPORATED,-118.30995941162108,34.58417892456055