CASE_ID,ACCIDENT_YEAR,PROC_DATE,JURIS,COLLISION_DATE,COLLISION_TIME,OFFICER_ID,REPORTING_DISTRICT,DAY_OF_WEEK,CHP_SHIFT,POPULATION,CNTY_CITY_LOC,SPECIAL_COND,BEAT_TYPE,CHP_BEAT_TYPE,CITY_DIVISION_LAPD,CHP_BEAT_CLASS,BEAT_NUMBER,PRIMARY_RD,SECONDARY_RD,DISTANCE,DIRECTION,INTERSECTION,WEATHER_1,WEATHER_2,STATE_HWY_IND,CALTRANS_COUNTY,CALTRANS_DISTRICT,STATE_ROUTE,ROUTE_SUFFIX,POSTMILE_PREFIX,POSTMILE,LOCATION_TYPE,RAMP_INTERSECTION,SIDE_OF_HWY,TOW_AWAY,COLLISION_SEVERITY,NUMBER_KILLED,NUMBER_INJURED,PARTY_COUNT,PRIMARY_COLL_FACTOR,PCF_CODE_OF_VIOL,PCF_VIOL_CATEGORY,PCF_VIOLATION,PCF_VIOL_SUBSECTION,HIT_AND_RUN,TYPE_OF_COLLISION,MVIW,PED_ACTION,ROAD_SURFACE,ROAD_COND_1,ROAD_COND_2,LIGHTING,CONTROL_DEVICE,CHP_ROAD_TYPE,PEDESTRIAN_ACCIDENT,BICYCLE_ACCIDENT,MOTORCYCLE_ACCIDENT,TRUCK_ACCIDENT,NOT_PRIVATE_PROPERTY,ALCOHOL_INVOLVED,STWD_VEHTYPE_AT_FAULT,CHP_VEHTYPE_AT_FAULT,COUNT_SEVERE_INJ,COUNT_VISIBLE_INJ,COUNT_COMPLAINT_PAIN,COUNT_PED_KILLED,COUNT_PED_INJURED,COUNT_BICYCLIST_KILLED,COUNT_BICYCLIST_INJURED,COUNT_MC_KILLED,COUNT_MC_INJURED,PRIMARY_RAMP,SECONDARY_RAMP,LATITUDE,LONGITUDE,COUNTY,CITY,POINT_X,POINT_Y
94613878,2025,2025-03-24,9580,2025-03-16,909,022753,NA,7,1,7,1942,0,1,3,NA,2,116,SR-118 E/B (RONALD REAGAN FWY.),RESEDA BLVD,179,W,N,A,-,Y,LA,NA,118,NA,R,5.763,H,NA,R,N,4,0,1,1,A,-,01,23152,A,N,F,I,A,A,H,-,A,D,0,NA,NA,NA,NA,Y,Y,A,01,0,0,1,0,0,0,0,0,0,-,-,34.27463912963867,-118.53695678710938,LOS ANGELES,LOS ANGELES,-118.53701782226564,34.27484130859375
9461388,2022,2022-07-01,1941,2022-06-03,2325,11570,NA,5,5,7,1941,0,0,0,NA,0,NA,LONG BEACH BL,ANAHEIM ST,0,NA,Y,A,-,N,NA,NA,NA,NA,NA,NA,NA,NA,NA,Y,4,0,2,2,A,-,12,21453,A,N,D,C,A,A,H,-,C,A,0,NA,NA,NA,NA,Y,NA,A,NA,0,0,2,0,0,0,0,0,0,-,-,NA,NA,LOS ANGELES,LONG BEACH,-118.18949127197266,33.78260803222656
94613883,2025,2025-03-24,9580,2025-03-18,1920,022551,NA,2,2,3,1989,0,1,2,NA,2,107,US-101 S/B (VENTURA FREEWAY),VALLEY CIRCLE BLVD,2500,N,N,A,-,Y,LA,NA,101,NA,NA,27.816,H,NA,L,Y,4,0,2,2,A,-,03,22350,NA,N,C,C,A,A,H,-,B,D,0,NA,NA,NA,NA,Y,NA,A,01,0,0,2,0,0,0,0,0,0,-,-,34.15650177001953,-118.64482879638672,LOS ANGELES,CALABASAS,-118.64479064941406,34.15644073486328
9461389,2022,2022-07-21,1941,2022-06-04,1104,11576,NA,6,5,7,1941,0,0,0,NA,0,NA,OCEAN BL,CHERRY AV,0,NA,Y,A,-,N,NA,NA,NA,NA,NA,NA,NA,NA,NA,Y,4,0,2,2,D,-,00,NA,NA,N,D,C,A,A,H,-,A,A,0,NA,NA,NA,NA,Y,NA,-,-,0,0,2,0,0,0,0,0,0,-,-,NA,NA,LOS ANGELES,LONG BEACH,-118.16842651367188,33.76450729370117
9461390,2022,2022-07-01,1941,2022-06-05,1346,11012,NA,7,5,7,1941,0,0,0,NA,0,NA,ORANGE AV,ANAHEIM ST,90,S,N,A,-,N,NA,NA,NA,NA,NA,NA,NA,NA,NA,N,4,0,5,3,A,-,03,22350,NA,N,C,C,A,A,H,-,A,A,0,NA,NA,NA,NA,Y,NA,A,NA,0,0,5,0,0,0,0,0,0,-,-,NA,NA,LOS ANGELES,LONG BEACH,-118.17635345458984,33.78236389160156
94613907,2024,2025-03-24,9565,2024-03-21,2200,022832,NA,4,3,9,1900,0,2,4,NA,2,024,IMPERIAL HIGHWAY,VAN NESS AVENUE,0,NA,Y,A,-,N,NA,NA,NA,NA,NA,NA,NA,NA,NA,Y,3,0,2,2,A,-,12,21453,A,N,D,C,A,A,H,-,C,A,0,NA,NA,NA,NA,Y,NA,A,01,0,1,1,0,0,0,0,0,0,-,-,33.93109130859375,-118.31778717041016,LOS ANGELES,UNINCORPORATED,-118.31777954101564,33.93090057373047
9461391,2022,2022-07-21,1941,2022-06-04,1444,11417,NA,6,5,7,1941,0,0,0,NA,0,NA,OCEAN BL,GAVIOTA AV,0,NA,Y,A,-,N,NA,NA,NA,NA,NA,NA,NA,NA,NA,Y,4,0,1,2,-,-,-,NA,NA,N,D,C,A,A,H,-,A,D,0,NA,NA,NA,NA,Y,NA,-,-,0,0,1,0,0,0,0,0,0,-,-,NA,NA,LOS ANGELES,LONG BEACH,-118.17201995849608,33.764957427978516
9461392,2022,2022-07-21,1941,2022-06-04,1747,10836,NA,6,5,7,1941,0,0,0,NA,0,NA,DOWNEY AV,64TH ST,0,NA,Y,A,-,N,NA,NA,NA,NA,NA,NA,NA,NA,NA,Y,4,0,1,2,-,-,-,NA,NA,N,D,C,A,A,H,-,A,A,0,NA,NA,NA,NA,Y,NA,A,NA,0,0,1,0,0,0,0,0,0,-,-,NA,NA,LOS ANGELES,LONG BEACH,-118.15129089355467,33.87105941772461
94613924,2025,2025-03-24,9575,2025-03-17,2215,022946,NA,1,3,7,1942,0,1,3,NA,2,041,SR-134 W/B (VENTURA FREEWAY) TO SR-2 W/B (GLENDALE,COLORADO BLVD,155,W,N,A,-,Y,LA,NA,2,NA,R,18.493,H,NA,L,Y,3,0,1,1,A,-,01,23152,A,N,E,I,A,A,H,-,C,D,0,NA,NA,NA,NA,Y,Y,A,01,0,1,0,0,0,0,0,0,0,-,-,34.14223861694336,-118.22801971435548,LOS ANGELES,LOS ANGELES,-118.22774505615234,34.14218521118164
9461393,2022,2022-08-31,1941,2022-06-04,2243,11004,NA,6,5,7,1941,0,0,0,NA,0,NA,LONG BEACH BL,ELLIS ST,0,NA,Y,A,-,N,NA,NA,NA,NA,NA,NA,NA,NA,NA,NA,4,0,2,2,A,-,09,21801,A,N,D,C,A,A,H,-,C,A,0,NA,NA,NA,NA,Y,NA,A,NA,0,0,2,0,0,0,0,0,0,-,-,NA,NA,LOS ANGELES,LONG BEACH,-118.1974868774414,33.85672378540039
9461394,2022,2022-07-01,1941,2022-06-05,1831,11263,NA,7,5,7,1941,0,0,0,NA,0,NA,7TH ST,EAST CAMPUS DR,150,E,N,A,-,N,NA,NA,NA,NA,NA,NA,NA,NA,NA,Y,3,0,2,4,A,-,07,21658,A,N,B,C,A,A,H,-,A,A,0,NA,NA,NA,NA,Y,NA,A,NA,0,1,1,0,0,0,0,0,0,-,-,NA,NA,LOS ANGELES,LONG BEACH,-118.1113052368164,33.774879455566406
9461395,2022,2022-07-01,1941,2022-06-06,0815,5755,NA,1,5,7,1941,0,0,0,NA,0,NA,SPRING ST,SAN ANSELINE AV,213,W,N,B,-,N,NA,NA,NA,NA,NA,NA,NA,NA,NA,Y,4,0,1,3,A,-,03,22350,NA,N,C,C,A,A,H,-,A,A,0,NA,NA,NA,NA,Y,NA,D,NA,0,0,1,0,0,0,0,0,0,-,-,NA,NA,LOS ANGELES,LONG BEACH,-118.12235260009766,33.81045913696289
9461396,2022,2022-07-01,1941,2022-06-06,1139,11569,NA,1,5,7,1941,0,0,0,NA,0,NA,ATLANTIC AV,BIXBY RD,0,NA,-,A,-,N,NA,NA,NA,NA,NA,NA,NA,NA,NA,N,4,0,1,2,D,-,00,NA,NA,F,D,B,C,A,H,-,A,A,0,Y,NA,NA,NA,Y,NA,-,-,0,0,1,0,1,0,0,0,0,-,-,NA,NA,LOS ANGELES,LONG BEACH,-118.18502807617188,33.82670593261719
9461397,2022,2022-08-16,1941,2022-06-06,1318,11656,NA,1,5,7,1941,0,0,0,NA,0,NA,ORANGE AV,7TH ST,0,NA,Y,A,-,N,NA,NA,NA,NA,NA,NA,NA,NA,NA,Y,4,0,1,2,A,-,12,21453,A,N,D,C,A,A,H,-,A,A,0,NA,NA,NA,NA,Y,NA,D,NA,0,0,1,0,0,0,0,0,0,-,-,NA,NA,LOS ANGELES,LONG BEACH,-118.17638397216795,33.77534484863281
9461398,2022,2022-07-01,1941,2022-06-06,1500,11576,NA,1,5,7,1941,0,0,0,NA,0,NA,7TH ST,SANTIAGO AV,0,NA,-,A,-,N,NA,NA,NA,NA,NA,NA,NA,NA,NA,Y,4,0,2,2,A,-,09,21801,A,N,D,C,A,A,H,-,A,A,0,NA,NA,NA,NA,Y,NA,A,NA,0,0,2,0,0,0,0,0,0,-,-,NA,NA,LOS ANGELES,LONG BEACH,-118.12852478027344,33.775352478027344
9461399,2022,2022-07-01,1941,2022-06-06,1532,11572,NA,1,5,7,1941,0,0,0,NA,0,NA,LONG BEACH BL,25TH ST,0,NA,-,A,-,N,NA,NA,NA,NA,NA,NA,NA,NA,NA,N,3,0,1,2,A,-,09,21800,A,N,H,G,A,A,H,-,A,D,0,NA,Y,NA,NA,Y,NA,-,NA,0,1,0,0,0,0,1,0,0,-,-,NA,NA,LOS ANGELES,LONG BEACH,-118.18946838378906,33.80257034301758
9461401,2022,2022-06-29,1942,2022-06-15,1010,36238,0111,3,5,7,1942,0,0,0,A,0,24TL43,ALAMEDA ST,ARCADIA ST,0,NA,Y,A,-,N,NA,NA,NA,NA,NA,NA,NA,NA,NA,Y,4,0,2,2,A,-,09,21800,NA,N,D,C,A,A,H,-,A,B,0,NA,NA,NA,NA,Y,NA,A,01,0,0,2,0,0,0,0,0,0,-,-,NA,NA,LOS ANGELES,LOS ANGELES,-118.23785400390624,34.05452346801758
9461402,2022,2022-06-29,1942,2022-06-15,1200,37952,1309,3,5,7,1942,0,0,0,M,0,24TL26,OLYMPIC BL,MATEO ST,0,NA,Y,A,E,N,NA,NA,NA,NA,NA,NA,NA,NA,NA,N,3,0,1,2,A,-,10,21950,A,F,D,G,A,A,H,-,A,A,0,NA,Y,NA,NA,Y,NA,-,99,0,1,0,0,0,0,1,0,0,-,-,NA,NA,LOS ANGELES,LOS ANGELES,-118.2322006225586,34.02599334716797
9461403,2022,2023-06-09,1942,2022-06-15,2235,37540,0469,3,5,7,1942,0,0,0,D,0,24T33,EAST 4TH ST,E 4TH ST 3474,0,NA,N,A,-,N,NA,NA,NA,NA,NA,NA,NA,NA,NA,N,2,0,1,2,A,-,10,21950,A,N,G,B,B,A,H,-,C,A,0,Y,NA,NA,NA,Y,NA,A,01,1,0,0,0,1,0,0,0,0,-,-,NA,NA,LOS ANGELES,LOS ANGELES,-118.24720764160156,34.04814147949219
9461404,2021,2022-06-29,1942,2021-06-14,2255,37540,0146,1,5,7,1942,0,0,0,A,0,24T33,5TH ST,WALL ST,0,NA,Y,A,-,N,NA,NA,NA,NA,NA,NA,NA,NA,NA,N,4,0,1,2,A,-,10,21950,A,F,G,B,B,A,H,-,C,A,0,Y,NA,NA,NA,Y,NA,-,99,0,0,1,0,1,0,0,0,0,-,-,NA,NA,LOS ANGELES,LOS ANGELES,-118.24581146240234,34.0449104309082
9461419,2022,2022-06-30,1925,2022-06-01,1650,22783,175,3,5,6,1925,0,0,0,NA,0,001,HIGHLAND AV,GLENWOOD RD,0,NA,Y,A,-,N,NA,NA,NA,NA,NA,NA,NA,NA,NA,NA,4,0,1,2,A,-,05,21650,1,N,D,G,A,A,H,-,A,A,0,NA,Y,NA,NA,Y,NA,L,04,0,0,1,0,0,0,1,0,0,-,-,34.16598892211914,-118.27381896972656,LOS ANGELES,GLENDALE,-118.27381134033205,34.16599655151367
9461420,2022,2022-06-30,1925,2022-06-15,0907,22783,235,3,5,6,1925,0,0,0,NA,0,004,BROADWAY,LOUISE ST,0,NA,Y,A,-,N,NA,NA,NA,NA,NA,NA,NA,NA,NA,NA,4,0,2,2,A,-,09,21801,A,N,D,C,A,A,H,-,A,A,0,NA,NA,NA,NA,Y,NA,A,01,0,0,2,0,0,0,0,0,0,-,-,34.146331787109375,-118.25263214111328,LOS ANGELES,GLENDALE,-118.2526397705078,34.146324157714844
9461421,2022,2022-06-29,1925,2022-06-15,1108,21092,239,3,5,6,1925,0,0,0,NA,0,004,VERDUGO RD,CALIFORNIA AV,161,S,N,A,-,N,NA,NA,NA,NA,NA,NA,NA,NA,NA,NA,3,0,1,2,A,-,11,21956,A,N,G,B,E,A,H,-,A,D,0,Y,NA,NA,NA,Y,NA,N,60,0,1,0,0,1,0,0,0,0,-,-,NA,NA,LOS ANGELES,GLENDALE,-118.236083984375,34.14993667602539
9461422,2022,2022-06-29,1925,2022-06-20,2154,27423,142,1,5,6,1925,0,0,0,NA,0,001,KENNETH RD,CENTRAL AV,425,W,N,A,-,N,NA,NA,NA,NA,NA,NA,NA,NA,NA,NA,2,0,1,1,A,-,17,21235,G,N,E,I,A,A,H,-,C,D,0,NA,NA,NA,NA,Y,NA,M,94,1,0,0,0,0,0,0,0,0,-,-,34.168479919433594,-118.2568130493164,LOS ANGELES,GLENDALE,-118.25823974609376,34.16864013671875
9461423,2022,2022-06-29,1925,2022-06-02,1349,22783,222,4,5,6,1925,0,0,0,NA,0,002,CENTRAL AV,MILFORD ST,0,NA,Y,A,-,N,NA,NA,NA,NA,NA,NA,NA,NA,NA,NA,3,0,1,3,A,-,03,22350,NA,N,D,C,A,A,H,-,A,A,0,NA,NA,NA,NA,Y,NA,A,01,0,1,0,0,0,0,0,0,0,-,-,34.15288162231445,-118.25791168212892,LOS ANGELES,GLENDALE,-118.25791931152344,34.152748107910156
9461424,2022,2022-06-29,1925,2022-06-13,1618,21092,122,1,5,6,1925,0,0,0,NA,0,005,PENNSYLVANIA AV,HERMOSA AV,157,N,N,A,-,N,NA,NA,NA,NA,NA,NA,NA,NA,NA,Y,3,0,1,2,A,-,03,22350,NA,N,C,C,A,A,H,-,A,D,0,NA,NA,NA,NA,Y,NA,A,07,0,1,0,0,0,0,0,0,0,-,-,NA,NA,LOS ANGELES,GLENDALE,-118.24874114990234,34.21821975708008
9461425,2022,2022-06-29,1925,2022-06-14,0947,21092,252,2,5,6,1925,0,0,0,NA,0,003,ADAMS ST,COLORADO ST,0,NA,Y,B,-,N,NA,NA,NA,NA,NA,NA,NA,NA,NA,NA,4,0,1,2,A,-,10,21950,A,N,G,B,B,A,H,-,A,A,0,Y,NA,NA,NA,Y,NA,A,01,0,0,1,0,1,0,0,0,0,-,-,NA,NA,LOS ANGELES,GLENDALE,-118.24179840087892,34.14265060424805
9461426,2022,2022-06-29,1925,2022-06-13,1750,21092,236,1,5,6,1925,0,0,0,NA,0,004,CALIFORNIA AV,KENWOOD ST,0,NA,Y,A,-,N,NA,NA,NA,NA,NA,NA,NA,NA,NA,Y,4,0,1,3,A,-,01,23152,A,N,D,C,A,A,H,-,A,A,0,NA,NA,NA,NA,Y,Y,A,01,0,0,1,0,0,0,0,0,0,-,-,NA,NA,LOS ANGELES,GLENDALE,-118.25138854980467,34.149940490722656
9461428,2022,2022-07-27,1941,2022-06-01,2020,10836,NA,3,5,7,1941,0,0,0,NA,0,NA,ORANGE AV,70TH ST,84,S,N,A,-,N,NA,NA,NA,NA,NA,NA,NA,NA,NA,Y,3,0,2,3,A,-,08,22107,NA,N,B,C,A,A,H,-,C,D,0,NA,NA,NA,NA,Y,Y,A,NA,0,2,0,0,0,0,0,0,0,-,-,NA,NA,LOS ANGELES,LONG BEACH,-118.17743682861328,33.88153839111328
9461429,2022,2022-09-07,1941,2022-06-10,0826,11661,NA,5,5,7,1941,0,0,0,NA,0,NA,7TH ST,ALAMITOS AV,0,NA,Y,A,-,N,NA,NA,NA,NA,NA,NA,NA,NA,NA,N,4,0,1,2,A,-,05,21202,A,N,H,G,A,A,H,-,A,D,0,NA,Y,NA,NA,Y,NA,-,-,0,0,1,0,0,0,1,0,0,-,-,NA,NA,LOS ANGELES,LONG BEACH,-118.1801986694336,33.77534484863281
9461430,2022,2022-08-16,1941,2022-06-04,1044,11512,NA,6,5,7,1941,0,0,0,NA,0,NA,BELLFLOWER BL,ANAHEIM RD,0,NA,Y,A,-,N,NA,NA,NA,NA,NA,NA,NA,NA,NA,Y,4,0,1,1,D,-,00,NA,NA,N,F,A,A,A,H,-,A,D,0,NA,NA,Y,NA,Y,NA,-,-,0,0,1,0,0,0,0,0,1,-,-,NA,NA,LOS ANGELES,LONG BEACH,-118.1224365234375,33.779449462890625
9461431,2022,2022-06-30,1941,2022-06-02,1239,10549,NA,4,5,7,1941,0,0,0,NA,0,NA,ARTESIA BL,ATLANTIC AV,0,NA,Y,A,-,N,NA,NA,NA,NA,NA,NA,NA,NA,NA,N,4,0,1,2,A,-,04,21703,NA,N,C,C,A,-,H,-,A,D,0,NA,NA,NA,NA,Y,NA,A,NA,0,0,1,0,0,0,0,0,0,-,-,NA,NA,LOS ANGELES,LONG BEACH,-118.18624877929688,33.8743782043457
9461432,2022,2022-06-30,1941,2022-06-03,1925,10799,NA,5,5,7,1941,0,0,0,NA,0,NA,ANAHEIM ST,CEDAR AV,0,NA,Y,A,-,N,NA,NA,NA,NA,NA,NA,NA,NA,NA,Y,2,0,3,4,A,-,03,22350,NA,F,A,B,F,A,H,-,A,D,0,Y,NA,NA,NA,Y,NA,A,NA,1,2,0,0,1,0,0,0,0,-,-,NA,NA,LOS ANGELES,LONG BEACH,-118.19506072998048,33.782596588134766
9461433,2022,2022-06-29,1941,2022-06-05,0555,11649,NA,7,5,7,1941,0,0,0,NA,0,NA,MARKET ST,ELM AV,226,E,N,A,-,N,NA,NA,NA,NA,NA,NA,NA,NA,NA,N,4,0,1,2,A,-,03,22350,NA,F,G,B,F,A,H,-,A,D,0,Y,NA,NA,NA,Y,Y,A,NA,0,0,1,0,1,0,0,0,0,-,-,NA,NA,LOS ANGELES,LONG BEACH,-118.18766784667967,33.85432052612305
9461434,2022,2022-10-21,1941,2022-06-02,0011,11352,NA,4,5,7,1941,0,0,0,NA,0,NA,SOUTH ST,MYRTLE AV,0,NA,Y,A,-,N,NA,NA,NA,NA,NA,NA,NA,NA,NA,N,3,0,1,2,D,-,00,NA,NA,F,G,B,B,A,H,-,C,D,0,Y,NA,NA,NA,Y,NA,-,-,0,1,0,0,1,0,0,0,0,-,-,NA,NA,LOS ANGELES,LONG BEACH,-118.18202972412108,33.86008834838867
9461441,2022,2022-07-06,1976,2022-05-31,1437,567,NA,2,5,5,1976,0,0,0,NA,0,002,SANTA FE SPRINGS RD,MULBERRY AV,0,NA,Y,A,-,N,NA,NA,NA,NA,NA,NA,NA,NA,NA,Y,4,0,1,3,A,-,12,21453,A,F,B,C,A,A,H,-,A,A,0,NA,NA,NA,NA,Y,NA,A,01,0,0,1,0,0,0,0,0,0,-,-,NA,NA,LOS ANGELES,WHITTIER,-118.05075073242188,33.95880126953125
9461469,2022,2022-07-01,1955,2022-03-16,2108,42783,3,3,5,6,1955,0,0,0,NA,0,0007,HOLT AV,ELEANOR ST,0,NA,Y,A,-,N,NA,NA,NA,NA,NA,NA,NA,NA,NA,Y,2,0,1,2,A,-,11,21954,A,N,G,B,D,A,H,-,C,D,0,Y,NA,NA,NA,Y,NA,N,60,1,0,0,0,1,0,0,0,0,-,-,34.062530517578125,-117.74378204345705,LOS ANGELES,POMONA,-117.74375915527344,34.06255340576172
9461473,2022,2022-07-07,1941,2022-05-31,0640,6282,NA,2,5,7,1941,0,0,0,NA,0,NA,PCH,HARBOR,0,NA,Y,A,-,N,NA,NA,NA,NA,NA,NA,NA,NA,NA,Y,3,0,2,2,D,-,00,NA,NA,N,D,C,A,A,H,-,A,A,0,NA,NA,NA,Y,Y,NA,-,-,0,2,0,0,0,0,0,0,0,-,-,NA,NA,LOS ANGELES,LONG BEACH,-118.21053314208984,33.789859771728516
9461484,2022,2022-06-30,1942,2022-06-07,1810,38171,1346,2,5,7,1942,0,0,0,M,0,24T32,CENTRAL,43RD,100,N,N,A,-,N,NA,NA,NA,NA,NA,NA,NA,NA,NA,Y,3,0,4,4,A,-,01,23152,A,N,B,E,F,A,H,-,C,D,0,Y,NA,NA,NA,Y,Y,D,22,0,4,0,0,2,0,0,0,0,-,-,NA,NA,LOS ANGELES,LOS ANGELES,-118.25649261474608,34.00509262084961
9461491,2022,2022-07-20,1942,2022-06-07,0810,32973,0112,2,5,7,1942,0,0,0,A,0,24TL21,BROADWAY,ALISO ST,0,NA,Y,A,-,Y,LA,7,101,-,-,1.181,R,4,S,Y,3,0,3,3,A,-,12,21453,A,N,D,C,E,A,H,-,A,A,0,Y,NA,NA,NA,Y,NA,D,22,0,2,1,0,1,0,0,0,0,-,-,NA,NA,LOS ANGELES,LOS ANGELES,-118.24381256103516,34.05778503417969
9461495,2022,2022-07-22,1942,2022-06-06,1750,31713,0152,1,5,7,1942,0,0,0,A,0,24TL52,5TH ST,GRAND AV,0,NA,Y,A,-,N,NA,NA,NA,NA,NA,NA,NA,NA,NA,N,4,0,1,2,A,-,11,21954,A,N,D,B,E,A,H,-,A,D,0,Y,NA,NA,NA,Y,Y,N,60,0,0,1,0,1,0,0,0,0,-,-,NA,NA,LOS ANGELES,LOS ANGELES,-118.2901611328125,33.73968505859375
9461542,2022,2022-06-29,1942,2022-06-07,2212,39876,1353,2,5,7,1942,0,0,0,M,0,24T31,VERNON AV,MCKINLEY AV,220,E,N,A,-,N,NA,NA,NA,NA,NA,NA,NA,NA,NA,N,4,0,1,2,A,-,21,22106,NA,F,B,C,A,A,H,-,C,A,0,NA,NA,NA,NA,Y,NA,-,99,0,0,1,0,0,0,0,0,0,-,-,NA,NA,LOS ANGELES,LOS ANGELES,-118.26017761230467,34.003902435302734
9461543,2022,2022-06-29,1942,2022-06-02,0320,40138,1385,4,5,7,1942,0,0,0,M,0,13A93,CENTRAL AV,61ST ST,0,NA,Y,A,-,N,NA,NA,NA,NA,NA,NA,NA,NA,NA,N,2,0,1,2,D,-,00,NA,NA,F,G,G,A,A,H,-,C,-,0,NA,Y,NA,NA,Y,NA,-,-,1,0,0,0,0,0,1,0,0,-,-,NA,NA,LOS ANGELES,LOS ANGELES,-118.25646209716795,33.98445129394531
9461544,2022,2022-06-29,1942,2022-06-04,1355,38357,1352,6,5,7,1942,0,0,0,M,0,24TL29,AVALON BL,47TH ST,0,NA,Y,A,D,N,NA,NA,NA,NA,NA,NA,NA,NA,NA,N,3,0,1,2,A,-,06,21760,B,F,B,G,A,A,H,-,A,D,0,NA,Y,NA,NA,Y,NA,-,99,0,1,0,0,0,0,1,0,0,-,-,NA,NA,LOS ANGELES,LOS ANGELES,-118.2652587890625,34.000667572021484
9461545,2022,2022-06-29,1942,2022-06-03,2055,42876,1371,5,5,7,1942,0,0,0,M,0,24T31,MAIN ST,54TH ST,129,N,N,A,D,N,NA,NA,NA,NA,NA,NA,NA,NA,NA,N,4,0,1,2,A,-,11,21954,A,F,G,-,D,A,-,-,C,D,0,Y,NA,NA,NA,Y,Y,N,60,0,0,1,0,1,0,0,0,0,-,-,NA,NA,LOS ANGELES,LOS ANGELES,-118.27396392822266,33.993682861328125
9461546,2022,2022-06-29,1942,2022-06-05,2110,38590,1381,7,5,7,1942,0,0,0,M,0,24TL34,BROADWAY,59TH PL,0,NA,Y,B,-,N,NA,NA,NA,NA,NA,NA,NA,NA,NA,Y,3,0,4,3,A,-,05,21650,NA,F,A,C,A,A,H,-,C,A,0,NA,NA,NA,NA,Y,NA,A,01,0,3,1,0,0,0,0,0,0,-,-,NA,NA,LOS ANGELES,LOS ANGELES,-118.27828979492188,33.98599624633789
9461547,2022,2022-06-29,1942,2022-06-04,1520,41419,0422,6,5,7,1942,0,0,0,D,0,24MQ46,EASTLAKE AV,BALDWIN ST,0,NA,Y,A,-,N,NA,NA,NA,NA,NA,NA,NA,NA,NA,Y,3,0,1,2,A,-,12,22450,A,F,D,C,A,A,H,-,A,D,0,NA,NA,NA,NA,Y,Y,A,01,0,1,0,0,0,0,0,0,0,-,-,NA,NA,LOS ANGELES,LOS ANGELES,-118.2077407836914,34.07023620605469
9461548,2022,2022-06-29,1942,2022-06-06,1230,39395,0499,1,5,7,1942,0,0,0,D,0,24TL56,OLYMPIC BL,ESPERANZA ST,75,W,N,A,-,N,NA,NA,NA,NA,NA,NA,NA,NA,NA,Y,4,0,1,2,A,-,03,22350,NA,F,C,C,A,A,H,-,A,D,0,NA,NA,NA,NA,Y,NA,A,01,0,0,1,0,0,0,0,0,0,-,-,NA,NA,LOS ANGELES,LOS ANGELES,-118.20125579833984,34.018798828125
9461609,2022,2022-07-28,1925,2022-06-15,1925,28123,2,3,5,6,1925,0,0,0,NA,0,274,LOS FELIZ RD,GARDENA AV,168,W,N,A,-,N,NA,NA,NA,NA,NA,NA,NA,NA,NA,Y,3,0,1,1,A,-,01,23152,A,N,E,I,A,A,H,-,C,D,0,NA,NA,NA,NA,Y,Y,A,01,0,1,0,0,0,0,0,0,0,-,-,NA,NA,LOS ANGELES,GLENDALE,-118.26097869873048,34.12742233276367
9461612,2022,2022-07-14,1925,2022-06-13,1901,27752,246,1,5,6,1925,0,0,0,NA,0,003,E ACACIA AV,TYLER ST,236,E,N,A,-,N,NA,NA,NA,NA,NA,NA,NA,NA,NA,N,4,0,1,2,A,-,06,21751,NA,N,A,G,A,A,H,-,A,A,0,NA,Y,NA,NA,Y,NA,A,01,0,0,1,0,0,0,1,0,0,-,-,NA,NA,LOS ANGELES,GLENDALE,-118.23893737792967,34.13507080078125
9461624,2022,2022-07-08,1906,2022-06-01,0800,4447,NA,3,5,5,1906,0,0,0,NA,0,003,PUENTE AV,SIERRA WY,0,NA,Y,A,-,N,NA,NA,NA,NA,NA,NA,NA,NA,NA,Y,4,0,1,2,A,-,09,21804,A,N,D,C,A,A,H,-,A,D,0,NA,NA,NA,NA,Y,NA,A,01,0,0,1,0,0,0,0,0,0,-,-,NA,NA,LOS ANGELES,BALDWIN PARK,-117.95470428466795,34.07709503173828
9461625,2022,2022-07-11,1906,2022-06-11,0058,4450,ELMON,6,5,5,1906,0,0,0,NA,0,003,PACIFIC AV,PUENTE AV,0,NA,-,A,-,N,NA,NA,NA,NA,NA,NA,NA,NA,NA,Y,3,0,3,3,A,-,09,21800,A,N,A,C,A,A,H,-,C,A,0,NA,NA,NA,NA,Y,NA,A,01,0,2,1,0,0,0,0,0,0,-,-,NA,NA,LOS ANGELES,BALDWIN PARK,-117.9523696899414,34.07928466796875
9461626,2022,2022-07-11,1906,2022-06-07,2149,2896,NA,2,5,5,1906,0,0,0,NA,0,001,FRAIZER ST,FRANCISQUITO AV,0,NA,Y,A,-,N,NA,NA,NA,NA,NA,NA,NA,NA,NA,N,4,0,2,2,A,-,09,21801,NA,N,D,C,A,A,H,-,C,A,0,NA,NA,NA,NA,Y,NA,A,07,0,0,2,0,0,0,0,0,0,-,-,NA,NA,LOS ANGELES,BALDWIN PARK,-117.9826202392578,34.0748176574707
9461627,2022,2022-07-20,1906,2022-06-05,1331,4442,NA,7,5,5,1906,0,0,0,NA,0,NA,MAINE AV,RAMONA BL,2,NA,N,A,-,N,NA,NA,NA,NA,NA,NA,NA,NA,NA,N,4,0,1,2,A,-,05,21651,B,N,D,G,A,A,H,-,A,D,0,NA,Y,NA,NA,Y,NA,L,04,0,0,1,0,0,0,1,0,0,-,-,NA,NA,LOS ANGELES,BALDWIN PARK,-117.96041107177734,34.08685302734375
9461628,2022,2022-07-11,1906,2022-06-04,1410,4442,NA,6,5,5,1906,0,0,0,NA,0,003,BIG DALTON AV,GARVEY AV,0,NA,-,A,-,N,NA,NA,NA,NA,NA,NA,NA,NA,NA,N,4,0,1,2,A,-,17,21200,NA,N,D,G,A,A,H,-,A,D,0,NA,Y,NA,NA,Y,NA,L,04,0,0,1,0,0,0,1,0,0,-,-,NA,NA,LOS ANGELES,BALDWIN PARK,-117.96636962890624,34.0700569152832
9461629,2022,2022-08-01,1906,2022-06-21,0825,2841,1906,2,5,5,1906,0,0,0,NA,0,002,DALEWOOD ST,LEORITA ST,440,E,N,A,-,N,NA,NA,NA,NA,NA,NA,NA,NA,NA,N,4,0,2,3,A,-,09,21801,NA,N,D,C,A,A,H,-,A,D,0,NA,NA,NA,NA,Y,NA,A,01,0,0,2,0,0,0,0,0,0,-,-,NA,NA,LOS ANGELES,BALDWIN PARK,-117.98726654052734,34.06654357910156