CASE_ID,ACCIDENT_YEAR,PROC_DATE,JURIS,COLLISION_DATE,COLLISION_TIME,OFFICER_ID,REPORTING_DISTRICT,DAY_OF_WEEK,CHP_SHIFT,POPULATION,CNTY_CITY_LOC,SPECIAL_COND,BEAT_TYPE,CHP_BEAT_TYPE,CITY_DIVISION_LAPD,CHP_BEAT_CLASS,BEAT_NUMBER,PRIMARY_RD,SECONDARY_RD,DISTANCE,DIRECTION,INTERSECTION,WEATHER_1,WEATHER_2,STATE_HWY_IND,CALTRANS_COUNTY,CALTRANS_DISTRICT,STATE_ROUTE,ROUTE_SUFFIX,POSTMILE_PREFIX,POSTMILE,LOCATION_TYPE,RAMP_INTERSECTION,SIDE_OF_HWY,TOW_AWAY,COLLISION_SEVERITY,NUMBER_KILLED,NUMBER_INJURED,PARTY_COUNT,PRIMARY_COLL_FACTOR,PCF_CODE_OF_VIOL,PCF_VIOL_CATEGORY,PCF_VIOLATION,PCF_VIOL_SUBSECTION,HIT_AND_RUN,TYPE_OF_COLLISION,MVIW,PED_ACTION,ROAD_SURFACE,ROAD_COND_1,ROAD_COND_2,LIGHTING,CONTROL_DEVICE,CHP_ROAD_TYPE,PEDESTRIAN_ACCIDENT,BICYCLE_ACCIDENT,MOTORCYCLE_ACCIDENT,TRUCK_ACCIDENT,NOT_PRIVATE_PROPERTY,ALCOHOL_INVOLVED,STWD_VEHTYPE_AT_FAULT,CHP_VEHTYPE_AT_FAULT,COUNT_SEVERE_INJ,COUNT_VISIBLE_INJ,COUNT_COMPLAINT_PAIN,COUNT_PED_KILLED,COUNT_PED_INJURED,COUNT_BICYCLIST_KILLED,COUNT_BICYCLIST_INJURED,COUNT_MC_KILLED,COUNT_MC_INJURED,PRIMARY_RAMP,SECONDARY_RAMP,LATITUDE,LONGITUDE,COUNTY,CITY,POINT_X,POINT_Y
94625008,2025,2025-03-25,9550,2025-03-15,1150,023732,NA,6,1,9,1900,0,1,3,NA,2,600,SR 60 E/B,TURNBULL CANYON ROAD,282,E,N,A,-,Y,LA,NA,60,NA,NA,15.172,H,NA,R,N,4,0,1,2,A,-,03,22350,NA,N,C,C,A,A,H,-,A,D,0,NA,NA,NA,NA,Y,NA,A,01,0,0,1,0,0,0,0,0,0,-,-,34.01094055175781,-117.97702026367188,LOS ANGELES,UNINCORPORATED,-117.97711944580078,34.010719299316406
9462501,2022,2022-07-14,1925,2022-06-26,0118,28137,2,7,5,6,1925,0,0,0,NA,0,278,BRAND BL,SAN FERNANDO RD,0,NA,Y,A,-,N,NA,NA,NA,NA,NA,NA,NA,NA,NA,Y,3,0,1,2,A,-,09,21801,A,N,A,C,A,A,H,-,C,A,0,NA,NA,NA,NA,Y,NA,A,01,0,1,0,0,0,0,0,0,0,-,-,NA,NA,LOS ANGELES,GLENDALE,-118.2551727294922,34.12403106689453
94625017,2025,2025-04-01,9550,2025-03-18,555,018187,NA,2,3,9,1900,0,3,5,NA,2,002,LEFFINGWELL DR,SANTA GERTRUDES AVE,0,NA,Y,A,-,N,NA,NA,NA,NA,NA,NA,NA,NA,NA,N,4,0,1,2,A,-,09,21801,A,N,D,C,A,A,H,-,A,A,0,NA,NA,NA,NA,Y,NA,A,07,0,0,1,0,0,0,0,0,0,-,-,33.931121826171875,-117.99324798583984,LOS ANGELES,UNINCORPORATED,-117.99323272705078,33.93118667602539
9462502,2022,2022-07-14,1925,2022-06-20,1250,15427,239,1,5,6,1925,0,0,0,NA,0,004,VERDUGO,CHEVY CHASE DR,0,NA,Y,A,-,N,NA,NA,NA,NA,NA,NA,NA,NA,NA,Y,4,0,1,2,A,-,12,21453,A,N,D,C,A,A,H,-,A,A,0,NA,NA,NA,NA,Y,NA,A,07,0,0,1,0,0,0,0,0,0,-,-,NA,NA,LOS ANGELES,GLENDALE,-118.23643493652344,34.15123748779297
94625020,2025,2025-03-25,9550,2025-03-18,1455,023656,NA,2,2,3,1964,0,1,1,NA,2,650,I-605 SOUTHBOUND,INTERSTATE 5 (SANTA ANA FREEWAY),1056,N,N,A,-,Y,LA,NA,605,NA,R,9.867,H,NA,L,N,4,0,1,2,A,-,03,22350,NA,F,C,C,A,A,H,-,A,D,0,NA,NA,NA,NA,Y,NA,-,99,0,0,1,0,0,0,0,0,0,-,-,33.94466018676758,-118.09504699707033,LOS ANGELES,SANTA FE SPRINGS,-118.0949478149414,33.94462203979492
94625021,2025,2025-03-25,9550,2025-03-19,700,018408,NA,3,1,9,1900,0,1,3,NA,2,600,SR-60 W/B,7TH AVE.,690,E,N,A,-,Y,LA,NA,60,NA,NA,14.423,H,NA,L,N,3,0,2,3,A,-,03,22350,NA,N,C,C,A,A,H,-,A,D,0,NA,NA,NA,NA,Y,NA,A,01,0,2,0,0,0,0,0,0,0,-,-,34.01797866821289,-117.986572265625,LOS ANGELES,UNINCORPORATED,-117.98655700683594,34.01799011230469
9462508,2022,2022-07-14,1953,2022-06-30,1000,1255,1953,4,5,6,1953,0,0,0,NA,0,002,EAST WASHINGTON BL,N OXFORD AV,50,E,N,A,-,N,NA,NA,NA,NA,NA,NA,NA,NA,NA,Y,4,0,1,1,D,-,00,NA,NA,N,H,I,A,A,H,-,A,D,0,NA,NA,NA,NA,Y,NA,-,-,0,0,1,0,0,0,0,0,0,-,-,NA,NA,LOS ANGELES,PASADENA,-118.1162567138672,34.16910934448242
9462509,2022,2022-07-14,1953,2022-06-23,1306,7449,1953,4,5,6,1953,0,0,0,NA,0,002,WASHINGTON BL,LAKE AV,50,W,N,A,-,N,NA,NA,NA,NA,NA,NA,NA,NA,NA,N,4,0,1,2,A,-,03,22350,NA,F,C,C,A,A,H,-,A,A,0,NA,NA,NA,NA,Y,NA,A,07,0,0,1,0,0,0,0,0,0,-,-,NA,NA,LOS ANGELES,PASADENA,-118.13241577148438,34.168983459472656
9462510,2022,2022-07-14,1953,2022-06-15,1252,3775,1953,3,5,6,1953,0,0,0,NA,0,004,PASADENA AV,ARLINGTON ST,0,NA,Y,A,-,N,NA,NA,NA,NA,NA,NA,NA,NA,NA,Y,4,0,1,2,A,-,09,21801,A,N,D,C,A,A,H,-,A,A,0,NA,NA,NA,NA,Y,NA,A,01,0,0,1,0,0,0,0,0,0,-,-,NA,NA,LOS ANGELES,PASADENA,-118.15469360351564,34.12828826904297
9462511,2022,2022-07-14,1953,2022-06-18,1325,5970,1953,6,5,6,1953,0,0,0,NA,0,1L23,LAKE AV,ORANGE GROVE BL,200,N,N,A,-,N,NA,NA,NA,NA,NA,NA,NA,NA,NA,N,3,0,1,2,A,-,06,21755,A,N,B,J,A,A,H,-,A,A,0,NA,NA,Y,NA,Y,NA,C,03,0,1,0,0,0,0,0,0,1,-,-,NA,NA,LOS ANGELES,PASADENA,-118.13246154785156,34.15831756591797
9462512,2022,2022-07-14,1953,2022-06-18,1340,9500,1953,6,5,6,1953,0,0,0,NA,0,002,N HILL AV,MOUNTAIN ST,0,NA,Y,A,-,N,NA,NA,NA,NA,NA,NA,NA,NA,NA,Y,4,0,2,3,A,-,12,21453,A,N,D,C,A,A,H,-,A,A,0,NA,NA,NA,NA,Y,NA,A,07,0,0,2,0,0,0,0,0,0,-,-,NA,NA,LOS ANGELES,PASADENA,-118.12148284912108,34.16167068481445
9462513,2022,2022-07-14,1953,2022-06-09,1925,0701,PASAD,4,5,6,1953,0,0,0,NA,0,001,FAIR OAKS AV,CORSON ST,0,NA,Y,A,-,N,NA,NA,NA,NA,NA,NA,NA,NA,NA,Y,4,0,2,3,A,-,12,21453,A,N,D,C,A,A,H,-,A,A,0,NA,NA,NA,NA,Y,NA,A,07,0,0,2,0,0,0,0,0,0,-,-,NA,NA,LOS ANGELES,PASADENA,-118.15050506591795,34.150978088378906
94625135,2024,2025-03-25,9565,2024-10-06,325,023741,NA,7,3,9,1900,0,3,5,NA,2,003,STOCKER STREET,PALMERO BOULEVARD,60,W,N,E,-,N,NA,NA,NA,NA,NA,NA,NA,NA,NA,N,2,0,1,3,A,-,03,22350,NA,F,G,B,E,B,F,-,D,D,0,Y,NA,NA,NA,Y,NA,A,01,1,0,0,0,1,0,0,0,0,-,-,34.00621032714844,-118.33827972412108,LOS ANGELES,UNINCORPORATED,-118.33815002441406,34.0063591003418
9462514,2022,2022-08-03,1953,2022-06-11,2040,3134,4,6,5,6,1953,0,0,0,NA,0,004,PASADENA AV,COLUMBIA ST,115,N,N,A,-,N,NA,NA,NA,NA,NA,NA,NA,NA,NA,Y,3,0,1,2,A,-,03,22350,NA,N,C,C,A,A,H,-,C,A,0,NA,NA,NA,NA,Y,NA,A,01,0,1,0,0,0,0,0,0,0,-,-,NA,NA,LOS ANGELES,PASADENA,-118.15435028076172,34.12435531616211
9462515,2022,2022-07-14,1953,2022-06-10,1100,5478,1953,5,5,6,1953,0,0,0,NA,0,002,LOS ROBLES AV,WASHINGTON BL,10,S,N,A,-,N,NA,NA,NA,NA,NA,NA,NA,NA,NA,Y,4,0,1,3,A,-,03,22350,NA,N,C,C,A,A,H,-,A,A,0,NA,NA,NA,NA,Y,NA,A,07,0,0,1,0,0,0,0,0,0,-,-,NA,NA,LOS ANGELES,PASADENA,-118.14163970947266,34.16890335083008
94625150,2025,2025-03-25,9590,2025-03-01,10,024101,NA,6,3,7,1942,0,1,1,NA,2,021,I-10 WB (SAN BERNARDINO FREEWAY),CESAR E CHAVEZ AVENUE,410,E,N,A,-,Y,LA,NA,10,NA,S,0.2,H,NA,L,Y,2,0,1,1,A,-,01,23152,A,N,E,I,A,A,H,-,C,D,0,NA,NA,NA,NA,Y,Y,A,01,1,0,0,0,0,0,0,0,0,-,-,34.054298400878906,-118.22191619873048,LOS ANGELES,LOS ANGELES,-118.22186279296876,34.05424880981445
9462516,2022,2022-07-14,1953,2022-06-13,1910,6878,1953,1,5,6,1953,0,0,0,NA,0,3A22,MAPLE AV,ALLEN AV,20,W,N,A,-,N,NA,NA,NA,NA,NA,NA,NA,NA,NA,N,3,0,1,2,A,-,00,21954,NA,N,A,B,D,A,H,-,A,A,0,Y,NA,NA,NA,Y,NA,N,60,0,1,0,0,1,0,0,0,0,-,-,NA,NA,LOS ANGELES,PASADENA,-118.11327362060548,34.152950286865234
94625167,2025,2025-03-25,9530,2025-03-06,1155,024337,NA,4,1,9,1900,0,3,5,NA,2,002,MAIN ST.,REDONDO BEACH BLVD.,0,NA,Y,B,-,N,NA,NA,NA,NA,NA,NA,NA,NA,NA,Y,4,0,1,2,A,-,09,21801,A,N,A,C,A,B,H,-,A,A,0,NA,NA,NA,NA,Y,NA,D,22,0,0,1,0,0,0,0,0,0,-,-,33.89289093017578,-118.27626800537108,LOS ANGELES,UNINCORPORATED,-118.27622985839844,33.892921447753906
9462517,2022,2022-07-14,1953,2022-06-05,1431,3135,1953,7,5,6,1953,0,0,0,NA,0,003,SAN GABRIEL AV,SAN PASQUAL ST,0,NA,Y,A,-,N,NA,NA,NA,NA,NA,NA,NA,NA,NA,Y,3,0,3,3,A,-,12,21453,A,N,-,C,A,A,H,-,A,A,0,NA,NA,NA,NA,Y,NA,A,07,0,1,2,0,0,0,0,0,0,-,-,NA,NA,LOS ANGELES,PASADENA,-118.09461212158205,34.1378288269043
9462518,2022,2022-07-14,1953,2022-06-14,2342,5202,1953,2,5,6,1953,0,0,0,NA,0,003,SAN GABRIEL BL,FOOTHILL BL,0,NA,Y,A,-,N,NA,NA,NA,NA,NA,NA,NA,NA,NA,Y,4,0,3,2,A,-,12,21453,A,N,D,C,A,A,H,-,C,A,0,NA,NA,NA,NA,Y,NA,A,01,0,0,3,0,0,0,0,0,0,-,-,NA,NA,LOS ANGELES,PASADENA,-118.09423065185548,34.14988708496094
94625187,2025,2025-03-25,9530,2025-03-17,850,023824,NA,1,1,9,1900,0,3,5,NA,2,002,EL SEGUNDO BLVD.,ALAMEDA ST.,0,NA,Y,A,-,N,NA,NA,NA,NA,NA,NA,NA,NA,NA,Y,4,0,1,2,A,-,12,21453,A,N,D,C,A,A,H,-,A,A,0,NA,NA,NA,Y,Y,NA,D,22,0,0,1,0,0,0,0,0,0,-,-,33.91617965698242,-118.2236328125,LOS ANGELES,UNINCORPORATED,-118.22357940673828,33.916175842285156
9462519,2022,2022-07-14,1953,2022-06-09,1833,3134,4,4,5,6,1953,0,0,0,NA,0,004,DE LACEY AV,GREEN ST,80,S,N,A,-,N,NA,NA,NA,NA,NA,NA,NA,NA,NA,N,3,0,1,2,A,-,11,21955,NA,N,G,B,D,A,H,-,A,A,0,Y,NA,NA,NA,Y,NA,N,60,0,1,0,0,1,0,0,0,0,-,-,NA,NA,LOS ANGELES,PASADENA,-118.15234375,34.144248962402344
9462520,2022,2022-07-14,1953,2022-06-05,1203,2037,1953,7,5,6,1953,0,0,0,NA,0,003,E GREEN ST,S OAK KNOLL AV,0,NA,Y,A,-,N,NA,NA,NA,NA,NA,NA,NA,NA,NA,Y,3,0,1,2,A,-,08,22107,NA,N,B,C,A,A,H,-,A,A,0,NA,NA,NA,NA,Y,NA,A,01,0,1,0,0,0,0,0,0,0,-,-,NA,NA,LOS ANGELES,PASADENA,-118.1352081298828,34.14453125
94625256,2025,2025-03-25,9550,2025-03-21,1747,016761,NA,5,2,5,1919,0,1,1,NA,2,652,I-605 N/B (SAN GABRIEL RIVER FREEWAY),STUDEBAKER ROAD,120,S,N,A,-,Y,LA,NA,605,NA,R,4.37,H,NA,R,N,4,0,2,2,A,-,03,22350,NA,N,C,C,A,A,H,-,A,D,0,NA,NA,NA,NA,Y,NA,A,01,0,0,2,0,0,0,0,0,0,-,-,33.86722183227539,-118.09898376464844,LOS ANGELES,CERRITOS,-118.09902191162108,33.867210388183594
94625271,2025,2025-03-25,9580,2025-03-22,2320,023758,NA,6,3,7,1942,0,1,3,NA,2,170,SR-170 N/B TO ROSCOE BLVD,ROSCOE BLVD,500,S,N,A,-,Y,LA,NA,170,NA,R,19.537,H,NA,R,Y,3,0,2,2,A,-,01,23152,A,N,C,C,A,A,H,-,C,D,0,NA,NA,NA,NA,Y,Y,A,01,0,2,0,0,0,0,0,0,0,-,-,34.21889114379883,-118.40904235839844,LOS ANGELES,LOS ANGELES,-118.40927124023438,34.21884536743164
94625294,2025,2025-03-25,9580,2025-03-19,1526,023395,NA,3,2,7,1942,0,1,2,NA,2,101,US-101 S/B (HOLLYWOOD FREEWAY),VINELAND AVE,1056,N,N,A,-,Y,LA,NA,101,NA,NA,11.355,H,NA,L,N,4,0,1,1,C,-,18,NA,NA,N,F,I,A,A,H,-,A,D,0,NA,NA,NA,NA,Y,NA,-,-,0,0,1,0,0,0,0,0,0,-,-,34.14921188354492,-118.37351989746094,LOS ANGELES,LOS ANGELES,-118.37348175048828,34.149234771728516
94625297,2025,2025-03-25,9550,2025-03-12,1625,022434,NA,3,2,5,1954,0,1,1,NA,2,650,I-605 S/B,BEVERLY BLVD.,150,S,N,A,-,Y,LA,NA,605,NA,R,14.37,H,NA,L,N,4,0,2,4,A,-,03,22350,NA,N,C,C,A,A,H,-,A,D,0,NA,NA,NA,NA,Y,NA,A,01,0,0,2,0,0,0,0,0,0,-,-,34.00407028198242,-118.0643310546875,LOS ANGELES,PICO RIVERA,-118.06433868408205,34.00407791137695
94625299,2025,2025-03-25,9580,2025-03-23,1825,023213,NA,7,2,9,1900,0,3,5,NA,1,010,CORNELL RD,LYNN LN,980,S,N,A,-,N,NA,NA,NA,NA,NA,NA,NA,NA,NA,Y,2,0,1,1,A,-,08,22107,NA,M,E,8,A,A,H,-,A,D,0,NA,NA,NA,NA,Y,NA,A,01,1,0,0,0,0,0,0,0,0,-,-,34.118438720703125,-118.75161743164064,LOS ANGELES,UNINCORPORATED,NA,NA
94625301,2025,2025-03-25,9550,2025-03-20,1250,015449,NA,4,1,6,1920,0,1,1,NA,2,150,I-105 WESTBOUND (GLENN ANDERSON FREEWAY),LAKEWOOD BLVD.,1320,E,N,A,-,Y,LA,NA,105,NA,R,16.037,H,NA,L,N,4,0,1,3,A,-,03,22350,NA,N,C,C,A,A,H,-,A,D,0,NA,NA,NA,NA,Y,NA,D,22,0,0,1,0,0,0,0,0,0,-,-,33.913230895996094,-118.13585662841795,LOS ANGELES,DOWNEY,-118.13585662841795,33.91324234008789
94625311,2025,2025-03-25,9530,2025-03-16,630,023143,NA,7,1,9,1900,0,3,5,NA,2,002,GAGE AVENUE,HOLMES AVE.,0,NA,Y,A,-,N,NA,NA,NA,NA,NA,NA,NA,NA,NA,N,3,0,1,2,A,-,12,21453,A,M,D,G,A,A,H,-,A,A,0,NA,Y,NA,NA,Y,NA,-,99,0,1,0,0,0,0,1,0,0,-,-,33.98191833496094,-118.24111175537108,LOS ANGELES,UNINCORPORATED,-118.2412109375,33.98200225830078
94625314,2025,2025-03-25,9580,2025-03-20,2245,023201,NA,4,3,7,1942,0,1,1,NA,2,406,I-405 N/B TO DEVONSHIRE ST.,DEVONSHIRE ST,340,S,N,A,-,Y,NA,NA,NA,NA,NA,NA,NA,NA,NA,N,4,0,2,2,A,-,08,22107,NA,M,B,C,A,A,H,-,C,D,0,NA,NA,NA,NA,Y,NA,-,99,0,0,2,0,0,0,0,0,0,-,-,34.256248474121094,-118.47119903564452,LOS ANGELES,LOS ANGELES,-118.47212982177734,34.25639724731445
94625315,2025,2025-03-25,9580,2025-03-23,1410,022551,NA,7,2,3,1994,0,1,2,NA,2,108,US-101 N/B (VENTURA FREEWAY),PALO COMADO CANYON RD,600,S,N,A,-,Y,LA,NA,101,NA,NA,33.571,H,NA,R,Y,4,0,1,2,A,-,08,22107,NA,N,C,C,A,A,H,-,A,D,0,NA,NA,NA,NA,Y,NA,A,01,0,0,1,0,0,0,0,0,0,-,-,34.142879486083984,-118.73605346679688,LOS ANGELES,AGOURA HILLS,-118.73609924316406,34.142791748046875
94625345,2025,2025-03-25,9565,2025-03-14,1945,024279,NA,5,2,9,1900,0,3,5,NA,2,005,FIJI WAY,ADMIRALTY WAY,0,NA,Y,B,-,N,NA,NA,NA,NA,NA,NA,NA,NA,NA,N,4,0,1,2,A,-,10,21950,A,N,G,B,B,A,H,-,C,A,0,Y,NA,NA,NA,Y,NA,A,07,0,0,1,0,1,0,0,0,0,-,-,33.97740173339844,-118.43837738037108,LOS ANGELES,UNINCORPORATED,-118.43833923339844,33.97726821899414
94625348,2025,2025-03-25,9580,2025-03-21,1625,023213,NA,5,2,7,1942,0,1,2,NA,2,102,US-101 N/B (VENTURA FREEWAY),BALBOA BLVD,2200,N,N,A,-,Y,LA,NA,101,NA,NA,19.67,H,NA,R,N,4,0,1,2,A,-,03,22350,NA,N,C,C,A,A,H,-,A,D,0,NA,NA,NA,NA,Y,NA,D,22,0,0,1,0,0,0,0,0,0,-,-,34.17131042480469,-118.50868988037108,LOS ANGELES,LOS ANGELES,-118.50868988037108,34.17127990722656
94625358,2025,2025-03-25,9550,2025-03-16,525,023825,NA,7,3,4,1936,0,1,1,NA,2,501,I-5 SB,ARTESIA AVE,686,N,N,A,-,Y,LA,NA,5,NA,NA,0.026,H,NA,L,Y,3,0,1,1,A,-,08,22107,NA,N,E,I,A,A,H,-,B,D,0,NA,NA,NA,NA,Y,NA,A,01,0,1,0,0,0,0,0,0,0,-,-,33.87495040893555,-118.01177978515624,LOS ANGELES,LA MIRADA,-118.0118408203125,33.874874114990234
94625360,2025,2025-03-25,9590,2025-03-02,1810,023455,NA,7,2,7,1942,0,1,1,NA,2,050,I-110 N/B (HARBOR FREEWAY),81ST ST,60,S,N,A,-,Y,LA,NA,110,NA,NA,16.382,H,NA,R,N,3,0,1,4,A,-,03,22350,NA,N,C,C,A,A,H,-,C,D,0,NA,NA,NA,NA,Y,NA,A,07,0,1,0,0,0,0,0,0,0,-,-,33.96575164794922,-118.28067779541016,LOS ANGELES,LOS ANGELES,-118.28073120117188,33.96575164794922
94625371,2025,2025-03-25,9580,2025-03-22,1310,023284,NA,6,1,7,1942,0,1,1,NA,2,405,I-405 S/B (SAN DIEGO FWY),VENTURA BL,900,S,N,A,-,Y,LA,NA,405,NA,NA,38.832,H,NA,L,N,4,0,2,2,A,-,07,21658,A,N,B,C,A,A,H,-,A,D,0,NA,NA,NA,Y,Y,NA,-,-,0,0,2,0,0,0,0,0,0,-,-,34.15155029296875,-118.46836853027344,LOS ANGELES,LOS ANGELES,-118.46832275390624,34.15154266357422
94625377,2025,2025-03-25,9530,2025-03-17,1215,024052,NA,1,1,9,1900,0,3,5,NA,2,001,FLORENCE AVE.,HOOPER AVE.,700,W,N,A,-,N,NA,NA,NA,NA,NA,NA,NA,NA,NA,N,4,0,1,2,A,-,21,22106,NA,N,D,C,A,A,H,-,A,D,0,NA,NA,NA,NA,Y,NA,A,07,0,0,1,0,0,0,0,0,0,-,-,33.974849700927734,-118.25420379638672,LOS ANGELES,UNINCORPORATED,-118.25433349609376,33.97475814819336
94625378,2025,2025-03-25,9540,2025-03-23,1900,023743,NA,7,2,7,1942,0,1,1,NA,2,550,I-5 N/B (GOLDEN STATE FREEWAY),SR-14,4224,S,N,A,-,Y,LA,NA,5,NA,R,44.798,H,NA,R,N,4,0,1,2,A,-,07,21658,A,N,B,C,A,A,H,-,A,D,0,NA,NA,NA,NA,Y,NA,-,-,0,0,1,0,0,0,0,0,0,-,-,34.32406997680664,-118.50148010253906,LOS ANGELES,LOS ANGELES,-118.50143432617188,34.32412338256836
94625387,2025,2025-03-25,9530,2025-03-02,1200,024092,NA,7,1,9,1900,0,3,5,NA,2,002,SAN PEDRO STREET,AVALON BLVD.,9,W,N,A,-,N,NA,NA,NA,NA,NA,NA,NA,NA,NA,Y,3,0,1,1,A,-,01,23152,A,M,E,I,A,A,H,-,A,A,0,NA,NA,NA,NA,Y,Y,A,07,0,1,0,0,0,0,0,0,0,-,-,33.88679885864258,-118.26554107666016,LOS ANGELES,UNINCORPORATED,-118.26473999023438,33.88125991821289
94625388,2025,2025-03-25,9550,2025-03-21,820,020531,NA,5,1,9,1900,0,1,3,NA,2,601,STATE ROUTE 60 EASTBOUND,AZUSA AVENUE,3000,W,N,A,-,Y,LA,NA,60,NA,NA,17.403,H,NA,R,N,4,0,1,3,A,-,08,22107,NA,N,C,C,A,A,H,-,A,D,0,NA,NA,NA,NA,Y,NA,A,01,0,0,1,0,0,0,0,0,0,-,-,33.99956130981445,-117.94055938720705,LOS ANGELES,UNINCORPORATED,-117.94059753417967,33.99948501586914
94625394,2025,2025-03-25,9550,2025-03-22,1200,023942,NA,6,1,9,1900,0,1,1,NA,2,650,I-605 NORTHBOUND,PECK RD,40,N,N,A,-,Y,LA,NA,605,NA,R,16.673,H,NA,R,Y,4,0,1,4,A,-,03,22350,NA,N,C,C,A,A,H,-,A,D,0,NA,NA,NA,NA,Y,NA,A,07,0,0,1,0,0,0,0,0,0,-,-,34.02738952636719,-118.03729248046876,LOS ANGELES,UNINCORPORATED,-118.03726196289064,34.02735900878906
94625466,2025,2025-03-25,9590,2025-03-02,140,024044,NA,7,3,7,1942,0,1,1,NA,2,051,I-110 S/B (HARBOR FREEWAY) FROM FLOWER STREET,76TH STREET,440,S,N,B,-,Y,LA,NA,110,NA,NA,16.64,H,NA,L,N,4,0,1,2,A,-,07,21658,A,F,B,2,A,A,H,-,C,D,0,NA,NA,NA,NA,Y,NA,-,99,0,0,1,0,0,0,0,0,0,-,-,33.969539642333984,-118.2812271118164,LOS ANGELES,LOS ANGELES,-118.28093719482422,33.969539642333984
94625481,2025,2025-03-25,9530,2025-03-18,712,023824,NA,2,1,9,1900,0,3,5,NA,2,002,REDONDO BEACH BLVD,FIGUEROA ST,125,E,N,A,-,N,NA,NA,NA,NA,NA,NA,NA,NA,NA,N,4,0,2,3,A,-,03,22350,NA,M,C,2,A,A,H,-,A,A,0,NA,NA,NA,NA,Y,NA,-,99,0,0,2,0,0,0,0,0,0,-,-,33.89278030395508,-118.282470703125,LOS ANGELES,UNINCORPORATED,-118.28263854980467,33.892723083496094
94625490,2024,2025-03-25,9575,2024-12-07,1230,022203,NA,6,1,6,1925,0,1,1,NA,2,062,I-210 E/B (FOOTHILL FREEWAY),PENNSYLVANIA AVENUE,110,W,N,A,-,Y,LA,NA,210,NA,R,16.759,H,NA,R,N,4,0,2,5,A,-,08,22107,NA,F,B,C,A,A,H,-,A,A,0,NA,NA,NA,NA,Y,NA,-,99,0,0,2,0,0,0,0,0,0,-,-,34.223228454589844,-118.24919891357422,LOS ANGELES,GLENDALE,-118.24916839599608,34.2232666015625
9462553,2022,2022-07-15,1942,2022-06-28,1115,38357,0426,2,5,7,1942,0,0,0,D,0,24TL29,EASTERN AV,TEMPLETON ST,0,NA,Y,A,-,N,NA,NA,NA,NA,NA,NA,NA,NA,NA,Y,2,0,2,2,A,-,08,22100,B,F,D,C,A,A,H,-,A,D,0,NA,NA,NA,NA,Y,NA,A,01,1,0,1,0,0,0,0,0,0,-,-,NA,NA,LOS ANGELES,LOS ANGELES,-118.17804718017578,34.08188247680664
94625533,2025,2025-03-25,9550,2025-03-23,1415,024020,NA,7,2,9,1900,0,1,3,NA,2,602,SR-60 EASTBOUND,STONER CREEK ROAD,340,E,N,A,-,Y,LA,NA,60,NA,NA,19.172,H,NA,R,N,4,0,4,3,A,-,03,22350,NA,N,C,C,A,A,H,-,A,D,0,NA,NA,NA,NA,Y,NA,A,01,0,0,4,0,0,0,0,0,0,-,-,33.994178771972656,-117.91053009033205,LOS ANGELES,UNINCORPORATED,-117.9105224609375,33.99423599243164
9462554,2022,2022-08-11,1942,2022-06-29,0155,41068,0221,3,5,7,1942,0,0,0,B,0,24T34,VERMONT AV,BEVERLY BL,0,NA,Y,A,-,N,NA,NA,NA,NA,NA,NA,NA,NA,NA,N,2,0,1,2,A,-,10,21950,NA,F,G,B,B,A,H,-,C,A,0,Y,NA,NA,NA,Y,NA,-,99,1,0,0,0,1,0,0,0,0,-,-,NA,NA,LOS ANGELES,LOS ANGELES,-118.29168701171876,34.07632064819336
9462555,2022,2022-07-15,1942,2022-06-30,2235,37540,0192,4,5,7,1942,0,0,0,A,0,24T33,FLOWER ST,WASHINGTON BL,185,N,N,A,-,N,NA,NA,NA,NA,NA,NA,NA,NA,NA,N,3,0,1,1,A,-,01,23152,A,N,E,I,A,A,H,-,C,D,0,NA,NA,NA,NA,Y,Y,A,07,0,1,0,0,0,0,0,0,0,-,-,NA,NA,LOS ANGELES,LOS ANGELES,-118.27054595947266,34.03428649902344
94625555,2025,2025-03-25,9590,2025-03-01,2353,024196,NA,6,3,7,1942,0,1,3,NA,2,030,SR-60 E/B (POMONA FREEWAY) TO I-5 S/B (GOLDEN STAT,MARIETTA STREET,710,W,N,A,-,Y,LA,NA,60,NA,R,0.564,H,NA,R,Y,4,0,1,2,A,-,07,21658,A,N,B,C,A,A,H,-,C,D,0,NA,NA,NA,NA,Y,NA,A,07,0,0,1,0,0,0,0,0,0,-,-,34.0289306640625,-118.21575164794922,LOS ANGELES,LOS ANGELES,-118.21575927734376,34.0290641784668
9462556,2022,2022-07-15,1942,2022-06-30,0655,40008,0164,4,5,7,1942,0,0,0,A,0,24TL42,EAST 7TH ST,S MAIN ST,0,NA,Y,A,-,N,NA,NA,NA,NA,NA,NA,NA,NA,NA,N,3,0,1,2,A,-,12,21453,A,F,D,G,A,A,H,-,A,A,0,NA,Y,NA,NA,Y,NA,-,99,0,1,0,0,0,0,1,0,0,-,-,NA,NA,LOS ANGELES,LOS ANGELES,-118.25138092041016,34.04393005371094
94625562,2025,2025-03-25,9550,2025-03-23,1320,023950,NA,7,1,6,1920,0,1,1,NA,2,150,I-105 (WESTBOUND),COLUMBIA WAY,59,E,N,A,-,Y,LA,NA,105,NA,R,16.154,H,NA,L,N,4,0,1,2,A,-,03,22350,NA,N,C,C,A,A,H,-,A,D,0,NA,NA,NA,NA,Y,NA,A,01,0,0,1,0,0,0,0,0,0,-,-,33.91326904296875,-118.1338119506836,LOS ANGELES,DOWNEY,-118.1338119506836,33.913246154785156