CASE_ID,ACCIDENT_YEAR,PROC_DATE,JURIS,COLLISION_DATE,COLLISION_TIME,OFFICER_ID,REPORTING_DISTRICT,DAY_OF_WEEK,CHP_SHIFT,POPULATION,CNTY_CITY_LOC,SPECIAL_COND,BEAT_TYPE,CHP_BEAT_TYPE,CITY_DIVISION_LAPD,CHP_BEAT_CLASS,BEAT_NUMBER,PRIMARY_RD,SECONDARY_RD,DISTANCE,DIRECTION,INTERSECTION,WEATHER_1,WEATHER_2,STATE_HWY_IND,CALTRANS_COUNTY,CALTRANS_DISTRICT,STATE_ROUTE,ROUTE_SUFFIX,POSTMILE_PREFIX,POSTMILE,LOCATION_TYPE,RAMP_INTERSECTION,SIDE_OF_HWY,TOW_AWAY,COLLISION_SEVERITY,NUMBER_KILLED,NUMBER_INJURED,PARTY_COUNT,PRIMARY_COLL_FACTOR,PCF_CODE_OF_VIOL,PCF_VIOL_CATEGORY,PCF_VIOLATION,PCF_VIOL_SUBSECTION,HIT_AND_RUN,TYPE_OF_COLLISION,MVIW,PED_ACTION,ROAD_SURFACE,ROAD_COND_1,ROAD_COND_2,LIGHTING,CONTROL_DEVICE,CHP_ROAD_TYPE,PEDESTRIAN_ACCIDENT,BICYCLE_ACCIDENT,MOTORCYCLE_ACCIDENT,TRUCK_ACCIDENT,NOT_PRIVATE_PROPERTY,ALCOHOL_INVOLVED,STWD_VEHTYPE_AT_FAULT,CHP_VEHTYPE_AT_FAULT,COUNT_SEVERE_INJ,COUNT_VISIBLE_INJ,COUNT_COMPLAINT_PAIN,COUNT_PED_KILLED,COUNT_PED_INJURED,COUNT_BICYCLIST_KILLED,COUNT_BICYCLIST_INJURED,COUNT_MC_KILLED,COUNT_MC_INJURED,PRIMARY_RAMP,SECONDARY_RAMP,LATITUDE,LONGITUDE,COUNTY,CITY,POINT_X,POINT_Y
9463243,2022,2022-07-18,1976,2022-06-24,1537,553,1976,5,5,5,1976,0,0,0,NA,0,001,NORWALK BL,EL RANCHO DR,12,N,N,A,-,N,NA,NA,NA,NA,NA,NA,NA,NA,NA,Y,4,0,1,2,A,-,09,21802,A,N,D,C,A,A,H,-,A,D,0,NA,NA,NA,NA,Y,NA,A,01,0,0,1,0,0,0,0,0,0,-,-,NA,NA,LOS ANGELES,WHITTIER,-118.06013488769533,33.993896484375
94632439,2025,2025-04-01,9580,2025-03-24,827,018431,NA,1,1,7,1942,0,1,3,NA,2,119,SR-118 W/B (RONALD REAGAN FWY),DE SOTO AVE.,1000,W,N,A,-,Y,LA,NA,118,NA,R,2.046,H,NA,L,Y,4,0,1,3,A,-,07,21658,A,N,B,C,A,A,H,-,A,D,0,NA,NA,NA,Y,Y,NA,A,01,0,0,1,0,0,0,0,0,0,-,-,34.27650833129883,-118.60073852539064,LOS ANGELES,LOS ANGELES,-118.60077667236328,34.27644729614258
9463244,2022,2022-07-18,1976,2022-06-22,1847,424,1976,3,5,5,1976,0,0,0,NA,0,002,GREENLEAF AV,WALNUT ST,625,S,N,A,-,N,NA,NA,NA,NA,NA,NA,NA,NA,NA,Y,4,0,1,2,A,-,08,22107,NA,F,B,C,A,A,H,-,A,A,0,NA,NA,NA,NA,Y,NA,A,01,0,0,1,0,0,0,0,0,0,-,-,NA,NA,LOS ANGELES,WHITTIER,-118.03739166259766,33.970096588134766
94632444,2025,2025-04-01,9580,2025-03-20,1250,021491,NA,4,1,7,1942,0,1,2,NA,2,101,US-101 S/B (HOLLYWOOD FREEWAY),LANKERSHIM BLVD,50,N,N,A,-,Y,LA,NA,101,NA,NA,10.415,H,NA,L,N,4,0,2,2,A,-,08,22107,NA,N,B,C,A,A,H,-,A,D,0,NA,NA,NA,NA,Y,NA,A,07,0,0,2,0,0,0,0,0,0,-,-,34.13827133178711,-118.3639678955078,LOS ANGELES,LOS ANGELES,-118.36390686035156,34.138328552246094
94632445,2025,2025-04-01,9540,2025-03-24,1747,023847,NA,1,2,7,1942,0,1,1,NA,1,502,I-5 N/B (GOLDEN STATE FREEWAY),BALBOA BLVD,1320,N,N,A,-,Y,LA,NA,5,NA,R,44.758,H,NA,L,Y,4,0,1,2,A,-,21,22106,NA,N,H,C,A,A,H,-,A,D,0,NA,NA,NA,NA,Y,NA,A,01,0,0,1,0,0,0,0,0,0,-,-,34.323360443115234,-118.50093841552734,LOS ANGELES,LOS ANGELES,-118.5008544921875,34.323463439941406
9463245,2022,2022-07-18,1976,2022-06-22,2332,525,NA,3,5,5,1976,0,0,0,NA,0,004,LAMBERT RD,LEFFINGWELL RD,0,NA,Y,A,-,N,NA,NA,NA,NA,NA,NA,NA,NA,NA,Y,3,0,2,2,A,-,12,21453,NA,N,D,C,A,A,H,-,C,A,0,NA,NA,NA,NA,Y,NA,A,01,0,1,1,0,0,0,0,0,0,-,-,NA,NA,LOS ANGELES,WHITTIER,-117.99021911621094,33.931880950927734
94632464,2025,2025-04-01,9580,2025-03-22,840,023101,NA,6,1,7,1942,0,1,1,NA,2,405,I-405 S/B (SAN DIEGO FWY),VALLEY VISTA BLVD,396,S,N,A,-,Y,LA,NA,405,NA,NA,38.579,H,NA,L,Y,4,0,1,2,A,-,03,22350,NA,N,C,C,A,A,H,-,A,D,0,NA,NA,NA,NA,Y,NA,A,07,0,0,1,0,0,0,0,0,0,-,-,34.14809036254883,-118.46983337402344,LOS ANGELES,LOS ANGELES,-118.46986389160156,34.148101806640625
94632483,2025,2025-04-01,9580,2025-03-22,1845,023440,NA,6,2,9,1900,0,3,5,NA,1,010,KANAN DUME RD,MILE MARKER 10.46,150,N,N,A,-,N,NA,NA,NA,NA,NA,NA,NA,NA,NA,Y,4,0,1,1,A,-,01,23152,A,N,E,J,A,A,H,-,B,D,0,NA,NA,NA,NA,Y,Y,A,01,0,0,1,0,0,0,0,0,0,-,-,34.0655517578125,-118.80740356445313,LOS ANGELES,UNINCORPORATED,NA,NA
94632492,2025,2025-04-01,9565,2025-03-19,900,024021,NA,3,1,7,1942,0,1,1,NA,2,082,I-10 E/B TO I-405 N/B,SAWTELLE BOULEVARD,100,E,N,A,-,Y,LA,NA,405,NA,NA,29.708,H,NA,L,N,4,0,1,2,A,-,03,22350,NA,N,C,C,A,A,H,-,A,D,0,NA,NA,NA,NA,Y,NA,A,07,0,0,1,0,0,0,0,0,0,-,-,34.032840728759766,-118.43572235107422,LOS ANGELES,LOS ANGELES,-118.43567657470705,34.03288269042969
9463250,2022,2022-07-18,1920,2022-06-27,2225,13965,1920,1,5,6,1920,0,0,0,NA,0,006,DOWNEY AV,DEVENIR AV,123,S,N,A,-,N,NA,NA,NA,NA,NA,NA,NA,NA,NA,Y,4,0,1,2,A,-,01,23152,A,N,C,E,A,A,H,-,C,A,0,NA,NA,NA,NA,Y,Y,A,07,0,0,1,0,0,0,0,0,0,-,-,NA,NA,LOS ANGELES,DOWNEY,-118.15009307861328,33.917083740234375
9463251,2022,2022-07-19,1920,2022-06-23,2013,11724,NA,4,5,6,1920,0,0,0,NA,0,006,BROOKSHIRE AV,IMPERIAL HWY,180,N,N,A,-,N,NA,NA,NA,NA,NA,NA,NA,NA,NA,N,4,0,1,2,A,-,03,22350,NA,N,D,E,A,A,H,-,C,A,0,NA,NA,NA,NA,Y,NA,A,01,0,0,1,0,0,0,0,0,0,-,-,NA,NA,LOS ANGELES,DOWNEY,-118.14356231689452,33.92019271850586
9463252,2022,2022-07-19,1920,2022-06-10,1727,13742,DOWNE,5,5,6,1920,0,0,0,NA,0,001,STEWART AND GRAY RD,BELLFLOWER BL,0,NA,Y,A,-,N,NA,NA,NA,NA,NA,NA,NA,NA,NA,N,3,0,2,2,A,-,09,21802,A,N,A,C,A,A,H,-,A,A,0,NA,NA,NA,NA,Y,NA,A,01,0,2,0,0,0,0,0,0,0,-,-,NA,NA,LOS ANGELES,DOWNEY,-118.12541198730467,33.92782974243164
94632524,2025,2025-04-01,9540,2025-03-26,844,018037,NA,3,1,9,1900,0,1,3,NA,1,143,SR-14 S/B (ANTELOPE VALLEY FREEWAY),LOS PINETOS RD. U/C,1056,S,N,B,C,Y,LA,NA,14,NA,R,25.789,H,NA,L,N,4,0,1,2,A,-,03,22350,NA,N,C,C,A,B,H,-,A,D,0,NA,NA,NA,NA,Y,NA,D,22,0,0,1,0,0,0,0,0,0,-,-,34.347679138183594,-118.50408172607422,LOS ANGELES,UNINCORPORATED,-118.50400543212892,34.34767532348633
9463254,2022,2022-07-19,1942,2022-06-27,2145,44855,1641,1,5,7,1942,0,0,0,P,0,16A23,TERRA BELLA ST,LAUREL CANYON,0,NA,Y,A,-,N,NA,NA,NA,NA,NA,NA,NA,NA,NA,Y,3,0,1,3,A,-,03,22350,NA,F,C,C,A,A,H,-,C,A,0,NA,NA,NA,NA,Y,NA,A,01,0,1,0,0,0,0,0,0,0,-,-,NA,NA,LOS ANGELES,LOS ANGELES,-118.42579650878906,34.252830505371094
9463255,2022,2022-09-14,1942,2022-06-26,2300,38273,1061,7,5,7,1942,0,0,0,J,0,26T54,TAMPA AV,RT 101,0,NA,Y,A,-,Y,LA,7,101,-,-,22.4,R,4,S,Y,2,0,1,2,A,-,12,21453,NA,N,D,C,A,A,H,-,C,A,0,NA,NA,Y,NA,Y,NA,C,02,1,0,0,0,0,0,0,0,1,-,SF,NA,NA,LOS ANGELES,LOS ANGELES,-118.55579376220705,34.173500061035156
9463256,2022,2022-08-15,1942,2022-06-21,1240,41316,1063,2,5,7,1942,0,0,0,J,0,26TL75,VENTURA BL,RESEDA BL,170,E,N,A,-,N,NA,NA,NA,NA,NA,NA,NA,NA,NA,Y,4,0,1,2,A,-,08,22107,NA,F,B,C,A,A,H,-,A,D,0,NA,NA,NA,NA,Y,NA,-,99,0,0,1,0,0,0,0,0,0,-,-,NA,NA,LOS ANGELES,LOS ANGELES,-118.53557586669922,34.168556213378906
9463257,2022,2022-08-15,1942,2022-06-21,1135,40542,NA,2,5,7,1942,0,0,0,NA,0,1078,HASKELL,MORRISON,10,S,N,A,-,N,NA,NA,NA,NA,NA,NA,NA,NA,NA,N,3,0,1,2,A,-,04,21703,NA,F,C,C,A,A,H,-,A,A,0,NA,NA,NA,NA,Y,NA,-,99,0,1,0,0,0,0,0,0,0,-,-,NA,NA,LOS ANGELES,LOS ANGELES,-118.4748992919922,34.160282135009766
9463258,2022,2022-07-19,1942,2022-06-23,0600,42251,2146,4,5,7,1942,0,0,0,NA,0,26TL22,CANOGA AV,HART AV,195,S,N,B,-,N,NA,NA,NA,NA,NA,NA,NA,NA,NA,Y,2,0,2,2,A,-,03,22350,NA,F,C,C,A,A,H,-,B,D,0,NA,NA,NA,NA,Y,NA,-,99,1,0,1,0,0,0,0,0,0,-,-,NA,NA,LOS ANGELES,LOS ANGELES,-118.59757232666016,34.19688415527344
9463259,2022,2022-08-15,1961,2022-06-28,1810,44738,1936,2,5,3,1961,0,0,0,NA,0,19A12,LAUREL CANYON BL,BRAND BL,20,S,N,A,-,N,NA,NA,NA,NA,NA,NA,NA,NA,NA,N,4,0,1,2,A,-,10,21950,NA,F,G,B,B,A,H,-,A,A,0,Y,NA,NA,NA,Y,NA,-,NA,0,0,1,0,1,0,0,0,0,-,-,NA,NA,LOS ANGELES,SAN FERNANDO,-118.44920349121094,34.274810791015625
9463260,2022,2022-07-27,1942,2022-06-20,1845,44954,1981,1,5,7,1942,0,0,0,NA,0,19A61,ROSCOE BL,RT 405,28,W,N,A,-,Y,LA,7,405,-,-,43.925,R,4,N,N,3,0,1,2,A,-,11,21956,A,F,G,B,D,A,H,-,A,A,0,Y,NA,NA,NA,Y,NA,N,60,0,1,0,0,1,0,0,0,0,-,NO,NA,NA,LOS ANGELES,LOS ANGELES,-118.47306060791016,34.223602294921875
94632614,2025,2025-04-28,9575,2025-03-20,2327,024266,NA,4,3,7,1942,0,1,1,NA,2,052,I-5 N/B (GOLDEN STATE FREEWAY),SUNLAND BLVD,675,N,N,A,-,Y,LA,NA,5,NA,NA,33.83,H,NA,R,Y,3,0,1,2,A,-,01,23152,A,N,B,C,A,A,H,-,C,D,0,NA,NA,NA,NA,Y,Y,A,01,0,1,0,0,0,0,0,0,0,-,-,34.22235870361328,-118.36920928955078,LOS ANGELES,LOS ANGELES,-118.36920166015624,34.22238540649414
94632641,2025,2025-04-01,9550,2025-03-14,2025,024048,NA,5,2,6,1920,0,1,1,NA,2,500,INTERSTATE 5 (SANTA ANA FREEWAY),INTERSTATE 605 (SAN GABRIEL RIVER FREEWAY),110,S,N,A,-,Y,LA,NA,5,NA,NA,6.804,H,NA,R,Y,4,0,1,2,A,-,03,22350,NA,F,C,C,A,A,H,-,D,D,0,NA,NA,NA,NA,Y,NA,A,01,0,0,1,0,0,0,0,0,0,-,-,33.940650939941406,-118.09635162353516,LOS ANGELES,DOWNEY,-118.09622192382813,33.94070816040039
94632647,2025,2025-04-01,9575,2025-03-22,1656,024163,NA,6,2,6,1912,0,1,1,NA,2,052,I-5 S/B (GOLDEN STATE FREEWAY),BUENA VISTA STREET,1478,N,N,A,-,Y,LA,NA,5,NA,NA,31.559,H,NA,L,Y,4,0,1,2,A,-,07,21658,A,N,D,C,A,A,H,-,A,D,0,NA,NA,NA,NA,Y,NA,A,01,0,0,1,0,0,0,0,0,0,-,-,34.20259094238281,-118.34062957763672,LOS ANGELES,BURBANK,-118.34059143066406,34.202606201171875
94632664,2025,2025-04-01,9575,2025-03-23,1427,024158,NA,7,2,7,1942,0,1,1,NA,2,053,I-5 N/B (GOLDEN STATE FREEWAY),OSBORNE ST,635,N,N,A,-,Y,LA,NA,5,NA,NA,37.558,H,NA,R,N,4,0,2,1,C,-,18,NA,NA,N,E,J,A,A,H,-,A,D,0,NA,NA,NA,NA,Y,NA,-,-,0,0,2,0,0,0,0,0,0,-,-,34.246299743652344,-118.42385864257813,LOS ANGELES,LOS ANGELES,-118.42391967773438,34.246253967285156
94632694,2025,2025-04-01,9530,2025-02-20,2010,024337,NA,4,2,9,1900,0,3,5,NA,2,001,GAGE AVE.,COMPTON AVE.,12,E,N,B,-,N,NA,NA,NA,NA,NA,NA,NA,NA,NA,N,4,0,1,2,A,-,09,21804,A,N,B,B,A,A,H,-,C,A,0,NA,NA,NA,NA,Y,NA,M,94,0,0,1,0,0,0,0,0,0,-,-,33.98200988769531,-118.24755859375,LOS ANGELES,UNINCORPORATED,-118.24770355224608,33.982059478759766
94632719,2025,2025-04-01,9530,2025-02-22,1552,024337,NA,6,2,7,1941,0,1,1,NA,2,071,I-710 S/B TO SR-91 W/B,SR-91,1325,N,N,A,-,Y,LA,NA,710,NA,NA,13.294,H,NA,L,Y,3,0,1,2,A,-,07,21658,A,F,E,8,A,A,H,-,A,D,0,NA,NA,NA,NA,Y,NA,-,99,0,1,0,0,0,0,0,0,0,-,-,33.880088806152344,-118.19235229492188,LOS ANGELES,LONG BEACH,-118.1921844482422,33.880062103271484
94632737,2025,2025-08-21,9590,2025-03-12,1555,023394,NA,3,2,7,1942,0,1,1,NA,2,083,I-5 S/B (SANTA ANA FREEWAY) FROM BROADWAY,BROADWAY,630,S,N,C,-,Y,NA,NA,NA,NA,NA,NA,NA,NA,NA,N,4,0,1,2,A,-,03,22350,NA,N,C,C,A,B,H,-,A,A,0,NA,NA,NA,NA,Y,NA,A,08,0,0,1,0,0,0,0,0,0,-,-,34.071170806884766,-118.21897888183594,LOS ANGELES,LOS ANGELES,-118.2191162109375,34.072208404541016
94632746,2024,2025-04-01,9535,2024-12-10,1400,022797,NA,2,2,9,1900,0,3,5,NA,2,001,GLEASON ST (4500 BLOCK),2ND ST,180,N,N,A,-,N,NA,NA,NA,NA,NA,NA,NA,NA,NA,N,3,0,1,2,C,-,18,NA,NA,N,G,B,E,A,H,-,A,D,0,Y,NA,NA,Y,Y,NA,-,-,0,1,0,0,1,0,0,0,0,-,-,34.03464889526367,-118.16838836669922,LOS ANGELES,UNINCORPORATED,-118.16840362548828,34.034690856933594
94632749,2025,2025-04-01,9530,2025-02-26,125,024272,NA,3,3,9,1900,0,3,5,NA,2,002,120TH STREET (1600 BLOCK),COMPTON AVE.,110,E,N,A,-,N,NA,NA,NA,NA,NA,NA,NA,NA,NA,Y,4,0,1,1,C,-,18,NA,NA,N,E,8,A,A,H,-,C,D,0,NA,NA,NA,NA,Y,NA,-,-,0,0,1,0,0,0,0,0,0,-,-,33.92375946044922,-118.24579620361328,LOS ANGELES,UNINCORPORATED,-118.24594879150392,33.92377853393555
94632750,2025,2025-06-24,9590,2025-03-08,1632,023455,NA,6,2,7,1942,0,1,1,NA,2,051,I-110 S/B (HARBOR FREEWAY),45TH ST,90,S,N,A,-,Y,LA,NA,110,NA,NA,18.93,H,NA,L,N,4,0,1,2,A,-,03,22350,NA,N,C,C,A,A,H,-,A,D,0,NA,NA,NA,NA,Y,NA,A,01,0,0,1,0,0,0,0,0,0,-,-,34.00257110595703,-118.28125762939452,LOS ANGELES,LOS ANGELES,-118.28114318847656,34.00257110595703
94632753,2025,2025-04-01,9565,2025-03-19,1900,021786,NA,3,2,9,1900,0,1,1,NA,2,063,I-405 N/B (SAN DIEGO FREEWAY),WILSHIRE BLVD.,350,S,N,A,-,Y,LA,NA,405,NA,NA,31.469,H,NA,R,N,4,0,2,2,A,-,03,22350,NA,N,C,C,A,A,H,-,C,D,0,NA,NA,NA,NA,Y,NA,A,01,0,0,2,0,0,0,0,0,0,-,-,34.05474853515625,-118.45121002197266,LOS ANGELES,UNINCORPORATED,-118.45115661621094,34.05478286743164
94632773,2025,2025-04-01,9530,2025-02-26,1603,024345,NA,3,2,7,1942,0,2,S,NA,2,901,NORMANDIE AVE.,CARSON,0,NA,Y,A,-,N,NA,NA,NA,NA,NA,NA,NA,NA,NA,N,3,0,1,2,A,-,05,21650,NA,N,H,G,A,A,H,-,A,A,0,NA,Y,NA,NA,Y,NA,D,22,0,1,0,0,0,0,1,0,0,-,-,33.83171081542969,-118.29914855957033,LOS ANGELES,LOS ANGELES,-118.2995834350586,33.83155059814453
94632833,2025,2025-05-08,9535,2025-03-20,1759,024212,NA,4,2,5,1901,0,1,1,NA,2,110,I-10 E/B (SAN BERNARDINO FREEWAY),GARVEY AVE,650,W,N,A,-,Y,LA,NA,10,NA,NA,21.876,H,NA,R,Y,4,0,1,3,A,-,03,22350,NA,N,C,C,A,A,H,-,A,D,0,NA,NA,NA,NA,Y,NA,A,01,0,0,1,0,0,0,0,0,0,-,-,34.064918518066406,-118.15763092041016,LOS ANGELES,ALHAMBRA,-118.15755462646484,34.0648193359375
94632841,2025,2025-04-01,9540,2025-03-28,1505,023330,NA,5,2,3,1961,0,1,1,NA,1,502,I-5 N/B,BRAND BLVD,140,S,N,A,-,Y,LA,NA,5,NA,NA,39.965,H,NA,R,Y,4,0,1,2,A,-,03,22350,NA,F,C,C,A,A,H,-,A,D,0,NA,NA,NA,NA,Y,NA,-,99,0,0,1,0,0,0,0,0,0,-,-,34.273658752441406,-118.44972229003906,LOS ANGELES,SAN FERNANDO,-118.44973754882813,34.273651123046875
94632843,2025,2025-04-01,9535,2025-03-20,845,023941,NA,4,1,9,1900,0,3,5,NA,2,002,MARGARET AVE,W VIA CORONA ST,0,NA,Y,A,-,N,NA,NA,NA,NA,NA,NA,NA,NA,NA,N,4,0,2,2,A,-,09,21802,A,N,D,C,A,A,H,-,A,A,0,NA,NA,NA,NA,Y,NA,A,07,0,0,2,0,0,0,0,0,0,-,-,34.02898025512695,-118.15016174316406,LOS ANGELES,UNINCORPORATED,-118.15013122558594,34.02894592285156
94632851,2025,2025-04-01,9530,2025-03-18,25,023673,NA,2,3,9,1900,0,3,5,NA,2,001,FIRESTONE BLVD.,CENTRAL AVE.,50,E,N,A,-,N,NA,NA,NA,NA,NA,NA,NA,NA,NA,N,4,0,2,3,A,-,03,22350,NA,M,C,C,A,A,H,-,C,A,0,NA,NA,NA,NA,Y,Y,D,22,0,0,2,0,0,0,0,0,0,-,-,33.96023941040039,-118.25611877441406,LOS ANGELES,UNINCORPORATED,-118.25625610351564,33.96015930175781
94632871,2025,2025-04-01,9575,2025-03-23,2100,024163,NA,7,2,7,1942,0,1,1,NA,2,061,I-210 E/B (FOOTHILL FREEWAY),SUNLAND BOULEVARD,739,W,N,A,-,Y,LA,NA,210,NA,R,10.948,H,NA,R,N,4,0,3,2,A,-,07,21658,A,N,B,C,A,A,H,-,D,D,0,NA,NA,NA,Y,Y,NA,G,25,0,0,3,0,0,0,0,0,0,-,-,34.26148986816406,-118.33177185058594,LOS ANGELES,LOS ANGELES,-118.33174896240234,34.261505126953125
94632893,2025,2025-04-01,9550,2025-04-01,735,020014,NA,2,1,9,1900,0,3,5,NA,2,002,MILLS AVE,LIGHT ST,0,NA,Y,A,-,N,NA,NA,NA,NA,NA,NA,NA,NA,NA,N,4,0,2,2,A,-,09,21801,A,N,D,C,A,A,H,-,A,D,0,NA,NA,NA,NA,Y,NA,A,01,0,0,2,0,0,0,0,0,0,-,-,33.941131591796875,-118.03156280517578,LOS ANGELES,UNINCORPORATED,-118.03158569335938,33.941078186035156
94632905,2025,2025-04-01,9540,2025-03-19,1650,023179,NA,3,2,7,1942,0,1,1,NA,2,406,I-405 N/B,SAN FERNANDO MISSION BLVD,1162,S,N,A,-,Y,LA,NA,405,NA,NA,47.019,H,NA,R,N,3,0,1,3,A,-,08,22107,NA,N,B,C,A,A,H,-,A,D,0,NA,NA,NA,Y,Y,NA,B,01,0,1,0,0,0,0,0,0,0,-,-,34.268470764160156,-118.4719696044922,LOS ANGELES,LOS ANGELES,-118.47203063964844,34.268470764160156
94632917,2025,2025-04-01,9540,2025-03-19,2151,024271,NA,3,2,6,1985,0,1,3,NA,1,144,SR-14 N/B,GOLDEN VALLEY RD,2000,N,N,A,-,Y,LA,NA,14,NA,R,30.065,H,NA,R,Y,4,0,3,2,A,-,03,22350,NA,N,C,C,A,A,H,-,D,D,0,NA,NA,NA,NA,Y,NA,A,01,0,0,3,0,0,0,0,0,0,-,-,34.39542007446289,-118.46688079833984,LOS ANGELES,SANTA CLARITA,-118.46692657470705,34.39548110961914
94632924,2025,2025-04-01,9540,2025-03-22,1200,021395,NA,6,1,9,1900,0,2,4,NA,2,010,THE OLD RD,CONSTITUTION AVE,0,NA,Y,A,-,N,NA,NA,NA,NA,NA,NA,NA,NA,NA,Y,3,0,1,2,A,-,09,21802,A,N,G,C,A,A,H,-,A,A,0,NA,NA,Y,NA,Y,NA,C,02,0,1,0,0,0,0,0,0,1,-,-,34.38438034057617,-118.57167053222656,LOS ANGELES,UNINCORPORATED,-118.57176208496094,34.38431930541992
94632925,2025,2025-04-01,9550,2025-03-30,1652,024139,NA,7,2,9,1900,0,3,5,NA,2,002,MULBERRY DRIVE,MILLS AVENUE,145,E,N,A,-,N,NA,NA,NA,NA,NA,NA,NA,NA,NA,N,4,0,1,2,A,-,03,22350,NA,N,C,C,A,A,H,-,A,D,0,NA,NA,NA,NA,Y,NA,A,01,0,0,1,0,0,0,0,0,0,-,-,33.942508697509766,-118.02706909179688,LOS ANGELES,UNINCORPORATED,-118.0272979736328,33.94258499145508
94632972,2025,2025-04-01,9535,2025-02-19,1200,022105,NA,3,1,4,1907,0,1,1,NA,2,072,I-710 N/B,ATLANTIC BLVD,450,S,N,A,-,Y,LA,NA,710,NA,NA,21.824,H,NA,R,Y,3,0,1,2,A,-,08,22107,NA,N,D,C,A,A,H,-,A,D,0,NA,NA,NA,Y,Y,NA,F,25,0,1,0,0,0,0,0,0,0,-,-,33.99633026123047,-118.1767807006836,LOS ANGELES,BELL,-118.1768798828125,33.9963264465332
94633010,2024,2025-04-01,9565,2024-09-27,420,022987,NA,5,3,7,1942,0,1,1,NA,2,064,I-405 N/B,MULHOLLAND DRIVE,500,S,N,A,-,Y,LA,NA,405,NA,NA,36.923,H,NA,R,Y,4,0,1,2,A,-,01,23152,A,N,B,C,A,A,H,-,D,D,0,NA,NA,NA,Y,Y,Y,A,01,0,0,1,0,0,0,0,0,0,-,-,34.12506866455078,-118.47630310058594,LOS ANGELES,LOS ANGELES,-118.47639465332033,34.1251220703125
94633060,2025,2025-04-01,9530,2025-03-20,2000,023862,NA,4,2,7,1941,0,1,1,NA,2,072,I-710 N/B TO WEST WILLOW ST OFR,WILLOW ST.,350,N,N,A,-,Y,NA,NA,NA,NA,NA,NA,NA,NA,NA,N,4,0,1,2,A,-,08,22107,NA,M,B,C,A,A,H,-,D,D,0,NA,NA,NA,NA,Y,NA,-,99,0,0,1,0,0,0,0,0,0,-,-,33.8055305480957,-118.20671844482422,LOS ANGELES,LONG BEACH,-118.20731353759766,33.80534744262695
94633071,2025,2025-04-01,9530,2025-03-20,750,024272,NA,4,1,7,1942,0,1,1,NA,2,110,I-110 S/B (HARBOR FREEWAY),109TH STREET,5,N,N,A,-,Y,LA,NA,110,NA,NA,14.441,H,NA,L,N,4,0,1,2,A,-,08,22107,NA,N,B,C,A,A,H,-,A,D,0,NA,NA,NA,NA,Y,NA,A,01,0,0,1,0,0,0,0,0,0,-,-,33.93769836425781,-118.28034210205078,LOS ANGELES,LOS ANGELES,-118.28018951416016,33.93770217895508
94633081,2025,2025-04-01,9530,2025-03-20,1545,024092,NA,4,2,9,1900,0,1,1,NA,2,210,I-105 W/B (GLENN ANDERSON FWY),WILMINGTON AVENUE,1400,E,N,A,-,Y,LA,NA,105,NA,R,10.377,H,NA,L,N,4,0,1,2,A,-,03,22350,NA,N,C,C,A,A,H,-,A,D,0,NA,NA,NA,NA,Y,NA,A,01,0,0,1,0,0,0,0,0,0,-,-,33.928829193115234,-118.22911834716795,LOS ANGELES,UNINCORPORATED,-118.22913360595705,33.928863525390625
94633184,2025,2025-04-01,9525,2025-03-20,1156,024046,NA,4,1,9,1900,0,2,4,NA,2,045,VALLEY BLVD,ATHENS WAY,105,W,N,A,-,N,NA,NA,NA,NA,NA,NA,NA,NA,NA,Y,4,0,1,2,A,-,05,21651,A,N,B,C,A,A,H,-,A,D,0,NA,NA,NA,Y,Y,NA,A,07,0,0,1,0,0,0,0,0,0,-,-,34.04166030883789,-117.98467254638672,LOS ANGELES,UNINCORPORATED,NA,NA
94633191,2025,2025-04-01,9530,2025-03-20,1600,024272,NA,4,2,9,1900,0,1,1,NA,2,120,I-110 N/B (HARBOR FREEWAY),228TH STREET,930,S,N,A,-,Y,LA,NA,110,NA,NA,5.953,H,NA,R,N,3,0,1,1,A,-,03,22350,NA,N,F,A,A,A,H,-,A,D,0,NA,NA,Y,NA,Y,NA,C,02,0,1,0,0,0,0,0,0,1,-,-,33.81616973876953,-118.28723907470705,LOS ANGELES,UNINCORPORATED,-118.28718566894533,33.81616973876953
94633206,2025,2025-04-01,9525,2025-03-28,2031,023814,NA,5,2,9,1900,0,3,5,NA,2,004,TEMPLE AVE,SUNSET AVE,50,E,N,A,-,N,NA,NA,NA,NA,NA,NA,NA,NA,NA,N,4,0,1,2,A,-,21,22106,NA,N,C,C,A,A,H,-,C,A,0,NA,NA,NA,NA,Y,NA,A,07,0,0,1,0,0,0,0,0,0,-,-,34.04056167602539,-117.96785736083984,LOS ANGELES,UNINCORPORATED,-117.96793365478516,34.04058837890625
94633241,2025,2025-04-01,9590,2025-02-25,2222,023319,NA,2,3,7,1942,0,1,1,NA,2,053,I-110 S/B (HARBOR FREEWAY) TO I-10 W/B (SANTA MONI,UNION AVE.,1480,E,N,A,-,Y,LA,NA,10,NA,NA,14.69,H,NA,L,N,4,0,1,2,A,-,03,22350,NA,M,C,C,A,A,H,-,C,D,0,NA,NA,NA,NA,Y,NA,-,99,0,0,1,0,0,0,0,0,0,-,-,34.03852844238281,-118.27655792236328,LOS ANGELES,LOS ANGELES,-118.27654266357422,34.038368225097656