CASE_ID,ACCIDENT_YEAR,PROC_DATE,JURIS,COLLISION_DATE,COLLISION_TIME,OFFICER_ID,REPORTING_DISTRICT,DAY_OF_WEEK,CHP_SHIFT,POPULATION,CNTY_CITY_LOC,SPECIAL_COND,BEAT_TYPE,CHP_BEAT_TYPE,CITY_DIVISION_LAPD,CHP_BEAT_CLASS,BEAT_NUMBER,PRIMARY_RD,SECONDARY_RD,DISTANCE,DIRECTION,INTERSECTION,WEATHER_1,WEATHER_2,STATE_HWY_IND,CALTRANS_COUNTY,CALTRANS_DISTRICT,STATE_ROUTE,ROUTE_SUFFIX,POSTMILE_PREFIX,POSTMILE,LOCATION_TYPE,RAMP_INTERSECTION,SIDE_OF_HWY,TOW_AWAY,COLLISION_SEVERITY,NUMBER_KILLED,NUMBER_INJURED,PARTY_COUNT,PRIMARY_COLL_FACTOR,PCF_CODE_OF_VIOL,PCF_VIOL_CATEGORY,PCF_VIOLATION,PCF_VIOL_SUBSECTION,HIT_AND_RUN,TYPE_OF_COLLISION,MVIW,PED_ACTION,ROAD_SURFACE,ROAD_COND_1,ROAD_COND_2,LIGHTING,CONTROL_DEVICE,CHP_ROAD_TYPE,PEDESTRIAN_ACCIDENT,BICYCLE_ACCIDENT,MOTORCYCLE_ACCIDENT,TRUCK_ACCIDENT,NOT_PRIVATE_PROPERTY,ALCOHOL_INVOLVED,STWD_VEHTYPE_AT_FAULT,CHP_VEHTYPE_AT_FAULT,COUNT_SEVERE_INJ,COUNT_VISIBLE_INJ,COUNT_COMPLAINT_PAIN,COUNT_PED_KILLED,COUNT_PED_INJURED,COUNT_BICYCLIST_KILLED,COUNT_BICYCLIST_INJURED,COUNT_MC_KILLED,COUNT_MC_INJURED,PRIMARY_RAMP,SECONDARY_RAMP,LATITUDE,LONGITUDE,COUNTY,CITY,POINT_X,POINT_Y
94639299,2025,2025-04-07,9580,2025-04-03,1320,022663,NA,4,1,7,1942,0,1,2,NA,2,105,US-101 S/B (VENTURA FREEWAY),CANOGA AVE,220,N,N,A,-,Y,LA,NA,101,NA,NA,24.909,H,NA,L,Y,4,0,1,2,A,-,03,22350,NA,N,C,C,A,A,H,-,A,D,0,NA,NA,NA,NA,Y,NA,D,22,0,0,1,0,0,0,0,0,0,-,-,34.169498443603516,-118.59829711914064,LOS ANGELES,LOS ANGELES,-118.59830474853516,34.169490814208984
94639300,2025,2025-04-07,9580,2025-03-28,840,017973,NA,5,1,3,1994,0,1,2,NA,2,109,US-101 S/B (VENTURA FREEWAY),KANAN RD,1200,S,N,A,-,Y,LA,NA,101,NA,NA,34.803,H,NA,L,N,3,0,1,2,A,-,03,22350,NA,N,C,C,A,A,H,-,A,D,0,NA,NA,NA,NA,Y,NA,A,01,0,1,0,0,0,0,0,0,0,-,-,34.14545822143555,-118.75717926025392,LOS ANGELES,AGOURA HILLS,-118.75718688964844,34.145423889160156
9463932,2022,2022-08-24,1942,2022-08-07,1403,39395,1367,7,5,7,1942,0,0,0,M,0,24TL56,ALAMEDA ST,46TH ST,0,NA,Y,A,-,N,NA,NA,NA,NA,NA,NA,NA,NA,NA,Y,3,0,1,2,A,-,09,21801,A,N,D,C,A,A,H,-,A,D,0,NA,NA,NA,NA,Y,NA,A,01,0,1,0,0,0,0,0,0,0,-,-,NA,NA,LOS ANGELES,LOS ANGELES,-118.23902130126952,34.00164031982422
9463935,2022,2022-08-24,1942,2022-07-08,0001,39360,1842,5,5,7,1942,0,0,0,R,0,25T35-,IMPERIAL HWY,BROADWAY,50,E,N,A,-,N,NA,NA,NA,NA,NA,NA,NA,NA,NA,Y,2,0,2,2,A,-,05,21651,B,N,A,C,A,A,H,-,C,A,0,NA,NA,NA,NA,Y,NA,A,07,1,0,1,0,0,0,0,0,0,-,-,NA,NA,LOS ANGELES,LOS ANGELES,-118.2782974243164,33.93101119995117
9463936,2022,2022-08-25,1942,2022-08-09,1310,42131,0132,2,5,7,1942,0,0,0,A,0,1XL2-W,FIGUEROA ST,3RD ST,45,N,N,A,-,N,NA,NA,NA,NA,NA,NA,NA,NA,NA,N,4,0,1,2,A,-,21,22106,NA,N,C,C,A,A,H,-,A,D,0,NA,NA,NA,NA,Y,NA,A,01,0,0,1,0,0,0,0,0,0,-,-,NA,NA,LOS ANGELES,LOS ANGELES,-118.2545166015625,34.05510330200195
94639369,2025,2025-04-07,9540,2025-04-05,321,023422,NA,6,3,9,1900,0,1,1,NA,2,508,I-5 NB,HASLEY CANYON RD,4400,N,N,A,-,Y,LA,NA,5,NA,R,57.418,H,NA,R,Y,3,0,1,1,A,-,08,22107,NA,N,E,I,A,A,H,-,D,D,0,NA,NA,NA,NA,Y,NA,A,07,0,1,0,0,0,0,0,0,0,-,-,34.46773147583008,-118.6165771484375,LOS ANGELES,UNINCORPORATED,-118.61655426025392,34.46772766113281
94639377,2025,2025-04-07,9565,2025-03-25,2155,023745,NA,2,2,9,1900,0,1,1,NA,2,012,I-105 W/B,VAN NESS AVE,200,E,N,A,-,Y,LA,NA,105,NA,R,5.4,H,NA,L,N,4,0,1,2,A,-,08,22107,NA,N,B,2,A,A,H,-,D,D,0,NA,NA,NA,NA,Y,NA,A,01,0,0,1,0,0,0,0,0,0,-,-,33.9256706237793,-118.31491088867188,LOS ANGELES,UNINCORPORATED,-118.31491088867188,33.92561340332031
94639407,2025,2025-04-07,9550,2025-03-28,1137,023734,NA,5,1,6,1920,0,1,1,NA,2,150,I-105 EB FROM BELLFLOWER BLVD,DUNROBIN AVE,300,W,N,A,-,Y,LA,NA,105,NA,R,16.842,H,NA,R,N,2,0,3,2,A,-,03,22350,NA,N,C,C,A,A,H,-,A,A,0,NA,NA,NA,NA,Y,NA,D,22,1,0,2,0,0,0,0,0,0,-,-,33.91307067871094,-118.1218719482422,LOS ANGELES,DOWNEY,-118.12188720703124,33.91324234008789
94639438,2025,2025-04-07,9550,2025-03-27,555,022037,NA,4,3,5,1969,0,1,1,NA,2,151,I-105 W/B,GARFIELD AVENUE,1320,E,N,A,-,Y,LA,NA,105,NA,R,14.285,H,NA,L,N,4,0,1,2,A,-,03,22350,NA,N,C,C,A,A,H,-,A,D,0,NA,NA,NA,NA,Y,NA,A,01,0,0,1,0,0,0,0,0,0,-,-,33.91156005859375,-118.16622924804688,LOS ANGELES,SOUTH GATE,-118.1662139892578,33.91146469116211
9463944,2022,2022-08-25,1942,2022-08-09,0851,32973,0235,2,5,7,1942,0,0,0,B,0,24TL21,TEMPLE ST,ALVARADO ST,150,W,N,A,-,N,NA,NA,NA,NA,NA,NA,NA,NA,NA,N,4,0,1,2,A,-,09,21801,A,N,D,C,A,A,H,-,A,D,0,NA,NA,NA,NA,Y,NA,D,22,0,0,1,0,0,0,0,0,0,-,-,NA,NA,LOS ANGELES,LOS ANGELES,-118.2685089111328,34.07042694091797
94639485,2025,2025-04-07,9565,2025-03-25,1905,024321,NA,2,2,7,1942,0,1,1,NA,2,062,I-405 NB (SAN DIEGO FREEWAY),NATIONAL BLVD,1150,S,N,A,-,Y,LA,NA,405,NA,NA,28.945,H,NA,R,N,4,0,1,2,A,-,03,22350,NA,N,C,C,A,A,H,-,C,D,0,NA,NA,NA,NA,Y,NA,A,07,0,0,1,0,0,0,0,0,0,-,-,34.0241813659668,-118.4276885986328,LOS ANGELES,LOS ANGELES,-118.42776489257813,34.02413558959961
94639490,2025,2025-04-07,9580,2025-04-01,1750,023284,NA,2,2,7,1942,0,1,1,NA,2,404,I-405 N/B (SAN DIEGO FWY),MULHOLLAND DR,385,N,N,A,-,Y,LA,NA,405,NA,NA,37.112,H,NA,R,Y,4,0,1,2,A,-,03,22350,NA,N,C,C,A,A,H,-,A,D,0,NA,NA,NA,NA,Y,NA,A,01,0,0,1,0,0,0,0,0,0,-,-,34.12739944458008,-118.47454071044922,LOS ANGELES,LOS ANGELES,-118.47459411621094,34.12742614746094
94639494,2025,2025-08-05,9550,2025-03-07,630,023732,NA,5,1,5,1908,0,1,3,NA,2,091,SR 91 E/B,CLARK AVENUE,1056,E,N,A,-,Y,LA,NA,91,NA,R,15.335,H,NA,R,N,3,0,1,5,A,-,08,22107,NA,N,C,C,A,A,H,-,A,D,0,NA,NA,Y,NA,Y,NA,C,02,0,1,0,0,0,0,0,0,0,-,-,33.87622833251953,-118.13027954101564,LOS ANGELES,BELLFLOWER,-118.13029479980467,33.87614822387695
9463951,2021,2022-08-24,1942,2021-12-18,2250,44482,0805,6,5,7,1942,0,0,0,H,0,8A1,SUNSET BL,THURSTON AV,200,E,N,A,-,N,NA,NA,NA,NA,NA,NA,NA,NA,NA,Y,3,0,1,1,A,-,03,22350,NA,N,E,I,A,A,H,-,C,A,0,NA,NA,NA,NA,Y,NA,A,01,0,1,0,0,0,0,0,0,0,-,-,NA,NA,LOS ANGELES,LOS ANGELES,-118.46370697021484,34.074039459228516
94639528,2025,2025-04-07,9580,2025-03-29,2336,023532,NA,6,3,7,1942,0,1,1,NA,2,406,I-405 N/B (SAN DIEGO FWY),FROM SHERMAN WAY,280,N,N,A,-,Y,NA,NA,NA,NA,NA,NA,NA,NA,NA,N,3,0,1,2,A,-,08,22107,NA,F,B,C,A,A,H,-,C,D,0,NA,NA,NA,NA,Y,Y,-,99,0,1,0,0,0,0,0,0,0,-,-,34.20206069946289,-118.47216796875,LOS ANGELES,LOS ANGELES,-118.47338104248048,34.20131301879883
94639534,2025,2025-04-07,9580,2025-03-31,240,021475,NA,1,3,9,1900,0,2,4,NA,1,131,CORNELL RD,MULHOLLAND HWY,3168,N,N,C,-,N,NA,NA,NA,NA,NA,NA,NA,NA,NA,Y,4,0,1,1,A,-,08,22107,NA,N,E,I,A,B,H,-,D,D,0,NA,NA,NA,NA,Y,NA,A,01,0,0,1,0,0,0,0,0,0,-,-,34.11988067626953,-118.75016784667967,LOS ANGELES,UNINCORPORATED,-118.75025177001952,34.11979293823242
94639554,2025,2025-04-07,9580,2025-03-31,430,023707,NA,1,3,7,1942,0,1,2,NA,2,103,US-101 E/B TRANS TO I-405 S/B,US-101 E/B (VENTURA FREEWAY),100,S,N,C,-,Y,LA,NA,405,NA,NA,39.353,H,NA,L,Y,3,0,2,3,A,-,03,22350,NA,N,A,C,A,B,H,-,C,D,0,NA,NA,NA,NA,Y,NA,A,01,0,1,1,0,0,0,0,0,0,-,-,34.15890884399414,-118.4697494506836,LOS ANGELES,LOS ANGELES,-118.46955108642578,34.15892028808594
94639590,2025,2025-04-07,9550,2025-03-06,810,024254,NA,4,1,5,1976,0,1,1,NA,2,650,I-605 SOUTHBOUND,WADDELL STREET,285,N,N,A,-,Y,LA,NA,605,NA,R,11.864,H,NA,L,N,2,0,1,1,A,-,08,22107,NA,N,E,I,A,A,H,-,A,D,0,NA,NA,NA,NA,Y,NA,A,07,1,0,0,0,0,0,0,0,0,-,-,33.971229553222656,-118.08123779296876,LOS ANGELES,WHITTIER,-118.0813217163086,33.97126007080078
9463963,2022,2022-09-22,1942,2022-06-10,2238,44120,77TH,5,5,7,1942,0,0,0,NA,0,12A93,S HOOVER ST,56TH ST,6,W,N,A,-,N,NA,NA,NA,NA,NA,NA,NA,NA,NA,N,4,0,1,2,D,-,00,NA,NA,F,H,B,B,A,H,-,C,D,0,Y,NA,NA,NA,Y,NA,-,-,0,0,1,0,1,0,0,0,0,-,-,NA,NA,LOS ANGELES,LOS ANGELES,-118.28713989257813,33.99142837524414
94639637,2025,2025-04-07,9590,2025-04-05,2325,023445,NA,6,3,7,1942,0,1,2,NA,2,073,US-101 S/B (HOLLYWOOD FREEWAY) TO MELROSE AVENUE,NORMANDIE AVENUE,850,N,N,A,-,Y,LA,NA,101,NA,NA,5.181,H,NA,L,N,4,0,2,3,A,-,03,22350,NA,N,C,C,A,A,H,-,C,D,0,NA,NA,NA,NA,Y,NA,A,01,0,0,2,0,0,0,0,0,0,-,-,34.08626174926758,-118.30294036865234,LOS ANGELES,LOS ANGELES,-118.3028564453125,34.08634567260742
9463966,2022,2022-08-30,1942,2022-08-15,1035,35393,0325,1,5,7,1942,0,0,0,C,0,25TL21,29TH ST,ELLENDALE PL,210,W,N,A,-,N,NA,NA,NA,NA,NA,NA,NA,NA,NA,Y,3,0,1,3,A,-,03,22350,NA,N,A,E,A,A,H,-,A,D,0,NA,NA,NA,NA,Y,NA,J,41,0,1,0,0,0,0,0,0,0,-,-,NA,NA,LOS ANGELES,LOS ANGELES,-118.2895278930664,34.02840805053711
9463975,2022,2022-08-30,1942,2022-08-11,1625,41704,1218,4,5,7,1942,0,0,0,L,0,25MQ54,FIGUEROA ST,55TH ST,0,NA,Y,A,-,N,NA,NA,NA,NA,NA,NA,NA,NA,NA,Y,4,0,4,3,A,-,09,21801,A,N,D,C,A,A,H,-,A,A,0,NA,NA,NA,NA,Y,NA,A,01,0,0,4,0,0,0,0,0,0,-,-,NA,NA,LOS ANGELES,LOS ANGELES,-118.2826919555664,33.99237823486328
94639764,2025,2025-04-14,9590,2025-04-05,511,023642,NA,6,3,7,1942,0,1,1,NA,2,050,I-110 NORTHBOUND (HARBOR FREEWAY),42ND STREET,311,N,N,A,-,Y,LA,NA,110,NA,NA,19.322,H,NA,R,N,4,0,1,2,A,-,03,22350,NA,N,C,C,A,A,H,-,C,D,0,NA,NA,NA,NA,Y,NA,A,07,0,0,1,0,0,0,0,0,0,-,-,34.00838088989258,-118.28083038330078,LOS ANGELES,LOS ANGELES,-118.2809600830078,34.00838088989258
94639792,2025,2025-04-07,9540,2025-03-17,2030,023229,NA,1,2,7,1942,0,1,1,NA,1,502,I-5 NORTHBOUND TO ROXFORD STREET,ROXFORD ST,58,S,N,A,-,Y,NA,NA,NA,NA,NA,NA,NA,NA,NA,Y,4,0,1,2,A,-,01,23152,A,N,B,2,A,A,H,-,C,D,0,NA,NA,NA,NA,Y,Y,D,22,0,0,1,0,0,0,0,0,0,-,-,34.30337905883789,-118.47908020019533,LOS ANGELES,LOS ANGELES,-118.47921752929688,34.30302047729492
94639823,2025,2025-04-07,9550,2025-03-29,505,023321,NA,6,3,6,1949,0,1,1,NA,2,650,INTERSTATE 605 S/B,INTERSTATE 5,45,S,N,A,-,Y,LA,NA,605,NA,R,9.593,H,NA,L,Y,4,0,1,2,A,-,03,22350,NA,N,C,2,A,A,H,-,C,D,0,NA,NA,NA,NA,Y,NA,A,01,0,0,1,0,0,0,0,0,0,-,-,33.9410285949707,-118.09681701660156,LOS ANGELES,NORWALK,-118.09681701660156,33.9410285949707
94639831,2025,2025-04-07,9550,2025-03-28,1930,024057,NA,5,2,5,1976,0,1,1,NA,2,650,I-605 NORTHBOUND,PECK RD.,580,S,N,A,-,Y,LA,NA,605,NA,R,16.533,H,NA,R,N,4,0,1,2,A,-,03,22350,NA,N,C,C,A,A,H,-,C,D,0,NA,NA,NA,NA,Y,NA,A,01,0,0,1,0,0,0,0,0,0,-,-,34.02626037597656,-118.03929901123048,LOS ANGELES,WHITTIER,-118.03927612304688,34.02622985839844
9463984,2022,2022-09-02,1900,2022-07-20,2220,634995,2603,3,5,6,1950,0,0,0,NA,0,264T1,FORT TEJON RD,47TH ST E,48,S,N,A,-,Y,LA,7,138,-,-,50.29,H,-,E,Y,3,0,3,3,A,-,08,22107,NA,N,A,C,A,A,H,-,C,A,0,NA,NA,NA,NA,Y,NA,A,01,0,3,0,0,0,0,0,0,0,-,-,34.5535888671875,-118.04409790039064,LOS ANGELES,PALMDALE,-118.04491424560548,34.553550720214844
94639879,2025,2025-04-07,9550,2025-03-29,940,023732,NA,6,1,9,1900,0,3,5,NA,2,003,S 7TH AVENUE,GALE AVENUE,0,NA,Y,A,-,N,NA,NA,NA,NA,NA,NA,NA,NA,NA,Y,4,0,1,2,A,-,12,21453,A,N,D,C,A,A,H,-,A,A,0,NA,NA,NA,NA,Y,NA,A,07,0,0,1,0,0,0,0,0,0,-,-,34.01988983154297,-117.98783111572266,LOS ANGELES,UNINCORPORATED,-117.98786926269533,34.019962310791016
9463988,2022,2022-08-30,1973,2022-05-01,0454,659,1973,7,5,1,1973,0,0,0,NA,0,002,S DOWNEY RD,EXCHANGE AV,162,S,N,A,-,N,NA,NA,NA,NA,NA,NA,NA,NA,NA,Y,4,0,1,1,A,-,01,23152,A,N,E,I,A,A,H,-,C,A,0,NA,NA,NA,NA,Y,Y,A,01,0,0,1,0,0,0,0,0,0,-,-,NA,NA,LOS ANGELES,VERNON,-118.20481872558594,34.00200653076172
94639909,2025,2025-04-07,9590,2025-04-04,1803,023266,NA,5,2,7,1942,0,1,2,NA,2,070,US-101 N/B (HOLLYWOOD FREEWAY),HOOVER STREET,256,S,N,A,-,Y,LA,NA,101,NA,NA,3.907,H,NA,R,N,4,0,2,2,A,-,03,22350,NA,N,C,C,A,A,H,-,A,D,0,NA,NA,NA,NA,Y,NA,A,01,0,0,2,0,0,0,0,0,0,-,-,34.0777702331543,-118.28357696533205,LOS ANGELES,LOS ANGELES,-118.28359985351564,34.07770919799805
94639915,2025,2025-04-07,9525,2025-04-05,1615,024091,NA,6,2,9,1900,0,3,5,NA,2,004,AMAR ROAD,WILLOW AVENUE,0,NA,Y,A,-,N,NA,NA,NA,NA,NA,NA,NA,NA,NA,Y,4,0,2,2,A,-,12,21453,A,N,D,C,A,A,H,-,A,A,0,NA,NA,NA,NA,Y,NA,A,01,0,0,2,0,0,0,0,0,0,-,-,34.052310943603516,-117.97258758544922,LOS ANGELES,UNINCORPORATED,-117.97257995605467,34.05229187011719
94639926,2025,2025-04-07,9565,2025-03-25,1620,021729,NA,2,2,4,1918,0,1,1,NA,2,061,I-405 N/B,WASHINGTON BLVD,100,S,N,A,-,Y,LA,NA,405,NA,NA,27.356,H,NA,R,N,4,0,1,3,A,-,03,22350,NA,F,C,C,A,A,H,-,A,D,0,NA,NA,NA,NA,Y,NA,-,99,0,0,1,0,0,0,0,0,0,-,-,34.00497055053711,-118.41255950927734,LOS ANGELES,CULVER CITY,-118.41258239746094,34.00495910644531
9463995,2022,2022-08-30,1973,2022-04-14,1637,568,1973,4,5,1,1973,0,0,0,NA,0,001,S ALAMEDA ST,E 38TH ST,0,NA,Y,A,-,N,NA,NA,NA,NA,NA,NA,NA,NA,NA,Y,4,0,1,2,D,-,00,NA,NA,N,D,C,A,A,H,-,A,A,0,NA,NA,NA,NA,Y,NA,-,-,0,0,1,0,0,0,0,0,0,-,-,NA,NA,LOS ANGELES,VERNON,-118.23931121826172,34.00801086425781
94639950,2025,2025-04-07,9565,2025-02-05,617,024321,NA,3,1,9,1900,0,1,1,NA,2,012,I-105 W/B,WESTERN AVE,450,E,N,B,C,Y,LA,NA,105,NA,R,5.831,H,NA,L,Y,3,0,1,5,A,-,03,22350,NA,N,C,C,A,B,H,-,B,D,0,NA,NA,NA,NA,Y,NA,A,07,0,1,0,0,0,0,0,0,0,-,-,33.926048278808594,-118.30747222900392,LOS ANGELES,UNINCORPORATED,-118.30747985839844,33.926082611083984
94639961,2025,2025-04-07,9550,2025-03-29,1030,023712,NA,6,1,3,1903,0,1,3,NA,2,091,SR-91 WESTBOUND TO I-605,STUDEBAKER RD,1600,E,N,A,-,Y,LA,NA,91,NA,R,17.419,H,NA,L,N,4,0,2,3,A,-,03,22350,NA,N,C,C,A,A,H,-,A,D,0,NA,NA,NA,NA,Y,NA,A,01,0,0,2,0,0,0,0,0,0,-,-,33.876609802246094,-118.09416961669922,LOS ANGELES,ARTESIA,-118.09416961669922,33.876461029052734
94639979,2024,2025-04-07,9565,2024-09-28,1900,023626,NA,6,2,9,1900,0,2,4,NA,1,041,HAWTHORNE BLVD,106TH ST,50,S,N,A,-,N,NA,NA,NA,NA,NA,NA,NA,NA,NA,N,3,0,1,2,A,-,03,22350,NA,N,C,C,A,A,H,-,B,D,0,NA,NA,NA,NA,Y,NA,A,01,0,1,0,0,0,0,0,0,0,-,-,33.93973922729492,-118.3525390625,LOS ANGELES,UNINCORPORATED,-118.35272216796876,33.93983459472656
9464001,2022,2022-09-28,1925,2022-08-25,2256,29285,220,4,5,6,1925,0,0,0,NA,0,001,RT 134,FAIRMONT AV,132,S,N,A,-,Y,LA,7,134,-,R,6.175,R,1,W,Y,3,0,1,1,A,-,03,22350,NA,M,E,I,A,A,H,-,C,A,0,NA,NA,NA,NA,Y,NA,A,01,0,1,0,0,0,0,0,0,0,WF,-,34.155391693115234,-118.27359008789064,LOS ANGELES,GLENDALE,-118.2715072631836,34.15482711791992
94640035,2024,2025-04-07,9550,2024-09-01,637,023734,NA,7,1,5,1919,0,1,3,NA,2,091,STATE ROUTE 91 EASTBOUND,INTERSTATE 605,10,W,N,A,-,Y,LA,NA,91,NA,R,16.934,H,NA,R,Y,1,2,2,2,A,-,01,23152,F,N,C,C,A,A,H,-,B,D,0,NA,NA,NA,Y,Y,NA,A,01,1,1,0,0,0,0,0,0,0,-,-,33.87630844116211,-118.10260772705078,LOS ANGELES,CERRITOS,-118.10260772705078,33.87635040283203
9464005,2022,2022-09-21,1942,2022-08-07,0345,44299,0788,7,5,7,1942,0,0,0,G,0,27T31,SANTA MONICA FWY,CRENSHAW BL,26,E,N,A,-,Y,LA,7,10,-,R,11.561,R,4,W,Y,4,0,1,2,A,-,01,23152,A,N,C,C,A,A,H,-,C,A,0,NA,NA,NA,NA,Y,Y,A,01,0,0,1,0,0,0,0,0,0,WF,-,NA,NA,LOS ANGELES,LOS ANGELES,-118.33077239990234,34.03531265258789
94640069,2024,2025-06-09,9550,2024-08-18,50,023689,NA,7,3,9,1900,0,2,4,NA,1,011,WORKMAN MILL ROAD (SOUTHBOUND),PIONEER BOULEVARD,500,N,N,A,-,N,NA,NA,NA,NA,NA,NA,NA,NA,NA,Y,1,1,2,1,A,-,01,23152,A,N,A,8,A,A,H,-,D,D,0,NA,NA,NA,NA,Y,Y,A,01,0,0,2,0,0,0,0,0,0,-,-,34.009761810302734,-118.05367279052734,LOS ANGELES,UNINCORPORATED,-118.0540771484375,34.009700775146484
9464009,2022,2022-09-21,1900,2022-08-15,2140,625597,2607,1,5,6,1950,0,0,0,NA,0,263T1,47TH ST EAST,AVENUE R,0,NA,Y,A,-,Y,LA,7,138,-,-,48.961,I,5,W,Y,4,0,4,3,A,-,12,21453,A,N,D,C,A,A,H,-,C,A,0,NA,NA,NA,NA,Y,NA,A,07,0,0,4,0,0,0,0,0,0,-,-,34.57279968261719,-118.0448989868164,LOS ANGELES,PALMDALE,-118.0448760986328,34.57277297973633
94640126,2025,2025-04-07,9590,2025-04-04,1510,023266,NA,5,2,7,1942,0,1,2,NA,2,071,US-101 SB (HOLLYWOOD FREEWAY),EDGEWARE ROAD,644,N,N,A,-,Y,LA,NA,101,NA,NA,2.191,H,NA,L,N,4,0,1,2,A,-,07,21658,A,N,B,C,A,A,H,-,A,D,0,NA,NA,NA,NA,Y,NA,A,07,0,0,1,0,0,0,0,0,0,-,-,34.06787872314453,-118.25624084472656,LOS ANGELES,LOS ANGELES,-118.25624847412108,34.0678596496582
9464021,2022,2022-09-21,1900,2022-08-04,2103,625597,2608,4,5,6,1950,0,0,0,NA,0,263T1,27TH ST EAST,PALMDALE BL,0,NA,Y,A,-,Y,LA,7,138,-,-,46.481,I,5,E,N,4,0,1,2,A,-,10,21950,A,M,D,B,B,A,H,-,C,A,0,Y,NA,NA,NA,Y,NA,A,01,0,0,1,0,1,0,0,0,0,-,-,34.58000183105469,-118.08100128173828,LOS ANGELES,PALMDALE,-118.0806884765625,34.58013916015625
94640246,2025,2025-04-07,9590,2025-03-25,1620,022690,NA,2,2,7,1942,0,1,3,NA,2,031,SR-60 W/B (POF),WHITTIER BLVD,500,E,N,A,-,Y,LA,NA,60,NA,R,1.156,H,NA,L,N,4,0,6,2,A,-,03,22350,NA,N,C,C,A,A,H,-,A,D,0,NA,NA,NA,NA,Y,NA,A,01,0,0,6,0,0,0,0,0,0,-,-,34.02870178222656,-118.2055206298828,LOS ANGELES,LOS ANGELES,-118.20551300048828,34.02867126464844
94640265,2025,2025-04-07,9575,2025-03-27,1845,023071,NA,4,2,6,1953,0,1,1,NA,2,064,I-210 W/B (FOOTHILL FREEWAY),MAPLE ST.,192,E,N,B,-,Y,NA,NA,NA,NA,NA,NA,NA,NA,NA,N,4,0,2,2,A,-,03,22350,NA,N,C,C,A,A,H,-,B,D,0,NA,NA,NA,NA,Y,NA,A,01,0,0,2,0,0,0,0,0,0,-,-,34.151878356933594,-118.15309143066406,LOS ANGELES,PASADENA,-118.15569305419922,34.15290069580078
9464030,2022,2022-09-14,1942,2022-08-20,1745,44189,0195,6,5,7,1942,0,0,0,A,0,1X82,LOS ANGELES ST,18TH ST,0,NA,Y,A,-,N,NA,NA,NA,NA,NA,NA,NA,NA,NA,Y,3,0,2,2,A,-,04,21703,NA,N,C,C,A,A,H,-,A,A,0,NA,NA,NA,NA,Y,NA,A,01,0,1,1,0,0,0,0,0,0,-,-,NA,NA,LOS ANGELES,LOS ANGELES,-118.2626495361328,34.031620025634766
94640314,2025,2025-04-07,9575,2025-03-25,1705,024136,NA,2,2,7,1942,0,1,3,NA,2,043,SR-134 E/B (VENTURA FREEWAY),FOREST LAWN DR.,130,W,N,A,-,Y,LA,NA,134,NA,NA,3.532,H,NA,R,N,4,0,1,2,A,-,03,22350,NA,M,C,C,A,A,H,-,A,D,0,NA,NA,NA,NA,Y,NA,-,99,0,0,1,0,0,0,0,0,0,-,-,34.154659271240234,-118.31601715087892,LOS ANGELES,LOS ANGELES,-118.31601715087892,34.154666900634766
94640377,2025,2025-04-07,9575,2025-03-31,1740,024136,NA,1,2,6,1912,0,1,1,NA,2,051,I-5 S/B (GOLDEN STATE FREEWAY),OLIVE AVE,200,S,N,A,-,Y,LA,NA,5,NA,NA,29.12,H,NA,L,N,4,0,1,2,A,-,03,22350,NA,N,C,C,A,A,H,-,A,D,0,NA,NA,NA,NA,Y,NA,A,01,0,0,1,0,0,0,0,0,0,-,-,34.17839813232422,-118.31046295166016,LOS ANGELES,BURBANK,-118.31047058105467,34.17838668823242
94640392,2025,2025-04-07,9590,2025-04-02,1107,022136,NA,3,1,7,1942,0,1,1,NA,2,050,I-110 N/B (HARBOR FREEWAY),EXPOSITION BLVD.,1140,S,N,A,-,Y,LA,NA,110,NA,NA,19.793,H,NA,R,N,3,0,1,2,A,-,03,22350,NA,N,C,C,A,A,H,-,A,D,0,NA,NA,NA,NA,Y,NA,A,07,0,1,0,0,0,0,0,0,0,-,-,34.01525115966797,-118.28061676025392,LOS ANGELES,LOS ANGELES,-118.28076934814452,34.01526641845703
94640411,2025,2025-04-08,9590,2025-03-31,745,022698,NA,1,1,7,1942,0,1,2,NA,2,070,US-101 NORTHBOUND (SANTA ANA FREEWAY),MISSION ROAD,570,N,N,B,C,Y,LA,NA,101,NA,NA,0.073,H,NA,R,N,3,0,1,1,A,-,08,22107,NA,N,E,I,A,B,H,-,A,D,0,NA,NA,NA,NA,Y,NA,A,01,0,1,0,0,0,0,0,0,0,-,-,34.053260803222656,-118.22850799560548,LOS ANGELES,LOS ANGELES,-118.2285385131836,34.05312728881836