CASE_ID,ACCIDENT_YEAR,PROC_DATE,JURIS,COLLISION_DATE,COLLISION_TIME,OFFICER_ID,REPORTING_DISTRICT,DAY_OF_WEEK,CHP_SHIFT,POPULATION,CNTY_CITY_LOC,SPECIAL_COND,BEAT_TYPE,CHP_BEAT_TYPE,CITY_DIVISION_LAPD,CHP_BEAT_CLASS,BEAT_NUMBER,PRIMARY_RD,SECONDARY_RD,DISTANCE,DIRECTION,INTERSECTION,WEATHER_1,WEATHER_2,STATE_HWY_IND,CALTRANS_COUNTY,CALTRANS_DISTRICT,STATE_ROUTE,ROUTE_SUFFIX,POSTMILE_PREFIX,POSTMILE,LOCATION_TYPE,RAMP_INTERSECTION,SIDE_OF_HWY,TOW_AWAY,COLLISION_SEVERITY,NUMBER_KILLED,NUMBER_INJURED,PARTY_COUNT,PRIMARY_COLL_FACTOR,PCF_CODE_OF_VIOL,PCF_VIOL_CATEGORY,PCF_VIOLATION,PCF_VIOL_SUBSECTION,HIT_AND_RUN,TYPE_OF_COLLISION,MVIW,PED_ACTION,ROAD_SURFACE,ROAD_COND_1,ROAD_COND_2,LIGHTING,CONTROL_DEVICE,CHP_ROAD_TYPE,PEDESTRIAN_ACCIDENT,BICYCLE_ACCIDENT,MOTORCYCLE_ACCIDENT,TRUCK_ACCIDENT,NOT_PRIVATE_PROPERTY,ALCOHOL_INVOLVED,STWD_VEHTYPE_AT_FAULT,CHP_VEHTYPE_AT_FAULT,COUNT_SEVERE_INJ,COUNT_VISIBLE_INJ,COUNT_COMPLAINT_PAIN,COUNT_PED_KILLED,COUNT_PED_INJURED,COUNT_BICYCLIST_KILLED,COUNT_BICYCLIST_INJURED,COUNT_MC_KILLED,COUNT_MC_INJURED,PRIMARY_RAMP,SECONDARY_RAMP,LATITUDE,LONGITUDE,COUNTY,CITY,POINT_X,POINT_Y
94659636,2025,2025-04-23,9550,2025-04-14,1705,023656,NA,1,2,7,1941,0,1,3,NA,2,090,SR-91 WESTBOUND,DOWNEY AVENUE,1320,W,N,A,-,Y,LA,NA,91,NA,R,13.881,H,NA,L,Y,4,0,1,4,A,-,03,22350,NA,N,C,C,A,A,H,-,A,D,0,NA,NA,NA,Y,Y,NA,A,07,0,0,1,0,0,0,0,0,0,-,-,33.87710952758789,-118.15541839599608,LOS ANGELES,LONG BEACH,-118.15541839599608,33.87704086303711
94659666,2025,2025-04-23,9530,2025-04-11,1705,023720,NA,5,2,7,1942,0,1,1,NA,2,110,I-110 N/B TO IMPERIAL HWY,IMPERIAL HWY,400,S,N,A,-,Y,NA,NA,NA,NA,NA,NA,NA,NA,NA,N,4,0,1,3,A,-,03,22350,NA,N,C,C,A,A,H,-,A,A,0,NA,NA,NA,NA,Y,NA,D,22,0,0,1,0,0,0,0,0,0,-,-,33.92948913574219,-118.2800064086914,LOS ANGELES,LOS ANGELES,-118.2802276611328,33.929908752441406
94659695,2025,2025-04-23,9530,2025-04-11,515,023797,NA,5,3,9,1900,0,1,1,NA,2,210,I-105 E/B (GLENN ANDERSON FWY),WILMINGTON AVE.,2500,W,N,A,-,Y,LA,NA,105,NA,R,9.321,H,NA,R,Y,4,0,1,3,A,-,03,22350,NA,M,C,C,A,A,H,-,C,D,0,NA,NA,NA,NA,Y,Y,A,01,0,0,1,0,0,0,0,0,0,-,-,33.928611755371094,-118.2472915649414,LOS ANGELES,UNINCORPORATED,-118.2472915649414,33.928619384765625
94659697,2025,2025-04-23,9575,2025-04-15,1405,024267,NA,2,2,7,1942,0,1,3,NA,2,043,SR-134 W/B TO I-5 N/B,THE LOS ANGELES RIVER,1630,W,N,A,-,Y,LA,NA,5,NA,NA,26.812,H,NA,R,N,4,0,1,2,A,-,03,22350,NA,N,C,C,A,A,H,-,A,D,0,NA,NA,NA,NA,Y,NA,A,01,0,0,1,0,0,0,0,0,0,-,-,34.153411865234375,-118.28507232666016,LOS ANGELES,LOS ANGELES,-118.28516387939452,34.153221130371094
94659710,2025,2025-04-23,9575,2025-04-12,57,024270,NA,6,3,7,1942,0,1,3,NA,2,042,SR-134 W/B (VENTURA FREEWAY) TO SR-2 E/B (GLENDALE,SR-2 E/B (GLENDALE FREEWAY),857,E,N,A,-,Y,NA,NA,NA,NA,NA,NA,NA,NA,NA,Y,4,0,1,1,A,-,08,22107,NA,N,E,8,A,A,H,-,D,D,0,NA,NA,NA,NA,Y,NA,A,01,0,0,1,0,0,0,0,0,0,-,-,34.146759033203125,-118.2231674194336,LOS ANGELES,LOS ANGELES,-118.22318267822266,34.14548873901367
94659712,2025,2025-04-23,9530,2025-04-11,705,022978,NA,5,1,7,1942,0,1,1,NA,2,200,I-105 E/B (GLENN ANDERSON FWY),VERMONT AVE,1430,E,N,A,-,Y,LA,NA,105,NA,R,7.038,H,NA,R,N,4,0,2,1,A,-,08,22107,NA,N,E,I,A,A,H,-,A,D,0,NA,NA,NA,NA,Y,NA,A,07,0,0,2,0,0,0,0,0,0,-,-,33.9286003112793,-118.28678894042967,LOS ANGELES,LOS ANGELES,-118.28678894042967,33.92853546142578
94659772,2025,2025-04-23,9590,2025-04-12,2240,023445,NA,6,3,7,1942,0,1,1,NA,2,012,SR-110 N/B (ARROYO SECO PARKWAY) TO AVENUE 43,AVENUE 43,205,S,N,A,-,Y,LA,NA,110,NA,NA,27.075,H,NA,R,N,4,0,2,1,A,-,08,22107,NA,N,E,I,A,A,H,-,C,D,0,NA,NA,NA,NA,Y,NA,D,22,0,0,2,0,0,0,0,0,0,-,-,34.09260940551758,-118.20610809326172,LOS ANGELES,LOS ANGELES,-118.20623779296876,34.092613220214844
94659773,2025,2025-04-23,9580,2025-04-13,12,019876,NA,7,3,7,1942,0,1,2,NA,2,104,US-101 N/B (VENTURA FREEWAY) TO SR-27 S/B,SR-27 S/B (TOPANGA CYN. BLVD.),100,N,N,A,-,Y,LA,NA,101,NA,NA,25.381,H,NA,R,Y,3,0,1,1,A,-,01,23152,A,N,E,I,A,A,H,-,C,A,0,NA,NA,NA,NA,Y,Y,A,01,0,1,0,0,0,0,0,0,0,-,-,34.17100143432617,-118.60640716552734,LOS ANGELES,LOS ANGELES,-118.6064224243164,34.170875549316406
94659822,2025,2025-04-23,9580,2025-04-15,1726,021966,NA,2,2,7,1942,0,1,1,NA,2,404,I-405 N/B (SAN DIEGO FWY),MULHOLLAND DR,2930,N,N,A,-,Y,LA,NA,405,NA,NA,37.595,H,NA,R,Y,4,0,1,2,A,-,03,22350,NA,N,C,C,A,A,H,-,A,D,0,NA,NA,NA,NA,Y,NA,A,01,0,0,1,0,0,0,0,0,0,-,-,34.13412857055664,-118.47203826904295,LOS ANGELES,LOS ANGELES,-118.4721450805664,34.134151458740234
9465985,2022,2022-12-08,1900,2022-08-23,1828,630400,0254,2,5,4,1945,0,0,0,NA,0,28T,SLAUSON AV,ALAMO AV,83,E,N,A,-,N,NA,NA,NA,NA,NA,NA,NA,NA,NA,Y,4,0,1,2,A,-,04,21703,NA,N,C,C,A,A,H,-,A,A,0,NA,NA,NA,NA,Y,NA,A,01,0,0,1,0,0,0,0,0,0,-,-,33.98588943481445,-118.17433166503906,LOS ANGELES,MAYWOOD,-118.17398834228516,33.98591995239258
94659897,2025,2025-04-23,9545,2025-04-15,751,020547,NA,2,1,9,1900,0,1,3,NA,2,011,SR-14 S/B,AVENUE C,1800,N,N,A,-,Y,LA,NA,14,NA,R,75.335,H,NA,L,Y,4,0,3,2,A,-,07,21658,A,M,F,A,A,A,D,-,A,D,0,NA,NA,NA,NA,Y,NA,-,99,0,0,3,0,0,0,0,0,0,-,-,34.79621887207031,-118.17106628417967,LOS ANGELES,UNINCORPORATED,-118.17103576660156,34.79621887207031
94659958,2025,2025-04-23,9580,2025-04-16,1500,023395,NA,3,2,7,1942,0,1,2,NA,2,101,US-101 S/B (VENTURA FREEWAY),WOODMAN AVE,1056,S,N,A,-,Y,LA,NA,101,NA,NA,14.664,H,NA,L,N,4,0,1,2,A,-,03,22350,NA,N,C,C,A,A,H,-,A,D,0,NA,NA,NA,Y,Y,NA,A,01,0,0,1,0,0,0,0,0,0,-,-,34.155601501464844,-118.42710876464844,LOS ANGELES,LOS ANGELES,-118.42710876464844,34.155601501464844
94659983,2025,2025-04-23,9545,2025-03-12,1444,020140,NA,3,2,9,1900,0,3,5,NA,2,004,PALMDALE BLVD,90TH STREET EAST,0,NA,Y,B,G,N,NA,NA,NA,NA,NA,NA,NA,NA,NA,N,4,0,1,2,A,-,17,21461,A,M,B,C,A,A,H,-,A,A,0,NA,NA,NA,NA,Y,NA,A,01,0,0,1,0,0,0,0,0,0,-,-,34.57965850830078,-117.96949005126952,LOS ANGELES,UNINCORPORATED,-117.96947479248048,34.57971954345703
94660008,2025,2025-04-23,9580,2025-04-15,1215,022573,NA,2,1,7,1942,0,1,2,NA,2,103,US-101 S/B (VENTURA FREEWAY),HASKELL AVE,1070,E,N,A,-,Y,LA,NA,101,NA,NA,17.417,H,NA,L,N,3,0,2,3,A,-,03,22350,NA,M,C,C,A,A,H,-,A,D,0,NA,NA,NA,NA,Y,Y,-,99,0,1,1,0,0,0,0,0,0,-,-,34.162960052490234,-118.47238159179688,LOS ANGELES,LOS ANGELES,-118.47217559814452,34.163055419921875
9466001,2022,2022-12-15,1976,2022-11-10,1122,531,NA,4,5,3,1964,0,0,0,NA,0,001,DICE RD,ALTAMAR PL,0,NA,Y,A,-,N,NA,NA,NA,NA,NA,NA,NA,NA,NA,Y,4,0,1,3,A,-,08,22107,NA,N,C,E,A,A,H,-,A,D,0,NA,NA,NA,NA,Y,NA,A,01,0,0,1,0,0,0,0,0,0,-,-,NA,NA,LOS ANGELES,SANTA FE SPRINGS,-118.06650543212892,33.95661163330078
9466003,2022,2022-12-15,1976,2022-11-07,1656,532,NA,1,5,3,1964,0,0,0,NA,0,002,TELEGRAPH RD,GATEWAY PLZ,272,E,N,B,-,N,NA,NA,NA,NA,NA,NA,NA,NA,NA,Y,4,0,3,3,A,-,17,21461,A,N,D,C,A,B,H,-,B,A,0,NA,NA,NA,NA,Y,NA,D,22,0,0,3,0,0,0,0,0,0,-,-,NA,NA,LOS ANGELES,SANTA FE SPRINGS,NA,NA
94660040,2025,2025-04-23,9550,2025-04-15,2040,023656,NA,2,2,9,1900,0,3,5,NA,2,003,TURNBULL CANYON ROAD,SR-60,400,S,N,A,-,N,NA,NA,NA,NA,NA,NA,NA,NA,NA,N,4,0,1,2,A,-,17,21663,NA,N,B,C,A,A,H,-,C,D,0,NA,Y,NA,NA,Y,NA,M,91,0,0,1,0,0,0,1,0,0,-,-,34.00994873046875,-117.97885894775392,LOS ANGELES,UNINCORPORATED,-117.97818756103516,34.01084899902344
94660043,2025,2025-04-23,9550,2025-04-13,2136,024062,NA,7,2,9,1900,0,1,1,NA,2,501,INTERSTATE 5,ROSECRANS AVENUE,950,S,N,A,-,N,NA,NA,NA,NA,NA,NA,NA,NA,NA,N,4,0,2,2,A,-,07,21658,A,N,B,C,A,A,H,-,C,D,0,NA,NA,NA,NA,Y,NA,A,07,0,0,2,0,0,0,0,0,0,-,-,33.89931869506836,-118.10494232177734,LOS ANGELES,UNINCORPORATED,-118.05990600585938,33.90083312988281
94660142,2025,2025-04-23,9575,2025-04-15,1230,023016,NA,2,1,9,1900,0,1,3,NA,2,301,SR-2 (ANGELES CREST HIGHWAY),MILE POST MARKER 37.96,240,E,N,A,-,Y,LA,NA,2,NA,NA,38.003,H,NA,R,Y,2,0,1,1,A,-,08,22107,NA,N,E,8,A,A,H,-,A,A,0,NA,NA,Y,NA,Y,NA,C,02,1,0,0,0,0,0,0,0,1,-,-,34.26274871826172,-118.10829162597656,LOS ANGELES,UNINCORPORATED,-118.10829925537108,34.262760162353516
94660148,2025,2025-04-23,9530,2025-04-11,1635,023865,NA,5,2,7,1942,0,1,1,NA,2,400,I-405 N/B (SAN DIEGO FREEWAY),INGLEWOOD AVE.,1584,S,N,A,-,Y,LA,NA,405,NA,NA,17.855,H,NA,R,N,4,0,1,3,A,-,03,22350,NA,N,C,C,A,A,H,-,A,D,0,NA,NA,NA,NA,Y,NA,A,01,0,0,1,0,0,0,0,0,0,-,-,33.88713073730469,-118.35594177246094,LOS ANGELES,LOS ANGELES,-118.35588836669922,33.88718032836914
94660169,2025,2025-04-23,9580,2025-04-20,1345,023395,NA,7,1,9,1900,0,1,2,NA,2,105,US-101 S/B (VENTURA FREEWAY),WINNETKA AVE,528,S,N,A,-,Y,LA,NA,101,NA,NA,23.11,H,NA,L,N,4,0,1,3,A,-,03,22350,NA,N,C,C,A,A,H,-,A,D,0,NA,NA,NA,NA,Y,NA,A,07,0,0,1,0,0,0,0,0,0,-,-,34.17279052734375,-118.56815338134766,LOS ANGELES,UNINCORPORATED,-118.56814575195313,34.17276382446289
94660170,2025,2025-04-23,9530,2025-04-11,1400,023797,NA,5,2,9,1900,0,3,5,NA,2,001,CENTURY BLVD.,ZAMORA AVE,20,E,N,A,-,N,NA,NA,NA,NA,NA,NA,NA,NA,NA,Y,4,0,1,3,A,-,03,22350,NA,M,B,C,A,A,H,-,A,A,0,NA,NA,NA,NA,Y,Y,-,99,0,0,1,0,0,0,0,0,0,-,-,33.94561004638672,-118.25154113769533,LOS ANGELES,UNINCORPORATED,-118.25156402587892,33.945640563964844
94660194,2025,2025-04-23,9580,2025-04-20,2110,022561,NA,7,2,9,1900,0,1,3,NA,1,230,SR-23 N/B (WESTLAKE BLVD),COUNTRY RANCH RD,1584,S,N,A,-,N,NA,NA,NA,NA,NA,NA,NA,NA,NA,N,3,0,2,1,A,-,08,22107,NA,N,F,I,A,A,H,-,D,D,0,NA,NA,Y,NA,Y,NA,C,02,0,2,0,0,0,0,0,0,2,-,-,34.118621826171875,-118.85104370117188,LOS ANGELES,UNINCORPORATED,-118.85124969482422,34.11896514892578
94660201,2025,2025-04-23,9530,2025-04-12,1105,022438,NA,6,1,4,1939,0,1,1,NA,2,400,I-405 N/B (SAN DIEGO FREEWAY),166TH STREET,265,N,N,A,-,Y,LA,NA,405,NA,NA,17.1,H,NA,R,N,4,0,1,2,A,-,03,22350,NA,N,C,C,A,A,H,-,A,D,0,NA,NA,NA,NA,Y,NA,A,01,0,0,1,0,0,0,0,0,0,-,-,33.87940979003906,-118.34684753417967,LOS ANGELES,LAWNDALE,-118.34675598144533,33.87945556640625
94660205,2025,2025-04-23,9530,2025-04-13,1250,024076,NA,7,1,9,1900,0,3,5,NA,2,006,VERMONT AVENUE,232ND STREET,0,NA,Y,A,-,N,NA,NA,NA,NA,NA,NA,NA,NA,NA,Y,4,0,1,2,A,-,03,22350,NA,N,C,C,A,A,H,-,A,D,0,NA,NA,NA,NA,Y,NA,A,01,0,0,1,0,0,0,0,0,0,-,-,33.81526184082031,-118.290283203125,LOS ANGELES,UNINCORPORATED,-118.29036712646484,33.815277099609375
94660226,2025,2025-04-23,9530,2025-04-13,1720,023590,NA,7,2,9,1900,0,3,5,NA,2,004,DEL AMO BLVD. (2300 BLOCK),RANCHO WAY,0,NA,Y,A,-,N,NA,NA,NA,NA,NA,NA,NA,NA,NA,Y,3,0,1,1,A,-,08,22107,NA,N,E,I,A,A,H,-,A,A,0,NA,NA,NA,NA,Y,NA,A,01,0,1,0,0,0,0,0,0,0,-,-,33.8467903137207,-118.22396850585938,LOS ANGELES,UNINCORPORATED,-118.22377014160156,33.84673309326172
94660228,2025,2025-04-23,9580,2025-04-22,825,022753,NA,2,1,7,1942,0,1,1,NA,2,405,I-405 S/B (SAN DIEGO FWY),BURBANK BLVD,1130,S,N,A,-,Y,LA,NA,405,NA,NA,40.059,H,NA,L,N,4,0,1,2,A,-,08,22107,NA,N,B,C,A,A,H,-,A,D,0,NA,NA,NA,Y,Y,NA,A,01,0,0,1,0,0,0,0,0,0,-,-,34.168949127197266,-118.4683837890625,LOS ANGELES,LOS ANGELES,-118.46833038330078,34.16893005371094
94660241,2025,2025-04-23,9580,2025-04-22,925,024454,NA,2,1,7,1942,0,1,1,NA,2,407,I-405 S/B (SAN DIEGO FWY),SHERMAN WAY,1500,N,N,A,-,Y,LA,NA,405,NA,NA,42.702,H,NA,L,N,4,0,1,2,A,-,03,22350,NA,N,C,C,A,A,H,-,A,D,0,NA,NA,NA,NA,Y,NA,D,22,0,0,1,0,0,0,0,0,0,-,-,34.20586013793945,-118.47344207763672,LOS ANGELES,LOS ANGELES,-118.47347259521484,34.20586013793945
94660243,2025,2025-04-23,9530,2025-04-13,845,024399,NA,7,1,2,1967,0,1,1,NA,2,420,S/B 405 FROM ATLANTIC AVE,CALIFORNIA AVE.,500,S,N,B,-,Y,LA,NA,405,NA,NA,5.538,H,NA,L,N,3,0,1,2,A,-,03,22350,NA,N,C,C,A,A,H,-,A,D,0,NA,NA,NA,NA,Y,NA,A,01,0,1,0,0,0,0,0,0,0,-,-,33.8140983581543,-118.17896270751952,LOS ANGELES,SIGNAL HILL,-118.17896270751952,33.81420135498047
94660273,2025,2025-04-23,9530,2025-04-12,1425,022978,NA,6,2,9,1900,0,3,5,NA,2,002,W 135 ST,BROADWAY AVE,0,NA,Y,A,-,N,NA,NA,NA,NA,NA,NA,NA,NA,NA,N,4,0,3,2,A,-,12,21453,A,N,D,C,A,A,H,-,A,A,0,NA,NA,NA,NA,Y,NA,A,01,0,0,3,0,0,0,0,0,0,-,-,33.90922927856445,-118.27848052978516,LOS ANGELES,UNINCORPORATED,-118.27841186523438,33.909156799316406
94660275,2025,2025-04-23,9590,2025-04-14,2231,018529,NA,1,3,7,1942,0,1,1,NA,2,085,I-5 S/B,GLENDALE BLVD.,900,S,N,A,-,Y,LA,NA,5,NA,NA,23.311,H,NA,L,N,3,0,2,2,A,-,03,22350,NA,N,A,C,A,A,H,-,C,D,0,NA,NA,NA,NA,Y,NA,A,07,0,1,1,0,0,0,0,0,0,-,-,34.10911178588867,-118.26061248779295,LOS ANGELES,LOS ANGELES,-118.26067352294922,34.10902404785156
94660334,2025,2025-04-23,9530,2025-04-13,15,023938,NA,7,3,9,1900,0,3,5,NA,2,001,E/B BROADWAY ST,SEVILLE AVE,53,E,N,A,-,N,NA,NA,NA,NA,NA,NA,NA,NA,NA,Y,3,0,1,8,A,-,03,22350,NA,N,B,C,A,A,H,-,C,A,0,NA,NA,NA,NA,Y,NA,A,01,0,1,0,0,0,0,0,0,0,-,-,33.9663200378418,-118.22199249267578,LOS ANGELES,UNINCORPORATED,-118.22225952148438,33.966373443603516
94660355,2025,2025-04-23,9530,2025-04-12,1400,024399,NA,6,2,9,1900,0,3,5,NA,2,001,HOOPER AVE.,FLORENCE AVE.,0,NA,Y,A,-,N,NA,NA,NA,NA,NA,NA,NA,NA,NA,Y,4,0,1,3,A,-,12,21453,A,N,D,C,A,A,H,-,A,A,0,NA,NA,NA,NA,Y,NA,A,01,0,0,1,0,0,0,0,0,0,-,-,33.97481155395508,-118.25213623046876,LOS ANGELES,UNINCORPORATED,-118.25202941894533,33.97474670410156
94660374,2025,2025-04-23,9575,2025-04-12,1325,021795,NA,6,1,6,1953,0,1,1,NA,2,064,I-210 W/B (FOOTHILL FREEWAY),LAKE AVE.,100,E,N,A,-,Y,LA,NA,210,NA,R,26.359,H,NA,L,N,4,0,1,2,A,-,03,22350,NA,N,C,C,A,A,H,-,A,D,0,NA,NA,NA,NA,Y,NA,A,01,0,0,1,0,0,0,0,0,0,-,-,34.152061462402344,-118.13182067871094,LOS ANGELES,PASADENA,-118.13182067871094,34.1519775390625
94660379,2025,2025-04-23,9530,2025-04-13,1520,023030,NA,7,2,9,1900,0,3,5,NA,2,003,COMPTON BLVD.,BUTLER AVE.,0,NA,Y,A,-,N,NA,NA,NA,NA,NA,NA,NA,NA,NA,Y,3,0,2,3,A,-,09,21801,A,N,D,C,A,A,H,-,A,D,0,NA,NA,NA,NA,Y,NA,A,01,0,1,1,0,0,0,0,0,0,-,-,33.8961181640625,-118.19741058349608,LOS ANGELES,UNINCORPORATED,-118.19782257080078,33.89612579345703
94660399,2025,2025-04-23,9530,2025-04-12,1450,023797,NA,6,2,7,1941,0,1,1,NA,2,430,I-405 N/B (SAN DIEGO FREEWAY),ATHERTON ST.,40,S,N,A,-,Y,LA,NA,405,NA,NA,0.259,H,NA,R,N,4,0,1,2,A,-,08,22107,NA,N,B,C,A,A,H,-,A,D,0,NA,NA,Y,NA,Y,NA,A,07,0,0,1,0,0,0,0,0,1,-,-,33.78847122192383,-118.09654235839844,LOS ANGELES,LONG BEACH,-118.09648895263672,33.78851318359375
94660400,2025,2025-04-23,9575,2025-04-16,1116,019538,NA,3,1,6,1912,0,1,1,NA,2,051,I-5 S/B (GOLDEN STATE FREEWAY),FLOWER ST U/C,150,N,N,B,-,Y,LA,NA,5,NA,NA,28.794,H,NA,L,N,4,0,3,4,A,-,07,21658,A,N,C,C,A,A,H,-,A,D,0,NA,NA,NA,Y,Y,NA,G,25,0,0,3,0,0,0,0,0,0,-,-,34.174781799316406,-118.30699157714844,LOS ANGELES,BURBANK,-118.30694580078124,34.1747932434082
94660409,2025,2025-04-23,9575,2025-04-17,520,023126,NA,4,3,6,1912,0,1,3,NA,2,044,SR-134 E/B (VENTURA FREEWAY) TO BOB HOPE DR,BOB HOPE DR.,108,W,N,B,-,Y,LA,NA,134,NA,NA,2.652,H,NA,R,Y,3,0,1,1,A,-,08,22107,NA,N,E,8,A,A,H,-,C,D,0,NA,NA,NA,NA,Y,NA,A,01,0,1,0,0,0,0,0,0,0,-,-,34.152408599853516,-118.33065032958984,LOS ANGELES,BURBANK,-118.33071899414064,34.152645111083984
9466047,2022,2023-01-04,1900,2022-11-11,1250,608904,0452,5,5,6,1949,0,0,0,NA,0,43T1DA,IMPERIAL HWY,RT 5,183,E,N,A,-,N,NA,NA,NA,NA,NA,NA,NA,NA,NA,Y,4,0,2,4,A,-,07,21658,A,M,D,C,A,A,H,-,A,D,0,NA,NA,NA,Y,Y,NA,G,25,0,0,2,0,0,0,0,0,0,-,NO,NA,NA,LOS ANGELES,NORWALK,-118.07965087890624,33.917171478271484
94660498,2025,2025-04-23,9530,2025-04-12,1200,024052,NA,6,1,9,1900,0,3,5,NA,2,006,NORMANDIE AVE. (24800 BLOCK),ADMIRAL ST.,0,NA,Y,A,-,N,NA,NA,NA,NA,NA,NA,NA,NA,NA,Y,4,0,4,2,A,-,09,21802,A,N,D,C,A,A,H,-,A,D,0,NA,NA,NA,NA,Y,NA,A,07,0,0,4,0,0,0,0,0,0,-,-,33.80052947998047,-118.29776763916016,LOS ANGELES,UNINCORPORATED,-118.29784393310548,33.80051803588867
94660502,2025,2025-04-23,9530,2025-04-04,1415,024223,NA,5,2,7,1942,0,1,1,NA,2,110,I-110 N/B (HARBOR FREEWAY),REDONDO BEACH BLVD.,1426,S,N,A,-,Y,LA,NA,110,NA,NA,10.962,H,NA,R,N,4,0,1,2,A,-,03,22350,NA,N,C,C,A,A,H,-,A,D,0,NA,NA,NA,NA,Y,NA,A,07,0,0,1,0,0,0,0,0,0,-,-,33.88848876953125,-118.28533935546876,LOS ANGELES,LOS ANGELES,-118.28543090820313,33.88848876953125
94660521,2025,2025-04-23,9530,2025-04-13,1500,023738,NA,7,2,7,1942,0,1,1,NA,2,110,I-110 N/B TO I-105 W/B,I-105 W/B (GLENN ANDERSON FWY),0,NA,Y,A,-,Y,NA,NA,NA,NA,NA,NA,NA,NA,NA,Y,4,0,1,1,A,-,08,22107,NA,N,F,I,A,A,H,-,A,D,0,NA,NA,NA,NA,Y,NA,D,22,0,0,1,0,0,0,0,0,0,-,-,33.9293098449707,-118.2798309326172,LOS ANGELES,LOS ANGELES,-118.28034210205078,33.92892074584961
94660550,2025,2025-04-23,9590,2025-04-19,1030,022357,NA,6,1,7,1942,0,1,1,NA,2,082,I-5 N/B (GOLDEN STATE FREEWAY),LA RIVER,2400,N,N,A,-,Y,LA,NA,5,NA,NA,21.145,H,NA,R,N,2,0,1,3,A,-,03,22350,NA,N,B,C,A,A,H,-,A,D,0,NA,NA,Y,NA,Y,NA,C,02,1,0,0,0,0,0,0,0,1,-,-,34.08721160888672,-118.23419189453124,LOS ANGELES,LOS ANGELES,-118.23418426513672,34.08721923828125
94660592,2025,2025-04-23,9590,2025-04-07,1415,024445,NA,1,2,7,1942,0,1,3,NA,2,031,SR-60 W/B (POMONA FREEWAY) TO I-10 W/B (SANTA MONI,SOTO STREET,750,E,N,A,-,Y,LA,NA,60,NA,NA,0.469,H,NA,L,N,3,0,1,1,A,-,08,22107,NA,N,E,8,A,A,H,-,A,D,0,NA,NA,NA,NA,Y,NA,A,07,0,1,0,0,0,0,0,0,0,-,-,34.02967834472656,-118.21661376953124,LOS ANGELES,LOS ANGELES,-118.21661376953124,34.02971649169922
94660605,2025,2025-04-23,9590,2025-04-17,2005,022690,NA,4,2,7,1942,0,1,1,NA,2,062,I-10 E/B (SMF) TO I-110 N/B (HAF),I-110 (HAF),75,E,N,A,-,Y,LA,NA,10,NA,NA,14.869,H,NA,L,N,4,0,1,2,A,-,07,21658,A,N,B,C,A,A,H,-,C,D,0,NA,NA,Y,NA,Y,NA,A,01,0,0,1,0,0,0,0,0,1,-,-,34.03841018676758,-118.27336120605467,LOS ANGELES,LOS ANGELES,-118.27340698242188,34.03827667236328
94660629,2025,2025-04-23,9590,2025-04-14,2037,024452,NA,1,2,7,1942,0,1,2,NA,2,073,US-101 S/B (HOLLYWOOD FREEWAY),NORTH VERMONT AVENUE,200,N,N,A,-,Y,LA,NA,101,NA,NA,4.485,H,NA,L,N,3,0,1,3,A,-,07,21658,A,N,B,2,A,A,H,-,A,D,0,NA,NA,NA,NA,Y,NA,A,01,0,1,0,0,0,0,0,0,0,-,-,34.08013916015625,-118.2930908203125,LOS ANGELES,LOS ANGELES,-118.29309844970705,34.08012771606445
94660632,2025,2025-04-23,9525,2025-04-15,855,024439,NA,2,1,9,1900,0,3,5,NA,2,004,WORKMAN MILL RD S/B,LACEWOOD DR,25,N,N,B,-,N,NA,NA,NA,NA,NA,NA,NA,NA,NA,Y,4,0,1,6,A,-,03,22350,NA,N,C,C,A,A,H,-,A,D,0,NA,NA,NA,NA,Y,NA,A,01,0,0,1,0,0,0,0,0,0,-,-,34.03445053100586,-118.01499176025392,LOS ANGELES,UNINCORPORATED,-118.01516723632813,34.034515380859375
94660659,2025,2025-04-23,9525,2025-02-20,410,021838,NA,4,3,5,1990,0,1,3,NA,2,604,SR-60 E/B (POMONA FWY),GRAND AVE,3696,E,N,A,-,Y,LA,NA,60,NA,R,25.165,H,NA,R,Y,1,1,2,2,A,-,03,22350,NA,N,C,C,A,A,H,-,D,D,0,NA,NA,NA,Y,Y,NA,G,25,1,1,0,0,0,0,0,0,0,-,-,34.01850891113281,-117.81597900390624,LOS ANGELES,DIAMOND BAR,-117.81601715087892,34.01852798461914