CASE_ID,ACCIDENT_YEAR,PROC_DATE,JURIS,COLLISION_DATE,COLLISION_TIME,OFFICER_ID,REPORTING_DISTRICT,DAY_OF_WEEK,CHP_SHIFT,POPULATION,CNTY_CITY_LOC,SPECIAL_COND,BEAT_TYPE,CHP_BEAT_TYPE,CITY_DIVISION_LAPD,CHP_BEAT_CLASS,BEAT_NUMBER,PRIMARY_RD,SECONDARY_RD,DISTANCE,DIRECTION,INTERSECTION,WEATHER_1,WEATHER_2,STATE_HWY_IND,CALTRANS_COUNTY,CALTRANS_DISTRICT,STATE_ROUTE,ROUTE_SUFFIX,POSTMILE_PREFIX,POSTMILE,LOCATION_TYPE,RAMP_INTERSECTION,SIDE_OF_HWY,TOW_AWAY,COLLISION_SEVERITY,NUMBER_KILLED,NUMBER_INJURED,PARTY_COUNT,PRIMARY_COLL_FACTOR,PCF_CODE_OF_VIOL,PCF_VIOL_CATEGORY,PCF_VIOLATION,PCF_VIOL_SUBSECTION,HIT_AND_RUN,TYPE_OF_COLLISION,MVIW,PED_ACTION,ROAD_SURFACE,ROAD_COND_1,ROAD_COND_2,LIGHTING,CONTROL_DEVICE,CHP_ROAD_TYPE,PEDESTRIAN_ACCIDENT,BICYCLE_ACCIDENT,MOTORCYCLE_ACCIDENT,TRUCK_ACCIDENT,NOT_PRIVATE_PROPERTY,ALCOHOL_INVOLVED,STWD_VEHTYPE_AT_FAULT,CHP_VEHTYPE_AT_FAULT,COUNT_SEVERE_INJ,COUNT_VISIBLE_INJ,COUNT_COMPLAINT_PAIN,COUNT_PED_KILLED,COUNT_PED_INJURED,COUNT_BICYCLIST_KILLED,COUNT_BICYCLIST_INJURED,COUNT_MC_KILLED,COUNT_MC_INJURED,PRIMARY_RAMP,SECONDARY_RAMP,LATITUDE,LONGITUDE,COUNTY,CITY,POINT_X,POINT_Y
94673757,2025,2025-05-05,9545,2025-04-24,720,024391,NA,4,1,6,1992,0,1,3,NA,2,011,SR-14 N/B,AVENUE H,528,S,N,A,-,Y,LA,NA,14,NA,R,69.849,H,NA,R,Y,3,0,2,3,A,-,03,22350,NA,N,C,C,A,A,D,-,A,A,0,NA,NA,NA,NA,Y,NA,A,01,0,1,1,0,0,0,0,0,0,-,-,34.716670989990234,-118.1699676513672,LOS ANGELES,LANCASTER,-118.16998291015624,34.716670989990234
94674018,2025,2025-05-05,9575,2025-05-01,745,023049,NA,4,1,7,1942,0,1,1,NA,2,061,I-210 E/B (FOOTHILL FREEWAY),WHEATLAND AVE.,1320,W,N,B,-,Y,LA,NA,210,NA,R,9.434,H,NA,R,N,4,0,1,2,A,-,03,22350,NA,M,C,C,A,A,H,-,A,D,0,NA,NA,NA,NA,Y,NA,-,99,0,0,1,0,0,0,0,0,0,-,-,34.27225112915039,-118.3531494140625,LOS ANGELES,LOS ANGELES,-118.35317230224608,34.27214431762695
94674045,2025,2025-05-05,9575,2025-04-29,1528,021879,NA,2,2,6,1912,0,1,1,NA,2,051,I-5 S/B (GOLDEN STATE FREEWAY) TO VERDUGO AVENUE,FRONT ST.,60,N,N,A,-,Y,LA,NA,5,NA,NA,29.041,H,NA,L,Y,4,0,1,1,A,-,03,22350,NA,N,E,8,A,A,H,-,A,D,0,NA,NA,NA,NA,Y,NA,A,01,0,0,1,0,0,0,0,0,0,-,-,34.177490234375,-118.30953216552734,LOS ANGELES,BURBANK,-118.30935668945313,34.177677154541016
94674103,2025,2025-05-05,9575,2025-04-29,1754,021538,NA,2,2,6,1925,0,1,3,NA,2,042,SR-134 E/B (VENTURA FREEWAY),GENEVA ST.,50,E,N,A,-,Y,LA,NA,134,NA,R,7.615,H,NA,R,Y,3,0,2,2,A,-,07,21658,A,N,B,C,A,A,H,-,A,D,0,NA,NA,NA,NA,Y,NA,A,07,0,1,1,0,0,0,0,0,0,-,-,34.15631103515625,-118.2465591430664,LOS ANGELES,GLENDALE,-118.2465591430664,34.15629196166992
94674110,2025,2025-05-05,9550,2025-04-17,1855,024157,NA,4,2,9,1900,0,2,4,NA,1,042,COLIMA ROAD,LARKVANE ROAD,0,NA,Y,A,-,N,NA,NA,NA,NA,NA,NA,NA,NA,NA,Y,4,0,1,4,A,-,12,21453,A,N,D,C,A,A,H,-,A,A,0,NA,NA,NA,NA,Y,NA,A,01,0,0,1,0,0,0,0,0,0,-,-,33.988731384277344,-117.90969848632813,LOS ANGELES,UNINCORPORATED,-117.90969848632813,33.98859786987305
94674114,2025,2025-05-05,9550,2025-04-26,2050,023881,NA,6,2,5,1908,0,1,3,NA,2,091,SR-91 W/B,DOWNEY AVE,320,W,N,A,-,Y,LA,NA,91,NA,R,13.933,H,NA,L,N,4,0,1,2,A,-,08,22107,NA,N,B,C,A,A,H,-,C,D,0,NA,NA,NA,NA,Y,NA,A,01,0,0,1,0,0,0,0,0,0,-,-,33.87717056274414,-118.15453338623048,LOS ANGELES,BELLFLOWER,-118.15452575683594,33.87709045410156
94674123,2025,2025-05-05,9575,2025-04-18,1950,024158,NA,5,2,7,1942,0,1,1,NA,2,053,I-5 S/B (GOLDEN STATE FREEWAY),TERRA BELLA ST,145,S,N,A,-,Y,LA,NA,5,NA,NA,37.939,H,NA,L,N,4,0,1,2,A,-,03,22350,NA,M,C,C,A,A,H,-,D,D,0,NA,NA,NA,NA,Y,NA,-,99,0,0,1,0,0,0,0,0,0,-,-,34.250221252441406,-118.42855834960938,LOS ANGELES,LOS ANGELES,-118.42845916748048,34.25028991699219
94674124,2025,2025-05-05,9550,2025-05-02,1503,021274,NA,5,2,9,1900,0,3,5,NA,2,004,PEPPER BROOK WAY E/B,AZUSA AVENUE,230,W,N,A,-,Y,NA,NA,NA,NA,NA,NA,NA,NA,NA,N,4,0,1,2,A,-,09,21801,A,N,D,C,A,A,H,-,A,D,0,NA,NA,NA,NA,Y,NA,A,07,0,0,1,0,0,0,0,0,0,-,-,33.993560791015625,-117.93253326416016,LOS ANGELES,UNINCORPORATED,-117.93240356445313,33.99355697631836
94674134,2025,2025-05-05,9525,2025-05-02,28,024162,NA,5,3,9,1900,0,3,5,NA,2,003,TEMPLE AVE,AZUSA AVE,293,E,N,A,-,N,NA,NA,NA,NA,NA,NA,NA,NA,NA,Y,3,0,1,2,A,-,08,22107,NA,N,B,4,A,A,D,-,C,D,0,NA,NA,NA,NA,Y,NA,A,01,0,1,0,0,0,0,0,0,0,-,-,34.024539947509766,-117.91654205322266,LOS ANGELES,UNINCORPORATED,-117.916748046875,34.024574279785156
94674139,2025,2025-05-05,9550,2025-05-03,1120,023734,NA,6,1,5,1919,0,1,3,NA,2,091,91 E/B,STUDEBAKER ROAD,400,E,N,B,-,Y,NA,NA,NA,NA,NA,NA,NA,NA,NA,Y,4,0,1,2,A,-,03,22350,NA,N,C,C,A,A,H,-,A,D,0,NA,NA,NA,NA,Y,NA,A,01,0,0,1,0,0,0,0,0,0,-,-,33.876869201660156,-118.0971908569336,LOS ANGELES,CERRITOS,NA,NA
94674144,2025,2025-05-05,9525,2025-05-02,1454,024091,NA,5,2,5,1906,0,1,1,NA,2,651,I-605 S/B (SAN GABRIEL RIVER FWY),I-10 (SAN BERNARDINO FWY),238,N,N,A,-,Y,LA,NA,605,NA,NA,20.246,H,NA,L,Y,4,0,2,2,A,-,03,22350,NA,N,C,C,A,A,H,-,A,D,0,NA,NA,NA,NA,Y,NA,A,07,0,0,2,0,0,0,0,0,0,-,-,34.0659294128418,-118.00041198730467,LOS ANGELES,BALDWIN PARK,-118.00041198730467,34.0659294128418
94674148,2025,2025-05-05,9525,2025-05-02,2135,023826,NA,5,2,6,1955,0,1,1,NA,2,107,I-10 W/B (SAN BERNARDINO FWY),SR-57 N/B (ORANGE FWY),1000,E,N,A,-,Y,LA,NA,10,NA,NA,42.916,H,NA,L,N,4,0,1,1,A,-,03,22350,NA,N,E,I,A,B,G,-,C,D,0,NA,NA,NA,NA,Y,NA,A,01,0,0,1,0,0,0,0,0,0,-,-,34.06880187988281,-117.79950714111328,LOS ANGELES,POMONA,-117.79936981201172,34.06858825683594
94674150,2025,2025-05-05,9535,2025-05-02,2110,024192,NA,5,2,1,1932,0,1,S,NA,2,904,I-605 N/B (SAN GABRIEL RIVER FWY),VALLEY BLVD,1100,N,N,A,-,Y,LA,NA,605,NA,R,19.698,H,NA,R,N,4,0,1,2,A,-,03,22350,NA,N,C,C,A,A,H,-,C,D,0,NA,NA,NA,NA,Y,NA,A,07,0,0,1,0,0,0,0,0,0,-,-,34.058170318603516,-118.00192260742188,LOS ANGELES,INDUSTRY,-118.00198364257813,34.05819320678711
94674151,2025,2025-05-05,9525,2025-05-02,1653,023814,NA,5,2,1,1932,0,1,3,NA,2,602,SR-60 E/B (POMONA FWY),FAIRWAY DR.,100,E,N,A,-,Y,LA,NA,60,NA,R,21.528,H,NA,R,N,4,0,1,2,A,-,03,22350,NA,N,C,C,A,A,H,-,A,D,0,NA,NA,NA,NA,Y,NA,A,01,0,0,1,0,0,0,0,0,0,-,-,33.996341705322266,-117.86959075927734,LOS ANGELES,INDUSTRY,-117.8695831298828,33.99629592895508
94674168,2024,2025-05-05,9565,2024-04-20,2138,023091,NA,6,2,5,1928,0,1,1,NA,2,010,I-105 W/B (CENTURY FREEWAY),PRAIRIE AVE,515,E,N,A,-,Y,LA,NA,105,NA,R,3.716,H,NA,L,N,4,0,1,1,A,-,08,22107,NA,N,F,I,A,A,H,-,C,D,0,NA,NA,NA,NA,Y,NA,A,01,0,0,1,0,0,0,0,0,0,-,-,33.92934036254883,-118.34243774414064,LOS ANGELES,HAWTHORNE,-118.342529296875,33.92925262451172
9467432,2023,2023-02-17,1900,2023-01-19,745,LM1406,0466,4,5,4,1936,0,0,0,NA,0,46ZD,STAGE RD,BIOLA AV,906,E,N,A,-,N,NA,NA,NA,NA,NA,NA,NA,NA,NA,N,4,0,2,3,A,-,03,22350,NA,N,C,E,E,A,H,-,A,A,0,Y,NA,NA,NA,Y,NA,A,01,0,0,2,0,1,0,0,0,0,-,-,NA,NA,LOS ANGELES,LA MIRADA,-118.0211944580078,33.89335250854492
94674359,2025,2025-05-05,9575,2025-04-28,2050,021925,NA,1,2,6,1925,0,1,3,NA,2,042,SR-134 E/B (VENTURA FREEWAY),BRAND BOULEVARD,36,E,N,A,-,Y,NA,NA,NA,NA,NA,NA,NA,NA,NA,N,4,0,1,2,A,-,08,22107,NA,N,B,C,A,A,H,-,C,D,0,NA,NA,NA,NA,Y,NA,-,-,0,0,1,0,0,0,0,0,0,-,-,34.15599822998047,-118.25478363037108,LOS ANGELES,GLENDALE,-118.2548599243164,34.15629959106445
94674363,2025,2025-05-05,9575,2025-04-30,2135,022084,NA,3,2,3,1991,0,1,1,NA,2,062,I-210 E/B (FOOTHILL FREEWAY) TO PENNSYLVANIA AVE.,PENNSYLVANIA AVE.,705,W,N,A,-,Y,NA,NA,NA,NA,NA,NA,NA,NA,NA,N,4,0,1,2,A,-,03,22350,NA,M,C,2,A,A,H,-,C,D,0,NA,NA,NA,NA,Y,NA,-,99,0,0,1,0,0,0,0,0,0,-,-,34.22383117675781,-118.2507095336914,LOS ANGELES,LA CANADA-FLINTRIDGE,-118.25060272216795,34.224124908447266
94674375,2025,2025-05-05,9575,2025-04-29,840,023016,NA,2,1,7,1942,0,1,1,NA,2,061,I-210 E/B (FOOTHILL FREEWAY),SUNLAND BLVD,980,E,N,A,-,Y,LA,NA,210,NA,R,11.3,H,NA,R,Y,4,0,1,2,A,-,03,22350,NA,N,C,C,A,A,H,-,A,A,0,NA,NA,NA,NA,Y,NA,A,01,0,0,1,0,0,0,0,0,0,-,-,34.257530212402344,-118.3278579711914,LOS ANGELES,LOS ANGELES,-118.32786560058594,34.25752258300781
94674376,2025,2025-05-05,9575,2025-05-01,525,022084,NA,4,3,9,1900,0,1,3,NA,2,300,SR-2 (ANGELES CREST HIGHWAY),M.P.M 31.24,50,E,N,A,-,Y,LA,NA,2,NA,NA,31.348,H,NA,R,Y,3,0,1,1,A,-,03,22350,NA,N,E,8,A,A,H,-,A,D,0,NA,NA,NA,NA,Y,NA,A,01,0,1,0,0,0,0,0,0,0,-,-,34.260719299316406,-118.1844482421875,LOS ANGELES,UNINCORPORATED,-118.18448638916016,34.26066207885742
94674378,2025,2025-05-05,9575,2025-04-25,2245,023205,NA,5,3,6,1953,0,1,1,NA,2,064,I-210 W/B (FOOTHILL FREEWAY) TO SR-710 S/B (LONG B,SR-710,121,E,N,A,-,Y,NA,NA,NA,NA,NA,NA,NA,NA,NA,Y,2,0,1,1,A,-,03,22350,NA,N,E,I,A,A,H,-,C,D,0,NA,NA,NA,NA,Y,NA,A,01,1,0,0,0,0,0,0,0,0,-,-,34.150779724121094,-118.1552276611328,LOS ANGELES,PASADENA,-117.99465942382813,34.13557815551758
94674380,2025,2025-05-05,9575,2025-04-26,1102,024270,NA,6,1,7,1942,0,1,1,NA,2,052,I-5 N/B (GOLDEN STATE FREEWAY),SHELDON ST.,751,S,N,B,C,Y,LA,NA,5,NA,NA,35.484,H,NA,R,Y,4,0,2,2,A,-,07,21658,A,N,B,C,A,B,H,-,A,D,0,NA,NA,NA,NA,Y,NA,A,07,0,0,2,0,0,0,0,0,0,-,-,34.23011016845703,-118.39533996582033,LOS ANGELES,LOS ANGELES,-118.39536285400392,34.23006057739258
94674381,2025,2025-05-05,9575,2025-04-26,1137,024142,NA,6,1,7,1942,0,1,1,NA,2,050,COLORADO ST. FWY. EXT. W/B,I-5 (GOLDEN STATE FREEWAY),545,E,N,B,-,Y,LA,NA,5,S,NA,25.672,H,NA,R,Y,4,0,1,2,A,-,03,22350,NA,N,C,C,A,B,H,-,A,D,0,NA,NA,NA,NA,Y,NA,A,07,0,0,1,0,0,0,0,0,0,-,-,34.141319274902344,-118.27557373046876,LOS ANGELES,LOS ANGELES,-118.27556610107422,34.141292572021484
94674383,2025,2025-05-05,9575,2025-04-29,1821,023031,NA,2,2,6,1925,0,1,3,NA,2,042,SR-134 W/B (VENTURA FREEWAY),GLENDALE AVE.,1000,E,N,A,-,Y,LA,NA,134,NA,R,8.071,H,NA,L,Y,4,0,2,1,A,-,03,22350,NA,N,E,8,A,A,H,-,A,D,0,NA,NA,NA,NA,Y,NA,A,07,0,0,2,0,0,0,0,0,0,-,-,34.15435028076172,-118.23922729492188,LOS ANGELES,GLENDALE,-118.23916625976564,34.154415130615234
94674385,2025,2025-05-05,9575,2025-04-16,1441,024158,NA,3,2,7,1942,0,1,1,NA,2,053,I-5 N/B (GOLDEN STATE FREEWAY),VAN NUYS BLVD,1320,N,N,A,-,Y,LA,NA,5,NA,NA,38.779,H,NA,R,N,3,0,3,3,A,-,03,22350,NA,N,C,C,A,A,H,-,A,D,0,NA,NA,NA,NA,Y,NA,A,01,0,1,2,0,0,0,0,0,0,-,-,34.259639739990234,-118.43791198730467,LOS ANGELES,LOS ANGELES,-118.43798828125,34.25958251953125
94674396,2025,2025-05-05,9550,2025-05-04,610,023734,NA,7,1,3,1964,0,1,1,NA,2,651,I-605 NB TO I-5,FLORENCE AVENUE,300,N,N,B,-,Y,NA,NA,NA,NA,NA,NA,NA,NA,NA,N,3,0,1,1,A,-,08,22107,NA,N,E,I,A,A,H,-,A,D,0,NA,NA,NA,NA,Y,NA,D,22,0,1,0,0,0,0,0,0,0,-,-,33.938560485839844,-118.09712982177734,LOS ANGELES,SANTA FE SPRINGS,-118.09790802001952,33.9385986328125
94674402,2025,2025-05-05,9575,2025-04-28,1133,024270,NA,1,1,6,1953,0,1,1,NA,2,064,I-210 W/B (FOOTHILL FREEWAY),ALLEN AVE.,252,E,N,A,-,Y,LA,NA,210,NA,R,27.486,H,NA,L,N,4,0,1,2,A,-,03,22350,NA,N,C,C,A,A,H,-,A,A,0,NA,NA,NA,NA,Y,NA,D,22,0,0,1,0,0,0,0,0,0,-,-,34.152591705322266,-118.1121826171875,LOS ANGELES,PASADENA,-118.1121826171875,34.15261459350586
9467447,2023,2023-02-23,1942,2023-01-01,1450,39028,1245,7,5,7,1942,0,0,0,L,0,MQ57,NORMANDIE AV,FLORENCE AV,0,NA,Y,C,-,N,NA,NA,NA,NA,NA,NA,NA,NA,NA,N,4,0,2,2,A,-,01,23152,A,N,D,C,A,B,H,-,A,A,0,NA,NA,NA,NA,Y,Y,A,01,0,0,2,0,0,0,0,0,0,-,-,NA,NA,LOS ANGELES,LOS ANGELES,-118.30030059814452,33.974578857421875
94674629,2025,2025-05-05,9525,2025-04-25,545,024099,NA,5,3,1,1934,0,1,1,NA,2,652,I-605 N/B (SAN GABRIEL RIVER FWY),LOWER AZUSA RD.,2030,S,N,A,-,Y,LA,NA,605,NA,NA,21.786,H,NA,R,Y,4,0,1,2,A,-,07,21658,A,M,B,C,A,A,H,-,B,D,0,NA,NA,NA,NA,Y,NA,-,99,0,0,1,0,0,0,0,0,0,-,-,34.08726119995117,-117.99526977539064,LOS ANGELES,IRWINDALE,-117.99532318115234,34.0872802734375
9467464,2023,2023-02-15,1972,2023-01-05,1616,21239,NA,4,5,6,1972,0,0,0,NA,0,NA,HAWTHORNE BL,SKYPARK DR,200,S,N,A,-,N,NA,NA,NA,NA,NA,NA,NA,NA,NA,Y,4,0,2,2,A,-,09,21804,NA,N,D,C,A,B,H,-,A,A,0,NA,NA,NA,NA,Y,NA,A,NA,0,0,2,0,0,0,0,0,0,-,-,NA,NA,LOS ANGELES,TORRANCE,-118.35086059570313,33.81072235107422
94674642,2025,2025-05-05,9525,2025-04-27,2312,024088,NA,7,3,9,1900,0,2,4,NA,2,045,VALLEY BLVD,SEVENTH AVE,0,NA,Y,A,-,N,NA,NA,NA,NA,NA,NA,NA,NA,NA,N,4,0,3,3,A,-,01,23152,A,N,D,C,A,A,H,-,C,A,0,NA,NA,NA,NA,Y,Y,A,01,0,0,3,0,0,0,0,0,0,-,-,34.03470993041992,-117.97457885742188,LOS ANGELES,UNINCORPORATED,-117.97457122802734,34.034759521484375
94674643,2025,2025-05-05,9525,2025-04-19,315,024054,NA,6,3,5,1990,0,1,3,NA,2,604,SR-60 E/B (POMONA FWY),PHILLIPS RANCH RD,6178,W,N,A,-,Y,LA,NA,60,NA,R,26.838,H,NA,R,N,2,0,1,2,A,-,03,22350,NA,N,C,C,A,A,H,-,D,D,0,NA,NA,NA,Y,Y,NA,A,01,1,0,0,0,0,0,0,0,0,-,-,34.02648162841797,-117.79113006591795,LOS ANGELES,DIAMOND BAR,-117.79113006591795,34.02647399902344
94674648,2025,2025-05-05,9530,2025-04-18,900,024052,NA,5,1,9,1900,0,3,5,NA,2,002,WILMINGTON AVE.,IMPERIAL HWY.,90,S,N,A,-,N,NA,NA,NA,NA,NA,NA,NA,NA,NA,N,4,0,1,3,A,-,03,22350,NA,F,C,C,A,A,H,-,A,A,0,NA,NA,NA,NA,Y,NA,A,01,0,0,1,0,0,0,0,0,0,-,-,33.92906951904297,-118.23912048339844,LOS ANGELES,UNINCORPORATED,-118.23908233642578,33.92910385131836
9467465,2023,2023-02-17,1972,2023-01-01,1949,22341,NA,7,5,6,1972,0,0,0,NA,0,NA,VAN NESS,TORRANCE,0,NA,Y,A,-,N,NA,NA,NA,NA,NA,NA,NA,NA,NA,Y,4,0,1,2,A,-,09,21801,A,N,D,C,A,A,H,-,C,D,0,NA,NA,NA,NA,Y,NA,A,NA,0,0,1,0,0,0,0,0,0,-,-,NA,NA,LOS ANGELES,TORRANCE,-118.3152084350586,33.83628463745117
94674652,2025,2025-05-05,9535,2025-04-08,1130,022017,NA,2,1,9,1900,0,1,1,NA,2,071,INTERSTATE 710 S/B (LONG BEACH FREEWAY),WHITTIER BOULEVARD,1000,N,N,A,-,Y,LA,NA,710,NA,NA,23.844,H,NA,L,N,4,0,1,2,A,-,03,22350,NA,N,C,C,A,A,H,-,A,D,0,NA,NA,NA,NA,Y,NA,A,01,0,0,1,0,0,0,0,0,0,-,-,34.02460861206055,-118.17250061035156,LOS ANGELES,UNINCORPORATED,-118.17252349853516,34.02461242675781
94674656,2025,2025-05-05,9540,2025-04-20,50,023260,NA,7,3,9,1900,0,1,1,NA,2,512,I-5 N/B,VISTA DEL LAGO RD,6336,N,N,A,-,Y,LA,NA,5,NA,R,75.803,H,NA,R,Y,4,0,3,2,A,-,08,22107,NA,N,B,2,A,A,H,-,E,D,0,NA,NA,NA,NA,Y,NA,A,01,0,0,3,0,0,0,0,0,0,-,-,34.67995071411133,-118.77947998046876,LOS ANGELES,UNINCORPORATED,-118.77944183349608,34.67996597290039
94674659,2025,2025-05-05,9530,2025-04-23,1025,017755,NA,3,1,5,1956,0,1,1,NA,2,400,I-405 S/B (SAN DIEGO FREEWAY),MANHATTAN BEACH BLVD.,470,N,N,B,-,Y,LA,NA,405,NA,NA,17.988,H,NA,L,Y,3,0,2,2,A,-,03,22350,NA,N,C,C,A,A,H,-,A,D,0,NA,NA,NA,NA,Y,NA,D,22,0,1,1,0,0,0,0,0,0,-,-,33.888301849365234,-118.35800933837892,LOS ANGELES,REDONDO BEACH,-118.35794067382813,33.88836669921875
9467466,2023,2023-02-15,1972,2023-01-03,1511,21239,NA,2,5,6,1972,0,0,0,NA,0,NA,CARSON ST,ANZA AV,30,E,N,C,-,N,NA,NA,NA,NA,NA,NA,NA,NA,NA,Y,4,0,1,4,A,-,08,22107,NA,N,B,C,A,B,H,-,B,A,0,NA,NA,NA,NA,Y,Y,A,NA,0,0,1,0,0,0,0,0,0,-,-,NA,NA,LOS ANGELES,TORRANCE,-118.36118316650392,33.83031463623047
94674672,2025,2025-05-05,9580,2025-04-23,1850,023272,NA,3,2,7,1942,0,1,3,NA,2,116,SR-118 E/B (RONALD REAGAN FWY.),HAYVENHURST AVE,200,E,N,A,-,Y,LA,NA,118,NA,R,8.391,H,NA,R,N,4,0,2,3,A,-,03,22350,NA,N,C,C,A,A,H,-,A,D,0,NA,NA,NA,NA,Y,NA,A,08,0,0,2,0,0,0,0,0,0,-,-,34.274269104003906,-118.4930419921875,LOS ANGELES,LOS ANGELES,-118.4929656982422,34.274330139160156
94674685,2025,2025-05-05,9535,2025-02-18,1830,024213,NA,2,2,9,1900,0,3,5,NA,2,001,EASTERN AVE. (1400 BLOCK),COMLY ST.,0,NA,Y,A,-,N,NA,NA,NA,NA,NA,NA,NA,NA,NA,Y,4,0,1,2,A,-,09,21802,A,N,D,C,A,A,H,-,C,A,0,NA,NA,NA,NA,Y,NA,A,01,0,0,1,0,0,0,0,0,0,-,-,34.056610107421875,-118.17220306396484,LOS ANGELES,UNINCORPORATED,-118.17227172851564,34.05662155151367
94674691,2025,2025-05-05,9580,2025-04-24,1925,024167,NA,4,2,7,1942,0,1,2,NA,2,102,US-101 N/B (VENTURA FREEWAY),HASKELL AVE,500,S,N,A,-,Y,LA,NA,101,NA,NA,17.493,H,NA,R,N,3,0,1,2,A,-,03,22350,NA,M,C,C,A,A,H,-,C,D,0,NA,NA,NA,NA,Y,Y,A,01,0,1,0,0,0,0,0,0,0,-,-,34.16460037231445,-118.4731903076172,LOS ANGELES,LOS ANGELES,-118.47324371337892,34.16453552246094
94674695,2025,2025-05-05,9580,2025-05-04,1355,022746,NA,7,1,7,1942,0,1,3,NA,2,117,SR-118 W/B (RONALD REAGAN FWY.),TAMPA AVE,2112,E,N,B,-,Y,LA,NA,118,NA,R,5.058,H,NA,L,N,4,0,2,2,A,-,03,22350,NA,N,C,C,A,A,H,-,A,D,0,NA,NA,NA,NA,Y,NA,A,01,0,0,2,0,0,0,0,0,0,-,-,34.27370071411133,-118.54920196533205,LOS ANGELES,LOS ANGELES,-118.54916381835938,34.273624420166016
94674698,2025,2025-05-05,9580,2025-04-24,1953,024167,NA,4,2,7,1942,0,1,1,NA,2,404,I-405 N/B (SAN DIEGO FWY),SEPULVEDA BLVD,500,N,N,A,-,Y,LA,NA,405,NA,NA,38.557,H,NA,R,N,3,0,1,2,A,-,03,22350,NA,M,C,C,A,A,H,-,C,D,0,NA,NA,NA,NA,Y,Y,A,01,0,1,0,0,0,0,0,0,0,-,-,34.1478385925293,-118.4697036743164,LOS ANGELES,LOS ANGELES,-118.46958160400392,34.147796630859375
94674700,2025,2025-05-05,9580,2025-05-03,1545,022746,NA,6,2,7,1942,0,1,1,NA,2,407,I-405 S/B (SAN DIEGO FWY),ROSCOE BLVD,2112,N,N,B,-,Y,LA,NA,405,NA,NA,44.148,H,NA,L,N,4,0,1,2,A,-,03,22350,NA,N,C,C,A,A,H,-,A,D,0,NA,NA,NA,NA,Y,NA,A,07,0,0,1,0,0,0,0,0,0,-,-,34.22682189941406,-118.47332763671876,LOS ANGELES,LOS ANGELES,-118.4732666015625,34.2268180847168
94674710,2025,2025-05-05,9530,2025-04-23,715,024180,NA,3,1,7,1942,0,1,1,NA,2,110,I-110 N/B (HARBOR FREEWAY),ALONDRA BOULEVARD,500,N,N,B,-,Y,LA,NA,110,NA,NA,10.852,H,NA,R,N,4,0,1,2,A,-,03,22350,NA,N,C,C,A,A,H,-,A,D,0,NA,NA,NA,NA,Y,NA,A,01,0,0,1,0,0,0,0,0,0,-,-,33.886878967285156,-118.28536224365234,LOS ANGELES,LOS ANGELES,-118.2853775024414,33.886878967285156
94674745,2025,2025-05-05,9580,2025-05-02,1515,023848,NA,5,2,7,1942,0,1,3,NA,2,117,SR-118 W/B (RONALD REAGAN FWY.),CORBIN AVE,0,W,N,A,-,Y,LA,NA,118,NA,R,4.291,H,NA,L,Y,3,0,1,1,C,-,18,NA,NA,N,E,I,A,A,H,-,A,D,0,NA,NA,NA,NA,Y,NA,-,-,0,1,0,0,0,0,0,0,0,-,-,34.27299880981445,-118.56226348876952,LOS ANGELES,LOS ANGELES,-118.56224822998048,34.2730827331543
94674761,2025,2025-05-05,9535,2025-04-14,554,023443,NA,1,3,9,1900,0,1,3,NA,2,621,SR-60 (POMONA FREEWAY) W/B,SAN GABRIEL BLVD,247,W,N,B,-,Y,LA,NA,60,NA,R,8.49,H,NA,L,Y,4,0,1,1,A,-,08,22107,NA,N,F,A,A,A,H,-,C,D,0,NA,NA,NA,NA,Y,NA,D,22,0,0,1,0,0,0,0,0,0,-,-,34.03916931152344,-118.08161163330078,LOS ANGELES,UNINCORPORATED,-118.08163452148438,34.03921127319336
94674766,2025,2025-05-05,9550,2025-04-23,2110,023883,NA,3,2,9,1900,0,1,1,NA,2,500,I-5 SOUTHBOUND,LAKEWOOD BOULEVARD,2112,S,N,A,-,Y,LA,NA,5,NA,NA,7.846,H,NA,L,N,3,0,1,1,A,-,03,22350,NA,N,E,J,A,A,H,-,D,D,0,NA,NA,Y,NA,Y,NA,C,02,0,1,0,0,0,0,0,0,1,-,-,33.953460693359375,-118.10572814941406,LOS ANGELES,UNINCORPORATED,-118.10574340820313,33.95344543457031
94674781,2025,2025-05-05,9580,2025-04-26,410,023181,NA,6,3,7,1942,0,1,1,NA,2,407,I-405 S/B (SAN DIEGO FWY),DEVONSHIRE ST,2482,S,N,B,-,Y,LA,NA,405,NA,NA,45.785,H,NA,L,Y,4,0,5,6,C,-,18,NA,NA,N,C,C,A,A,H,-,D,D,0,NA,NA,NA,Y,Y,Y,-,-,0,0,5,0,0,0,0,0,0,-,-,34.25054931640625,-118.47232055664064,LOS ANGELES,LOS ANGELES,-118.47242736816406,34.25054931640625