CASE_ID,ACCIDENT_YEAR,PROC_DATE,JURIS,COLLISION_DATE,COLLISION_TIME,OFFICER_ID,REPORTING_DISTRICT,DAY_OF_WEEK,CHP_SHIFT,POPULATION,CNTY_CITY_LOC,SPECIAL_COND,BEAT_TYPE,CHP_BEAT_TYPE,CITY_DIVISION_LAPD,CHP_BEAT_CLASS,BEAT_NUMBER,PRIMARY_RD,SECONDARY_RD,DISTANCE,DIRECTION,INTERSECTION,WEATHER_1,WEATHER_2,STATE_HWY_IND,CALTRANS_COUNTY,CALTRANS_DISTRICT,STATE_ROUTE,ROUTE_SUFFIX,POSTMILE_PREFIX,POSTMILE,LOCATION_TYPE,RAMP_INTERSECTION,SIDE_OF_HWY,TOW_AWAY,COLLISION_SEVERITY,NUMBER_KILLED,NUMBER_INJURED,PARTY_COUNT,PRIMARY_COLL_FACTOR,PCF_CODE_OF_VIOL,PCF_VIOL_CATEGORY,PCF_VIOLATION,PCF_VIOL_SUBSECTION,HIT_AND_RUN,TYPE_OF_COLLISION,MVIW,PED_ACTION,ROAD_SURFACE,ROAD_COND_1,ROAD_COND_2,LIGHTING,CONTROL_DEVICE,CHP_ROAD_TYPE,PEDESTRIAN_ACCIDENT,BICYCLE_ACCIDENT,MOTORCYCLE_ACCIDENT,TRUCK_ACCIDENT,NOT_PRIVATE_PROPERTY,ALCOHOL_INVOLVED,STWD_VEHTYPE_AT_FAULT,CHP_VEHTYPE_AT_FAULT,COUNT_SEVERE_INJ,COUNT_VISIBLE_INJ,COUNT_COMPLAINT_PAIN,COUNT_PED_KILLED,COUNT_PED_INJURED,COUNT_BICYCLIST_KILLED,COUNT_BICYCLIST_INJURED,COUNT_MC_KILLED,COUNT_MC_INJURED,PRIMARY_RAMP,SECONDARY_RAMP,LATITUDE,LONGITUDE,COUNTY,CITY,POINT_X,POINT_Y
94675642,2025,2025-05-05,9535,2025-04-25,1310,022017,NA,5,1,9,1900,0,1,1,NA,2,651,INTERSTATE 605 S/B FROM VALLEY BOULEVARD W/B,VALLEY BOULEVARD,300,S,N,A,-,Y,NA,NA,NA,NA,NA,NA,NA,NA,NA,Y,4,0,1,1,A,-,03,22350,NA,N,E,I,A,A,H,-,A,D,0,NA,NA,NA,NA,Y,NA,A,01,0,0,1,0,0,0,0,0,0,-,-,34.053958892822266,-118.00586700439452,LOS ANGELES,UNINCORPORATED,-118.00476837158205,34.05369567871094
9467576,2023,2023-02-15,1926,2023-01-07,2243,0170,4,6,5,5,1926,0,0,0,NA,0,004,E GLADSTONE ST,S SUNFLOWER AV,0,NA,Y,A,-,N,NA,NA,NA,NA,NA,NA,NA,NA,NA,Y,4,0,3,2,A,-,12,21453,A,N,D,C,A,A,H,-,C,A,0,NA,NA,NA,NA,Y,NA,-,-,0,0,3,0,0,0,0,0,0,-,-,34.11389923095703,-117.84626007080078,LOS ANGELES,GLENDORA,-117.84636688232422,34.11393356323242
9467577,2023,2023-02-15,1926,2023-01-08,2000,0120,3,7,5,5,1926,0,0,0,NA,0,NA,RT 66,LONE HILL,197,W,N,A,-,N,NA,NA,NA,NA,NA,NA,NA,NA,NA,N,4,0,1,2,A,-,08,22107,NA,N,B,C,A,A,H,-,E,D,0,NA,NA,NA,NA,Y,NA,A,01,0,0,1,0,0,0,0,0,0,-,-,34.12879180908203,-117.83101654052734,LOS ANGELES,GLENDORA,-117.82975006103516,34.12874221801758
94675785,2025,2025-05-05,9550,2025-04-23,1557,023289,NA,3,2,3,1964,0,1,1,NA,2,650,I-605 SOUTHBOUND,TELEGRAPH ROAD,2900,N,N,A,-,Y,LA,NA,605,NA,R,10.774,H,NA,L,Y,4,0,1,2,A,-,01,23152,A,M,B,C,A,A,H,-,A,D,0,NA,NA,NA,NA,Y,Y,A,01,0,0,1,0,0,0,0,0,0,-,-,33.95655059814453,-118.08802795410156,LOS ANGELES,SANTA FE SPRINGS,-118.08807373046876,33.956565856933594
9467579,2023,2023-02-15,1902,2023-01-06,1610,756,10,5,5,5,1902,0,0,0,NA,0,001,FOOTHILL BL,BALDWIN AV,0,NA,Y,A,-,N,NA,NA,NA,NA,NA,NA,NA,NA,NA,N,4,0,1,2,A,-,03,22350,NA,N,C,C,A,A,H,-,A,A,0,NA,NA,NA,NA,Y,NA,A,01,0,0,1,0,0,0,0,0,0,-,-,NA,NA,LOS ANGELES,ARCADIA,-118.05336761474608,34.15060043334961
94675837,2025,2025-05-05,9545,2025-04-21,1710,022496,NA,1,2,9,1900,0,3,5,NA,2,003,ANGELES FOREST HIGHWAY,MT. GLEASON ROAD,830,S,N,A,-,N,NA,NA,NA,NA,NA,NA,NA,NA,NA,N,3,0,1,1,A,-,03,22350,NA,N,F,A,A,A,H,-,A,D,0,NA,NA,Y,NA,Y,NA,C,02,0,1,0,0,0,0,0,0,1,-,-,34.39244079589844,-118.08379364013672,LOS ANGELES,UNINCORPORATED,NA,NA
94675841,2025,2025-05-05,9545,2025-04-23,1905,023856,NA,3,2,9,1900,0,3,5,NA,2,004,BARREL SPRINGS RD,47TH STREET EAST,0,NA,Y,A,-,N,NA,NA,NA,NA,NA,NA,NA,NA,NA,Y,4,0,1,2,A,-,12,22450,A,N,D,C,A,A,H,-,A,A,0,NA,NA,NA,NA,Y,NA,A,01,0,0,1,0,0,0,0,0,0,-,-,34.52180862426758,-118.04519653320313,LOS ANGELES,UNINCORPORATED,-118.04520416259766,34.52182388305664
94675857,2025,2025-05-05,9535,2025-03-28,2000,024064,NA,5,2,9,1900,0,1,3,NA,2,601,SR-60 W/B (POMONA FREEWAY),SUNOL DR,100,E,N,A,-,Y,LA,NA,60,NA,R,2.786,H,NA,L,Y,4,0,1,2,A,-,03,22350,NA,N,C,C,A,A,H,-,C,D,0,NA,NA,NA,NA,Y,NA,A,01,0,0,1,0,0,0,0,0,0,-,-,34.034481048583984,-118.1782684326172,LOS ANGELES,UNINCORPORATED,-118.17826080322266,34.03444290161133
9467588,2023,2023-02-23,1900,2023-01-09,1720,528118,0812,1,5,4,1960,0,0,0,NA,0,81T2,ALLEN AV,MONTE VISTA AV,248,W,N,C,-,N,NA,NA,NA,NA,NA,NA,NA,NA,NA,Y,4,0,1,2,A,-,09,21801,A,N,A,C,A,B,H,-,C,D,0,NA,NA,NA,NA,Y,NA,A,01,0,0,1,0,0,0,0,0,0,-,-,34.11756896972656,-117.81017303466795,LOS ANGELES,SAN DIMAS,-117.81011962890624,34.1175537109375
94675921,2025,2025-05-05,9535,2025-03-28,1710,024212,NA,5,2,9,1900,0,3,5,NA,2,002,BRADSHAWE AVE (600 BLOCK),HUBBARD ST,240,N,N,A,-,N,NA,NA,NA,NA,NA,NA,NA,NA,NA,N,4,0,1,2,A,-,17,21235,G,N,G,B,A,A,H,-,A,D,0,NA,NA,NA,NA,Y,NA,M,94,0,0,1,0,0,0,0,0,0,-,-,34.020469665527344,-118.1432876586914,LOS ANGELES,UNINCORPORATED,-118.1433563232422,34.0205078125
94675924,2025,2025-05-05,9535,2025-03-29,2116,023354,NA,6,2,9,1900,0,1,1,NA,2,074,I-710 N/B (LONG BEACH FREEWAY),FILESTONE BLVD,2912,S,N,A,-,Y,LA,NA,710,NA,NA,17.882,H,NA,R,N,4,0,1,2,A,-,08,22107,NA,F,C,C,A,A,H,-,D,D,0,NA,NA,NA,NA,Y,NA,-,99,0,0,1,0,0,0,0,0,0,-,-,33.94166946411133,-118.17106628417967,LOS ANGELES,UNINCORPORATED,-118.17107391357422,33.94166946411133
94675926,2025,2025-05-05,9535,2025-02-23,2045,023962,NA,7,2,3,1914,0,1,1,NA,2,501,I-5 (SANTA ANA FREEWAY) S/B,WASHINGTON BLVD,50,N,N,A,-,Y,LA,NA,5,NA,NA,11.876,H,NA,L,N,4,0,1,2,A,-,07,21658,A,F,B,C,A,A,H,-,C,D,0,NA,NA,Y,NA,Y,NA,-,-,0,0,1,0,0,0,0,0,1,-,-,33.99911117553711,-118.14788055419922,LOS ANGELES,COMMERCE,-118.1479263305664,33.999080657958984
94675931,2025,2025-05-05,9565,2025-04-23,750,024379,NA,3,1,9,1900,0,3,5,NA,2,004,137TH PLACE,SHOUP AVENUE,0,NA,Y,A,-,N,NA,NA,NA,NA,NA,NA,NA,NA,NA,N,2,0,1,2,A,-,12,22450,A,N,H,G,A,A,H,-,A,A,0,NA,Y,NA,NA,Y,NA,L,04,1,0,0,0,0,0,1,0,0,-,-,33.90690994262695,-118.36419677734376,LOS ANGELES,UNINCORPORATED,-118.36421966552734,33.90687942504883
94675935,2025,2025-05-06,9565,2025-04-23,1650,022728,NA,3,2,7,1942,0,1,1,NA,2,063,I-405 S/B (SAN DIEGO FREEWAY),CONSTITUTION AVENUE,1105,N,N,A,-,Y,LA,NA,405,NA,NA,32.113,H,NA,L,N,3,0,3,5,A,-,08,22107,NA,N,B,C,A,A,H,-,A,D,0,NA,NA,NA,NA,Y,NA,D,22,0,1,2,0,0,0,0,0,0,-,-,34.0623893737793,-118.4577178955078,LOS ANGELES,LOS ANGELES,-118.4577178955078,34.06239318847656
94675936,2025,2025-05-06,9535,2025-03-07,2254,023450,NA,5,3,4,1962,0,1,1,NA,2,401,I-10 (SAN BERNARDINO FREEWAY) W/B TO DEL MAR AVENU,DEL MAR AVE,100,E,N,A,-,Y,NA,NA,NA,NA,NA,NA,NA,NA,NA,N,3,0,1,1,A,-,03,22350,NA,N,E,J,A,A,H,-,D,D,0,NA,NA,NA,NA,Y,Y,A,01,0,1,0,0,0,0,0,0,0,-,-,34.0723991394043,-118.09889221191406,LOS ANGELES,SAN GABRIEL,-118.09919738769533,34.0721321105957
94675942,2025,2025-05-06,9590,2025-04-23,940,019134,NA,3,1,7,1942,0,1,1,NA,2,013,SR-110 S/B (ARROYO SECO PARKWAY),AVENUE 52,225,S,N,B,-,Y,LA,NA,110,NA,NA,27.989,H,NA,L,N,4,0,1,2,A,-,03,22350,NA,N,C,C,A,A,H,-,A,A,0,NA,NA,NA,NA,Y,NA,D,22,0,0,1,0,0,0,0,0,0,-,-,34.102928161621094,-118.19747924804688,LOS ANGELES,LOS ANGELES,-118.19745635986328,34.102867126464844
94675948,2025,2025-05-06,9590,2025-05-02,815,023764,NA,5,1,7,1942,0,1,1,NA,2,050,I-110 NB (HARBOR FREEWAY),VERNON AVENUE,200,S,N,A,-,Y,LA,NA,110,NA,NA,18.679,H,NA,R,N,4,0,1,2,A,-,03,22350,NA,N,C,C,A,A,H,-,A,D,0,NA,NA,NA,NA,Y,NA,A,08,0,0,1,0,0,0,0,0,0,-,-,33.998931884765625,-118.28066253662108,LOS ANGELES,LOS ANGELES,-118.28074645996094,33.998924255371094
94675966,2025,2025-05-06,9535,2025-04-13,1502,023349,NA,7,2,9,1900,0,1,1,NA,2,650,I-605 N/B (SAN GABRIEL RIVER FREEWAY),SR-60 (POMONA FREEWAY),2482,N,N,A,-,Y,LA,NA,605,NA,R,17.884,H,NA,R,Y,4,0,2,3,A,-,03,22350,NA,N,C,C,A,A,H,-,A,D,0,NA,NA,NA,NA,Y,NA,A,01,0,0,2,0,0,0,0,0,0,-,-,34.03866958618164,-118.02059936523438,LOS ANGELES,UNINCORPORATED,-118.02059173583984,34.03866195678711
9467625,2022,2022-11-23,1942,2022-05-21,1825,42664,0765,6,5,7,1942,0,0,0,G,0,27T35,LA BREA,SAN VICENTE BL,0,NA,Y,A,-,N,NA,NA,NA,NA,NA,NA,NA,NA,NA,Y,4,0,2,2,A,-,09,21806,A,N,D,C,A,A,H,-,A,A,0,NA,NA,NA,NA,Y,NA,A,01,0,0,2,0,0,0,0,0,0,-,-,NA,NA,LOS ANGELES,LOS ANGELES,-118.34422302246094,34.05034637451172
9467628,2022,2022-11-23,1942,2022-11-04,1240,41514,1008,5,5,7,1942,0,0,0,J,0,26TL72,WOODLEY AV,SATICOY ST,0,NA,Y,A,-,N,NA,NA,NA,NA,NA,NA,NA,NA,NA,Y,4,0,4,3,A,-,05,21651,B,N,D,C,A,A,H,-,A,A,0,NA,NA,NA,NA,Y,NA,A,07,0,0,4,0,0,0,0,0,0,-,-,NA,NA,LOS ANGELES,LOS ANGELES,-118.48368072509766,34.20845031738281
94676341,2025,2025-05-06,9590,2025-05-02,725,022091,NA,5,1,7,1942,0,1,1,NA,2,081,I-5 S/B (GOLDEN STATE FREEWAY),STATE ST.,200,S,N,A,-,Y,LA,NA,5,NA,NA,18.206,H,NA,L,N,4,0,1,2,A,-,03,22350,NA,N,C,C,A,A,H,-,A,D,0,NA,NA,NA,NA,Y,NA,A,01,0,0,1,0,0,0,0,0,0,-,-,34.05165100097656,-118.21417236328124,LOS ANGELES,LOS ANGELES,-118.21411895751952,34.05165100097656
94676355,2025,2025-05-07,9540,2025-04-29,802,024392,NA,2,1,6,1985,0,1,3,NA,2,149,SR-14 S/B,NEWHALL AVE,1584,N,N,A,-,Y,LA,NA,14,NA,R,27.311,H,NA,L,Y,3,0,1,2,A,-,07,21658,A,N,C,2,A,A,H,-,A,D,0,NA,NA,Y,NA,Y,NA,A,01,0,1,0,0,0,0,0,0,1,-,-,34.36875915527344,-118.50164031982422,LOS ANGELES,SANTA CLARITA,-118.50170135498048,34.36878204345703
94676368,2025,2025-05-06,9525,2025-04-26,835,024099,NA,6,1,9,1900,0,3,5,NA,2,004,AMAR ROAD,SUNSET AVE (900 BLOCK),280,E,N,B,-,N,NA,NA,NA,NA,NA,NA,NA,NA,NA,Y,3,0,1,3,A,-,07,21658,A,N,B,2,A,B,H,-,A,D,0,NA,NA,NA,NA,Y,NA,-,-,0,1,0,0,0,0,0,0,0,-,-,34.044700622558594,-117.96234130859376,LOS ANGELES,UNINCORPORATED,-117.96245574951172,34.044830322265625
94676395,2025,2025-05-06,9580,2025-04-30,630,018580,NA,3,1,9,1900,0,3,5,NA,1,020,SCHUEREN ROAD S/B (700 BLOCK),PIUMA ROAD,1680,N,N,E,-,N,NA,NA,NA,NA,NA,NA,NA,NA,NA,Y,3,0,1,1,A,-,08,22107,NA,N,E,I,A,A,H,-,A,D,0,NA,NA,NA,NA,Y,NA,-,-,0,1,0,0,0,0,0,0,0,-,-,34.07461166381836,-118.6522979736328,LOS ANGELES,UNINCORPORATED,-118.6515655517578,34.07365036010742
94676415,2025,2025-05-06,9580,2025-05-03,2140,023707,NA,6,2,7,1942,0,1,1,NA,2,406,I-405 N/B,ROSCOE BLVD,100,S,N,A,-,Y,LA,NA,405,NA,NA,43.408,H,NA,R,Y,4,0,1,1,A,-,01,23152,A,N,B,I,A,A,H,-,C,D,0,NA,NA,NA,NA,Y,Y,A,01,0,0,1,0,0,0,0,0,0,-,-,34.21609115600586,-118.47322845458984,LOS ANGELES,LOS ANGELES,-118.47313690185548,34.21609115600586
94676430,2025,2025-05-06,9535,2025-01-16,745,024212,NA,4,1,9,1900,0,2,4,NA,2,022,OLYMPIC BOULEVARD,VANCOUVER AVENUE,0,NA,Y,A,-,N,NA,NA,NA,NA,NA,NA,NA,NA,NA,N,2,0,1,2,A,-,10,21950,A,F,G,B,B,A,H,-,A,A,0,Y,NA,NA,NA,Y,NA,-,99,1,0,0,0,1,0,0,0,0,-,-,34.016841888427734,-118.1610870361328,LOS ANGELES,UNINCORPORATED,-118.1610107421875,34.016822814941406
94676439,2025,2025-05-06,9530,2025-03-08,120,022716,NA,6,3,9,1900,0,3,5,NA,2,004,SANTA FE AVE,SR-91,250,S,N,A,-,N,NA,NA,NA,NA,NA,NA,NA,NA,NA,Y,2,0,1,1,A,-,08,22107,NA,N,E,I,A,A,H,-,C,D,0,NA,NA,NA,NA,Y,NA,A,01,1,0,0,0,0,0,0,0,0,-,-,33.872459411621094,-118.2143325805664,LOS ANGELES,UNINCORPORATED,-118.21422576904295,33.87281799316406
94676451,2025,2025-05-06,9565,2025-04-24,2230,023925,NA,4,3,7,1942,0,1,1,NA,2,062,I-405 N/B,NATIONAL BLVD,470,S,N,A,-,Y,LA,NA,405,NA,NA,29.074,H,NA,R,Y,4,0,1,2,A,-,03,22350,NA,N,C,C,A,A,H,-,C,D,0,NA,NA,NA,NA,Y,NA,A,01,0,0,1,0,0,0,0,0,0,-,-,34.02573013305664,-118.4289321899414,LOS ANGELES,LOS ANGELES,-118.4290008544922,34.025691986083984
94676455,2025,2025-05-06,9535,2025-04-04,2230,023962,NA,5,3,9,1900,0,1,1,NA,2,501,I-5 (SANTA ANA FREEWAY) S/B,OLYMPIC BLVD.,10,N,N,A,-,Y,LA,NA,5,NA,NA,14.159,H,NA,L,N,4,0,1,3,A,-,08,22107,NA,N,B,C,A,A,H,-,C,D,0,NA,NA,Y,NA,Y,NA,C,02,0,0,1,0,0,0,0,0,1,-,-,34.01906967163086,-118.17839050292967,LOS ANGELES,UNINCORPORATED,-118.1785125732422,34.018898010253906
94676458,2025,2025-05-06,9550,2025-04-26,1155,024389,NA,6,1,1,1932,0,1,3,NA,2,600,STATE ROUTE 60 WESTBOUND,CROSSROADS PARKWAY,264,W,N,C,-,Y,LA,NA,60,NA,NA,12.591,H,NA,L,Y,4,0,1,2,A,-,07,21658,A,N,C,D,A,B,H,-,A,D,0,NA,NA,NA,Y,Y,NA,A,01,0,0,1,0,0,0,0,0,0,-,-,34.029258728027344,-118.01318359375,LOS ANGELES,INDUSTRY,-118.01318359375,34.029197692871094
94676461,2025,2025-05-06,9525,2025-04-22,1720,024349,NA,2,2,9,1900,0,3,5,NA,2,001,SHRODE AVENUE (400 BLOCK),FLAGSTON AVE,36,N,N,A,-,N,NA,NA,NA,NA,NA,NA,NA,NA,NA,N,3,0,1,2,A,-,21,22106,NA,N,H,A,A,A,H,-,A,D,0,NA,NA,NA,NA,Y,NA,D,22,0,1,0,0,0,0,0,0,0,-,-,34.12250900268555,-117.99672698974608,LOS ANGELES,UNINCORPORATED,-117.99674224853516,34.12247848510742
94676497,2025,2026-01-23,9565,2025-04-24,1900,024321,NA,4,2,9,1900,0,2,4,NA,2,021,VERMONT AVE. S/B,120TH ST,5,N,N,A,-,N,NA,NA,NA,NA,NA,NA,NA,NA,NA,N,4,0,1,2,A,-,03,22350,NA,F,C,C,A,A,H,-,C,A,0,NA,NA,NA,NA,Y,NA,A,01,0,0,1,0,0,0,0,0,0,-,-,33.9238395690918,-118.29164123535156,LOS ANGELES,UNINCORPORATED,-118.29180145263672,33.923702239990234
94676506,2025,2025-05-06,9525,2025-04-24,2145,024349,NA,4,2,6,1975,0,1,1,NA,2,105,I-10 W/B (SAN BERNARDINO FWY) TO SR-57,FAIRPLEX DR.,4224,W,N,A,-,Y,NA,NA,NA,NA,NA,NA,NA,NA,NA,N,3,0,1,2,A,-,03,22350,NA,N,D,C,A,B,H,-,D,D,0,NA,NA,NA,Y,Y,NA,A,01,0,1,0,0,0,0,0,0,0,-,-,34.0688591003418,-117.79956817626952,LOS ANGELES,WEST COVINA,-117.79853057861328,34.06911849975586
94676526,2025,2025-05-06,9575,2025-04-27,1547,023031,NA,7,2,7,1942,0,1,1,NA,2,050,I-5 S/B FROM COLORADO ST. FWY. EXTENSION,EDENHURST AVE.,1665,W,N,A,-,Y,NA,NA,NA,NA,NA,NA,NA,NA,NA,N,3,0,1,1,A,-,03,22350,NA,N,E,I,A,A,H,-,A,D,0,NA,NA,Y,NA,Y,NA,C,02,0,1,0,0,0,0,0,0,1,-,-,34.14208984375,-118.2786865234375,LOS ANGELES,LOS ANGELES,NA,NA
94676598,2025,2025-05-06,9530,2025-04-24,2312,023824,NA,4,3,9,1900,0,1,1,NA,2,120,I-110 N/B (HARBOR FREEWAY),I-405,1000,S,N,A,-,Y,LA,NA,110,NA,NA,8.558,H,NA,R,Y,3,0,1,2,A,-,03,22350,NA,N,C,C,A,A,H,-,C,D,0,NA,NA,NA,NA,Y,NA,D,22,0,1,0,0,0,0,0,0,0,-,-,33.85374069213867,-118.28482818603516,LOS ANGELES,UNINCORPORATED,-118.28479766845705,33.85374069213867
94676608,2025,2025-05-06,9550,2025-04-24,1735,022434,NA,4,2,5,1919,0,1,3,NA,2,092,SR-91 W/B,SHOEMAKER AVE.,655,W,N,A,-,Y,LA,NA,91,NA,R,19.682,H,NA,L,Y,4,0,1,3,A,-,03,22350,NA,N,C,C,A,A,H,-,A,D,0,NA,NA,NA,NA,Y,NA,I,09,0,0,1,0,0,0,0,0,0,-,-,33.8709716796875,-118.05687713623048,LOS ANGELES,CERRITOS,-118.05686950683594,33.8709831237793
94676620,2025,2025-05-06,9525,2025-04-30,700,024439,NA,3,1,5,1906,0,1,1,NA,2,651,I-605 S/B (SAN GABRIEL RIVER FWY),I-10 E/B (SAN BERNARDINO FWY),2640,N,N,B,-,Y,LA,NA,605,NA,NA,20.728,H,NA,L,N,4,0,2,3,A,-,03,22350,NA,N,C,C,A,A,H,-,A,D,0,NA,NA,NA,NA,Y,NA,A,01,0,0,2,0,0,0,0,0,0,-,-,34.07276916503906,-117.99968719482422,LOS ANGELES,BALDWIN PARK,-117.99962615966795,34.07275390625
94676629,2025,2025-05-06,9565,2025-04-24,1830,023757,NA,4,2,7,1942,0,1,1,NA,2,082,I-10 E/B (SANTA MONICA FWY.),SAWTELLE BLVD,150,W,N,A,-,Y,LA,NA,10,NA,R,5.253,H,NA,R,N,3,0,1,2,A,-,03,22350,NA,N,C,C,A,A,H,-,A,D,0,NA,NA,NA,NA,Y,NA,D,22,0,1,0,0,0,0,0,0,0,-,-,34.0307502746582,-118.43704986572266,LOS ANGELES,LOS ANGELES,-118.43704223632813,34.03070831298828
94676635,2025,2025-05-06,9530,2025-04-24,750,018745,NA,4,1,6,1972,0,1,1,NA,2,400,I-405 N/B (SAN DIEGO FREEWAY),CRENSHAW BLVD.,460,N,N,B,-,Y,LA,NA,405,NA,NA,15.561,H,NA,R,N,4,0,1,2,A,-,07,21658,A,N,C,C,A,A,H,-,A,D,0,NA,NA,Y,NA,Y,NA,A,01,0,0,1,0,0,0,0,0,1,-,-,33.865089416503906,-118.32807159423828,LOS ANGELES,TORRANCE,-118.32803344726564,33.865177154541016
94676664,2025,2025-05-06,9590,2025-05-02,2237,023642,NA,5,3,7,1942,0,1,1,NA,2,051,I-110 SOUTHBOUND (HARBOR FREEWAY),47TH ST,213,S,N,A,-,Y,LA,NA,110,NA,NA,18.779,H,NA,L,N,4,0,1,3,A,-,03,22350,NA,N,C,C,A,A,H,-,C,D,0,NA,NA,NA,NA,Y,NA,A,01,0,0,1,0,0,0,0,0,0,-,-,34.00038146972656,-118.28114318847656,LOS ANGELES,LOS ANGELES,-118.28099060058594,34.000389099121094
94676675,2025,2025-05-06,9525,2025-04-23,1340,024439,NA,3,1,9,1900,0,3,5,NA,2,002,CIENEGA AVE (BLOCK 2000),SUNFLOWER AVE,15,W,N,B,-,N,NA,NA,NA,NA,NA,NA,NA,NA,NA,N,3,0,2,3,A,-,10,21950,A,N,G,B,B,A,H,-,A,A,0,Y,NA,NA,NA,Y,NA,A,01,0,1,1,0,2,0,0,0,0,-,-,34.103111267089844,-117.84657287597656,LOS ANGELES,UNINCORPORATED,-117.8464584350586,34.10308074951172
94676684,2025,2025-05-06,9530,2025-04-24,2000,023862,NA,4,2,9,1900,0,3,5,NA,2,002,COMPTON AVENUE,118TH STREET,0,NA,Y,A,-,N,NA,NA,NA,NA,NA,NA,NA,NA,NA,Y,3,0,1,2,A,-,09,21800,A,F,B,C,A,A,H,-,C,A,0,NA,NA,NA,NA,Y,NA,A,07,0,1,0,0,0,0,0,0,0,-,-,33.92594909667969,-118.24629974365234,LOS ANGELES,UNINCORPORATED,-118.24627685546876,33.925941467285156
94676778,2025,2025-05-06,9525,2025-04-30,1545,018505,NA,3,2,6,1955,0,1,1,NA,2,107,I-10 W/B (SAN BERNARDINO FWY),SR-57 N/B (ORANGE FWY),2500,E,N,A,-,Y,LA,NA,10,NA,NA,43.136,H,NA,L,Y,3,0,2,2,A,-,03,22350,NA,N,C,C,A,A,H,-,A,D,0,NA,NA,NA,NA,Y,NA,A,08,0,1,1,0,0,0,0,0,0,-,-,34.07033920288086,-117.7960968017578,LOS ANGELES,POMONA,-117.79595947265624,34.070125579833984
94676813,2025,2025-05-06,9530,2025-04-24,1520,024460,NA,4,2,9,1900,0,3,5,NA,2,001,COMPTON AVE.,82ND PL.,0,NA,Y,A,-,N,NA,NA,NA,NA,NA,NA,NA,NA,NA,Y,4,0,2,2,A,-,09,21802,A,N,D,C,A,A,H,-,A,A,0,NA,NA,NA,NA,Y,NA,A,01,0,0,2,0,0,0,0,0,0,-,-,33.96424865722656,-118.2476806640625,LOS ANGELES,UNINCORPORATED,-118.24767303466795,33.96419143676758
94676887,2025,2025-05-06,9530,2025-04-24,625,022978,NA,4,1,9,1900,0,1,1,NA,2,120,I-110 S/B (HARBOR FREEWAY),CARSON ST,950,S,N,A,-,Y,LA,NA,110,NA,NA,6.829,H,NA,L,Y,4,0,1,1,A,-,03,22350,NA,N,E,I,A,A,H,-,A,D,0,NA,NA,NA,NA,Y,NA,D,22,0,0,1,0,0,0,0,0,0,-,-,33.82891082763672,-118.28749847412108,LOS ANGELES,UNINCORPORATED,-118.28748321533205,33.82891082763672
94676949,2025,2025-05-06,9575,2025-04-18,906,024359,NA,5,1,7,1942,1,1,3,NA,2,070,SR-118 W/B (RONALD REAGAN FREEWAY),GLENOAKS BLVD,1798,W,N,A,-,Y,LA,NA,118,NA,R,12.855,H,NA,L,N,3,0,1,3,A,-,07,21658,A,M,B,2,A,A,H,-,A,D,0,NA,NA,NA,NA,Y,NA,-,99,0,1,0,0,0,0,0,0,0,-,-,34.27705001831055,-118.4232177734375,LOS ANGELES,LOS ANGELES,-118.42324066162108,34.27706527709961
94676970,2025,2025-05-06,9590,2025-04-22,2040,024461,NA,2,2,7,1942,0,1,1,NA,2,050,I-110 N/B (HARBOR FREEWAY),49TH STREET,418,N,N,A,-,Y,LA,NA,110,NA,NA,18.553,H,NA,R,N,3,0,1,2,A,-,03,22350,NA,M,C,C,A,A,H,-,C,D,0,NA,NA,NA,NA,Y,NA,-,99,0,1,0,0,0,0,0,0,0,-,-,33.99713897705078,-118.28050231933594,LOS ANGELES,LOS ANGELES,-118.28058624267578,33.997135162353516
94676974,2025,2025-05-06,9590,2025-04-12,1100,024466,NA,6,1,7,1942,0,1,1,NA,2,061,I-10 (SANTA MONICA FREEWAY),FAIRFAX AVENUE,160,E,N,A,-,Y,LA,NA,10,NA,R,9.36,H,NA,R,N,3,0,1,2,A,-,08,22107,NA,N,E,I,A,A,H,-,A,D,0,NA,NA,NA,NA,Y,NA,A,07,0,1,0,0,0,0,0,0,0,-,-,34.03514099121094,-118.36888122558594,LOS ANGELES,LOS ANGELES,-118.36891174316406,34.0350341796875
94676983,2024,2025-05-06,9565,2024-05-20,850,019355,NA,1,1,7,1942,0,1,1,NA,2,063,I-405 S/B,SANTA MONICA BLVD.,100,N,N,B,-,Y,LA,NA,405,NA,NA,30.882,H,NA,L,Y,3,0,1,2,A,-,16,24002,NA,N,D,J,A,A,H,-,A,D,0,NA,NA,NA,Y,Y,NA,G,27,0,1,0,0,0,0,0,0,0,-,-,34.0471305847168,-118.44695281982422,LOS ANGELES,LOS ANGELES,-118.44696044921876,34.04712677001953
94677009,2025,2025-05-06,9575,2025-01-20,2005,023227,NA,1,2,5,1902,0,1,1,NA,2,065,I-210 E/B (FOOTHILL FREEWAY),FIFTH AVENUE,590,W,N,A,-,Y,LA,NA,210,NA,R,32.511,H,NA,R,Y,3,0,1,1,A,-,08,22107,NA,N,E,8,A,A,H,-,D,D,0,NA,NA,NA,NA,Y,NA,A,01,0,1,0,0,0,0,0,0,0,-,-,34.14339828491211,-118.02234649658205,LOS ANGELES,ARCADIA,-118.02229309082033,34.14348220825195