CASE_ID,ACCIDENT_YEAR,PROC_DATE,JURIS,COLLISION_DATE,COLLISION_TIME,OFFICER_ID,REPORTING_DISTRICT,DAY_OF_WEEK,CHP_SHIFT,POPULATION,CNTY_CITY_LOC,SPECIAL_COND,BEAT_TYPE,CHP_BEAT_TYPE,CITY_DIVISION_LAPD,CHP_BEAT_CLASS,BEAT_NUMBER,PRIMARY_RD,SECONDARY_RD,DISTANCE,DIRECTION,INTERSECTION,WEATHER_1,WEATHER_2,STATE_HWY_IND,CALTRANS_COUNTY,CALTRANS_DISTRICT,STATE_ROUTE,ROUTE_SUFFIX,POSTMILE_PREFIX,POSTMILE,LOCATION_TYPE,RAMP_INTERSECTION,SIDE_OF_HWY,TOW_AWAY,COLLISION_SEVERITY,NUMBER_KILLED,NUMBER_INJURED,PARTY_COUNT,PRIMARY_COLL_FACTOR,PCF_CODE_OF_VIOL,PCF_VIOL_CATEGORY,PCF_VIOLATION,PCF_VIOL_SUBSECTION,HIT_AND_RUN,TYPE_OF_COLLISION,MVIW,PED_ACTION,ROAD_SURFACE,ROAD_COND_1,ROAD_COND_2,LIGHTING,CONTROL_DEVICE,CHP_ROAD_TYPE,PEDESTRIAN_ACCIDENT,BICYCLE_ACCIDENT,MOTORCYCLE_ACCIDENT,TRUCK_ACCIDENT,NOT_PRIVATE_PROPERTY,ALCOHOL_INVOLVED,STWD_VEHTYPE_AT_FAULT,CHP_VEHTYPE_AT_FAULT,COUNT_SEVERE_INJ,COUNT_VISIBLE_INJ,COUNT_COMPLAINT_PAIN,COUNT_PED_KILLED,COUNT_PED_INJURED,COUNT_BICYCLIST_KILLED,COUNT_BICYCLIST_INJURED,COUNT_MC_KILLED,COUNT_MC_INJURED,PRIMARY_RAMP,SECONDARY_RAMP,LATITUDE,LONGITUDE,COUNTY,CITY,POINT_X,POINT_Y
94685368,2025,2025-05-13,9565,2025-05-01,845,024200,NA,4,1,9,1900,0,2,4,NA,1,032,SLAUSON AVENUE E/B,RIMPAU BOULEVARD,120,W,N,A,-,N,NA,NA,NA,NA,NA,NA,NA,NA,NA,N,4,0,1,2,A,-,03,22350,NA,F,C,E,A,A,H,-,A,D,0,NA,NA,NA,NA,Y,NA,-,99,0,0,1,0,0,0,0,0,0,-,-,33.9888916015625,-118.34026336669922,LOS ANGELES,UNINCORPORATED,-118.34030151367188,33.98897171020508
94685384,2025,2025-05-19,9575,2025-04-27,440,024267,NA,7,3,6,1912,0,1,3,NA,2,044,SR-134 E/B (VENTURA FREEWAY),ALAMEDA AVENUE,136,E,N,A,-,Y,LA,NA,134,NA,NA,2.055,H,NA,R,Y,3,0,2,2,A,-,01,23152,A,N,C,E,A,A,H,-,B,D,0,NA,NA,NA,NA,Y,Y,A,07,0,1,1,0,0,0,0,0,0,-,-,34.15357971191406,-118.34092712402344,LOS ANGELES,BURBANK,-118.34091949462892,34.15364074707031
9468539,2022,2023-02-15,1942,2022-09-21,1700,BROWN,0397,3,5,7,1942,0,0,0,C,0,25TL23,DALTON AVE,42ND PL,0,NA,Y,A,-,N,NA,NA,NA,NA,NA,NA,NA,NA,NA,N,4,0,1,2,A,-,08,22103,NA,N,D,C,A,A,H,-,A,D,0,NA,NA,NA,NA,Y,NA,A,01,0,0,1,0,0,0,0,0,0,-,-,NA,NA,LOS ANGELES,LOS ANGELES,-118.30345916748048,34.00605773925781
94685396,2025,2025-05-13,9565,2025-05-01,1335,024161,NA,4,1,7,1942,0,1,1,NA,2,083,I-10 WB,WESTWOOD BLVD,50,E,N,B,-,Y,LA,NA,10,NA,R,6.207,H,NA,L,N,3,0,1,2,A,-,03,22350,NA,N,C,C,A,A,H,-,A,D,0,NA,NA,NA,NA,Y,NA,A,01,0,1,0,0,0,0,0,0,0,-,-,34.03190994262695,-118.42047119140624,LOS ANGELES,LOS ANGELES,-118.42047119140624,34.031898498535156
94685397,2025,2025-05-13,9575,2025-04-30,1640,021925,NA,3,2,9,1900,0,2,4,NA,2,024,WOODBURY ROAD (1700 BLOCK),SINALOA AVENUE,338,E,N,A,-,N,NA,NA,NA,NA,NA,NA,NA,NA,NA,N,4,0,1,2,A,-,21,22106,NA,N,H,C,A,A,H,-,A,D,0,NA,NA,NA,NA,Y,NA,D,22,0,0,1,0,0,0,0,0,0,-,-,34.177310943603516,-118.11467742919922,LOS ANGELES,UNINCORPORATED,-118.1147232055664,34.177330017089844
94685399,2025,2025-05-13,9540,2025-05-03,715,024413,NA,6,1,9,1900,0,3,5,NA,2,200,DAVENPORT RD,AGUA DULCE CYN RD,4858,S,N,B,E,N,NA,NA,NA,NA,NA,NA,NA,NA,NA,Y,4,0,3,2,A,-,09,21804,A,N,D,C,A,A,H,-,A,D,0,NA,NA,NA,NA,Y,NA,D,22,0,0,3,0,0,0,0,0,0,-,-,34.480831146240234,-118.34536743164064,LOS ANGELES,UNINCORPORATED,-118.3307876586914,34.48545837402344
94685400,2024,2025-05-13,9565,2024-04-15,2134,022728,NA,1,2,9,1900,0,2,4,NA,2,021,VERMONT AVENUE S/B,105TH STREET,162,S,N,A,-,N,NA,NA,NA,NA,NA,NA,NA,NA,NA,N,1,1,0,2,A,-,03,22350,NA,F,G,B,E,A,H,-,C,D,0,Y,NA,NA,NA,Y,NA,-,99,0,0,0,1,0,0,0,0,0,-,-,33.94075012207031,-118.29187774658205,LOS ANGELES,UNINCORPORATED,-118.29191589355467,33.94077682495117
9468541,2022,2023-02-22,1942,2022-10-18,0920,37146,0326,2,5,7,1942,0,0,0,C,0,25TL27,ADAMS BL,KENWOOD AVE,0,NA,Y,A,-,N,NA,NA,NA,NA,NA,NA,NA,NA,NA,Y,3,0,1,3,A,-,09,21806,A,N,D,C,A,A,H,-,A,A,0,NA,NA,NA,NA,Y,NA,A,01,0,1,0,0,0,0,0,0,0,-,-,NA,NA,LOS ANGELES,LOS ANGELES,-118.29913330078124,34.032752990722656
94685439,2025,2025-05-13,9525,2025-05-04,1422,023899,NA,7,2,4,1960,0,1,3,NA,2,572,SR-57 N/B (ORANGE FWY),CIENEGA AVE,505,S,N,B,-,Y,LA,NA,57,NA,R,10.435,H,NA,R,Y,4,0,2,2,A,-,03,22350,NA,N,C,C,A,B,H,-,A,D,0,NA,NA,NA,NA,Y,NA,A,01,0,0,2,0,0,0,0,0,0,-,-,34.101600646972656,-117.81934356689452,LOS ANGELES,SAN DIMAS,-117.8193817138672,34.101593017578125
94685470,2025,2025-05-13,9550,2025-04-26,1220,024389,NA,6,1,9,1900,0,1,3,NA,2,600,STATE ROUTE 60 WESTBOUND TO INTERSTATE 605 NB,STATE ROUTE 60 (POMONA FREEWAY),1000,S,N,B,-,Y,LA,NA,605,NA,R,17.606,H,NA,R,N,2,0,4,1,A,-,08,22107,NA,N,F,A,A,B,H,-,A,D,0,NA,NA,NA,NA,Y,NA,B,07,2,2,0,0,0,0,0,0,0,-,-,34.035911560058594,-118.02413177490234,LOS ANGELES,UNINCORPORATED,-118.02430725097656,34.036067962646484
94685496,2025,2025-05-13,9530,2025-05-03,905,024138,NA,6,1,7,1941,0,1,1,NA,2,072,I-710 N/B (LONG BEACH FREEWAY),DEL AMO BLVD.,950,S,N,B,C,Y,LA,NA,710,NA,NA,10.65,H,NA,R,N,4,0,1,2,A,-,03,22350,NA,N,E,I,A,B,H,-,A,D,0,NA,NA,NA,Y,Y,NA,A,01,0,0,1,0,0,0,0,0,0,-,-,33.84408187866211,-118.2060775756836,LOS ANGELES,LONG BEACH,-118.20597839355467,33.84406280517578
94685510,2025,2025-05-13,9530,2025-05-05,2345,024418,NA,1,3,7,1942,0,1,3,NA,1,470,SR-47 S/B (VINCENT THOMAS BRIDGE),NAVY WAY,695,S,N,A,-,Y,LA,NA,47,NA,NA,2.232,H,NA,L,Y,4,0,1,2,A,-,03,22350,NA,N,C,C,A,A,H,-,C,D,0,NA,NA,NA,Y,Y,NA,A,01,0,0,1,0,0,0,0,0,0,-,-,33.75096893310547,-118.25829315185548,LOS ANGELES,LOS ANGELES,-118.25830078125,33.75098419189453
9468554,2022,2023-03-01,1900,2022-12-18,1852,642083,1337,7,5,5,1908,0,0,0,NA,0,132T2,WOODRUFF AV,TRABUCO ST,40,N,N,A,-,N,NA,NA,NA,NA,NA,NA,NA,NA,NA,Y,4,0,1,6,D,-,00,NA,NA,N,D,C,A,A,H,-,C,D,0,NA,NA,NA,NA,Y,NA,-,-,0,0,1,0,0,0,0,0,0,-,-,33.53150177001953,-118.7300033569336,LOS ANGELES,BELLFLOWER,-118.11736297607422,33.88747024536133
9468557,2022,2023-02-22,1900,2022-12-31,2203,643822,1323,6,5,5,1935,0,0,0,NA,0,132,PIMENTA AVE,DEL AMO BL,479,S,N,C,-,N,NA,NA,NA,NA,NA,NA,NA,NA,NA,N,3,0,1,2,A,-,03,22350,NA,N,C,C,A,B,F,-,C,D,0,NA,NA,NA,NA,Y,NA,J,48,0,1,0,0,0,0,0,0,0,-,-,NA,NA,LOS ANGELES,LAKEWOOD,-118.14366912841795,33.84539794921875
94685577,2025,2025-05-13,9590,2025-05-06,456,024196,NA,2,3,7,1942,0,1,1,NA,2,052,I-110 N/B (HARBOR FREEWAY),TEMPLE STREET,550,S,N,C,-,Y,LA,NA,110,NA,NA,23.511,H,NA,R,Y,4,0,2,2,A,-,07,21658,A,N,B,C,A,B,H,-,C,D,0,NA,NA,NA,NA,Y,NA,A,01,0,0,2,0,0,0,0,0,0,-,-,34.06031036376953,-118.25135040283205,LOS ANGELES,LOS ANGELES,-118.25136566162108,34.060325622558594
94685640,2025,2025-05-13,9565,2025-03-09,1800,023033,NA,7,2,7,1942,0,1,1,NA,2,062,I-405 NORTHBOUND (SAN DIEGO FREEWAY),VENICE BOULEVARD,1375,N,N,A,-,Y,LA,NA,405,NA,NA,28.242,H,NA,R,N,3,0,1,2,A,-,08,22107,NA,N,C,C,A,A,H,-,A,D,0,NA,NA,Y,NA,Y,NA,A,01,0,1,0,0,0,0,0,0,1,-,-,34.01560974121094,-118.42105865478516,LOS ANGELES,LOS ANGELES,-118.42103576660156,34.015625
94685685,2025,2025-05-13,9545,2025-05-06,545,016124,NA,2,3,9,1900,0,3,5,NA,2,004,AVENUE T,8TH ST EAST,0,NA,Y,A,-,N,NA,NA,NA,NA,NA,NA,NA,NA,NA,Y,4,0,2,2,A,-,09,21801,A,N,A,C,A,A,H,-,B,A,0,NA,NA,NA,NA,Y,NA,A,01,0,0,2,0,0,0,0,0,0,-,-,34.5429801940918,-117.97492980957033,LOS ANGELES,UNINCORPORATED,-118.11450958251952,34.660465240478516
9468569,2023,2023-09-12,1942,2023-08-08,1605,41671,0645,2,5,7,1942,0,0,0,F,0,27TL46,SUNSET BL,HIGHLAND AV,170,W,N,A,-,N,NA,NA,NA,NA,NA,NA,NA,NA,NA,N,4,0,1,2,A,-,10,21954,B,F,G,B,E,A,H,-,A,D,0,Y,NA,NA,NA,Y,NA,-,99,0,0,1,0,1,0,0,0,0,-,-,NA,NA,LOS ANGELES,LOS ANGELES,-118.33921813964844,34.09796905517578
94685702,2025,2025-05-13,9590,2025-05-05,220,023549,NA,1,3,7,1942,0,1,3,NA,2,031,STATE ROUTE 60 (POMONA FREEWAY) (POF),WHITTIER BLVD.,150,W,N,A,-,Y,LA,NA,60,NA,R,1.215,H,NA,R,Y,4,0,1,2,A,-,03,22350,NA,M,C,C,A,A,H,-,C,D,0,NA,NA,NA,NA,Y,NA,A,01,0,0,1,0,0,0,0,0,0,-,-,34.02885055541992,-118.20424652099608,LOS ANGELES,LOS ANGELES,-118.20419311523438,34.028594970703125
94685710,2025,2025-05-13,9590,2025-05-09,1538,024101,NA,5,2,7,1942,0,1,1,NA,2,051,I-110 S/B (HARBOR FREEWAY),57TH STREET,151,N,N,A,-,Y,LA,NA,110,NA,NA,18.1,H,NA,L,N,4,0,1,2,A,-,03,22350,NA,N,C,C,A,A,H,-,A,D,0,NA,NA,NA,NA,Y,NA,A,01,0,0,1,0,0,0,0,0,0,-,-,33.99073028564453,-118.28076934814452,LOS ANGELES,LOS ANGELES,-118.28059387207033,33.990726470947266
94685728,2025,2025-05-13,9545,2025-05-06,915,018058,NA,2,1,9,1900,0,2,4,NA,1,013,ELIZABETH LAKE RD,MESQUITE RD,0,NA,Y,A,-,N,NA,NA,NA,NA,NA,NA,NA,NA,NA,Y,3,0,2,2,A,-,09,21801,A,N,A,C,A,A,H,-,A,A,0,NA,NA,NA,NA,Y,NA,A,01,0,1,1,0,0,0,0,0,0,-,-,34.58720016479492,-118.15479278564452,LOS ANGELES,UNINCORPORATED,-118.1547622680664,34.58714294433594
94685729,2025,2025-05-13,9550,2025-05-05,1020,022789,NA,1,1,9,1900,0,1,3,NA,2,600,SR-60 WB,CROSSROADS PKWY.,190,E,N,A,-,Y,LA,NA,60,NA,NA,12.671,H,NA,L,N,3,0,1,2,A,-,03,22350,NA,N,C,C,A,A,H,-,A,D,0,NA,NA,NA,NA,Y,NA,A,08,0,1,0,0,0,0,0,0,0,-,-,34.02919006347656,-118.01181030273438,LOS ANGELES,UNINCORPORATED,-118.01181030273438,34.02920150756836
94685746,2025,2025-05-13,9525,2025-05-05,320,024192,NA,1,3,5,1906,0,1,1,NA,2,103,I-10 W/B,PUENTE AVE,1600,E,N,A,-,Y,LA,NA,10,NA,NA,33.732,H,NA,L,Y,4,0,1,2,A,-,07,21658,A,N,B,C,A,A,H,-,C,D,0,NA,NA,NA,NA,Y,NA,A,07,0,0,1,0,0,0,0,0,0,-,-,34.070980072021484,-117.95562744140624,LOS ANGELES,BALDWIN PARK,-117.95562744140624,34.070953369140625
94685789,2025,2025-05-13,9590,2025-05-03,645,024031,NA,6,1,7,1942,0,1,1,NA,2,064,I-10 E/B (SMF) TO I-5 N/B (GSF),LOS ANGELES RIVER,100,E,N,C,-,Y,LA,NA,10,NA,NA,18.053,H,NA,R,N,4,0,1,2,A,-,07,21658,A,F,B,C,A,B,H,-,A,D,0,NA,NA,NA,NA,Y,NA,-,99,0,0,1,0,0,0,0,0,0,-,-,34.029640197753906,-118.2242431640625,LOS ANGELES,LOS ANGELES,-118.22426605224608,34.0296745300293
94685800,2025,2025-05-13,9590,2025-05-04,1250,024031,NA,7,1,7,1942,0,1,3,NA,2,031,SR-60 W/B (POMONA FREEWAY),WHITTIER BOULEVARD,100,E,N,A,-,Y,LA,NA,60,NA,R,1.292,H,NA,L,N,4,0,1,3,A,-,03,22350,NA,N,C,C,A,A,H,-,A,D,0,NA,NA,NA,Y,Y,NA,F,26,0,0,1,0,0,0,0,0,0,-,-,34.02899169921875,-118.20308685302734,LOS ANGELES,LOS ANGELES,-118.20309448242188,34.02901840209961
94685827,2025,2025-05-13,9575,2025-05-06,1610,023031,NA,2,2,9,1900,0,1,3,NA,2,300,SR-2 (ANGELES CREST HIGHWAY),ANGELES FOREST HIGHWAY,9890,W,N,C,E,Y,LA,NA,2,NA,NA,31.366,H,NA,R,N,4,0,1,1,A,-,03,22350,NA,N,E,I,A,B,H,-,A,D,0,NA,NA,NA,NA,Y,NA,A,01,0,0,1,0,0,0,0,0,0,-,-,34.26054000854492,-118.18417358398438,LOS ANGELES,UNINCORPORATED,-118.18416595458984,34.260562896728516
94685842,2025,2025-05-13,9530,2025-05-03,1220,024013,NA,6,1,5,1977,0,1,1,NA,2,410,I-405 N/B (SAN DIEGO FREEWAY),CARSON ST.,500,S,N,B,-,Y,LA,NA,405,NA,NA,10.101,H,NA,R,Y,4,0,1,2,A,-,08,22107,NA,N,B,C,A,A,H,-,A,D,0,NA,NA,NA,NA,Y,NA,A,01,0,0,1,0,0,0,0,0,0,-,-,33.82678985595703,-118.25063323974608,LOS ANGELES,CARSON,-118.25059509277344,33.82683563232422
94685859,2025,2025-05-13,9530,2025-05-03,1635,023862,NA,6,2,7,1941,0,1,1,NA,2,430,I-405 S/B (SAN DIEGO FREEWAY),LAKEWOOD BLVD.,3500,N,N,A,-,Y,LA,NA,405,NA,NA,3.993,H,NA,L,N,4,0,1,3,A,-,03,22350,NA,N,C,C,A,A,H,-,A,D,0,NA,NA,NA,NA,Y,NA,A,01,0,0,1,0,0,0,0,0,0,-,-,33.80757141113281,-118.1540298461914,LOS ANGELES,LONG BEACH,-118.154052734375,33.80752182006836
94685880,2025,2025-05-13,9565,2025-05-02,1110,024108,NA,5,1,7,1942,0,1,1,NA,2,062,I-405 S/B (SAN DIEGO FWY.),NATIONAL BOULEVARD,125,N,N,A,-,Y,LA,NA,405,NA,NA,29.198,H,NA,L,N,4,0,3,3,A,-,03,22350,NA,N,C,C,A,A,H,-,A,D,0,NA,NA,NA,NA,Y,NA,A,07,0,0,3,0,0,0,0,0,0,-,-,34.02714157104492,-118.43038940429688,LOS ANGELES,LOS ANGELES,-118.43041229248048,34.02712631225586
94685897,2025,2025-05-13,9530,2025-05-04,1810,023188,NA,7,2,6,1972,0,1,1,NA,2,400,I-405 N/B (SAN DIEGO FREEWAY),CRENSHAW BLVD.,1320,N,N,A,-,Y,LA,NA,405,NA,NA,15.639,H,NA,R,Y,4,0,2,3,A,-,03,22350,NA,N,C,C,A,A,H,-,A,D,0,NA,NA,NA,NA,Y,NA,A,07,0,0,2,0,0,0,0,0,0,-,-,33.865440368652344,-118.3293228149414,LOS ANGELES,TORRANCE,-118.32927703857422,33.865543365478516
94685898,2025,2025-06-03,9530,2025-05-03,1100,022978,NA,6,1,5,1977,0,1,1,NA,2,410,I-405 S/B (SAN DIEGO FREEWAY),MAIN ST,640,N,N,A,-,Y,LA,NA,405,NA,NA,12.475,H,NA,L,N,4,0,2,4,A,-,03,22350,NA,N,C,C,A,A,H,-,A,D,0,NA,NA,NA,NA,Y,NA,A,08,0,0,2,0,0,0,0,0,0,-,-,33.85184860229492,-118.2785873413086,LOS ANGELES,CARSON,-118.2785873413086,33.85185241699219
94685910,2025,2025-05-13,9535,2025-05-05,906,023070,NA,1,1,3,1914,0,1,1,NA,2,500,I-5 NB (SANTA ANA FREEWAY),SIMONS R/R UP,120,N,N,A,-,Y,LA,NA,5,NA,NA,11.081,H,NA,R,N,4,0,1,2,A,-,03,22350,NA,N,C,C,A,A,H,-,A,D,0,NA,NA,NA,NA,Y,NA,A,07,0,0,1,0,0,0,0,0,0,-,-,33.98978042602539,-118.13961791992188,LOS ANGELES,COMMERCE,-118.13957977294922,33.98980712890625
94685973,2025,2025-05-13,9530,2025-05-03,2025,023862,NA,6,2,9,1900,0,3,5,NA,2,001,GAGE AVE.,HOOPER AVE.,0,NA,Y,G,-,N,NA,NA,NA,NA,NA,NA,NA,NA,NA,N,4,0,1,2,A,-,03,22350,NA,M,D,G,A,A,H,-,B,A,0,NA,Y,NA,NA,Y,NA,-,99,0,0,1,0,0,0,1,0,0,-,-,33.98202896118164,-118.2521514892578,LOS ANGELES,UNINCORPORATED,-118.25208282470705,33.98210144042969
94685979,2025,2025-05-13,9525,2025-05-06,905,024439,NA,2,1,9,1900,0,3,5,NA,2,004,WORKMAN MILL RD.,CROSSROADS PKWY.,0,NA,Y,B,-,N,NA,NA,NA,NA,NA,NA,NA,NA,NA,Y,3,0,1,2,A,-,09,21801,A,F,A,C,A,B,H,-,A,A,0,NA,NA,NA,NA,Y,NA,D,22,0,1,0,0,0,0,0,0,0,-,-,34.03229904174805,-118.02066802978516,LOS ANGELES,UNINCORPORATED,-118.02065277099608,34.03239440917969
9468602,2023,2023-09-26,1944,2023-08-10,1107,329,NA,4,5,4,1944,0,0,0,NA,0,NA,MANHATTAN BEACH BL,OCEAN DR,100,E,N,A,-,N,NA,NA,NA,NA,NA,NA,NA,NA,NA,N,3,0,1,2,B,-,22,NA,NA,N,G,-,F,A,H,-,A,D,0,Y,NA,NA,NA,Y,NA,A,01,0,1,0,0,1,0,0,0,0,-,-,33.88454055786133,-118.4113311767578,LOS ANGELES,MANHATTAN BEACH,-118.41107177734376,33.88462829589844
94686023,2024,2025-05-13,9565,2024-01-10,2340,022733,NA,3,3,9,1900,0,2,4,NA,1,041,HAWTHORNE BOULEVARD,LENNOX BOULEVARD,0,NA,Y,A,-,N,NA,NA,NA,NA,NA,NA,NA,NA,NA,N,1,1,0,2,A,-,12,21453,A,N,H,G,A,A,H,-,C,A,0,NA,Y,NA,NA,Y,NA,L,04,0,0,0,0,0,1,0,0,0,-,-,33.9379997253418,-118.3525619506836,LOS ANGELES,UNINCORPORATED,-118.35271453857422,33.93818283081055
9468603,2023,2023-09-08,1931,2023-08-24,857,5313,1931,4,5,5,1931,0,0,0,NA,0,002,SLAUSON AV,STATE ST,0,NA,Y,A,-,N,NA,NA,NA,NA,NA,NA,NA,NA,NA,N,4,0,1,2,D,-,00,NA,NA,N,A,C,A,A,H,-,A,A,0,NA,NA,NA,NA,Y,NA,-,-,0,0,1,0,0,0,0,0,0,-,-,NA,NA,LOS ANGELES,HUNTINGTON PARK,-118.21279907226564,33.989192962646484
94686038,2025,2025-05-13,9550,2025-05-08,807,021100,NA,4,1,9,1900,0,1,3,NA,2,601,SR-60,STIMSON AVENUE,3502,E,N,A,-,Y,LA,NA,60,NA,NA,16.984,H,NA,R,N,3,0,1,2,A,-,03,22350,NA,N,C,C,A,A,H,-,A,D,0,NA,NA,NA,Y,Y,NA,G,25,0,1,0,0,0,0,0,0,0,-,-,34.001800537109375,-117.94737243652344,LOS ANGELES,UNINCORPORATED,-117.9474639892578,34.0015869140625
94686054,2025,2025-07-11,9535,2025-03-07,1805,024213,NA,5,2,6,1922,0,1,1,NA,2,401,I-10 W/B (SAN BERNARDINO FREEWAY),TYLER AVE,120,E,N,A,-,Y,LA,NA,10,NA,NA,29.077,H,NA,L,N,3,0,1,3,A,-,07,21658,A,N,B,C,A,A,H,-,D,D,0,NA,NA,NA,NA,Y,NA,A,01,0,1,0,0,0,0,0,0,0,-,-,34.06822967529297,-118.03536224365234,LOS ANGELES,EL MONTE,-118.03536987304688,34.06813049316406
94686145,2025,2025-05-13,9590,2025-05-06,920,024451,NA,2,1,7,1942,0,1,1,NA,2,012,SR-110 N/B (ARROYO SECO PARKWAY),AVE 52,50,S,N,B,-,Y,LA,NA,110,NA,NA,28.03,H,NA,R,N,3,0,1,1,A,-,08,22107,NA,N,E,I,A,B,H,-,A,D,0,NA,NA,NA,NA,Y,NA,A,01,0,1,0,0,0,0,0,0,0,-,-,34.10293960571289,-118.19664001464844,LOS ANGELES,LOS ANGELES,-118.19664001464844,34.1028938293457
94686154,2025,2025-05-13,9525,2025-05-08,1600,024256,NA,4,2,9,1900,0,3,5,NA,2,004,SUNSET AVENUE (700N BLOCK),HOMEWARD STREET (14600E BLOCK),0,NA,Y,A,-,N,NA,NA,NA,NA,NA,NA,NA,NA,NA,Y,4,0,1,2,A,-,09,21802,A,N,D,C,A,A,H,-,A,A,0,NA,NA,NA,NA,Y,NA,A,07,0,0,1,0,0,0,0,0,0,-,-,34.04328155517578,-117.96526336669922,LOS ANGELES,UNINCORPORATED,-117.96529388427734,34.04327392578125
94686166,2025,2025-05-14,9535,2025-05-08,730,020902,NA,4,1,3,1914,0,1,1,NA,2,072,I-710 N/B (LONG BEACH FWY.),TRIGGS ST.,1400,S,N,A,-,Y,LA,NA,710,NA,NA,22.878,H,NA,R,N,4,0,1,2,A,-,03,22350,NA,N,C,C,A,A,H,-,A,D,0,NA,NA,NA,NA,Y,NA,A,01,0,0,1,0,0,0,0,0,0,-,-,34.01074981689453,-118.17224884033205,LOS ANGELES,COMMERCE,-118.17225646972656,34.01074981689453
94686167,2025,2025-05-14,9535,2025-05-01,1928,022269,NA,4,2,6,1922,0,1,1,NA,2,400,I-10 E/B (SAN BERNARDINO FREEWAY),COGSWELL AVE.,500,W,N,A,-,Y,LA,NA,10,NA,NA,30.026,H,NA,R,N,4,0,1,3,A,-,08,22107,NA,N,B,C,A,A,H,-,C,D,0,NA,NA,NA,NA,Y,NA,-,-,0,0,1,0,0,0,0,0,0,-,-,34.06669998168945,-118.01907348632813,LOS ANGELES,EL MONTE,-118.01907348632813,34.06669616699219
94686168,2025,2025-05-14,9535,2025-05-03,1925,024213,NA,6,2,9,1900,0,3,5,NA,2,001,SIMMONS AVE,VIA SAN DELARRO ST,0,NA,Y,B,-,N,NA,NA,NA,NA,NA,NA,NA,NA,NA,N,3,0,2,3,A,-,09,21800,B,N,D,C,A,A,H,-,A,D,0,NA,NA,NA,NA,Y,NA,A,01,0,2,0,0,0,0,0,0,0,-,-,34.0269889831543,-118.14320373535156,LOS ANGELES,UNINCORPORATED,-118.14322662353516,34.02695846557617
94686176,2025,2025-05-14,9525,2025-05-08,1621,019291,NA,4,2,9,1900,0,2,4,NA,2,045,VALLEY BLVD E/B,CALIFORNIA AVE,90,W,N,A,-,Y,NA,NA,NA,NA,NA,NA,NA,NA,NA,N,4,0,1,2,A,-,07,21658,A,N,B,C,A,A,H,-,A,D,0,NA,NA,NA,NA,Y,NA,-,-,0,0,1,0,0,0,0,0,0,-,-,34.03152084350586,-117.96993255615234,LOS ANGELES,UNINCORPORATED,-117.96977996826172,34.031455993652344
94686179,2025,2025-05-14,9525,2025-05-05,1840,023661,NA,1,2,9,1900,0,1,3,NA,1,024,SR-39 (SAN GABRIEL CANYON RD.),MM 36.02,300,N,N,E,-,Y,LA,NA,39,NA,NA,36.79,H,NA,R,Y,3,0,1,1,A,-,08,22107,NA,N,E,I,A,B,H,-,D,D,0,NA,NA,NA,NA,Y,NA,A,01,0,1,0,0,0,0,0,0,0,-,-,34.30337905883789,-117.84615325927734,LOS ANGELES,UNINCORPORATED,-117.8461456298828,34.30337905883789
94686183,2025,2025-05-14,9535,2025-05-12,900,023258,NA,1,1,9,1900,0,3,5,NA,2,001,DITMAN AVE,CITY TERRACE DR,0,NA,Y,A,-,N,NA,NA,NA,NA,NA,NA,NA,NA,NA,N,3,0,1,2,A,-,10,21950,A,N,G,B,D,A,H,-,A,A,0,Y,NA,NA,NA,Y,NA,A,01,0,1,0,0,1,0,0,0,0,-,-,34.048728942871094,-118.1896514892578,LOS ANGELES,UNINCORPORATED,-118.18963623046876,34.048789978027344
94686184,2025,2025-05-14,9535,2025-05-09,1121,023070,NA,5,1,5,1959,0,1,1,NA,2,400,I-10 E/B (SAN BERNARDINO FREEWAY) TO WALNUT GROVE,WALNUT GROVE AVE,160,W,N,A,-,Y,NA,NA,NA,NA,NA,NA,NA,NA,NA,N,3,0,1,2,A,-,03,22350,NA,M,A,C,A,A,H,-,A,D,0,NA,NA,NA,NA,Y,NA,A,01,0,1,0,0,0,0,0,0,0,-,-,34.071651458740234,-118.08257293701172,LOS ANGELES,ROSEMEAD,-118.08250427246094,34.07196807861328
94686195,2025,2025-05-14,9535,2025-05-12,2035,023375,NA,1,2,9,1900,0,1,1,NA,2,104,I-105 E/B (CENTURY FREEWAY) TO I-710 S/B,I-710 S/B (LONG BEACH FREEWAY),280,W,N,A,-,Y,NA,NA,NA,NA,NA,NA,NA,NA,NA,N,4,0,1,1,A,-,03,22350,NA,N,E,I,A,A,H,-,C,D,0,NA,NA,NA,NA,Y,NA,A,01,0,0,1,0,0,0,0,0,0,-,-,33.911041259765625,-118.18157196044922,LOS ANGELES,UNINCORPORATED,-118.1811065673828,33.91300964355469