CASE_ID,ACCIDENT_YEAR,PROC_DATE,JURIS,COLLISION_DATE,COLLISION_TIME,OFFICER_ID,REPORTING_DISTRICT,DAY_OF_WEEK,CHP_SHIFT,POPULATION,CNTY_CITY_LOC,SPECIAL_COND,BEAT_TYPE,CHP_BEAT_TYPE,CITY_DIVISION_LAPD,CHP_BEAT_CLASS,BEAT_NUMBER,PRIMARY_RD,SECONDARY_RD,DISTANCE,DIRECTION,INTERSECTION,WEATHER_1,WEATHER_2,STATE_HWY_IND,CALTRANS_COUNTY,CALTRANS_DISTRICT,STATE_ROUTE,ROUTE_SUFFIX,POSTMILE_PREFIX,POSTMILE,LOCATION_TYPE,RAMP_INTERSECTION,SIDE_OF_HWY,TOW_AWAY,COLLISION_SEVERITY,NUMBER_KILLED,NUMBER_INJURED,PARTY_COUNT,PRIMARY_COLL_FACTOR,PCF_CODE_OF_VIOL,PCF_VIOL_CATEGORY,PCF_VIOLATION,PCF_VIOL_SUBSECTION,HIT_AND_RUN,TYPE_OF_COLLISION,MVIW,PED_ACTION,ROAD_SURFACE,ROAD_COND_1,ROAD_COND_2,LIGHTING,CONTROL_DEVICE,CHP_ROAD_TYPE,PEDESTRIAN_ACCIDENT,BICYCLE_ACCIDENT,MOTORCYCLE_ACCIDENT,TRUCK_ACCIDENT,NOT_PRIVATE_PROPERTY,ALCOHOL_INVOLVED,STWD_VEHTYPE_AT_FAULT,CHP_VEHTYPE_AT_FAULT,COUNT_SEVERE_INJ,COUNT_VISIBLE_INJ,COUNT_COMPLAINT_PAIN,COUNT_PED_KILLED,COUNT_PED_INJURED,COUNT_BICYCLIST_KILLED,COUNT_BICYCLIST_INJURED,COUNT_MC_KILLED,COUNT_MC_INJURED,PRIMARY_RAMP,SECONDARY_RAMP,LATITUDE,LONGITUDE,COUNTY,CITY,POINT_X,POINT_Y
94694599,2025,2025-05-20,9535,2025-03-11,1445,022142,NA,2,2,9,1900,0,2,4,NA,2,022,OLYMPIC BLVD. (BLOCK 4500),EASTERN AVE.,50,E,N,B,-,N,NA,NA,NA,NA,NA,NA,NA,NA,NA,N,4,0,1,2,A,-,04,21703,NA,N,C,C,A,B,H,-,A,A,0,NA,NA,NA,NA,Y,NA,A,01,0,0,1,0,0,0,0,0,0,-,-,34.01900100708008,-118.17366027832033,LOS ANGELES,UNINCORPORATED,-118.17373657226564,34.0189094543457
94694600,2025,2025-05-20,9535,2025-03-14,1745,022822,NA,5,2,9,1900,0,1,3,NA,2,600,SR-60 E/B (POMONA FREEWAY),I-710 (LONG BEACH FREEWAY),310,W,N,B,-,Y,LA,NA,60,NA,R,3.199,H,NA,R,N,4,0,1,2,A,-,03,22350,NA,N,C,C,A,B,H,-,A,D,0,NA,NA,NA,NA,Y,NA,D,22,0,0,1,0,0,0,0,0,0,-,-,34.035369873046875,-118.17124176025392,LOS ANGELES,UNINCORPORATED,-118.17122650146484,34.03531265258789
94694618,2025,2025-09-08,9530,2025-03-03,1730,023652,NA,1,2,9,1900,0,3,5,NA,2,003,ALONDRA BOULEVARD (2600 BLOCK),WHITE AVENUE,8,W,N,A,-,N,NA,NA,NA,NA,NA,NA,NA,NA,NA,N,1,1,0,2,A,-,11,21950,B,N,G,B,B,A,H,-,A,A,0,Y,NA,NA,NA,Y,NA,N,60,0,0,0,1,0,0,0,0,0,-,-,33.88882827758789,-118.19522857666016,LOS ANGELES,UNINCORPORATED,-118.19515991210938,33.88874816894531
94694624,2025,2025-05-20,9550,2025-05-13,1505,023539,NA,2,2,9,1900,0,2,4,NA,1,032,GALE AVE,STIMSON AVE,200,W,N,A,-,N,NA,NA,NA,NA,NA,NA,NA,NA,NA,N,4,0,1,2,A,-,09,21804,A,N,D,C,A,A,H,-,A,D,0,NA,NA,NA,NA,Y,NA,A,01,0,0,1,0,0,0,0,0,0,-,-,34.0090217590332,-117.95717620849608,LOS ANGELES,UNINCORPORATED,-117.95667266845705,34.00888442993164
94694632,2025,2025-05-20,9550,2025-05-13,235,024296,NA,2,3,5,1919,0,1,3,NA,2,092,SR-91 EASTBOUND,PIONEER BOULEVARD,1000,E,N,A,-,Y,LA,NA,91,NA,R,18.297,H,NA,R,N,4,0,1,2,A,-,08,22107,NA,F,B,C,A,A,H,-,C,B,0,NA,NA,NA,NA,Y,NA,-,99,0,0,1,0,0,0,0,0,0,-,-,33.876380920410156,-118.07888793945313,LOS ANGELES,CERRITOS,-118.07888793945313,33.87637710571289
94694633,2025,2025-05-20,9535,2025-05-13,2208,023704,NA,2,3,9,1900,0,1,3,NA,2,621,SR-60 (POMONA FREEWAY) W/B,ROSEMEAD BLVD,52,W,N,A,-,Y,LA,NA,60,NA,NA,9.485,H,NA,L,Y,3,0,1,3,C,-,18,NA,NA,N,E,J,A,A,H,-,B,D,0,NA,NA,NA,NA,Y,NA,-,-,0,1,0,0,0,0,0,0,0,-,-,34.04132843017578,-118.06466674804688,LOS ANGELES,UNINCORPORATED,-118.06466674804688,34.0413932800293
94694668,2025,2025-05-20,9530,2025-05-14,810,024180,NA,3,1,7,1942,0,1,1,NA,2,110,I-110 S/B TO I-105,111TH PLACE,75,N,N,A,-,Y,LA,NA,110,NA,NA,14.192,H,NA,L,N,4,0,2,4,A,-,03,22350,NA,N,C,C,A,A,H,-,A,D,0,NA,NA,NA,NA,Y,NA,A,01,0,0,2,0,0,0,0,0,0,-,-,33.93415832519531,-118.28070068359376,LOS ANGELES,LOS ANGELES,-118.28052520751952,33.93414306640625
94694732,2025,2025-05-20,9535,2025-03-14,2145,024212,NA,5,2,3,1914,0,1,1,NA,2,073,I-710 S/B (LONG BEACH FREEWAY),WASHINGTON BLVD,1000,N,N,A,-,Y,LA,NA,710,NA,NA,22.679,H,NA,L,Y,4,0,2,4,A,-,03,22350,NA,N,C,C,A,A,H,-,D,D,0,NA,NA,NA,NA,Y,NA,A,01,0,0,2,0,0,0,0,0,0,-,-,34.00790023803711,-118.17244720458984,LOS ANGELES,COMMERCE,-118.17247772216795,34.00790023803711
9469475,2023,2023-09-13,1900,2023-08-25,917,657316,1618,5,5,5,1977,0,0,0,NA,0,164T,CARSON ST,FIGUEROA ST,470,E,N,A,-,N,NA,NA,NA,NA,NA,NA,NA,NA,NA,N,4,0,1,2,A,-,09,21804,A,M,D,C,A,A,H,-,A,D,0,NA,NA,NA,NA,Y,NA,-,99,0,0,1,0,0,0,0,0,0,-,-,33.831581115722656,-118.28434753417967,LOS ANGELES,CARSON,-118.28459930419922,33.83155059814453
94694754,2025,2025-05-20,9590,2025-05-10,1220,019839,NA,6,1,7,1942,0,1,A,NA,2,730,639 W MARTIN LUTHER KING JR BLVD (PARKING LOT),FIGUEROA STREET,151,W,N,A,-,N,NA,NA,NA,NA,NA,NA,NA,NA,NA,N,3,0,1,2,B,-,22,NA,NA,N,D,C,A,A,H,-,A,D,0,NA,NA,NA,NA,Y,NA,M,94,0,1,0,0,0,0,0,0,0,-,-,34.01179122924805,-118.28491973876952,LOS ANGELES,LOS ANGELES,-118.28323364257813,34.011138916015625
94694775,2025,2025-05-20,9590,2025-05-12,1734,023946,NA,1,2,7,1942,0,1,1,NA,2,050,I-110 N/B (HARBOR FREEWAY),W. COLDEN AVENUE,78,N,N,A,-,Y,LA,NA,110,NA,NA,15.253,H,NA,R,N,3,0,1,1,A,-,08,22107,NA,N,F,A,A,A,H,-,A,D,0,NA,NA,Y,NA,Y,NA,C,02,0,1,0,0,0,0,0,0,1,-,-,33.94942855834961,-118.27960205078124,LOS ANGELES,LOS ANGELES,-118.27957153320313,33.94943618774414
94694786,2025,2025-05-20,9535,2025-03-31,1530,023962,NA,1,2,9,1900,0,1,1,NA,2,500,I-5 N/B (SANTA ANA FREEWAY),EASTERN AVE,10,N,N,B,-,Y,LA,NA,5,NA,NA,13.895,H,NA,R,N,4,0,1,2,A,-,07,21658,A,N,C,C,A,A,H,-,A,D,0,NA,NA,NA,NA,Y,NA,A,01,0,0,1,0,0,0,0,0,0,-,-,34.01721954345703,-118.17430877685548,LOS ANGELES,UNINCORPORATED,-118.17432403564452,34.01719665527344
94694797,2025,2025-05-20,9575,2025-05-06,1935,023031,NA,2,2,7,1942,0,1,1,NA,2,061,I-210 E/B (FOOTHILL FREEWAY),WHEATLAND AVE.,970,E,N,B,C,Y,LA,NA,210,NA,R,9.636,H,NA,R,N,4,0,3,3,A,-,07,21658,A,N,C,C,A,B,H,-,D,D,0,NA,NA,NA,Y,Y,NA,A,07,0,0,3,0,0,0,0,0,0,-,-,34.27164840698242,-118.34980010986328,LOS ANGELES,LOS ANGELES,-118.34979248046876,34.27169418334961
94694811,2025,2025-05-20,9535,2025-04-25,1330,023354,NA,5,1,9,1900,0,1,1,NA,2,072,I-710 N/B (LONG BEACH FREEWAY,TRIGGS ST,705,S,N,B,-,Y,LA,NA,710,NA,NA,23.007,H,NA,R,Y,4,0,1,3,A,-,07,21658,A,N,C,C,A,A,H,-,A,D,0,NA,NA,NA,NA,Y,NA,A,01,0,0,1,0,0,0,0,0,0,-,-,34.012630462646484,-118.17225646972656,LOS ANGELES,UNINCORPORATED,-118.17225646972656,34.012630462646484
94694813,2025,2025-05-20,9535,2025-04-21,2345,023437,NA,1,3,9,1900,0,3,5,NA,2,002,EASTERN AVENUE(1110 BLOCK),OLYMPIC BLVD.,10,N,N,A,-,N,NA,NA,NA,NA,NA,NA,NA,NA,NA,N,4,0,1,2,A,-,03,22350,NA,N,C,C,A,A,H,-,B,A,0,NA,NA,NA,NA,Y,NA,A,01,0,0,1,0,0,0,0,0,0,-,-,34.019039154052734,-118.17401123046876,LOS ANGELES,UNINCORPORATED,-118.17389678955078,34.01893615722656
94694826,2025,2025-07-14,9535,2025-05-08,1055,021643,NA,4,1,5,1969,0,1,1,NA,2,075,I-710 S/B (LONG BEACH FREEWAY) FROM FIRESTONE BOUL,FIRESTONE BOULEVARD,1040,S,N,A,-,Y,LA,NA,710,NA,NA,18.235,H,NA,L,Y,4,0,1,2,A,-,03,22350,NA,F,D,C,A,A,H,-,A,D,0,NA,NA,Y,NA,Y,NA,C,02,0,0,1,0,0,0,0,0,1,-,-,33.94683837890625,-118.1707763671875,LOS ANGELES,SOUTH GATE,-118.17059326171876,33.94682312011719
94694833,2025,2025-05-21,9535,2025-03-15,1558,023351,NA,6,2,4,1962,0,1,1,NA,2,400,I-10 (SAN BERNARDINO FREEWAY) E/B,JACKSON AVE.,35,E,N,A,-,Y,LA,NA,10,NA,NA,25.096,H,NA,R,N,4,0,1,6,A,-,08,22107,NA,N,B,C,A,A,H,-,A,D,0,NA,NA,NA,NA,Y,NA,A,01,0,0,1,0,0,0,0,0,0,-,-,34.0717887878418,-118.10372924804688,LOS ANGELES,SAN GABRIEL,-118.10372924804688,34.071678161621094
94694842,2025,2025-05-21,9590,2025-05-18,1450,023472,NA,7,2,7,1942,0,1,1,NA,2,061,I-10 W/B (SANTA MONICA FREEWAY),8TH AVENUE PEDESTRIAN OVERCROSSING,120,E,N,A,-,Y,LA,NA,10,NA,R,11.858,H,NA,L,N,3,0,1,2,A,-,03,22350,NA,N,C,C,A,A,H,-,A,D,0,NA,NA,NA,NA,Y,NA,A,01,0,1,0,0,0,0,0,0,0,-,-,34.035621643066406,-118.32562255859376,LOS ANGELES,LOS ANGELES,-118.32563018798828,34.03567886352539
94695013,2025,2025-05-21,9550,2025-05-19,840,022820,NA,1,1,9,1900,0,2,4,NA,1,022,LEFFINGWELL RD.,TELEGRAPH RD.,45,E,N,A,-,N,NA,NA,NA,NA,NA,NA,NA,NA,NA,N,4,0,1,2,A,-,01,23153,A,N,C,C,A,A,H,-,A,A,0,NA,NA,NA,NA,Y,Y,A,01,0,0,1,0,0,0,0,0,0,-,-,33.92430877685547,-118.0229721069336,LOS ANGELES,UNINCORPORATED,-118.02313995361328,33.92426300048828
94695014,2025,2025-05-21,9550,2025-05-19,815,022820,NA,1,1,9,1900,0,2,4,NA,1,022,LEFFINGWELL RD.,LA MIRADA BLVD.,50,E,N,A,-,N,NA,NA,NA,NA,NA,NA,NA,NA,NA,N,4,0,1,2,A,-,01,23152,A,N,C,C,A,A,H,-,A,A,0,NA,NA,NA,NA,Y,Y,A,01,0,0,1,0,0,0,0,0,0,-,-,33.92692947387695,-118.01158142089844,LOS ANGELES,UNINCORPORATED,-118.01181793212892,33.92677688598633
94695156,2025,2025-05-21,9540,2025-05-08,415,022225,NA,4,3,9,1900,0,1,1,NA,2,512,I-5 N/B (GOLDEN STATE FREEWAY),QUAIL LAKE ROAD,0.63,N,N,A,-,Y,LA,NA,5,NA,R,82.411,H,NA,R,Y,4,0,1,1,A,-,08,22107,NA,N,E,I,A,A,H,-,C,D,0,NA,NA,NA,NA,Y,NA,A,01,0,0,1,0,0,0,0,0,0,-,-,34.770591735839844,-118.80239868164064,LOS ANGELES,UNINCORPORATED,-118.8026123046875,34.77045440673828
94695161,2025,2025-05-21,9530,2025-05-10,1615,024223,NA,6,2,7,1942,0,1,1,NA,2,110,I-110 S/B (HARBOR FREEWAY),I-105 W/B (GLENN ANDERSON FWY),2957,N,N,A,-,Y,LA,NA,110,NA,NA,14.415,H,NA,L,N,4,0,1,1,A,-,08,22107,NA,N,E,I,A,A,H,-,A,D,0,NA,NA,NA,NA,Y,NA,A,01,0,0,1,0,0,0,0,0,0,-,-,33.937320709228516,-118.28006744384766,LOS ANGELES,LOS ANGELES,-118.28018951416016,33.937320709228516
94695166,2025,2025-05-21,9580,2025-05-11,1030,022603,NA,7,1,7,1942,0,1,2,NA,2,105,US-101 N/B (VENTURA FREEWAY),CANOGA AVE,500,S,N,A,-,Y,LA,NA,101,NA,NA,24.652,H,NA,R,N,3,0,4,3,A,-,03,22350,NA,N,C,C,A,A,H,-,A,D,0,NA,NA,NA,NA,Y,NA,A,01,0,1,3,0,0,0,0,0,0,-,-,34.168949127197266,-118.59390258789064,LOS ANGELES,LOS ANGELES,-118.59388732910156,34.169002532958984
94695167,2025,2025-05-21,9565,2025-05-09,950,023177,NA,5,1,9,1900,0,3,5,NA,2,003,OVERHILL DR.,NORTHRIDGE DR,0,NA,Y,A,-,N,NA,NA,NA,NA,NA,NA,NA,NA,NA,Y,3,0,2,2,A,-,09,21801,A,N,A,C,A,A,H,-,A,A,0,NA,NA,NA,NA,Y,NA,A,01,0,2,0,0,0,0,0,0,0,-,-,33.99436950683594,-118.35539245605467,LOS ANGELES,UNINCORPORATED,-118.35546875,33.99431228637695
94695168,2025,2025-05-21,9580,2025-05-13,600,022762,NA,2,1,7,1942,0,1,3,NA,2,171,SR-170 S/B (HOLLYWOOD FWY.),MAGNOLIA BLVD,300,S,N,A,-,Y,LA,NA,170,NA,R,15.294,H,NA,L,N,4,0,2,2,A,-,03,22350,NA,N,C,C,A,A,H,-,A,D,0,NA,NA,NA,NA,Y,NA,A,01,0,0,2,0,0,0,0,0,0,-,-,34.16389083862305,-118.38233184814452,LOS ANGELES,LOS ANGELES,-118.3823699951172,34.16387939453125
94695183,2025,2025-05-21,9565,2025-05-09,1340,024474,NA,5,1,9,1900,0,1,1,NA,2,063,I-405 N/B (SAN DIEGO FREEWAY),WILSHIRE BLVD,1700,S,N,A,-,Y,LA,NA,405,NA,NA,31.491,H,NA,R,Y,2,0,1,2,A,-,07,21658,A,F,B,C,A,A,H,-,A,D,0,NA,NA,Y,NA,Y,NA,-,99,1,0,0,0,0,0,0,0,1,-,-,34.055030822753906,-118.45142364501952,LOS ANGELES,UNINCORPORATED,-118.4513931274414,34.055049896240234
94695225,2025,2025-05-21,9550,2025-05-06,1010,024389,NA,2,1,9,1900,0,3,5,NA,2,004,17250 COLIMA RD,COLIMA ROAD,3168,S,N,A,-,N,NA,NA,NA,NA,NA,NA,NA,NA,NA,N,3,0,1,2,B,-,22,NA,NA,N,G,B,E,A,H,-,A,D,0,Y,NA,NA,NA,Y,NA,A,01,0,1,0,0,1,0,0,0,0,-,-,33.98196029663086,-117.92877960205078,LOS ANGELES,UNINCORPORATED,-118.01213073730467,33.9415283203125
94695229,2025,2025-05-21,9525,2025-05-13,1249,019291,NA,2,1,4,1946,0,1,1,NA,2,201,I-210 W/B (FOOTHILL FWY),MYRTLE AVE,1848,W,N,A,-,Y,LA,NA,210,NA,R,33.529,H,NA,L,Y,3,0,1,3,A,-,07,21658,A,N,B,C,A,A,H,-,A,D,0,NA,NA,NA,Y,Y,NA,F,26,0,1,0,0,0,0,0,0,0,-,-,34.13587188720703,-118.00762176513672,LOS ANGELES,MONROVIA,-118.00764465332033,34.13578796386719
94695231,2025,2025-05-21,9525,2025-05-13,1055,019291,NA,2,1,4,1946,0,1,1,NA,2,202,I-210 E/B (FOOTHILL FWY),MYRTLE AVE,1584,W,N,A,-,Y,LA,NA,210,NA,R,33.592,H,NA,R,N,4,0,1,2,A,-,07,21658,A,N,B,C,A,A,H,-,A,D,0,NA,NA,NA,Y,Y,NA,-,-,0,0,1,0,0,0,0,0,0,-,-,34.13536834716797,-118.00656127929688,LOS ANGELES,MONROVIA,-118.0065460205078,34.135467529296875
94695241,2025,2025-05-21,9565,2025-05-09,1556,023177,NA,5,2,9,1900,0,1,1,NA,2,060,I-405 S/B (SAN DIEGO FWY),IMPERIAL HWY,10,S,N,A,-,Y,LA,NA,405,NA,R,21.222,H,NA,L,N,3,0,1,2,A,-,03,22350,NA,N,C,C,A,A,H,-,A,D,0,NA,NA,NA,NA,Y,NA,D,22,0,1,0,0,0,0,0,0,0,-,-,33.930721282958984,-118.36846923828124,LOS ANGELES,UNINCORPORATED,-118.36854553222656,33.930721282958984
94695242,2025,2025-05-21,9535,2025-04-11,645,024378,NA,5,1,9,1900,0,1,3,NA,2,621,SR-60 W/B (POMONA FREEWAY),INDIANA ST.,200,E,N,A,-,Y,LA,NA,60,NA,R,1.982,H,NA,L,N,4,0,1,2,A,-,03,22350,NA,N,C,C,A,A,H,-,A,D,0,NA,NA,NA,NA,Y,NA,A,01,0,0,1,0,0,0,0,0,0,-,-,34.031551361083984,-118.19161224365234,LOS ANGELES,UNINCORPORATED,-118.19161224365234,34.03154754638672
94695247,2025,2025-05-21,9550,2025-05-10,1840,024187,NA,6,2,6,1949,0,1,1,NA,2,651,INTERSTATE 605 (SAN GABRIEL RIVER FREEWAY) NORTHBO,FIRESTONE BOULEVARD,300,N,N,A,-,Y,LA,NA,605,NA,R,8.465,H,NA,R,Y,3,0,3,3,A,-,03,22350,NA,N,C,C,A,A,H,-,A,D,0,NA,NA,NA,NA,Y,NA,A,01,0,1,2,0,0,0,0,0,0,-,-,33.92570114135742,-118.10386657714844,LOS ANGELES,NORWALK,-118.10372161865234,33.9256706237793
94695267,2025,2025-05-21,9575,2025-05-12,1440,021925,NA,1,2,6,1912,0,1,3,NA,2,044,SR-134 E/B (VENTURA FREEWAY),BOB HOPE DRIVE,607,W,N,A,-,Y,LA,NA,134,NA,NA,2.551,H,NA,R,N,4,0,1,1,A,-,08,22107,NA,N,B,C,A,A,H,-,A,D,0,NA,NA,NA,NA,Y,NA,A,01,0,0,1,0,0,0,0,0,0,-,-,34.15229034423828,-118.33248138427734,LOS ANGELES,BURBANK,-118.33248138427734,34.15232467651367
94695273,2025,2025-05-21,9530,2025-05-14,1210,018745,NA,3,1,5,1977,0,1,1,NA,2,410,I-405 N/B (SAN DIEGO FREEWAY),MAIN ST.,275,N,N,A,-,Y,LA,NA,405,NA,NA,12.671,H,NA,R,N,4,0,3,2,A,-,07,21658,A,N,E,I,A,A,H,-,A,D,0,NA,NA,NA,NA,Y,NA,A,08,0,0,3,0,0,0,0,0,0,-,-,33.853858947753906,-118.28108978271484,LOS ANGELES,CARSON,-118.28102111816406,33.853919982910156
94695293,2025,2025-05-21,9550,2025-05-09,2120,024284,NA,5,2,3,1964,0,1,1,NA,2,501,I-5 NORTHBOUND,CARMENITA ROAD,7920,S,N,A,-,Y,LA,NA,5,NA,NA,1.767,H,NA,R,Y,4,0,1,1,A,-,01,23152,A,N,E,I,A,A,H,-,D,D,0,NA,NA,NA,NA,Y,Y,A,01,0,0,1,0,0,0,0,0,0,-,-,33.888458251953125,-118.0368423461914,LOS ANGELES,SANTA FE SPRINGS,-118.03672790527344,33.888614654541016
94695308,2025,2025-05-21,9575,2025-05-20,1410,021538,NA,2,2,6,1912,0,1,1,NA,2,051,I-5 S/B (GOLDEN STATE FREEWAY) TO ALAMEDA AVE.,ALAMEDA AVE.,388,S,N,A,-,Y,LA,NA,5,NA,NA,28.356,H,NA,L,Y,3,0,1,1,A,-,08,22107,NA,N,E,9,A,A,H,-,A,D,0,NA,NA,NA,NA,Y,NA,A,07,0,1,0,0,0,0,0,0,0,-,-,34.169288635253906,-118.30339813232422,LOS ANGELES,BURBANK,-118.30329132080078,34.16939163208008
94695321,2025,2025-05-21,9550,2025-05-08,1505,024382,NA,4,2,6,1949,0,1,1,NA,2,150,I-105 EASTBOUND TO I-605 NORTHBOUND,IMPERIAL HWY.,50,N,N,A,-,Y,NA,NA,NA,NA,NA,NA,NA,NA,NA,N,4,0,1,2,A,-,03,22350,NA,F,C,C,A,A,H,-,A,D,0,NA,NA,NA,NA,Y,NA,-,99,0,0,1,0,0,0,0,0,0,-,-,33.91754913330078,-118.10415649414064,LOS ANGELES,NORWALK,-118.34580230712892,33.9310417175293
94695326,2025,2025-05-21,9525,2025-05-14,1,022770,NA,3,3,1,1934,0,1,1,NA,2,203,I-210 W/B (FOOTHILL FWY),I-605 N/B (SAN GABRIEL RIVER FWY),2112,E,N,A,-,Y,LA,NA,210,NA,R,36.853,H,NA,L,N,4,0,1,3,A,-,03,22350,NA,N,C,C,A,A,H,-,A,D,0,NA,NA,NA,NA,Y,NA,-,-,0,0,1,0,0,0,0,0,0,-,-,34.13230895996094,-117.95024871826172,LOS ANGELES,IRWINDALE,-117.9502182006836,34.13236999511719
94695334,2025,2025-05-21,9575,2025-05-13,1542,021879,NA,2,2,6,1912,0,1,1,NA,2,051,I-5 S/B (GOLDEN STATE FREEWAY),ALAMEDA AVE.,750,N,N,A,-,Y,LA,NA,5,NA,NA,28.601,H,NA,L,N,4,0,1,2,A,-,03,22350,NA,M,C,C,A,A,H,-,A,D,0,NA,NA,NA,NA,Y,NA,-,99,0,0,1,0,0,0,0,0,0,-,-,34.17206954956055,-118.30612182617188,LOS ANGELES,BURBANK,-118.30606079101564,34.172088623046875
94695345,2025,2025-05-21,9530,2025-05-07,1715,023590,NA,3,2,9,1900,0,3,5,NA,2,006,223RD ST. (700 BLOCK),223RD TO I-110 S/B,0,NA,Y,A,-,N,NA,NA,NA,NA,NA,NA,NA,NA,NA,Y,4,0,1,2,A,-,09,21801,A,N,B,C,A,A,H,-,A,D,0,NA,NA,NA,NA,Y,NA,A,01,0,0,1,0,0,0,0,0,0,-,-,33.82439041137695,-118.28781127929688,LOS ANGELES,UNINCORPORATED,-118.22274780273438,33.82426071166992
94695355,2025,2025-05-21,9575,2025-05-17,110,023243,NA,6,3,7,1942,0,1,1,NA,2,053,I-5 N/B (GOLDEN STATE FREEWAY),PAXTON STREET,1510,N,N,A,-,Y,LA,NA,5,NA,NA,39.367,H,NA,R,N,4,0,1,1,A,-,08,22107,NA,N,F,I,A,A,H,-,C,D,0,NA,NA,NA,NA,Y,NA,A,07,0,0,1,0,0,0,0,0,0,-,-,34.266849517822266,-118.4433135986328,LOS ANGELES,LOS ANGELES,-118.44342041015624,34.26678466796875
94695362,2025,2025-05-21,9535,2025-05-13,1744,023388,NA,2,2,9,1900,0,2,4,NA,2,024,WHITTIER BLVD.,WESTSIDE DR.,0,NA,Y,A,-,N,NA,NA,NA,NA,NA,NA,NA,NA,NA,N,4,0,1,3,A,-,03,22350,NA,N,C,C,A,A,H,-,A,A,0,NA,NA,NA,NA,Y,NA,A,01,0,0,1,0,0,0,0,0,0,-,-,34.0161018371582,-118.13703918457033,LOS ANGELES,UNINCORPORATED,-118.13703918457033,34.01612854003906
94695376,2025,2025-05-21,9545,2025-05-12,547,024372,NA,1,3,9,1900,0,3,5,NA,2,001,AVENUE L,40TH ST  WEST,0,NA,Y,A,-,N,NA,NA,NA,NA,NA,NA,NA,NA,NA,Y,4,0,2,2,A,-,12,21453,A,N,D,2,A,A,H,-,A,A,0,NA,NA,NA,NA,Y,NA,A,01,0,0,2,0,0,0,0,0,0,-,-,34.66014099121094,-118.20140075683594,LOS ANGELES,UNINCORPORATED,-118.20136260986328,34.66017150878906
94695385,2025,2025-05-21,9545,2025-05-12,1030,024372,NA,1,1,9,1900,0,3,5,NA,1,005,140TH ST E,AVENUE H,0,NA,Y,G,-,N,NA,NA,NA,NA,NA,NA,NA,NA,NA,Y,4,0,1,1,A,-,03,22350,NA,N,E,8,A,A,H,-,A,D,0,NA,NA,NA,NA,Y,NA,A,01,0,0,1,0,0,0,0,0,0,-,-,34.719478607177734,-117.88088989257813,LOS ANGELES,UNINCORPORATED,-117.88075256347656,34.71954345703125
94695387,2025,2025-05-21,9525,2025-05-13,1550,023586,NA,2,2,5,1906,0,1,1,NA,2,103,I-10 W/B (SAN BERNARDINO FWY),FRANCISQUITO AVE.,1584,E,N,A,-,Y,LA,NA,10,NA,NA,32.999,H,NA,L,N,4,0,1,4,A,-,03,22350,NA,N,C,C,A,A,H,-,A,D,0,NA,NA,NA,NA,Y,NA,A,01,0,0,1,0,0,0,0,0,0,-,-,34.06945037841797,-117.96826171875,LOS ANGELES,BALDWIN PARK,-117.96825408935548,34.06941604614258
94695392,2025,2025-05-21,9545,2025-05-13,915,024372,NA,2,1,9,1900,0,3,5,NA,2,002,AVENUE S,5TH ST E,0,NA,Y,A,-,N,NA,NA,NA,NA,NA,NA,NA,NA,NA,Y,4,0,2,3,A,-,03,22350,NA,N,B,C,A,A,H,-,A,D,0,NA,NA,NA,NA,Y,NA,A,01,0,0,2,0,0,0,0,0,0,-,-,34.55792999267578,-118.12059783935548,LOS ANGELES,UNINCORPORATED,-118.1204071044922,34.5579948425293
94695408,2025,2025-05-21,9540,2025-05-14,2210,024413,NA,3,3,9,1900,0,1,1,NA,2,506,I-5 N/B TO HASLEY CANYON ROAD,HASLEY CANYON RD,40,S,N,A,-,Y,NA,NA,NA,NA,NA,NA,NA,NA,NA,N,4,0,1,2,A,-,04,21703,NA,N,C,C,A,A,H,-,C,D,0,NA,NA,NA,NA,Y,NA,A,01,0,0,1,0,0,0,0,0,0,-,-,34.45587158203125,-118.6151123046875,LOS ANGELES,UNINCORPORATED,-118.61588287353516,34.45594024658203
94695409,2025,2025-05-21,9580,2025-05-09,1021,020763,NA,5,1,9,1900,0,1,3,NA,1,270,SR-27 S/B (TOPANGA CYN. BLVD.),ROBINSON RD,10,N,N,A,-,N,NA,NA,NA,NA,NA,NA,NA,NA,NA,Y,4,0,1,2,A,-,03,22350,NA,N,C,C,A,A,H,-,A,B,0,NA,NA,NA,NA,Y,NA,A,08,0,0,1,0,0,0,0,0,0,-,-,34.101470947265625,-118.5933837890625,LOS ANGELES,UNINCORPORATED,-118.5930404663086,34.10133743286133
94695411,2025,2025-05-21,9530,2025-05-19,1118,017755,NA,1,1,9,1900,0,1,1,NA,2,410,I-405 S/B (SAN DIEGO FREEWAY),I-110,104,N,N,A,-,Y,LA,NA,405,NA,NA,13.011,H,NA,L,Y,3,0,1,2,A,-,07,21658,A,N,B,C,A,A,H,-,A,D,0,NA,NA,NA,NA,Y,NA,A,07,0,1,0,0,0,0,0,0,0,-,-,33.857181549072266,-118.28529357910156,LOS ANGELES,UNINCORPORATED,-118.28530120849608,33.8571662902832