CASE_ID,ACCIDENT_YEAR,PROC_DATE,JURIS,COLLISION_DATE,COLLISION_TIME,OFFICER_ID,REPORTING_DISTRICT,DAY_OF_WEEK,CHP_SHIFT,POPULATION,CNTY_CITY_LOC,SPECIAL_COND,BEAT_TYPE,CHP_BEAT_TYPE,CITY_DIVISION_LAPD,CHP_BEAT_CLASS,BEAT_NUMBER,PRIMARY_RD,SECONDARY_RD,DISTANCE,DIRECTION,INTERSECTION,WEATHER_1,WEATHER_2,STATE_HWY_IND,CALTRANS_COUNTY,CALTRANS_DISTRICT,STATE_ROUTE,ROUTE_SUFFIX,POSTMILE_PREFIX,POSTMILE,LOCATION_TYPE,RAMP_INTERSECTION,SIDE_OF_HWY,TOW_AWAY,COLLISION_SEVERITY,NUMBER_KILLED,NUMBER_INJURED,PARTY_COUNT,PRIMARY_COLL_FACTOR,PCF_CODE_OF_VIOL,PCF_VIOL_CATEGORY,PCF_VIOLATION,PCF_VIOL_SUBSECTION,HIT_AND_RUN,TYPE_OF_COLLISION,MVIW,PED_ACTION,ROAD_SURFACE,ROAD_COND_1,ROAD_COND_2,LIGHTING,CONTROL_DEVICE,CHP_ROAD_TYPE,PEDESTRIAN_ACCIDENT,BICYCLE_ACCIDENT,MOTORCYCLE_ACCIDENT,TRUCK_ACCIDENT,NOT_PRIVATE_PROPERTY,ALCOHOL_INVOLVED,STWD_VEHTYPE_AT_FAULT,CHP_VEHTYPE_AT_FAULT,COUNT_SEVERE_INJ,COUNT_VISIBLE_INJ,COUNT_COMPLAINT_PAIN,COUNT_PED_KILLED,COUNT_PED_INJURED,COUNT_BICYCLIST_KILLED,COUNT_BICYCLIST_INJURED,COUNT_MC_KILLED,COUNT_MC_INJURED,PRIMARY_RAMP,SECONDARY_RAMP,LATITUDE,LONGITUDE,COUNTY,CITY,POINT_X,POINT_Y
94695426,2025,2025-05-21,9550,2025-05-09,755,023329,NA,5,1,9,1900,0,3,5,NA,2,005,PATHFINDER ROAD WESTBOUND,FULLERTON ROAD,100,E,N,A,-,N,NA,NA,NA,NA,NA,NA,NA,NA,NA,Y,4,0,2,3,A,-,03,22350,NA,N,D,C,A,A,H,-,A,A,0,NA,NA,NA,NA,Y,NA,A,07,0,0,2,0,0,0,0,0,0,-,-,33.96781921386719,-117.91497802734376,LOS ANGELES,UNINCORPORATED,-117.91500091552734,33.967777252197266
94695437,2025,2025-05-21,9530,2025-05-14,1535,022079,NA,3,2,9,1900,0,3,5,NA,2,002,WILMINGTON AVE.,HEALING WAY,0,NA,Y,A,-,N,NA,NA,NA,NA,NA,NA,NA,NA,NA,N,4,0,2,2,A,-,12,21453,A,N,D,C,A,A,H,-,A,A,0,NA,NA,NA,NA,Y,NA,A,01,0,0,2,0,0,0,0,0,0,-,-,33.923221588134766,-118.23915100097656,LOS ANGELES,UNINCORPORATED,NA,NA
94695456,2025,2025-05-21,9530,2025-05-14,1620,017860,NA,3,2,9,1900,0,3,5,NA,2,002,WILLOWBROOK AVE.,124TH ST,110,N,N,A,-,N,NA,NA,NA,NA,NA,NA,NA,NA,NA,N,4,0,1,2,A,-,03,22350,NA,F,C,C,A,A,H,-,A,A,0,NA,NA,NA,NA,Y,NA,-,99,0,0,1,0,0,0,0,0,0,-,-,33.92020034790039,-118.2338409423828,LOS ANGELES,UNINCORPORATED,-118.23375701904295,33.92009735107422
94695519,2025,2025-07-15,9590,2025-05-20,830,023252,NA,2,1,7,1942,0,1,1,NA,2,010,SR-110 N/B (ARROYO SECO PARKWAY),COLLEGE STREET,350,S,N,A,-,Y,LA,NA,110,NA,NA,24.092,H,NA,R,N,4,0,1,2,A,-,07,21658,A,M,B,C,A,A,H,-,A,D,0,NA,NA,NA,NA,Y,NA,-,99,0,0,1,0,0,0,0,0,0,-,-,34.065189361572266,-118.24337768554688,LOS ANGELES,LOS ANGELES,-118.24340057373048,34.06523132324219
94695531,2025,2025-05-21,9565,2025-05-09,2340,024321,NA,5,3,4,1918,0,1,3,NA,2,070,SR-90 EASTBOUND TO SLAUSON AVENUE,SLAUSON AVE.,15,W,N,A,-,Y,LA,NA,90,NA,T,3.248,H,NA,R,Y,3,0,4,3,A,-,01,23152,A,N,C,C,A,A,H,-,C,A,0,NA,NA,NA,NA,Y,Y,A,07,0,1,3,0,0,0,0,0,0,-,-,33.98851013183594,-118.38951873779295,LOS ANGELES,CULVER CITY,-118.38951110839844,33.98850631713867
94695544,2025,2025-05-21,9545,2025-05-13,700,024372,NA,2,1,9,1900,1,3,5,NA,2,004,AVENUE J,90TH ST E,561,E,N,A,-,N,NA,NA,NA,NA,NA,NA,NA,NA,NA,Y,4,0,1,2,A,-,03,22350,NA,N,C,C,A,A,H,-,A,D,0,NA,NA,NA,NA,Y,NA,A,01,0,0,1,0,0,0,0,0,0,-,-,34.69028091430664,-117.96781158447266,LOS ANGELES,UNINCORPORATED,-117.96786499023438,34.69026565551758
94695566,2025,2025-05-21,9580,2025-05-15,755,018431,NA,4,1,7,1942,0,1,3,NA,2,114,SR-118 E/B (RONALD REAGAN FWY),SEPULVEDA BLVD.,2000,E,N,A,-,Y,LA,NA,118,NA,R,10.477,H,NA,R,Y,4,0,1,3,A,-,03,22350,NA,N,C,C,A,A,H,-,A,D,0,NA,NA,NA,NA,Y,NA,A,01,0,0,1,0,0,0,0,0,0,-,-,34.26586151123047,-118.46057891845705,LOS ANGELES,LOS ANGELES,-118.46057891845705,34.265769958496094
94695570,2025,2025-05-21,9580,2025-05-20,1930,021153,NA,2,2,7,1942,0,1,2,NA,2,104,US-101 N/B (VENTURA FREEWAY),CANOGA AVENUE,528,S,N,A,-,Y,LA,NA,101,NA,NA,24.752,H,NA,R,N,3,0,2,2,A,-,08,22107,NA,N,B,C,A,A,H,-,A,D,0,NA,NA,NA,NA,Y,NA,A,01,0,2,0,0,0,0,0,0,0,-,-,34.16939163208008,-118.59555816650392,LOS ANGELES,LOS ANGELES,-118.59558868408205,34.16926574707031
94695589,2024,2025-05-21,9565,2024-12-13,552,024200,NA,5,3,7,1942,0,1,1,NA,2,061,I-405 N/B (SAN DIEGO FWY.),SEPULVEDA BLVD.,1000,S,N,A,-,Y,LA,NA,405,NA,NA,25.077,H,NA,R,N,3,0,1,4,A,-,03,22350,NA,N,C,C,A,A,H,-,B,D,0,NA,NA,NA,NA,Y,NA,A,01,0,1,0,0,0,0,0,0,0,-,-,33.97795867919922,-118.38993072509766,LOS ANGELES,LOS ANGELES,-118.3899154663086,33.97798156738281
94695591,2025,2025-05-21,9590,2025-05-20,600,016230,NA,2,1,7,1942,0,1,3,NA,2,031,SR-60 WB (POF),MARIETTA STREET,626,E,N,A,-,Y,LA,NA,60,NA,R,0.851,H,NA,L,N,4,0,3,3,A,-,03,22350,NA,N,C,C,A,A,H,-,A,D,0,NA,NA,NA,NA,Y,NA,D,22,0,0,3,0,0,0,0,0,0,-,-,34.02901077270508,-118.2107162475586,LOS ANGELES,LOS ANGELES,-118.21080017089844,34.028831481933594
94695593,2025,2025-05-21,9550,2025-05-14,800,023831,NA,3,1,9,1900,0,1,1,NA,2,500,INTERSTATE 5 (SANTA ANA FREEWAY),PIONEER BOULEVARD,2640,N,N,A,-,Y,LA,NA,5,NA,NA,5.682,H,NA,R,N,4,0,1,3,A,-,08,22107,NA,N,B,C,A,A,H,-,A,D,0,NA,NA,Y,NA,Y,NA,A,01,0,0,1,0,0,0,0,0,1,-,-,33.92660903930664,-118.08645629882813,LOS ANGELES,UNINCORPORATED,-118.08645629882813,33.926612854003906
94695600,2025,2025-05-21,9530,2025-05-14,1908,024412,NA,3,2,9,1900,0,3,5,NA,2,001,FIRESTONE BOULEVARD (1700 BLOCK),HOLMES AVE.,20,S,N,A,-,N,NA,NA,NA,NA,NA,NA,NA,NA,NA,Y,2,0,1,2,A,-,05,21460,A,N,A,C,A,A,H,-,A,D,0,NA,NA,Y,NA,Y,NA,C,02,1,0,0,0,0,0,0,0,1,-,-,33.9600715637207,-118.2410125732422,LOS ANGELES,UNINCORPORATED,-118.24085235595705,33.96015167236328
94695630,2025,2025-05-21,9540,2025-05-15,1455,024271,NA,4,2,7,1942,0,1,1,NA,1,502,I-5 N/B (GOLDEN STATE FWY),ROXFORD ST,100,N,N,A,-,Y,LA,NA,5,NA,R,43.467,H,NA,R,Y,4,0,1,2,A,-,03,22350,NA,M,C,C,A,A,H,-,A,D,0,NA,NA,NA,NA,Y,NA,-,99,0,0,1,0,0,0,0,0,0,-,-,34.3100700378418,-118.48571014404295,LOS ANGELES,LOS ANGELES,-118.48577880859376,34.310035705566406
94695635,2025,2025-05-21,9525,2025-05-14,625,019291,NA,3,1,6,1955,0,1,1,NA,2,109,I-10 W/B (SAN BERNARDINO FWY),INDIAN HILL BLVD,150,E,N,A,-,Y,LA,NA,10,NA,NA,47.784,H,NA,L,N,4,0,1,3,A,-,03,22350,NA,N,C,C,A,A,H,-,A,D,0,NA,NA,NA,NA,Y,NA,A,01,0,0,1,0,0,0,0,0,0,-,-,34.081878662109375,-117.71862030029295,LOS ANGELES,POMONA,-117.71862030029295,34.08185958862305
94695646,2025,2025-05-21,9530,2025-05-17,2000,022978,NA,6,2,9,1900,0,3,5,NA,2,002,AVALON BLVD,131ST STREET,55,N,N,A,-,N,NA,NA,NA,NA,NA,NA,NA,NA,NA,Y,4,0,2,2,A,-,08,22107,NA,N,C,C,A,A,H,-,C,D,0,NA,NA,NA,NA,Y,NA,A,07,0,0,2,0,0,0,0,0,0,-,-,33.9139404296875,-118.2651596069336,LOS ANGELES,UNINCORPORATED,-118.26528167724608,33.913841247558594
94695658,2025,2025-05-21,9540,2025-05-20,1105,019772,NA,2,1,9,1900,0,1,1,NA,2,511,I-5 S/B,VISTA DEL LAGO ROAD,1584,S,N,A,-,Y,NA,NA,NA,NA,NA,NA,NA,NA,NA,Y,4,0,1,1,A,-,08,22107,NA,N,E,8,A,A,H,-,A,D,0,NA,NA,NA,NA,Y,NA,A,01,0,0,1,0,0,0,0,0,0,-,-,34.66360092163086,-118.76072692871094,LOS ANGELES,UNINCORPORATED,-118.76045989990234,34.66373825073242
94695663,2025,2025-05-21,9530,2025-05-16,1425,022438,NA,5,2,5,1977,0,1,1,NA,2,410,I-405 S/B (SAN DIEGO FREEWAY),MAIN ST.,50,S,N,A,-,Y,LA,NA,405,NA,NA,12.587,H,NA,L,N,4,0,2,2,A,-,03,22350,NA,N,C,C,A,A,H,-,A,D,0,NA,NA,NA,NA,Y,NA,A,01,0,0,2,0,0,0,0,0,0,-,-,33.85289001464844,-118.28006744384766,LOS ANGELES,CARSON,-118.28008270263672,33.852874755859375
94695682,2025,2025-05-21,9580,2025-05-10,300,023181,NA,6,3,7,1942,0,1,2,NA,2,102,US-101 N/B (VENTURA FREEWAY),WOODMAN AVE,1954,N,N,A,-,Y,LA,NA,101,NA,NA,15.282,H,NA,R,Y,3,0,2,2,A,-,01,23152,A,N,D,A,A,A,H,-,D,D,0,NA,NA,NA,NA,Y,Y,A,01,0,1,1,0,0,0,0,0,0,-,-,34.15571975708008,-118.43797302246094,LOS ANGELES,LOS ANGELES,-118.43797302246094,34.15575408935547
94695686,2025,2025-05-21,9580,2025-02-26,1720,021966,NA,3,2,7,1942,0,1,2,NA,2,104,US-101 S/B (VENTURA FREEWAY),TOPANGA CANYON BLVD,435,S,N,A,-,Y,LA,NA,101,NA,NA,25.254,H,NA,L,Y,4,0,1,2,A,-,03,22350,NA,N,C,C,A,A,H,-,A,D,0,NA,NA,NA,NA,Y,NA,A,01,0,0,1,0,0,0,0,0,0,-,-,34.17045974731445,-118.60420989990234,LOS ANGELES,LOS ANGELES,-118.6042251586914,34.1703987121582
94695687,2025,2025-05-21,9590,2025-05-20,1832,023266,NA,2,2,7,1942,0,1,2,NA,2,073,US-101 SB (HOLLYWOOD FREEWAY),FOUNTAIN AVENUE,115,S,N,A,-,Y,LA,NA,101,NA,NA,5.912,H,NA,L,N,4,0,1,2,A,-,07,21658,A,N,B,C,A,A,H,-,A,D,0,NA,NA,Y,NA,Y,NA,A,01,0,0,1,0,0,0,0,0,1,-,-,34.09457015991211,-118.31069183349608,LOS ANGELES,LOS ANGELES,-118.31070709228516,34.09455490112305
94695696,2025,2025-05-21,9580,2025-05-19,930,020800,NA,1,1,7,1942,0,1,1,NA,2,406,I-405 S/B (SAN DIEGO FWY),SHERMAN WAY,1584,N,N,A,-,Y,LA,NA,405,NA,NA,42.663,H,NA,L,Y,4,0,2,3,A,-,03,22350,NA,N,B,C,A,A,H,-,A,D,0,NA,NA,NA,NA,Y,NA,A,01,0,0,2,0,0,0,0,0,0,-,-,34.205291748046875,-118.47357940673828,LOS ANGELES,LOS ANGELES,-118.47348022460938,34.20528793334961
94695699,2025,2025-05-21,9590,2025-05-20,1556,023266,NA,2,2,7,1942,0,1,2,NA,2,072,US-101 N/B (HOLLYWOOD FREEWAY),UNIVERSAL STUDIOS BOULEVARD,728,S,N,A,-,Y,LA,NA,101,NA,NA,9.518,H,NA,R,N,4,0,1,2,A,-,07,21658,A,N,B,C,A,A,H,-,A,D,0,NA,NA,NA,NA,Y,NA,A,07,0,0,1,0,0,0,0,0,0,-,-,34.132179260253906,-118.3503189086914,LOS ANGELES,LOS ANGELES,-118.350341796875,34.13216018676758
9469570,2023,2023-09-19,1942,2023-08-20,301,43128,1509,7,5,7,1942,0,0,0,O,0,15A3,VINELAND AV,VALERIO ST,0,NA,Y,A,-,N,NA,NA,NA,NA,NA,NA,NA,NA,NA,N,4,0,1,2,A,-,04,21703,NA,F,-,C,A,A,H,-,C,A,0,NA,NA,NA,NA,Y,Y,A,01,0,0,1,0,0,0,0,0,0,-,-,NA,NA,LOS ANGELES,LOS ANGELES,-118.37033081054688,34.204795837402344
94695702,2025,2025-05-21,9580,2025-05-19,1555,022799,NA,1,2,7,1942,0,1,3,NA,2,170,SR-170 N/B TO I-5 N/B,OSBORNE ST,1584,S,N,A,-,Y,LA,NA,5,NA,NA,36.601,H,NA,R,N,3,0,1,2,A,-,03,22350,NA,N,C,C,A,A,H,-,A,D,0,NA,NA,NA,NA,Y,NA,D,22,0,1,0,0,0,0,0,0,0,-,-,34.23603820800781,-118.4125518798828,LOS ANGELES,LOS ANGELES,-118.41274261474608,34.235877990722656
94695709,2025,2025-05-21,9580,2025-05-20,730,018431,NA,2,1,7,1942,0,1,3,NA,2,116,SR-118 E/B (RONALD REAGAN FWY),PORTER RANCH DR.,1200,E,N,A,-,Y,LA,NA,118,NA,R,4.096,H,NA,R,Y,3,0,2,2,A,-,04,21703,NA,N,C,C,A,A,H,-,A,D,0,NA,NA,NA,NA,Y,NA,A,01,0,1,1,0,0,0,0,0,0,-,-,34.27317810058594,-118.5656280517578,LOS ANGELES,LOS ANGELES,-118.56563568115234,34.27314376831055
94695752,2025,2025-05-21,9535,2025-04-24,1630,023354,NA,4,2,3,1914,0,1,1,NA,2,073,I-710 S/B (LONG BEACH FREEWAY),I-5 (SANTA ANA FREEWAY) S/B,21,S,N,A,-,Y,LA,NA,710,NA,NA,23.244,H,NA,L,Y,4,0,2,6,A,-,01,23152,F,M,B,C,A,A,H,-,A,D,0,NA,NA,NA,NA,Y,NA,D,22,0,0,2,0,0,0,0,0,0,-,-,34.01593017578125,-118.1731414794922,LOS ANGELES,COMMERCE,-118.17306518554688,34.015960693359375
94695762,2025,2025-05-21,9550,2025-05-14,1830,024057,NA,3,2,9,1900,0,3,5,NA,2,003,NINTH AVE.,LOS ROBLES AVE.,0,NA,Y,A,-,N,NA,NA,NA,NA,NA,NA,NA,NA,NA,Y,3,0,3,2,A,-,09,21802,A,N,D,C,A,A,H,-,A,D,0,NA,NA,NA,NA,Y,NA,A,01,0,3,0,0,0,0,0,0,0,-,-,34.00983810424805,-117.98384857177734,LOS ANGELES,UNINCORPORATED,-117.98387145996094,34.009830474853516
9469581,2023,2023-09-19,1942,2023-08-09,1505,45317,1942,3,5,7,1942,0,0,0,NA,0,10A99W,TAMPA AV,SATICOY ST,0,NA,Y,A,-,N,NA,NA,NA,NA,NA,NA,NA,NA,NA,Y,3,0,2,2,A,-,12,21453,A,N,D,C,A,A,H,-,A,A,0,NA,NA,NA,NA,Y,NA,-,-,0,2,0,0,0,0,0,0,0,-,-,NA,NA,LOS ANGELES,LOS ANGELES,-118.55350494384766,34.2083625793457
9469582,2023,2023-09-14,1942,2023-08-22,645,44844,1009,2,5,7,1942,0,0,0,J,0,26T15W,WOODLEY AV,ROSCOE BL,0,NA,Y,A,-,N,NA,NA,NA,NA,NA,NA,NA,NA,NA,Y,4,0,1,3,A,-,09,21453,B,N,D,C,A,A,H,-,-,A,0,NA,NA,NA,NA,Y,NA,A,07,0,0,1,0,0,0,0,0,0,-,-,NA,NA,LOS ANGELES,LOS ANGELES,-118.4836654663086,34.22134017944336
9469583,2023,2023-09-19,1942,2023-08-15,1930,45356,WVAC,2,5,7,1942,0,0,0,NA,0,10A17W,VICTORY ST,WHITE OAK AV,750,E,N,A,-,N,NA,NA,NA,NA,NA,NA,NA,NA,NA,N,4,0,1,2,A,-,08,22107,NA,N,C,C,A,A,H,-,A,A,0,NA,NA,NA,NA,Y,NA,A,01,0,0,1,0,0,0,0,0,0,-,-,NA,NA,LOS ANGELES,LOS ANGELES,-118.51601409912108,34.18661117553711
9469584,2023,2023-09-19,1942,2023-08-09,1110,38996,1029,3,5,7,1942,0,0,0,J,0,26TL77,VANOWEN ST,HASKELL AV,0,NA,Y,B,-,N,NA,NA,NA,NA,NA,NA,NA,NA,NA,Y,2,0,5,2,A,-,09,21801,A,N,A,C,A,A,H,-,A,A,0,NA,NA,NA,NA,Y,NA,A,01,2,1,2,0,0,0,0,0,0,-,-,NA,NA,LOS ANGELES,LOS ANGELES,-118.4748764038086,34.19390869140625
94695859,2025,2025-05-21,9530,2025-05-15,1730,021902,NA,4,2,5,1977,0,1,1,NA,2,410,I-405 S/B (SAN DIEGO FREEWAY),ALAMEDA ST.,1000,N,N,A,-,Y,LA,NA,405,NA,NA,9.096,H,NA,L,N,4,0,1,2,A,-,03,22350,NA,N,C,C,A,A,H,-,A,D,0,NA,NA,NA,NA,Y,NA,A,07,0,0,1,0,0,0,0,0,0,-,-,33.825679779052734,-118.23333740234376,LOS ANGELES,CARSON,-118.23333740234376,33.825714111328125
9469586,2023,2023-09-19,1942,2023-08-25,1510,38264,1529,5,5,7,1942,0,0,0,O,0,26TL76,VINELAND AV,ERWIN ST,0,NA,Y,A,-,N,NA,NA,NA,NA,NA,NA,NA,NA,NA,Y,2,0,3,2,A,-,09,21804,A,N,D,C,A,A,H,-,A,D,0,NA,NA,Y,NA,Y,NA,A,07,1,0,2,0,0,0,0,0,1,-,-,NA,NA,LOS ANGELES,LOS ANGELES,-118.37032318115234,34.18305206298828
94695873,2025,2025-05-29,9530,2025-05-15,900,018745,NA,4,1,9,1900,0,1,1,NA,2,410,I-405 S/B (SAN DIEGO FREEWAY),I-110 S/B (HARBOR FREEWAY),528,N,N,A,-,Y,LA,NA,405,NA,NA,13.099,H,NA,L,N,4,0,1,2,A,-,08,22107,NA,N,B,C,A,A,H,-,A,D,0,NA,NA,NA,NA,Y,NA,A,01,0,0,1,0,0,0,0,0,0,-,-,33.857810974121094,-118.28662109375,LOS ANGELES,UNINCORPORATED,-118.28662109375,33.857810974121094
94695880,2025,2025-05-21,9540,2025-05-12,1420,019254,NA,1,2,9,1900,0,3,5,NA,2,100,STEVENSON RANCH PARKWAY (E/B),THE OLD ROAD,107,E,N,A,-,N,NA,NA,NA,NA,NA,NA,NA,NA,NA,Y,4,0,1,1,A,-,08,22107,NA,N,E,8,A,A,H,-,A,D,0,NA,NA,NA,NA,Y,NA,A,01,0,0,1,0,0,0,0,0,0,-,-,34.39356994628906,-118.57398223876952,LOS ANGELES,UNINCORPORATED,-118.57453918457033,34.39334487915039
94695890,2025,2025-05-21,9530,2025-04-12,1845,023865,NA,6,2,7,1941,0,1,1,NA,2,073,I-710 N/B TO ANAHEIM ST,ANAHEIM ST.,480,N,N,A,-,Y,NA,NA,NA,NA,NA,NA,NA,NA,NA,Y,4,0,1,1,A,-,03,22350,NA,N,F,A,A,A,H,-,A,D,0,NA,NA,NA,Y,Y,NA,G,25,0,0,1,0,0,0,0,0,0,-,-,33.78409957885742,-118.20709991455078,LOS ANGELES,LONG BEACH,-118.20751190185548,33.78398513793945
94695948,2025,2025-05-21,9535,2025-05-11,1730,023349,NA,7,2,6,1922,0,1,1,NA,2,401,INTERSTATE 10 W/B TO SANTA ANITA AVENUE,SANTA ANITA AVENUE,278,E,N,A,-,Y,LA,NA,10,NA,NA,28.741,H,NA,L,Y,2,0,7,2,A,-,03,22350,NA,F,C,C,A,A,H,-,A,D,0,NA,NA,NA,NA,Y,NA,A,01,1,1,5,0,0,0,0,0,0,-,-,34.06892013549805,-118.04113006591795,LOS ANGELES,EL MONTE,-118.04116058349608,34.06871795654297
94695951,2025,2025-05-21,9530,2025-05-19,740,023654,NA,1,1,6,1972,0,3,5,NA,2,006,GREENHEDGE STREET,RAYMOND AVENUE,350,E,N,A,-,N,NA,NA,NA,NA,NA,NA,NA,NA,NA,N,3,0,1,2,A,-,21,22106,NA,N,B,C,A,A,H,-,A,D,0,NA,NA,Y,NA,Y,NA,A,01,0,1,0,0,0,0,0,0,1,-,-,33.84130859375,-118.29505920410156,LOS ANGELES,TORRANCE,-118.29519653320313,33.84129333496094
94695961,2025,2025-05-21,9550,2025-05-15,700,023831,NA,4,1,9,1900,0,1,1,NA,2,650,INTERSTATE 605 (SAN GABRIEL RIVER FREEWAY),OBREGON STREET,400,S,N,A,-,Y,LA,NA,605,NA,R,13.905,H,NA,R,Y,4,0,1,4,A,-,03,22350,NA,N,C,C,A,A,H,-,A,D,0,NA,NA,NA,Y,Y,NA,A,01,0,0,1,0,0,0,0,0,0,-,-,33.99821090698242,-118.06803894042967,LOS ANGELES,UNINCORPORATED,-118.06798553466795,33.998199462890625
94695995,2025,2025-05-21,9530,2025-05-16,1533,024399,NA,5,2,9,1900,0,3,5,NA,2,001,FLORENCE AVENUE,COMPTON AVENUE (7000 BLOCK),40,E,N,A,-,N,NA,NA,NA,NA,NA,NA,NA,NA,NA,N,4,0,2,3,A,-,03,22350,NA,M,C,C,A,A,H,-,A,D,0,NA,NA,NA,NA,Y,NA,A,07,0,0,2,0,0,0,0,0,0,-,-,33.974788665771484,-118.24745941162108,LOS ANGELES,UNINCORPORATED,-118.24755096435548,33.9747428894043
94695996,2025,2025-05-21,9530,2025-05-17,1255,024076,NA,6,1,7,1941,0,1,1,NA,2,430,I-405 N/B (SAN DIEGO FREEWAY),WOODRUFF AVE.,100,S,N,A,-,Y,LA,NA,405,NA,NA,0.883,H,NA,R,Y,4,0,2,2,A,-,03,22350,NA,N,C,C,A,A,H,-,A,D,0,NA,NA,NA,NA,Y,NA,A,01,0,0,2,0,0,0,0,0,0,-,-,33.79458999633789,-118.10462951660156,LOS ANGELES,LONG BEACH,-118.1046142578125,33.79460906982422
94696021,2025,2025-05-21,9530,2025-05-18,830,024076,NA,7,1,9,1900,0,3,5,NA,2,006,VERMONT AVENUE,JAVELIN STREET,50,S,N,A,-,N,NA,NA,NA,NA,NA,NA,NA,NA,NA,Y,4,0,1,1,A,-,08,22107,NA,N,E,8,A,A,H,-,A,A,0,NA,NA,NA,NA,Y,NA,A,07,0,0,1,0,0,0,0,0,0,-,-,33.83750915527344,-118.29025268554688,LOS ANGELES,UNINCORPORATED,-118.29015350341795,33.8387336730957
9469604,2023,2023-09-08,1942,2023-07-30,1055,36527,1118,7,5,7,1942,0,0,0,K,0,24MQ42,FIGUEROA ST,AVENUE 56,33,N,N,A,-,N,NA,NA,NA,NA,NA,NA,NA,NA,NA,N,2,0,1,2,A,-,17,22517,NA,N,B,G,A,A,H,-,A,D,0,NA,Y,NA,NA,Y,NA,A,01,1,0,0,0,0,0,1,0,0,-,-,NA,NA,LOS ANGELES,LOS ANGELES,-118.19410705566406,34.10894775390625
94696042,2025,2025-05-21,9590,2025-05-11,2024,024097,NA,7,2,7,1942,0,1,2,NA,2,073,US-101 SOUTHBOUND (HOLLYWOOD FREEWAY),VERMONT AVE,480,N,N,A,-,Y,LA,NA,101,NA,NA,4.539,H,NA,L,N,4,0,2,2,A,-,03,22350,NA,F,C,C,A,A,H,-,C,D,0,NA,NA,NA,NA,Y,NA,-,99,0,0,2,0,0,0,0,0,0,-,-,34.08061981201172,-118.29395294189452,LOS ANGELES,LOS ANGELES,-118.29398345947266,34.08057403564453
94696052,2025,2025-05-21,9590,2025-05-18,1100,023252,NA,7,1,7,1942,0,1,2,NA,2,071,US-101 S/B (HOLLYWOOD FREEWAY),EDGEWARE ROAD,55,S,N,A,-,Y,LA,NA,101,NA,NA,2.052,H,NA,L,N,4,0,1,2,A,-,07,21658,A,M,B,C,A,A,H,-,A,D,0,NA,NA,NA,NA,Y,NA,-,99,0,0,1,0,0,0,0,0,0,-,-,34.06679916381836,-118.25424194335938,LOS ANGELES,LOS ANGELES,-118.25421142578124,34.066829681396484
94696053,2025,2025-05-21,9575,2025-05-15,816,024142,NA,4,1,6,1925,0,1,3,NA,2,042,SR-134 E/B (VENTURA FREEWAY),GLENDALE AVE.,800,E,N,A,-,Y,LA,NA,134,NA,R,8.034,H,NA,R,N,4,0,2,2,A,-,07,21658,A,N,B,2,A,A,H,-,A,D,0,NA,NA,NA,NA,Y,NA,A,01,0,0,2,0,0,0,0,0,0,-,-,34.15456008911133,-118.23986053466795,LOS ANGELES,GLENDALE,-118.23980712890624,34.15461730957031
9469606,2023,2023-09-12,1942,2023-07-27,1845,36343,1176,4,5,7,1942,0,0,0,K,0,11A95,RIVERSIDE DR,HARWOOD ST,0,NA,Y,A,-,N,NA,NA,NA,NA,NA,NA,NA,NA,NA,N,3,0,1,2,A,-,08,22107,NA,F,A,C,A,A,H,-,A,A,0,NA,NA,NA,NA,Y,NA,-,-,0,1,0,0,0,0,0,0,0,-,-,NA,NA,LOS ANGELES,LOS ANGELES,-118.2344207763672,34.0877799987793
94696066,2025,2025-05-21,9530,2025-05-20,750,024180,NA,2,1,7,1942,0,1,1,NA,2,110,I-110 S/B (HARBOR FREEWAY),111TH PLACE,1200,N,N,A,-,Y,LA,NA,110,NA,NA,14.408,H,NA,L,N,4,0,1,2,A,-,03,22350,NA,N,C,C,A,A,H,-,A,D,0,NA,NA,NA,NA,Y,NA,A,01,0,0,1,0,0,0,0,0,0,-,-,33.93722152709961,-118.28011322021484,LOS ANGELES,LOS ANGELES,-118.28018951416016,33.937217712402344
9469609,2023,2023-09-08,1900,2023-07-05,1600,279485,2313,3,5,5,1919,0,0,0,NA,0,230T,GRIDLEY RD,CANDOR ST,0,NA,Y,A,-,N,NA,NA,NA,NA,NA,NA,NA,NA,NA,Y,4,0,1,2,A,-,05,21650,NA,N,B,G,A,A,H,-,A,A,0,NA,Y,NA,NA,Y,NA,L,04,0,0,1,0,0,0,1,0,0,-,-,33.856380462646484,-118.09087371826172,LOS ANGELES,CERRITOS,-118.09085083007813,33.856353759765625