CASE_ID,ACCIDENT_YEAR,PROC_DATE,JURIS,COLLISION_DATE,COLLISION_TIME,OFFICER_ID,REPORTING_DISTRICT,DAY_OF_WEEK,CHP_SHIFT,POPULATION,CNTY_CITY_LOC,SPECIAL_COND,BEAT_TYPE,CHP_BEAT_TYPE,CITY_DIVISION_LAPD,CHP_BEAT_CLASS,BEAT_NUMBER,PRIMARY_RD,SECONDARY_RD,DISTANCE,DIRECTION,INTERSECTION,WEATHER_1,WEATHER_2,STATE_HWY_IND,CALTRANS_COUNTY,CALTRANS_DISTRICT,STATE_ROUTE,ROUTE_SUFFIX,POSTMILE_PREFIX,POSTMILE,LOCATION_TYPE,RAMP_INTERSECTION,SIDE_OF_HWY,TOW_AWAY,COLLISION_SEVERITY,NUMBER_KILLED,NUMBER_INJURED,PARTY_COUNT,PRIMARY_COLL_FACTOR,PCF_CODE_OF_VIOL,PCF_VIOL_CATEGORY,PCF_VIOLATION,PCF_VIOL_SUBSECTION,HIT_AND_RUN,TYPE_OF_COLLISION,MVIW,PED_ACTION,ROAD_SURFACE,ROAD_COND_1,ROAD_COND_2,LIGHTING,CONTROL_DEVICE,CHP_ROAD_TYPE,PEDESTRIAN_ACCIDENT,BICYCLE_ACCIDENT,MOTORCYCLE_ACCIDENT,TRUCK_ACCIDENT,NOT_PRIVATE_PROPERTY,ALCOHOL_INVOLVED,STWD_VEHTYPE_AT_FAULT,CHP_VEHTYPE_AT_FAULT,COUNT_SEVERE_INJ,COUNT_VISIBLE_INJ,COUNT_COMPLAINT_PAIN,COUNT_PED_KILLED,COUNT_PED_INJURED,COUNT_BICYCLIST_KILLED,COUNT_BICYCLIST_INJURED,COUNT_MC_KILLED,COUNT_MC_INJURED,PRIMARY_RAMP,SECONDARY_RAMP,LATITUDE,LONGITUDE,COUNTY,CITY,POINT_X,POINT_Y
94701829,2025,2025-05-27,9525,2025-05-14,932,024256,NA,3,1,9,1900,0,2,4,NA,2,045,VALLEY BLVD,6TH STREET,175,E,N,A,-,N,NA,NA,NA,NA,NA,NA,NA,NA,NA,Y,4,0,2,3,A,-,07,21658,A,N,C,C,A,A,H,-,A,D,0,NA,NA,NA,NA,Y,NA,A,01,0,0,2,0,0,0,0,0,0,-,-,34.03723907470703,-117.97804260253906,LOS ANGELES,UNINCORPORATED,-118.12877655029295,34.07823944091797
94701842,2025,2025-05-27,9525,2025-05-21,915,022770,NA,3,1,9,1900,0,1,3,NA,1,024,SR-39 (SAN GABRIEL CANYON ROAD),VAN ORNUM CANYON,1901,S,N,A,-,N,NA,NA,NA,NA,NA,NA,NA,NA,NA,N,3,0,1,1,A,-,03,22350,NA,N,E,I,A,A,H,-,A,D,0,NA,NA,Y,NA,Y,NA,C,02,0,1,0,0,0,0,0,0,1,-,-,34.18455123901367,-117.87557983398438,LOS ANGELES,UNINCORPORATED,NA,NA
94701872,2025,2025-05-27,9565,2025-05-16,1520,023823,NA,5,2,9,1900,0,1,1,NA,2,010,I-105 EASTBOUND,HAWTHORNE BLVD,20,W,N,A,-,Y,LA,NA,105,NA,R,3.02,H,NA,R,N,4,0,1,2,A,-,03,22350,NA,N,C,C,A,A,H,-,A,D,0,NA,NA,NA,NA,Y,NA,A,07,0,0,1,0,0,0,0,0,0,-,-,33.93336868286133,-118.3531494140625,LOS ANGELES,UNINCORPORATED,-118.35314178466795,33.933441162109375
94701877,2025,2025-05-27,9575,2025-05-16,1555,022336,NA,5,2,7,1942,0,1,3,NA,2,041,SR-134 W/B (VENTURA FREEWAY),ARROYO BLVD.,220,W,N,A,-,Y,LA,NA,134,NA,R,12.742,H,NA,L,N,4,0,1,3,A,-,03,22350,NA,N,C,C,A,A,H,-,A,D,0,NA,NA,NA,NA,Y,NA,A,01,0,0,1,0,0,0,0,0,0,-,-,34.14604187011719,-118.1648178100586,LOS ANGELES,LOS ANGELES,-118.164794921875,34.145965576171875
94701893,2025,2025-05-27,9550,2025-04-06,210,023866,NA,7,3,9,1900,0,1,1,NA,2,650,INTERSTATE 605 NORTHBOUND,SLAUSON AVE,3900,S,N,A,-,Y,LA,NA,605,NA,R,10.819,H,NA,R,Y,4,0,1,2,A,-,01,23152,A,N,C,C,A,A,H,-,D,D,0,NA,NA,NA,NA,Y,Y,A,01,0,0,1,0,0,0,0,0,0,-,-,33.95708084106445,-118.08753204345705,LOS ANGELES,UNINCORPORATED,-118.08753204345705,33.95708084106445
94701965,2025,2025-05-27,9535,2025-04-14,1830,024287,NA,1,2,9,1900,0,2,4,NA,2,024,WHITTIER BLVD. (5400 BLOCK),HOEFNER AVE,100,W,N,A,-,N,NA,NA,NA,NA,NA,NA,NA,NA,NA,Y,3,0,1,2,A,-,09,21801,A,N,D,C,A,A,H,-,A,D,0,NA,NA,NA,NA,Y,NA,A,01,0,1,0,0,0,0,0,0,0,-,-,34.01905822753906,-118.15071105957033,LOS ANGELES,UNINCORPORATED,-118.15068817138672,34.019004821777344
94701983,2025,2025-05-27,9590,2025-05-23,1707,023266,NA,5,2,7,1942,0,1,2,NA,2,072,US-101 NB (HOLLYWOOD FREEWAY),WILTON PLACE,154,N,N,A,-,Y,LA,NA,101,NA,NA,6.193,H,NA,R,N,4,0,1,2,A,-,03,22350,NA,N,C,C,A,A,H,-,A,D,0,NA,NA,NA,NA,Y,NA,-,99,0,0,1,0,0,0,0,0,0,-,-,34.09748077392578,-118.31405639648438,LOS ANGELES,LOS ANGELES,-118.31400299072266,34.09750747680664
94701987,2025,2025-08-20,9580,2025-05-22,1740,021966,NA,4,2,7,1942,0,1,2,NA,2,105,US-101 S/B (VENTURA FREEWAY),FALLBROOK AVE,1430,N,N,A,-,Y,LA,NA,101,NA,NA,26.731,H,NA,L,N,4,0,1,2,A,-,08,22107,NA,N,C,C,A,A,H,-,A,D,0,NA,NA,NA,NA,Y,NA,-,-,0,0,1,0,0,0,0,0,0,-,-,34.162960052490234,-118.62782287597656,LOS ANGELES,LOS ANGELES,-118.62779235839844,34.16290283203125
94702024,2025,2025-05-27,9590,2025-05-22,20,023522,NA,4,3,7,1942,0,1,1,NA,2,010,SR-110 N/B (ARROYO SECO PARKWAY)(ASP) TO I-5 N/B (,AVE 19,325,W,N,A,-,Y,NA,NA,NA,NA,NA,NA,NA,NA,NA,Y,3,0,1,1,C,-,18,NA,NA,N,E,J,A,A,H,-,D,D,0,NA,NA,Y,NA,Y,NA,-,-,0,1,0,0,0,0,0,0,1,-,-,34.07992935180664,-118.22724151611328,LOS ANGELES,LOS ANGELES,-118.2261962890625,34.08000183105469
94702051,2025,2025-05-27,9590,2025-05-13,2240,024452,NA,2,3,7,1942,0,1,2,NA,2,042,US-101 N/B (SANTA ANA FREEWAY),EUCLID AVENUE,900,S,N,A,-,Y,LA,NA,5,NA,NA,15.882,H,NA,R,N,3,0,1,2,A,-,08,22107,NA,F,B,C,A,A,H,-,C,D,0,NA,NA,Y,NA,Y,NA,-,99,0,1,0,0,0,0,0,0,1,-,-,34.02587890625,-118.2068328857422,LOS ANGELES,LOS ANGELES,-118.20684814453124,34.02584457397461
94702063,2025,2025-05-27,9535,2025-05-16,810,024194,NA,5,1,9,1900,0,3,5,NA,2,002,WHITTIER BLVD. (4500 BLOCK),MCDONELL AVE,0,NA,Y,A,-,N,NA,NA,NA,NA,NA,NA,NA,NA,NA,N,4,0,2,2,A,-,09,21801,A,N,A,C,A,A,H,-,A,A,0,NA,NA,NA,NA,Y,NA,A,07,0,0,2,0,0,0,0,0,0,-,-,34.02267837524414,-118.1679916381836,LOS ANGELES,UNINCORPORATED,-118.1679916381836,34.02266311645508
94702083,2025,2025-05-27,9580,2025-05-18,1000,022573,NA,7,1,9,1900,0,1,3,NA,1,121,SR-1 N/B (PACIFIC COAST HWY.),MULHOLLAND HWY,1010,S,N,A,-,Y,LA,NA,1,NA,NA,62.105,H,NA,R,N,4,0,1,2,A,-,08,22107,NA,N,D,C,A,A,H,-,A,D,0,NA,NA,NA,NA,Y,NA,D,22,0,0,1,0,0,0,0,0,0,-,-,34.04629898071289,-118.93180084228516,LOS ANGELES,UNINCORPORATED,-118.93182373046876,34.04634094238281
94702110,2025,2025-05-27,9590,2025-05-12,135,024222,NA,1,3,7,1942,0,1,1,NA,2,052,I-110 N/B (HAF),JEFERSON BLVD,300,N,N,A,-,Y,LA,NA,110,NA,NA,20.275,H,NA,R,N,4,0,1,4,A,-,07,21658,A,M,B,C,A,A,H,-,C,D,0,NA,NA,NA,NA,Y,Y,-,-,0,0,1,0,0,0,0,0,0,-,-,34.02177047729492,-118.27742767333984,LOS ANGELES,LOS ANGELES,-118.2775421142578,34.02180862426758
94702153,2025,2025-05-27,9590,2025-05-09,1550,023946,NA,5,2,7,1942,0,1,1,NA,2,081,I-5 S/B (SANTA ANA FREEWAY),BOYLE AVENUE,152,N,N,A,-,Y,NA,NA,NA,NA,NA,NA,NA,NA,NA,Y,2,0,1,3,A,-,07,21658,A,N,B,C,A,A,H,-,A,D,0,NA,NA,Y,NA,Y,NA,D,22,1,0,0,0,0,0,0,0,1,-,-,34.03194046020508,-118.22022247314452,LOS ANGELES,LOS ANGELES,-118.21963500976564,34.03912353515625
94702201,2025,2025-05-27,9550,2025-02-03,2235,022498,NA,1,3,9,1900,0,1,3,NA,2,600,STATE ROUTE 60 (WESTBOUND),CROSSROADS PARKWAY,2425,E,N,A,-,Y,LA,NA,60,NA,NA,13.109,H,NA,R,Y,1,1,1,3,A,-,03,22350,NA,N,C,C,A,A,H,-,D,D,0,NA,NA,NA,Y,Y,NA,A,01,1,0,0,0,0,0,0,0,0,-,-,34.029090881347656,-118.00435638427734,LOS ANGELES,UNINCORPORATED,-118.00440216064452,34.02886962890625
94702210,2025,2025-05-27,9540,2025-05-19,1635,024253,NA,1,2,9,1900,0,1,1,NA,2,511,I-5 S/B (GOLDEN STATE FREEWAY),WHITAKER BRAKE CHECK,6336,N,N,A,-,Y,LA,NA,5,NA,R,68.877,H,NA,L,Y,4,0,1,1,A,-,01,23152,A,N,E,I,A,A,H,-,A,D,0,NA,NA,NA,NA,Y,Y,A,01,0,0,1,0,0,0,0,0,0,-,-,34.602508544921875,-118.71185302734376,LOS ANGELES,UNINCORPORATED,-118.71177673339844,34.60252380371094
94702246,2025,2025-05-27,9535,2025-05-16,1710,023375,NA,5,2,3,1914,0,1,1,NA,2,073,I-710 S/B (LONG BEACH FREEWAY) FROM ATLANTIC BLVD,ATLANTIC BLVD.,645,W,N,A,-,Y,NA,NA,NA,NA,NA,NA,NA,NA,NA,N,4,0,1,3,A,-,03,22350,NA,N,C,C,A,A,H,-,A,D,0,NA,NA,NA,NA,Y,NA,-,-,0,0,1,0,0,0,0,0,0,-,-,33.99652099609375,-118.17910766601564,LOS ANGELES,COMMERCE,-118.17707824707033,33.99584197998047
9470227,2023,2023-09-18,1972,2023-08-29,1729,21239,NA,2,5,6,1972,0,0,0,NA,0,NA,TORRANCE BL,MADRONA AV,0,NA,Y,A,-,N,NA,NA,NA,NA,NA,NA,NA,NA,NA,Y,4,0,1,2,A,-,12,21453,A,N,D,C,A,A,H,-,A,A,0,NA,NA,NA,NA,Y,NA,A,NA,0,0,1,0,0,0,0,0,0,-,-,NA,NA,LOS ANGELES,TORRANCE,-118.34500122070313,33.83751678466797
94702270,2025,2025-05-27,9550,2025-05-20,1235,015382,NA,2,1,5,1919,0,1,3,NA,2,092,SR-91 W/B,ARTESIA BOULEVARD,1056,E,N,A,-,Y,LA,NA,91,NA,R,19.764,H,NA,L,N,4,0,1,2,A,-,03,22350,NA,N,C,C,A,A,H,-,A,D,0,NA,NA,NA,NA,Y,NA,A,01,0,0,1,0,0,0,0,0,0,-,-,33.870338439941406,-118.0557098388672,LOS ANGELES,CERRITOS,-118.0557861328125,33.87025833129883
9470229,2023,2023-09-18,1972,2023-08-29,1649,22776,NA,2,5,6,1972,0,0,0,NA,0,NA,TORRANCE BL,WENDY,150,E,N,A,-,N,NA,NA,NA,NA,NA,NA,NA,NA,NA,N,4,0,1,2,A,-,09,21801,NA,N,E,G,A,A,H,-,B,D,0,NA,Y,NA,NA,Y,NA,A,NA,0,0,1,0,0,0,1,0,0,-,-,NA,NA,LOS ANGELES,TORRANCE,-118.37267303466795,33.837745666503906
94702294,2025,2025-05-27,9530,2025-05-19,1105,023654,NA,1,1,6,1972,0,1,1,NA,2,120,I-110 NORTHBOUND,CARSON STREET OVERCROSSING,1320,S,N,A,-,Y,LA,NA,110,NA,NA,6.741,H,NA,R,Y,3,0,1,2,A,-,01,23152,A,N,C,C,A,A,H,-,A,D,0,NA,NA,NA,NA,Y,Y,A,01,0,1,0,0,0,0,0,0,0,-,-,33.82762145996094,-118.28720092773438,LOS ANGELES,TORRANCE,-118.28725433349608,33.82762145996094
9470230,2023,2023-09-18,1972,2023-08-29,1659,21239,NA,2,5,6,1972,0,0,0,NA,0,NA,190TH ST,VAN NESS AV,750,W,N,A,-,N,NA,NA,NA,NA,NA,NA,NA,NA,NA,Y,3,0,2,3,A,-,08,21460,5,N,B,C,A,A,H,-,A,A,0,NA,NA,NA,NA,Y,NA,A,NA,0,1,1,0,0,0,0,0,0,-,-,NA,NA,LOS ANGELES,TORRANCE,-118.32028198242188,33.85832977294922
94702307,2025,2025-05-27,9530,2025-05-16,800,024151,NA,5,1,9,1900,0,3,5,NA,2,006,CARSON ST. (BLOCK #1100),NORMANDIE AVE.,200,E,N,A,-,N,NA,NA,NA,NA,NA,NA,NA,NA,NA,N,4,0,2,2,A,-,09,21804,A,N,D,C,A,A,H,-,A,D,0,NA,NA,NA,NA,Y,NA,A,01,0,0,2,0,0,0,0,0,0,-,-,33.831600189208984,-118.2974090576172,LOS ANGELES,UNINCORPORATED,-118.29891967773438,33.83155059814453
9470231,2023,2023-09-18,1972,2023-08-27,26,22270,NA,7,5,6,1972,0,0,0,NA,0,NA,TORRANCE BL,CABRILLO AV,0,NA,Y,A,-,N,NA,NA,NA,NA,NA,NA,NA,NA,NA,Y,4,0,2,2,D,-,00,NA,NA,N,D,C,A,A,H,-,C,A,0,NA,NA,NA,NA,Y,NA,-,-,0,0,2,0,0,0,0,0,0,-,-,NA,NA,LOS ANGELES,TORRANCE,-118.3152084350586,33.83628463745117
94702314,2025,2025-05-27,9575,2025-05-17,800,023016,NA,6,1,9,1900,0,2,4,NA,2,320,ANGELES FOREST HIGHWAY,COUNTY FIRE MARKER 23.72,165,S,N,B,C,N,NA,NA,NA,NA,NA,NA,NA,NA,NA,Y,4,0,1,1,A,-,03,22350,NA,N,E,I,A,B,H,-,A,D,0,NA,NA,NA,NA,Y,NA,A,07,0,0,1,0,0,0,0,0,0,-,-,34.28007125854492,-118.17003631591795,LOS ANGELES,UNINCORPORATED,-118.26595306396484,34.02677917480469
9470232,2023,2023-09-18,1972,2023-08-27,1450,22883,NA,7,5,6,1972,0,0,0,NA,0,NA,235TH ST,PENNSYLVANIA AV,0,NA,Y,A,-,N,NA,NA,NA,NA,NA,NA,NA,NA,NA,Y,3,0,3,2,A,-,04,21703,NA,N,C,C,A,A,H,-,A,A,0,NA,NA,NA,NA,Y,NA,A,NA,0,1,2,0,0,0,0,0,0,-,-,NA,NA,LOS ANGELES,TORRANCE,-118.32537841796876,33.812747955322266
94702331,2025,2025-05-27,9590,2025-05-27,835,019958,NA,2,1,7,1942,0,1,2,NA,2,072,US-101 NORTHBOUND (HOLLYWOOD FREEWAY),SANTA MONICA BOULEVARD,700,S,N,B,-,Y,LA,NA,101,NA,NA,5.352,H,NA,R,N,4,0,1,2,A,-,07,21658,A,N,B,C,A,A,H,-,A,D,0,NA,NA,NA,NA,Y,NA,A,01,0,0,1,0,0,0,0,0,0,-,-,34.08824157714844,-118.30478668212892,LOS ANGELES,LOS ANGELES,-118.30474853515624,34.088260650634766
9470234,2023,2023-09-18,1972,2023-08-16,1446,21239,NA,3,5,6,1972,0,0,0,NA,0,NA,SEPULVEDA BL,DEL AMO CIR EAST,0,NA,Y,A,-,N,NA,NA,NA,NA,NA,NA,NA,NA,NA,N,4,0,1,2,A,-,01,23152,NA,N,D,C,A,A,H,-,A,A,0,NA,NA,NA,NA,Y,Y,A,NA,0,0,1,0,0,0,0,0,0,-,-,NA,NA,LOS ANGELES,TORRANCE,-118.34697723388672,33.82518768310547
94702349,2025,2025-05-27,9590,2025-05-23,953,021848,NA,5,1,7,1942,0,1,2,NA,2,071,US-101 S/B (HOLLYWOOD FREEWAY),GLENDALE BOULEVARD,50,S,N,A,-,Y,LA,NA,101,NA,NA,2.489,H,NA,L,N,4,0,1,2,A,-,03,22350,NA,M,C,C,A,A,H,-,A,D,0,NA,NA,NA,Y,Y,NA,A,01,0,0,1,0,0,0,0,0,0,-,-,34.069480895996094,-118.26097106933594,LOS ANGELES,LOS ANGELES,-118.26094818115234,34.069522857666016
9470235,2023,2023-09-18,1942,2023-08-29,2250,38033,1028,2,5,7,1942,0,0,0,J,0,26T37W,HARTLAND ST,MCLENNAN AV,14,E,N,A,-,N,NA,NA,NA,NA,NA,NA,NA,NA,NA,N,4,0,1,2,A,-,08,22107,NA,F,C,E,A,A,H,-,C,D,0,NA,NA,NA,NA,Y,NA,-,99,0,0,1,0,0,0,0,0,0,-,-,NA,NA,LOS ANGELES,LOS ANGELES,-118.50003051757813,34.19514083862305
9470236,2023,2023-09-18,1929,2023-08-26,1243,239,1929,6,5,3,1929,0,0,0,NA,0,002,INGLESIDE DR,30TH PL,0,NA,Y,A,-,N,NA,NA,NA,NA,NA,NA,NA,NA,NA,N,3,0,1,2,A,-,21,22106,NA,N,G,B,E,A,H,-,A,D,0,Y,NA,NA,NA,Y,NA,A,01,0,1,0,0,1,0,0,0,0,-,-,33.875850677490234,-118.402099609375,LOS ANGELES,HERMOSA BEACH,-118.40213012695313,33.8758544921875
94702374,2025,2025-05-27,9590,2025-05-18,830,023764,NA,7,1,7,1942,0,1,1,NA,2,012,SR-110 NB (ARROYO SECO PARKWAY),AVENUE 43,150,S,N,A,-,Y,LA,NA,110,NA,NA,27.075,H,NA,R,N,4,0,1,1,A,-,08,22107,NA,N,H,C,A,A,H,-,A,D,0,NA,NA,NA,NA,Y,NA,A,01,0,0,1,0,0,0,0,0,0,-,-,34.09260940551758,-118.2061004638672,LOS ANGELES,LOS ANGELES,-118.20623779296876,34.092613220214844
9470238,2023,2023-10-03,1944,2023-08-21,1447,239,1944,1,5,4,1944,0,0,0,NA,0,NA,CHABELA DR,KEATS ST,24,N,N,A,-,N,NA,NA,NA,NA,NA,NA,NA,NA,NA,Y,4,0,1,1,A,-,03,22350,NA,N,E,I,A,A,H,-,A,A,0,NA,NA,NA,NA,Y,NA,D,22,0,0,1,0,0,0,0,0,0,-,-,NA,NA,LOS ANGELES,MANHATTAN BEACH,-118.39470672607422,33.875587463378906
9470239,2023,2023-09-18,1942,2023-08-24,2210,41810,1907,4,5,7,1942,0,0,0,NA,0,19A1,MCLAY ST,HONEYWELL AV,256,W,N,A,-,N,NA,NA,NA,NA,NA,NA,NA,NA,NA,Y,4,0,2,2,A,-,12,21453,A,N,D,C,A,A,H,-,C,A,0,NA,NA,NA,NA,Y,NA,A,01,0,0,2,0,0,0,0,0,0,-,-,NA,NA,LOS ANGELES,LOS ANGELES,-118.41902160644533,34.29959487915039
94702391,2025,2025-05-27,9575,2025-05-17,1450,023071,NA,6,2,6,1925,0,1,3,NA,2,042,SR-134 W/B (VENTURA FREEWAY),CENTRAL AVE.,420,W,N,B,-,Y,LA,NA,134,NA,R,6.876,H,NA,L,Y,4,0,4,2,A,-,03,22350,NA,N,C,C,A,A,H,-,A,D,0,NA,NA,NA,NA,Y,NA,D,22,0,0,4,0,0,0,0,0,0,-,-,34.156211853027344,-118.25949096679688,LOS ANGELES,GLENDALE,-118.25949096679688,34.15644836425781
9470240,2023,2023-09-18,1942,2023-08-26,705,42251,1794,6,5,7,1942,0,0,0,Q,0,26TL18,PARTHENIA ST,LINDLEY AV,845,W,N,A,-,N,NA,NA,NA,NA,NA,NA,NA,NA,NA,Y,3,0,1,2,A,-,01,23152,F,N,C,E,A,A,H,-,A,D,0,NA,NA,NA,NA,Y,NA,A,01,0,1,0,0,0,0,0,0,0,-,-,NA,NA,LOS ANGELES,LOS ANGELES,-118.53014373779295,34.22869110107422
94702401,2025,2025-05-27,9550,2025-05-18,2115,023627,NA,7,2,9,1900,0,1,3,NA,2,091,SR-91 EB TO I-605,I-605,750,W,N,A,-,Y,NA,NA,NA,NA,NA,NA,NA,NA,NA,Y,3,0,1,1,A,-,01,23152,A,N,E,I,A,A,H,-,C,D,0,NA,NA,NA,NA,Y,Y,A,07,0,1,0,0,0,0,0,0,0,-,-,33.8756103515625,-118.10494995117188,LOS ANGELES,UNINCORPORATED,-118.10479736328124,33.876277923583984
94702408,2025,2025-05-27,9535,2025-05-16,1840,022797,NA,5,2,9,1900,0,3,5,NA,2,006,PELLISIER RD,MARDEL AVE,0,NA,Y,A,-,N,NA,NA,NA,NA,NA,NA,NA,NA,NA,N,3,0,1,2,A,-,09,21802,A,N,D,C,A,A,H,-,A,A,0,NA,NA,NA,NA,Y,NA,M,94,0,1,0,0,0,0,0,0,0,-,-,34.033851623535156,-118.031982421875,LOS ANGELES,UNINCORPORATED,-118.03189849853516,34.03385925292969
9470241,2023,2023-09-13,1972,2023-07-22,2219,22205,NA,6,5,6,1972,0,0,0,NA,0,NA,REDONDO BEACH BL,THORNBURGH AV,250,W,N,A,-,N,NA,NA,NA,NA,NA,NA,NA,NA,NA,Y,3,0,1,2,A,-,08,22107,NA,N,B,E,A,A,H,-,C,D,0,NA,NA,NA,NA,Y,NA,A,NA,0,1,0,0,0,0,0,0,0,-,-,NA,NA,LOS ANGELES,TORRANCE,-118.34213256835938,33.87786102294922
94702417,2025,2025-05-27,9535,2025-05-16,1740,024378,NA,5,2,5,1901,0,1,1,NA,2,420,I-10 E/B (SAN BERNARDINO FREEWAY),FREMONT AVENUE,170,W,N,A,-,Y,LA,NA,10,NA,NA,22.282,H,NA,R,N,4,0,1,2,A,-,03,22350,NA,N,C,C,A,A,H,-,A,D,0,NA,NA,NA,NA,Y,NA,-,-,0,0,1,0,0,0,0,0,0,-,-,34.06801986694336,-118.15151977539064,LOS ANGELES,ALHAMBRA,-118.15151977539064,34.068023681640625
94702418,2025,2025-05-27,9590,2025-05-17,1150,023602,NA,6,1,7,1942,0,1,1,NA,2,050,I-110 N/B (HARBOR FREEWAY),43RD STREET,105,S,N,B,-,Y,LA,NA,110,NA,NA,19.108,H,NA,R,N,3,0,2,2,D,-,00,NA,NA,N,C,C,A,A,H,-,A,D,0,NA,NA,Y,NA,Y,NA,-,-,0,1,1,0,0,0,0,0,1,-,-,34.00522994995117,-118.28086090087892,LOS ANGELES,LOS ANGELES,-118.281005859375,34.00522994995117
9470243,2023,2023-09-13,1941,2023-07-31,1750,6236,WEST,1,5,7,1941,0,0,0,NA,0,019,E WARDLOW RD,ELM AV,0,NA,Y,A,-,N,NA,NA,NA,NA,NA,NA,NA,NA,NA,Y,4,0,2,2,D,-,00,NA,NA,N,D,C,A,A,H,-,A,D,0,NA,NA,NA,NA,Y,NA,-,-,0,0,2,0,0,0,0,0,0,-,-,33.81890869140625,-118.18829345703124,LOS ANGELES,LONG BEACH,-118.18833160400392,33.81892013549805
94702431,2025,2025-05-27,9530,2025-05-17,1232,024013,NA,6,1,7,1941,0,1,1,NA,2,430,I-405 N/B (SAN DIEGO FREEWAY),WOODRUFF AVE.,1520,S,N,B,-,Y,LA,NA,405,NA,NA,1.364,H,NA,R,N,4,0,2,3,A,-,03,22350,NA,N,C,C,A,A,H,-,A,D,0,NA,NA,NA,NA,Y,NA,D,22,0,0,2,0,0,0,0,0,0,-,-,33.799190521240234,-118.11077880859376,LOS ANGELES,LONG BEACH,-118.11078643798828,33.7991828918457
94702432,2025,2025-05-27,9530,2025-05-25,1425,024138,NA,7,2,9,1900,0,3,5,NA,2,003,MURIEL ST.,PAULINE ST.,0,NA,Y,A,-,N,NA,NA,NA,NA,NA,NA,NA,NA,NA,N,4,0,1,2,A,-,09,21802,A,N,D,C,A,A,H,-,A,A,0,NA,NA,NA,NA,Y,NA,D,22,0,0,1,0,0,0,0,0,0,-,-,33.8850212097168,-118.20085906982422,LOS ANGELES,UNINCORPORATED,-118.20088958740234,33.88499069213867
94702439,2025,2025-05-27,9590,2025-05-09,2220,024044,NA,5,3,7,1942,0,1,1,NA,2,021,I-10 W/B (SAN BERNARDINO FREEWAY) TO STATE STREET,STATE STREET,610,E,N,A,-,Y,LA,NA,10,NA,NA,18.645,H,NA,L,Y,3,0,2,4,A,-,08,22107,NA,F,D,3,A,A,H,-,C,D,0,NA,NA,NA,NA,Y,NA,A,01,0,1,1,0,0,0,0,0,0,-,-,34.05461120605469,-118.20984649658205,LOS ANGELES,LOS ANGELES,-118.20990753173828,34.05447769165039
9470244,2023,2023-09-13,1972,2023-07-14,1204,17433,NA,5,5,6,1972,0,0,0,NA,0,NA,ENTRADERO,190TH ST,100,S,N,A,-,N,NA,NA,NA,NA,NA,NA,NA,NA,NA,N,4,0,1,2,A,-,11,21954,A,N,G,B,D,A,H,-,A,D,0,Y,NA,NA,NA,Y,NA,N,NA,0,0,1,0,1,0,0,0,0,-,-,NA,NA,LOS ANGELES,TORRANCE,-118.3698959350586,33.85798645019531
9470245,2023,2023-09-13,1941,2023-07-11,2252,10761,NORTH,2,5,7,1941,0,0,0,NA,0,023,E ARTESIA BL,LONG BEACH BL,0,NA,Y,A,-,N,NA,NA,NA,NA,NA,NA,NA,NA,NA,Y,2,0,2,2,D,-,00,NA,NA,N,D,C,A,A,H,-,C,A,0,NA,NA,NA,NA,Y,NA,-,-,1,0,1,0,0,0,0,0,0,-,-,33.8742790222168,-118.20275115966795,LOS ANGELES,LONG BEACH,-118.20278930664064,33.87436294555664
94702450,2025,2025-05-27,9575,2025-04-29,1415,023016,NA,2,2,7,1942,0,1,1,NA,2,053,I-5 S/B (GOLDEN STATE FREEWAY),VAN NUYS BLVD,1275,N,N,A,-,Y,LA,NA,5,NA,NA,38.767,H,NA,R,N,4,0,2,3,A,-,03,22350,NA,M,C,C,A,A,H,-,A,A,0,NA,NA,NA,NA,Y,NA,A,01,0,0,2,0,0,0,0,0,0,-,-,34.2595100402832,-118.4377670288086,LOS ANGELES,LOS ANGELES,-118.43785095214844,34.25945281982422
94702452,2025,2025-05-27,9535,2025-03-07,2325,024194,NA,5,3,3,1914,0,1,1,NA,2,500,I-5 N/B (SANTA ANA FREEWAY),ATLANTIC BLVD.,3168,S,N,A,-,Y,LA,NA,5,NA,NA,12.201,H,NA,R,N,3,0,1,3,A,-,08,22107,NA,N,B,C,A,A,H,-,C,D,0,NA,NA,NA,NA,Y,NA,A,01,0,1,0,0,0,0,0,0,0,-,-,34.00278091430664,-118.15117645263672,LOS ANGELES,COMMERCE,-118.15119171142578,34.00277328491211
94702453,2025,2025-05-27,9590,2025-05-19,235,023642,NA,1,3,7,1942,0,1,1,NA,2,053,I-110 SOUTBHOUND (HARBOR FREEWAY) (COLLECTOR),WASHINGTON BLVD,581,S,N,A,-,Y,LA,NA,110,NA,NA,21.135,H,NA,L,Y,3,0,1,1,A,-,08,22107,NA,N,E,I,A,A,H,-,C,D,0,NA,NA,NA,NA,Y,NA,A,01,0,1,0,0,0,0,0,0,0,-,-,34.03382873535156,-118.27483367919922,LOS ANGELES,LOS ANGELES,-118.27469635009766,34.03382110595703
9470246,2023,2023-09-13,1941,2023-07-04,2216,10140,NORTH,2,5,7,1941,0,0,0,NA,0,024,DOWNEY AV,SOUTH ST,0,NA,Y,B,-,N,NA,NA,NA,NA,NA,NA,NA,NA,NA,Y,4,0,3,2,A,-,12,21453,A,N,D,C,A,A,H,-,C,A,0,NA,NA,NA,NA,Y,NA,A,01,0,0,3,0,0,0,0,0,0,-,-,33.86021041870117,-118.15120697021484,LOS ANGELES,LONG BEACH,-118.15118408203124,33.86022186279297