CASE_ID,ACCIDENT_YEAR,PROC_DATE,JURIS,COLLISION_DATE,COLLISION_TIME,OFFICER_ID,REPORTING_DISTRICT,DAY_OF_WEEK,CHP_SHIFT,POPULATION,CNTY_CITY_LOC,SPECIAL_COND,BEAT_TYPE,CHP_BEAT_TYPE,CITY_DIVISION_LAPD,CHP_BEAT_CLASS,BEAT_NUMBER,PRIMARY_RD,SECONDARY_RD,DISTANCE,DIRECTION,INTERSECTION,WEATHER_1,WEATHER_2,STATE_HWY_IND,CALTRANS_COUNTY,CALTRANS_DISTRICT,STATE_ROUTE,ROUTE_SUFFIX,POSTMILE_PREFIX,POSTMILE,LOCATION_TYPE,RAMP_INTERSECTION,SIDE_OF_HWY,TOW_AWAY,COLLISION_SEVERITY,NUMBER_KILLED,NUMBER_INJURED,PARTY_COUNT,PRIMARY_COLL_FACTOR,PCF_CODE_OF_VIOL,PCF_VIOL_CATEGORY,PCF_VIOLATION,PCF_VIOL_SUBSECTION,HIT_AND_RUN,TYPE_OF_COLLISION,MVIW,PED_ACTION,ROAD_SURFACE,ROAD_COND_1,ROAD_COND_2,LIGHTING,CONTROL_DEVICE,CHP_ROAD_TYPE,PEDESTRIAN_ACCIDENT,BICYCLE_ACCIDENT,MOTORCYCLE_ACCIDENT,TRUCK_ACCIDENT,NOT_PRIVATE_PROPERTY,ALCOHOL_INVOLVED,STWD_VEHTYPE_AT_FAULT,CHP_VEHTYPE_AT_FAULT,COUNT_SEVERE_INJ,COUNT_VISIBLE_INJ,COUNT_COMPLAINT_PAIN,COUNT_PED_KILLED,COUNT_PED_INJURED,COUNT_BICYCLIST_KILLED,COUNT_BICYCLIST_INJURED,COUNT_MC_KILLED,COUNT_MC_INJURED,PRIMARY_RAMP,SECONDARY_RAMP,LATITUDE,LONGITUDE,COUNTY,CITY,POINT_X,POINT_Y
9470398,2023,2023-10-03,1942,2023-08-27,1950,38590,1177,7,5,7,1942,0,0,0,K,0,24T31,FIGUEROA ST,CYPRESS AV,0,NA,Y,A,-,N,NA,NA,NA,NA,NA,NA,NA,NA,NA,Y,3,0,2,2,A,-,09,21801,A,F,A,C,A,A,H,-,C,A,0,NA,NA,NA,NA,Y,NA,A,07,0,2,0,0,0,0,0,0,0,-,-,NA,NA,LOS ANGELES,LOS ANGELES,-118.2190399169922,34.086429595947266
9470399,2023,2023-10-06,1942,2023-08-26,1300,37540,0261,6,5,7,1942,0,0,0,B,0,24TL27,LAKE ST,JAMES M WOOD BL,0,NA,Y,A,-,N,NA,NA,NA,NA,NA,NA,NA,NA,NA,Y,4,0,2,3,A,-,12,22450,A,F,D,C,A,A,H,-,A,A,0,NA,NA,NA,NA,Y,NA,A,01,0,0,2,0,0,0,0,0,0,-,-,NA,NA,LOS ANGELES,LOS ANGELES,-118.27989196777344,34.05386734008789
9470400,2023,2023-09-26,1942,2023-08-27,115,34350,1309,7,5,7,1942,0,0,0,M,0,24T33,SANTA FE AV,15TH ST,625,S,N,B,-,N,NA,NA,NA,NA,NA,NA,NA,NA,NA,N,2,0,1,2,A,-,11,21954,A,F,G,B,D,A,H,-,E,A,0,Y,NA,NA,NA,Y,NA,N,60,1,0,0,0,1,0,0,0,0,-,-,NA,NA,LOS ANGELES,LOS ANGELES,-118.23037719726564,34.019405364990234
9470401,2023,2023-10-13,1942,2023-09-12,1810,38590,1126,2,5,7,1942,0,0,0,K,0,24T31,AV 54,BUCHANAN ST,0,NA,Y,A,-,N,NA,NA,NA,NA,NA,NA,NA,NA,NA,Y,2,0,4,2,A,-,03,22350,NA,N,D,C,A,A,H,-,D,A,0,NA,NA,NA,NA,Y,NA,A,01,1,1,2,0,0,0,0,0,0,-,-,NA,NA,LOS ANGELES,LOS ANGELES,-118.19918060302734,34.11825180053711
9470402,2023,2023-10-13,1942,2023-09-13,1100,36238,1109,3,5,7,1942,0,0,0,K,0,24TL24,COLORADO BL,TOWNSEND AV,0,NA,Y,A,-,N,NA,NA,NA,NA,NA,NA,NA,NA,NA,N,3,0,1,2,A,-,08,22102,NA,N,H,I,A,A,H,-,A,D,0,NA,NA,Y,NA,Y,NA,A,07,0,1,0,0,0,0,0,0,1,-,-,NA,NA,LOS ANGELES,LOS ANGELES,-118.20149993896484,34.13948440551758
9470403,2023,2023-10-13,1942,2023-09-14,1100,39395,1109,4,5,7,1942,0,0,0,K,0,24TL24,COLORADO BL,LOLETA AV,59,E,N,A,-,N,NA,NA,NA,NA,NA,NA,NA,NA,NA,Y,2,0,2,3,A,-,08,22107,NA,N,A,C,A,-,H,-,A,D,0,NA,NA,NA,NA,Y,NA,A,01,1,1,0,0,0,0,0,0,0,-,-,NA,NA,LOS ANGELES,LOS ANGELES,-118.19793701171876,34.13922119140625
94704036,2025,2025-05-28,9550,2025-05-20,340,023825,NA,2,3,9,1900,0,3,5,NA,2,004,CALLE BARCELONA,CALLE BELLEZA,120,W,N,A,-,N,NA,NA,NA,NA,NA,NA,NA,NA,NA,Y,3,0,1,2,A,-,01,23152,A,N,B,C,A,A,H,-,C,D,0,NA,NA,NA,NA,Y,Y,D,22,0,1,0,0,0,0,0,0,0,-,-,33.9882698059082,-117.9151611328125,LOS ANGELES,UNINCORPORATED,-117.91511535644533,33.98825454711914
9470404,2023,2023-10-25,1942,2023-09-19,28,44605,1132,2,5,7,1942,0,0,0,K,0,11A51,N COMMONWEALTH AV,LOS FELIZ BL,3,N,N,A,-,N,NA,NA,NA,NA,NA,NA,NA,NA,NA,N,4,0,1,2,A,-,10,21950,NA,N,D,-,A,A,H,-,C,A,0,NA,Y,NA,NA,Y,NA,A,01,0,0,1,0,0,0,1,0,0,-,-,NA,NA,LOS ANGELES,LOS ANGELES,-118.2852783203125,34.11227798461914
9470405,2023,2023-10-19,1942,2023-09-18,1915,39062,0152,1,5,7,1942,0,0,0,A,0,24T33,6TH ST,HILL ST,30,W,N,A,-,N,NA,NA,NA,NA,NA,NA,NA,NA,NA,N,3,0,1,2,A,-,21,22106,NA,F,B,C,A,A,H,-,C,A,0,NA,NA,Y,NA,Y,NA,-,99,0,1,0,0,0,0,0,0,1,-,-,NA,NA,LOS ANGELES,LOS ANGELES,-118.25318145751952,34.04738998413086
9470406,2023,2023-10-25,1942,2023-09-13,30,36814,1383,3,5,7,1942,0,0,0,M,0,24T33,MAIN ST,GAGE AV,0,NA,Y,A,-,N,NA,NA,NA,NA,NA,NA,NA,NA,NA,Y,3,0,1,2,A,-,12,21453,A,F,D,C,A,A,H,-,C,A,0,NA,NA,NA,NA,Y,NA,-,-,0,1,0,0,0,0,0,0,0,-,-,NA,NA,LOS ANGELES,LOS ANGELES,-118.2739486694336,33.98241424560547
94704067,2025,2025-05-28,9550,2025-05-21,2312,024020,NA,3,3,5,1919,0,1,3,NA,2,092,STATE ROUTE 91 EASTBOUND (ARTESIA FREEWAY),183RD STREET,275,E,N,A,-,Y,LA,NA,91,NA,R,20.226,H,NA,R,Y,3,0,2,2,A,-,03,22350,NA,N,C,C,A,A,H,-,C,D,0,NA,NA,NA,NA,Y,NA,A,07,0,1,1,0,0,0,0,0,0,-,-,33.8659782409668,-118.0495834350586,LOS ANGELES,CERRITOS,-118.04959869384766,33.865962982177734
94704075,2025,2025-05-28,9590,2025-05-21,1632,022750,NA,3,2,7,1942,0,1,1,NA,2,060,I-10 E/B (SANTA MONICA FREEWAY),ARLINGTON AVENUE,581,E,N,A,-,Y,LA,NA,10,NA,R,12.432,H,NA,R,N,3,0,1,2,A,-,08,22107,NA,N,B,C,A,A,H,-,A,D,0,NA,NA,Y,NA,Y,NA,A,01,0,1,0,0,0,0,0,0,1,-,-,34.03681182861328,-118.31572723388672,LOS ANGELES,LOS ANGELES,-118.31573486328124,34.03684616088867
9470408,2023,2023-10-12,1942,2023-09-15,1740,39655,1313,5,5,7,1942,0,0,0,M,0,21FB17,WASHINGTON BL,STANFORD AV,0,NA,Y,A,-,N,NA,NA,NA,NA,NA,NA,NA,NA,NA,N,3,0,1,2,A,-,05,21650,1,F,D,C,A,A,H,-,A,A,0,NA,Y,NA,NA,Y,Y,L,04,0,1,0,0,0,0,1,0,0,-,-,NA,NA,LOS ANGELES,LOS ANGELES,-118.44908142089844,33.98984146118164
94704080,2025,2025-05-28,9550,2025-05-21,1125,018854,NA,3,1,9,1900,0,1,1,NA,2,650,I-605 S/B,WASHINGTON BLVD.,1000,S,N,A,-,Y,LA,NA,605,NA,R,11.879,H,NA,L,N,4,0,1,3,A,-,03,22350,NA,N,C,C,A,A,H,-,A,D,0,NA,NA,NA,NA,Y,NA,A,08,0,0,1,0,0,0,0,0,0,-,-,33.971439361572266,-118.08119201660156,LOS ANGELES,UNINCORPORATED,-118.08122253417967,33.97145080566406
9470409,2023,2023-10-13,1942,2023-09-10,100,44205,1333,7,5,7,1942,0,0,0,M,0,13A41W,SAN PEDRO,31ST ST,100,S,N,A,-,N,NA,NA,NA,NA,NA,NA,NA,NA,NA,Y,3,0,1,3,A,-,01,23152,A,M,C,C,A,A,H,-,C,D,0,NA,NA,NA,NA,Y,Y,A,01,0,1,0,0,0,0,0,0,0,-,-,NA,NA,LOS ANGELES,LOS ANGELES,-118.26394653320313,34.01749038696289
94704090,2025,2025-05-28,9590,2025-05-22,1650,023957,NA,4,2,7,1942,0,1,2,NA,2,043,I-5 S/B (SANTA ANA FREEWAY),MARIETTA STREET,200,N,N,A,-,Y,NA,NA,NA,NA,NA,NA,NA,NA,NA,N,4,0,2,2,A,-,03,22350,NA,N,C,C,A,A,H,-,A,D,0,NA,NA,NA,NA,Y,NA,A,01,0,0,2,0,0,0,0,0,0,-,-,34.028621673583984,-118.21417999267578,LOS ANGELES,LOS ANGELES,-118.21388244628906,34.02824020385742
9470410,2023,2023-10-12,1942,2023-09-10,1720,37952,0251,7,5,7,1942,0,0,0,B,0,24TL58,RAMPART BL,4TH ST,225,S,N,A,-,N,NA,NA,NA,NA,NA,NA,NA,NA,NA,Y,3,0,1,3,A,-,01,23152,A,N,C,E,A,A,H,-,A,D,0,NA,NA,NA,NA,Y,Y,A,01,0,1,0,0,0,0,0,0,0,-,-,NA,NA,LOS ANGELES,LOS ANGELES,-118.28008270263672,34.064388275146484
94704101,2025,2025-05-28,9550,2025-05-21,1440,023539,NA,3,2,5,1976,0,1,1,NA,2,650,I-605 SB,DUNLAP CROSSING RD,700,S,N,A,-,Y,LA,NA,605,NA,R,12.717,H,NA,L,Y,4,0,3,2,A,-,03,22350,NA,N,C,C,A,A,H,-,A,D,0,NA,NA,NA,NA,Y,NA,A,01,0,0,3,0,0,0,0,0,0,-,-,33.982078552246094,-118.07453918457033,LOS ANGELES,WHITTIER,-118.07460784912108,33.98212432861328
9470411,2023,2023-10-12,1942,2023-09-07,1419,37505,0249,4,5,7,1942,0,0,0,B,0,24TL56,6TH ST,BEAUDRY AV,44,E,N,A,-,N,NA,NA,NA,NA,NA,NA,NA,NA,NA,Y,3,0,1,2,A,-,07,21658,A,F,B,C,A,A,H,-,A,D,0,NA,NA,Y,NA,Y,NA,-,99,0,1,0,0,0,0,0,0,1,-,-,NA,NA,LOS ANGELES,LOS ANGELES,-118.25968933105467,34.05304718017578
9470412,2023,2023-10-12,1942,2023-09-13,2030,40730,0202,3,5,7,1942,0,0,0,B,0,24T32,SANTA MONICA BL,MADISON BL,82,W,N,A,-,N,NA,NA,NA,NA,NA,NA,NA,NA,NA,Y,3,0,1,1,A,-,01,23152,A,N,E,I,A,A,H,-,C,D,0,NA,NA,NA,NA,Y,Y,A,01,0,1,0,0,0,0,0,0,0,-,-,NA,NA,LOS ANGELES,LOS ANGELES,-118.28955078125,34.09088134765625
9470413,2023,2023-10-12,1942,2023-09-09,1800,40325,0261,6,5,7,1942,0,0,0,B,0,24T34,GRAND VIEW BL,8TH ST,30,S,N,A,-,N,NA,NA,NA,NA,NA,NA,NA,NA,NA,N,4,0,1,2,A,-,01,23152,A,F,B,C,A,A,H,-,A,A,0,NA,NA,NA,NA,Y,Y,A,01,0,0,1,0,0,0,0,0,0,-,-,NA,NA,LOS ANGELES,LOS ANGELES,-118.2800521850586,34.05576705932617
9470414,2023,2023-10-12,1942,2023-09-09,1915,37952,0204,6,5,7,1942,0,0,0,B,0,24TL58,IMOGEN AV,ELLSWORTH ST,275,N,N,A,-,N,NA,NA,NA,NA,NA,NA,NA,NA,NA,Y,3,0,1,2,A,-,03,22350,NA,M,B,I,A,A,H,-,C,D,0,NA,NA,NA,NA,Y,NA,A,01,0,1,0,0,0,0,0,0,0,-,-,NA,NA,LOS ANGELES,LOS ANGELES,-118.28282928466795,34.082916259765625
94704149,2025,2025-05-28,9535,2025-05-19,1608,024446,NA,1,2,6,1922,0,1,1,NA,2,400,I-10 E/B (SAN BERNARDINO FREEWAY),I-605 S/B,200,W,N,A,-,Y,LA,NA,10,NA,NA,30.925,H,NA,R,N,4,0,1,2,A,-,03,22350,NA,M,C,C,A,A,H,-,A,D,0,NA,NA,NA,NA,Y,NA,-,99,0,0,1,0,0,0,0,0,0,-,-,34.0643310546875,-118.00406646728516,LOS ANGELES,EL MONTE,-118.00409698486328,34.064456939697266
9470415,2023,2023-10-12,1942,2023-09-11,255,31324,0185,1,5,7,1942,0,0,0,A,0,24T34,OLYMPIC BL,LOS ANGELES ST,0,NA,Y,A,-,N,NA,NA,NA,NA,NA,NA,NA,NA,NA,Y,4,0,2,2,A,-,01,23152,A,N,D,C,A,A,H,-,C,-,0,NA,NA,NA,NA,Y,Y,A,01,0,0,2,0,0,0,0,0,0,-,-,NA,NA,LOS ANGELES,LOS ANGELES,-118.25582122802734,34.03955841064453
9470416,2023,2023-10-16,1942,2023-09-09,1720,35077,0477,6,5,7,1942,0,0,0,D,0,24MQ65,WHITTIER BL,MOTT ST,0,NA,Y,A,-,N,NA,NA,NA,NA,NA,NA,NA,NA,NA,Y,2,0,1,2,A,-,09,21801,A,F,D,J,A,A,H,-,A,A,0,NA,NA,NA,NA,Y,NA,A,01,1,0,0,0,0,0,0,0,0,-,-,NA,NA,LOS ANGELES,LOS ANGELES,-118.21303558349608,34.03319549560547
9470417,2023,2023-10-12,1942,2023-09-09,500,45172,0411,6,5,7,1942,0,0,0,D,0,4A3,PASADENA,AV 19,0,NA,Y,A,-,N,NA,NA,NA,NA,NA,NA,NA,NA,NA,Y,4,0,1,2,A,-,12,21453,NA,F,A,C,A,A,H,-,C,A,0,NA,NA,NA,NA,Y,NA,A,01,0,0,1,0,0,0,0,0,0,-,-,NA,NA,LOS ANGELES,LOS ANGELES,-118.22230529785156,34.07371139526367
94704174,2025,2025-05-28,9535,2025-05-20,1332,024308,NA,2,1,5,1969,0,1,1,NA,2,074,I-710 N/B (LONG BEACH FWY),FILESTONE BLVD,1600,N,N,A,-,Y,LA,NA,710,NA,NA,18.753,H,NA,R,Y,3,0,1,1,A,-,08,22107,NA,N,E,I,A,A,H,-,A,D,0,NA,NA,NA,NA,Y,NA,-,-,0,1,0,0,0,0,0,0,0,-,-,33.954288482666016,-118.1706085205078,LOS ANGELES,SOUTH GATE,-118.1705322265625,33.95429229736328
9470418,2023,2023-10-17,1942,2023-09-06,1725,35077,0192,3,5,7,1942,0,0,0,A,0,24MQ65,WASHINGTON BL,FLOWER ST,0,NA,Y,A,-,N,NA,NA,NA,NA,NA,NA,NA,NA,NA,N,2,0,1,2,A,-,12,21453,A,N,D,J,A,A,H,-,A,A,0,NA,Y,NA,NA,Y,NA,L,04,1,0,0,0,0,0,1,0,0,-,-,NA,NA,LOS ANGELES,LOS ANGELES,-118.27082824707033,34.03384017944336
9470419,2023,2023-10-12,1942,2023-09-09,1210,37540,0159,6,5,7,1942,0,0,0,A,0,24T28,ALAMEDA ST,7TH ST,0,NA,Y,A,-,N,NA,NA,NA,NA,NA,NA,NA,NA,NA,N,4,0,1,2,A,-,10,21950,A,F,G,B,B,A,H,-,A,A,0,Y,NA,NA,NA,Y,NA,-,99,0,0,1,0,1,0,0,0,0,-,-,NA,NA,LOS ANGELES,LOS ANGELES,-118.23863983154295,34.03504943847656
94704197,2025,2025-05-28,9590,2025-05-28,1448,021040,NA,3,2,7,1942,0,1,S,NA,2,904,I-110 (HARBOR FREEWAY),ROSECRANS AVENUE,500,N,N,A,-,Y,LA,NA,110,NA,NA,12.437,H,NA,R,N,4,0,2,2,A,-,03,22350,NA,N,C,C,A,A,H,-,A,D,0,NA,NA,NA,NA,Y,NA,A,01,0,0,2,0,0,0,0,0,0,-,-,33.909828186035156,-118.28672790527344,LOS ANGELES,LOS ANGELES,-118.28649139404295,33.909828186035156
9470420,2023,2023-10-12,1942,2023-09-09,1648,41661,0191,6,5,7,1942,0,0,0,A,0,24MQW5,FIGUEROA ST,18TH ST,0,NA,Y,A,-,N,NA,NA,NA,NA,NA,NA,NA,NA,NA,N,2,0,1,2,A,-,09,21801,A,F,D,G,A,A,H,-,A,D,0,NA,Y,NA,NA,Y,NA,-,99,1,0,0,0,0,0,1,0,0,-,-,NA,NA,LOS ANGELES,LOS ANGELES,-118.27140045166016,34.03542709350586
9470427,2023,2023-10-13,1942,2023-09-11,1540,39889,0445,1,5,7,1942,0,0,0,D,0,24MQ39,BRITTANIA ST,POMEROY AV,45,S,N,B,-,N,NA,NA,NA,NA,NA,NA,NA,NA,NA,Y,3,0,1,2,A,-,17,21657,NA,F,A,C,A,A,H,-,A,D,0,NA,NA,NA,NA,Y,NA,A,08,0,1,0,0,0,0,0,0,0,-,-,NA,NA,LOS ANGELES,LOS ANGELES,-118.20932769775392,34.05561828613281
9470428,2023,2023-10-13,1942,2023-09-11,2300,39062,0423,1,5,7,1942,0,0,0,D,0,24T33,MISSION RD,MARENGO ST,0,NA,Y,A,-,N,NA,NA,NA,NA,NA,NA,NA,NA,NA,Y,3,0,1,2,A,-,12,21453,A,F,D,C,A,A,H,-,C,A,0,NA,NA,NA,NA,Y,NA,-,99,0,1,0,0,0,0,0,0,0,-,-,NA,NA,LOS ANGELES,LOS ANGELES,-118.21441650390624,34.06061553955078
9470429,2023,2023-10-13,1942,2023-09-13,2245,39062,0142,3,5,7,1942,0,0,0,A,0,24T33,3RD ST,FLOWER ST,160,E,N,A,-,N,NA,NA,NA,NA,NA,NA,NA,NA,NA,Y,4,0,2,2,A,-,01,23152,A,N,C,A,A,A,H,-,C,D,0,NA,NA,NA,NA,Y,Y,A,01,0,0,2,0,0,0,0,0,0,-,-,NA,NA,LOS ANGELES,LOS ANGELES,-118.25354766845705,34.05434036254883
9470430,2023,2023-10-13,1942,2023-09-09,2210,34350,1322,6,5,7,1942,0,0,0,M,0,24T32,SAN PEDRO ST,24TH ST,130,N,N,B,-,N,NA,NA,NA,NA,NA,NA,NA,NA,NA,N,3,0,1,2,A,-,09,21804,A,F,C,G,A,-,H,-,C,D,0,NA,Y,NA,NA,Y,NA,L,04,0,1,0,0,0,0,1,0,0,-,-,NA,NA,LOS ANGELES,LOS ANGELES,-118.2600326538086,34.023597717285156
9470431,2023,2023-10-13,1942,2023-09-14,1220,40421,0132,4,5,7,1942,0,0,0,A,0,24T22W,1ST ST,HOPE ST,25,W,N,A,-,N,NA,NA,NA,NA,NA,NA,NA,NA,NA,N,4,0,1,2,A,-,03,22350,NA,M,G,B,E,A,H,-,A,A,0,Y,NA,NA,NA,Y,NA,-,99,0,0,1,0,1,0,0,0,0,-,-,NA,NA,LOS ANGELES,LOS ANGELES,-118.24993896484376,34.05644226074219
9470432,2023,2023-10-13,1942,2023-09-13,1830,41068,1391,3,5,7,1942,0,0,0,M,0,24T31,BROADWAY,69TH ST,59,S,N,A,-,N,NA,NA,NA,NA,NA,NA,NA,NA,NA,N,2,0,1,2,A,-,08,22102,NA,N,D,J,A,A,H,-,B,A,0,NA,NA,Y,NA,Y,NA,A,07,1,0,0,0,0,0,0,0,1,-,-,NA,NA,LOS ANGELES,LOS ANGELES,-118.27831268310548,33.97718811035156
9470433,2023,2023-10-13,1942,2023-09-17,2035,34350,1362,7,5,7,1942,0,0,0,M,0,24T33,SAN PEDRO ST,52ND ST,85,N,N,B,-,N,NA,NA,NA,NA,NA,NA,NA,NA,NA,N,4,0,1,2,A,-,08,22107,NA,N,C,E,A,A,H,-,C,D,0,NA,NA,Y,NA,Y,NA,C,02,0,0,1,0,0,0,0,0,1,-,-,NA,NA,LOS ANGELES,LOS ANGELES,-118.27015686035156,33.9954719543457
9470434,2023,2023-10-13,1942,2023-09-09,1050,37540,1124,6,5,7,1942,0,0,0,K,0,24T28,SAN FERNANDO RD,FLETCHER DR,300,W,N,A,-,N,NA,NA,NA,NA,NA,NA,NA,NA,NA,N,4,0,2,2,A,-,09,21804,A,N,D,C,A,A,H,-,A,D,0,NA,NA,NA,NA,Y,NA,-,99,0,0,2,0,0,0,0,0,0,-,-,NA,NA,LOS ANGELES,LOS ANGELES,-118.24648284912108,34.11552429199219
9470435,2023,2023-10-13,1942,2023-09-08,1340,42926,1141,5,5,7,1942,0,0,0,K,0,24TL55,HOLLYWOOD BL,BERENDO ST,260,W,N,A,-,N,NA,NA,NA,NA,NA,NA,NA,NA,NA,Y,4,0,2,2,A,-,21,22106,NA,N,C,C,A,A,H,-,A,D,0,NA,NA,NA,NA,Y,NA,A,01,0,0,2,0,0,0,0,0,0,-,-,NA,NA,LOS ANGELES,LOS ANGELES,-118.29539489746094,34.10179138183594
9470436,2023,2023-10-13,1942,2023-09-08,510,42118,1109,5,5,7,1942,0,0,0,K,0,24TL26,COLORADO BL,LOS ROBLES ST,50,E,N,A,-,N,NA,NA,NA,NA,NA,NA,NA,NA,NA,N,3,0,1,2,A,-,08,22107,NA,F,G,B,E,A,H,-,B,A,0,Y,NA,NA,NA,Y,NA,-,99,0,1,0,0,1,0,0,0,0,-,-,NA,NA,LOS ANGELES,LOS ANGELES,-118.19631958007813,34.139400482177734
9470437,2023,2023-10-13,1942,2023-09-09,630,40421,1153,6,5,7,1942,0,0,0,K,0,24T22W,LOS FELIZ BL,WESTERN AV,45,E,N,A,-,N,NA,NA,NA,NA,NA,NA,NA,NA,NA,Y,2,0,3,1,A,-,03,22350,NA,N,F,I,A,A,H,-,A,A,0,NA,NA,NA,NA,Y,NA,A,07,1,0,2,0,0,0,0,0,0,-,-,NA,NA,LOS ANGELES,LOS ANGELES,-118.30919647216795,34.107688903808594
9470438,2023,2023-10-13,1942,2023-09-11,915,36527,1161,1,5,7,1942,0,0,0,K,0,24MQ42,FOUNTAIN AV,MARIPOSA AV,0,NA,Y,A,-,N,NA,NA,NA,NA,NA,NA,NA,NA,NA,Y,4,0,1,2,A,-,09,21802,A,N,D,C,A,A,H,-,A,A,0,NA,NA,NA,NA,Y,NA,-,-,0,0,1,0,0,0,0,0,0,-,-,NA,NA,LOS ANGELES,LOS ANGELES,-118.2994384765625,34.09524917602539
9470439,2023,2023-10-13,1942,2023-09-08,1230,45385,1125,5,5,7,1942,0,0,0,K,0,11A71,LINCOLN AV,AVE 51,188,W,N,A,-,N,NA,NA,NA,NA,NA,NA,NA,NA,NA,N,3,0,1,2,D,-,00,NA,NA,F,G,B,C,A,H,-,A,D,0,Y,NA,NA,NA,Y,NA,-,-,0,1,0,0,1,0,0,0,0,-,-,NA,NA,LOS ANGELES,LOS ANGELES,-118.20560455322266,34.12028884887695
9470440,2023,2023-10-13,1942,2023-09-09,2045,44586,NOE,6,5,7,1942,0,0,0,NA,0,1176,RIVERSIDE DR,OROS ST,0,NA,Y,A,-,N,NA,NA,NA,NA,NA,NA,NA,NA,NA,Y,3,0,1,1,A,-,08,22107,NA,N,A,I,A,A,H,-,C,D,0,NA,NA,NA,NA,Y,NA,A,01,0,1,0,0,0,0,0,0,0,-,-,NA,NA,LOS ANGELES,LOS ANGELES,-118.2301025390625,34.08548355102539
9470441,2023,2023-10-13,1976,2023-09-04,1601,555,NA,1,5,5,1976,0,0,0,NA,0,002,WASHINGTON BL,LAMBERT RD,40,E,N,A,-,N,NA,NA,NA,NA,NA,NA,NA,NA,NA,N,4,0,1,2,A,-,21,22106,NA,N,C,C,A,A,H,-,A,A,0,NA,NA,NA,NA,Y,NA,A,01,0,0,1,0,0,0,0,0,0,-,-,NA,NA,LOS ANGELES,WHITTIER,-118.04792785644533,33.96742630004883
9470442,2023,2023-10-13,1976,2023-09-06,1530,525,NA,3,5,5,1976,0,0,0,NA,0,004,LINDANTE DR,PERICO DR,8211,N,N,A,-,N,NA,NA,NA,NA,NA,NA,NA,NA,NA,Y,4,0,1,1,A,-,08,22107,NA,N,E,I,A,A,H,-,A,D,0,NA,NA,NA,NA,Y,NA,A,07,0,0,1,0,0,0,0,0,0,-,-,NA,NA,LOS ANGELES,WHITTIER,-117.9849090576172,33.965980529785156
94704719,2025,2025-05-29,9575,2025-05-19,1410,024291,NA,1,2,5,1902,0,1,1,NA,2,065,I-210 E/B (FOOTHILL FREEWAY),BALDWIN AVENUE,380,E,N,A,-,Y,LA,NA,210,NA,R,30.906,H,NA,R,Y,4,0,1,2,A,-,03,22350,NA,N,C,C,A,A,H,-,A,D,0,NA,NA,NA,NA,Y,NA,A,07,0,0,1,0,0,0,0,0,0,-,-,34.148719787597656,-118.04882049560548,LOS ANGELES,ARCADIA,-118.04882049560548,34.14870071411133
94704723,2025,2025-05-29,9530,2025-05-21,435,024092,NA,3,3,9,1900,0,3,5,NA,2,002,ALONDRA BLVD.,HASKINS LANE,67,W,N,A,-,N,NA,NA,NA,NA,NA,NA,NA,NA,NA,N,4,0,2,3,A,-,08,22100,A,N,B,C,A,A,H,-,C,D,0,NA,NA,NA,NA,Y,NA,A,01,0,0,2,0,0,0,0,0,0,-,-,33.88618850708008,-118.26170349121094,LOS ANGELES,UNINCORPORATED,-118.26139068603516,33.88610076904297
94704727,2025,2025-05-29,9525,2025-05-19,1510,018651,NA,1,2,6,1955,0,1,1,NA,2,107,I-10 W/B (SAN BERNARDION FREEWAY),WHITE AVE.,120,W,N,A,-,Y,LA,NA,10,NA,NA,45.256,H,NA,L,Y,2,0,1,1,A,-,03,22350,NA,N,F,A,A,A,H,-,A,D,0,NA,NA,Y,NA,Y,NA,C,02,1,0,0,0,0,0,0,0,1,-,-,34.07115936279297,-117.75991058349608,LOS ANGELES,POMONA,-117.75991058349608,34.07117462158203
94704730,2025,2025-05-29,9575,2025-05-22,806,024266,NA,4,1,6,1925,0,1,3,NA,2,042,SR-134 W/B (VENTURA FREEWAY),JACKSON ST,442,E,N,A,-,Y,LA,NA,134,NA,R,7.49,H,NA,L,Y,3,0,2,2,A,-,03,22350,NA,N,C,C,A,A,H,-,A,D,0,NA,NA,NA,NA,Y,NA,A,01,0,1,1,0,0,0,0,0,0,-,-,34.15644073486328,-118.2487335205078,LOS ANGELES,GLENDALE,-118.2487335205078,34.156463623046875
94704738,2025,2025-05-29,9540,2025-05-21,2138,024392,NA,3,2,7,1942,0,1,1,NA,1,502,I-5 N/B,BALBOA BLVD,115,N,N,A,-,Y,LA,NA,5,NA,R,44.456,H,NA,R,Y,2,0,1,1,C,-,18,NA,NA,N,E,9,A,A,H,-,D,D,0,NA,NA,Y,NA,Y,NA,-,-,1,0,0,0,0,0,0,0,1,-,-,34.321231842041016,-118.49656677246094,LOS ANGELES,LOS ANGELES,-118.49652099609376,34.3212890625
94704754,2025,2025-05-29,9525,2025-05-24,1810,024162,NA,6,2,3,1921,0,1,1,NA,2,202,I-210 E/B (FOOTHILL FWY),BUENA VISTA ST,1374,E,N,A,-,Y,LA,NA,210,NA,R,35.524,H,NA,R,N,4,0,1,2,A,-,03,22350,NA,N,C,C,A,A,H,-,A,D,0,NA,NA,NA,NA,Y,NA,A,01,0,0,1,0,0,0,0,0,0,-,-,34.13544845581055,-117.97289276123048,LOS ANGELES,DUARTE,-117.97288513183594,34.13542175292969
94704756,2025,2025-05-29,9545,2025-05-16,1610,020140,NA,5,2,9,1900,0,3,5,NA,2,004,PALMDALE BLVD,75TH STREET EAST,3168,E,N,A,-,N,NA,NA,NA,NA,NA,NA,NA,NA,NA,Y,4,0,1,2,A,-,03,22350,NA,N,B,2,A,A,H,-,A,D,0,NA,NA,NA,NA,Y,NA,A,01,0,0,1,0,0,0,0,0,0,-,-,34.57973098754883,-117.98625946044922,LOS ANGELES,UNINCORPORATED,-117.98548126220705,34.57973098754883