CASE_ID,ACCIDENT_YEAR,PROC_DATE,JURIS,COLLISION_DATE,COLLISION_TIME,OFFICER_ID,REPORTING_DISTRICT,DAY_OF_WEEK,CHP_SHIFT,POPULATION,CNTY_CITY_LOC,SPECIAL_COND,BEAT_TYPE,CHP_BEAT_TYPE,CITY_DIVISION_LAPD,CHP_BEAT_CLASS,BEAT_NUMBER,PRIMARY_RD,SECONDARY_RD,DISTANCE,DIRECTION,INTERSECTION,WEATHER_1,WEATHER_2,STATE_HWY_IND,CALTRANS_COUNTY,CALTRANS_DISTRICT,STATE_ROUTE,ROUTE_SUFFIX,POSTMILE_PREFIX,POSTMILE,LOCATION_TYPE,RAMP_INTERSECTION,SIDE_OF_HWY,TOW_AWAY,COLLISION_SEVERITY,NUMBER_KILLED,NUMBER_INJURED,PARTY_COUNT,PRIMARY_COLL_FACTOR,PCF_CODE_OF_VIOL,PCF_VIOL_CATEGORY,PCF_VIOLATION,PCF_VIOL_SUBSECTION,HIT_AND_RUN,TYPE_OF_COLLISION,MVIW,PED_ACTION,ROAD_SURFACE,ROAD_COND_1,ROAD_COND_2,LIGHTING,CONTROL_DEVICE,CHP_ROAD_TYPE,PEDESTRIAN_ACCIDENT,BICYCLE_ACCIDENT,MOTORCYCLE_ACCIDENT,TRUCK_ACCIDENT,NOT_PRIVATE_PROPERTY,ALCOHOL_INVOLVED,STWD_VEHTYPE_AT_FAULT,CHP_VEHTYPE_AT_FAULT,COUNT_SEVERE_INJ,COUNT_VISIBLE_INJ,COUNT_COMPLAINT_PAIN,COUNT_PED_KILLED,COUNT_PED_INJURED,COUNT_BICYCLIST_KILLED,COUNT_BICYCLIST_INJURED,COUNT_MC_KILLED,COUNT_MC_INJURED,PRIMARY_RAMP,SECONDARY_RAMP,LATITUDE,LONGITUDE,COUNTY,CITY,POINT_X,POINT_Y
9470566,2023,2023-10-06,1907,2023-05-17,1125,249,2,3,5,4,1907,0,0,0,NA,0,NA,KING AV,BELL PL,43,S,N,A,-,N,NA,NA,NA,NA,NA,NA,NA,NA,NA,N,4,0,1,3,A,-,03,22350,NA,M,B,C,A,A,H,-,A,A,0,NA,NA,NA,NA,Y,NA,A,07,0,0,1,0,0,0,0,0,0,-,-,33.97507095336914,-118.18457794189452,LOS ANGELES,BELL,-118.18462371826172,33.9749641418457
94705666,2025,2025-05-29,9535,2025-05-16,1710,022269,NA,5,2,9,1900,0,3,5,NA,2,004,(8500 BLOCK) GARIBALDI AVE.,VISTA AVE.,50,E,N,A,-,N,NA,NA,NA,NA,NA,NA,NA,NA,NA,N,4,0,1,2,A,-,21,22106,NA,N,D,C,A,A,H,-,A,D,0,NA,NA,NA,NA,Y,NA,A,01,0,0,1,0,0,0,0,0,0,-,-,34.109928131103516,-118.0826416015625,LOS ANGELES,UNINCORPORATED,-118.0826416015625,34.109928131103516
9470567,2023,2023-10-06,1907,2023-05-30,2213,260,2,2,5,4,1907,0,0,0,NA,0,NA,FLORENCE AV,VINEVALE AV,28,W,N,A,-,N,NA,NA,NA,NA,NA,NA,NA,NA,NA,N,3,0,1,2,A,-,11,21954,A,F,G,B,D,A,H,-,C,A,0,Y,NA,NA,NA,Y,Y,N,60,0,1,0,0,1,0,0,0,0,-,-,33.96968078613281,-118.18209075927734,LOS ANGELES,BELL,-118.18218994140624,33.96967697143555
94705677,2025,2025-05-29,9575,2025-05-16,1520,024136,NA,5,2,9,1900,0,2,4,NA,2,012,FOOTHILL BLVD (2200 BLOCK),ROSEMONT AVE,140,W,N,A,-,N,NA,NA,NA,NA,NA,NA,NA,NA,NA,Y,4,0,1,3,A,-,03,22350,NA,N,C,2,A,A,H,-,A,A,0,NA,NA,NA,NA,Y,NA,D,22,0,0,1,0,0,0,0,0,0,-,-,34.22148895263672,-118.23562622070313,LOS ANGELES,UNINCORPORATED,-118.23548889160156,34.22140121459961
9470568,2023,2023-10-06,1920,2023-05-25,946,13022,1920,4,5,6,1920,0,0,0,NA,0,006,FIRESTONE BL,DOWNEY AV,100,E,N,A,-,N,NA,NA,NA,NA,NA,NA,NA,NA,NA,N,4,0,2,2,A,-,04,21703,NA,N,C,C,A,A,H,-,A,A,0,NA,NA,NA,NA,Y,NA,A,07,0,0,2,0,0,0,0,0,0,-,-,NA,NA,LOS ANGELES,DOWNEY,-118.13290405273438,33.93992233276367
94705685,2025,2025-05-29,9535,2025-05-18,120,023567,NA,7,3,5,1969,0,1,1,NA,2,072,INTERSTATE 710 N/B (LONG BEACH FREEWAY),FLORENCE AVE.,1376,S,N,A,-,Y,LA,NA,710,NA,NA,19.48,H,NA,R,Y,3,0,1,1,A,-,08,22107,NA,F,F,I,A,A,H,-,D,D,0,NA,NA,NA,NA,Y,Y,A,07,0,1,0,0,0,0,0,0,0,-,-,33.96474075317383,-118.16898345947266,LOS ANGELES,SOUTH GATE,-118.16888427734376,33.96470642089844
9470570,2023,2023-10-09,1942,2023-05-19,1030,38090,825,5,5,7,1942,0,0,0,NA,0,27T31,GRETNA GREEN WY,SAN VICENTE BL,10,N,N,A,-,N,NA,NA,NA,NA,NA,NA,NA,NA,NA,N,3,0,1,2,A,-,12,22450,NA,F,G,B,B,A,H,-,A,A,0,Y,NA,NA,NA,Y,NA,A,07,0,1,0,0,1,0,0,0,0,-,-,NA,NA,LOS ANGELES,LOS ANGELES,-118.47606658935548,34.051639556884766
9470571,2023,2023-10-09,1941,2023-05-15,758,11862,WEST,1,5,7,1941,0,0,0,NA,0,003,MAGNOLIA AV,27TH ST,217,N,N,A,-,N,NA,NA,NA,NA,NA,NA,NA,NA,NA,Y,3,0,3,2,A,-,09,21804,A,N,D,C,A,A,H,-,A,D,0,NA,NA,NA,NA,Y,NA,A,01,0,1,2,0,0,0,0,0,0,-,-,33.80690002441406,-118.19776153564452,LOS ANGELES,LONG BEACH,-118.1981201171875,33.80682373046875
94705717,2025,2025-05-29,9575,2025-04-08,1500,021879,NA,2,2,7,1942,0,1,3,NA,2,041,SR-134 E/B (VENTURA FREEWAY),ARBOR DELL RD.,370,W,N,A,-,Y,LA,NA,134,NA,R,10.904,H,NA,R,Y,2,0,3,4,A,-,03,22350,NA,F,C,C,A,A,H,-,A,D,0,NA,NA,NA,NA,Y,NA,A,01,1,1,1,0,0,0,0,0,0,-,-,34.14649963378906,-118.19376373291016,LOS ANGELES,LOS ANGELES,-118.19374084472656,34.14653396606445
9470572,2023,2023-10-09,1942,2023-05-07,349,38961,0832,7,5,7,1942,0,0,0,H,0,8A13,WILSHIRE BL,SAN VICENTE BL,0,NA,Y,A,-,N,NA,NA,NA,NA,NA,NA,NA,NA,NA,Y,3,0,3,2,A,-,01,23152,A,N,A,C,A,A,H,-,C,A,0,NA,NA,NA,NA,Y,NA,A,01,0,1,2,0,0,0,0,0,0,-,-,NA,NA,LOS ANGELES,LOS ANGELES,-118.4591827392578,34.05078125
9470573,2023,2023-10-11,1941,2023-05-31,1026,10805,WEST,3,5,7,1941,0,0,0,NA,0,003,W WILLOW ST,PACIFIC AV,0,NA,Y,A,-,N,NA,NA,NA,NA,NA,NA,NA,NA,NA,Y,4,0,2,2,A,-,09,21801,A,N,F,C,A,A,H,-,A,A,0,NA,NA,NA,NA,Y,Y,A,01,0,0,2,0,0,0,0,0,0,-,-,33.80438995361328,-118.19371795654295,LOS ANGELES,LONG BEACH,-118.19371032714844,33.8043327331543
9470574,2023,2023-10-23,1941,2023-05-24,803,10925,WEST,3,5,7,1941,0,0,0,NA,0,003,W SPRING ST,PACIFIC AV,0,NA,Y,B,-,N,NA,NA,NA,NA,NA,NA,NA,NA,NA,Y,3,0,2,2,D,-,00,NA,NA,N,A,C,A,A,H,-,A,A,0,NA,NA,NA,NA,Y,NA,-,-,0,1,1,0,0,0,0,0,0,-,-,33.811649322509766,-118.19371795654295,LOS ANGELES,LONG BEACH,-118.19371032714844,33.811649322509766
94705740,2025,2025-05-29,9525,2025-05-25,1400,023660,NA,7,2,5,1906,0,1,1,NA,2,104,I-10 E/B (SAN BERNARDINO FWY),FRANCISQUITO AVE,686,W,N,A,-,Y,LA,NA,10,NA,NA,32.552,H,NA,R,N,4,0,1,2,A,-,07,21658,A,N,B,C,A,A,H,-,A,D,0,NA,NA,NA,NA,Y,NA,A,01,0,0,1,0,0,0,0,0,0,-,-,34.06816101074219,-117.9761199951172,LOS ANGELES,BALDWIN PARK,-117.97612762451172,34.06819152832031
9470575,2023,2023-10-09,1900,2023-05-21,1000,655591,1324,7,5,5,1935,0,0,0,NA,0,132B,PALO VERDE AV,CARSON ST,0,NA,Y,A,-,N,NA,NA,NA,NA,NA,NA,NA,NA,NA,Y,4,0,1,3,A,-,04,21703,NA,M,C,C,A,A,H,-,A,A,0,NA,NA,NA,NA,Y,NA,A,07,0,0,1,0,0,0,0,0,0,-,-,NA,NA,LOS ANGELES,LAKEWOOD,-118.10779571533205,33.832313537597656
9470576,2023,2023-10-09,1900,2023-05-06,1015,643702,1327,6,5,5,1935,0,0,0,NA,0,135A,PIONEER BL,215TH ST,0,NA,Y,A,-,N,NA,NA,NA,NA,NA,NA,NA,NA,NA,N,3,0,2,2,A,-,09,21801,NA,N,D,C,A,A,H,-,A,A,0,NA,NA,NA,NA,Y,NA,A,01,0,2,0,0,0,0,0,0,0,-,-,NA,NA,LOS ANGELES,LAKEWOOD,-118.08193206787108,33.83414840698242
94705768,2025,2025-05-29,9530,2025-05-17,1115,024013,NA,6,1,7,1941,0,1,1,NA,2,430,I-405 N/B (SAN DIEGO FREEWAY),TEMPLE AVE.,215,S,N,B,-,Y,LA,NA,405,NA,NA,4.27,H,NA,R,Y,4,0,3,5,A,-,07,21658,A,F,B,C,A,A,H,-,A,D,0,NA,NA,NA,NA,Y,NA,A,07,0,0,3,0,0,0,0,0,0,-,-,33.809810638427734,-118.1581802368164,LOS ANGELES,LONG BEACH,-118.1581802368164,33.809814453125
9470577,2023,2023-10-06,1900,2023-05-24,1410,656791,1335,3,5,5,1908,0,0,0,NA,0,133P,RAMONA ST,ARDMORE AV,557,W,N,A,-,N,NA,NA,NA,NA,NA,NA,NA,NA,NA,N,4,0,1,2,A,-,09,21804,A,N,A,C,A,A,H,-,A,D,0,NA,NA,NA,NA,Y,NA,A,01,0,0,1,0,0,0,0,0,0,-,-,33.87297058105469,-118.13094329833984,LOS ANGELES,BELLFLOWER,-118.13089752197266,33.87297821044922
94705785,2025,2025-05-29,9590,2025-05-28,1225,019958,NA,3,1,7,1942,0,1,2,NA,2,073,US-101 SOUTHBOUND (HOLLYWOOD FREEWAY),SUNSET BOULEVARD,500,N,N,B,-,Y,LA,NA,101,NA,NA,6.309,H,NA,L,N,3,0,4,4,A,-,03,22350,NA,N,C,C,A,A,H,-,A,D,0,NA,NA,NA,NA,Y,NA,D,22,0,2,2,0,0,0,0,0,0,-,-,34.098899841308594,-118.31517028808594,LOS ANGELES,LOS ANGELES,-118.31510925292967,34.09892654418945
94705792,2025,2025-05-29,9550,2025-04-22,1821,024382,NA,2,2,6,1949,0,1,1,NA,2,500,I-5 NORTHBOUND,FLORENCE AVE,500,S,N,A,-,Y,LA,NA,5,NA,NA,5.754,H,NA,R,N,4,0,1,2,A,-,08,22107,NA,F,B,C,A,A,H,-,A,D,0,NA,NA,NA,NA,Y,NA,A,01,0,0,1,0,0,0,0,0,0,-,-,33.927520751953125,-118.08708190917967,LOS ANGELES,NORWALK,-118.08708953857422,33.927513122558594
94705806,2025,2025-05-29,9535,2025-05-21,810,020902,NA,3,1,9,1900,0,2,4,NA,2,014,CEASR CHAVEZ AVE.,MCDONNELL AVE.,0,NA,Y,A,-,N,NA,NA,NA,NA,NA,NA,NA,NA,NA,N,4,0,1,2,A,-,10,21950,A,N,H,B,B,A,H,-,A,A,0,Y,NA,NA,Y,Y,NA,F,27,0,0,1,0,1,0,0,0,0,-,-,34.04071044921875,-118.1669921875,LOS ANGELES,UNINCORPORATED,-118.1670379638672,34.04059982299805
9470581,2023,2023-10-06,1900,2023-05-15,1600,655208,1331,1,5,5,1908,0,0,0,NA,0,133T2,ROSECRANS AV,WOODRUFF AV,80,E,N,A,-,N,NA,NA,NA,NA,NA,NA,NA,NA,NA,N,4,0,1,2,A,-,03,22350,NA,M,C,C,A,A,H,-,A,D,0,NA,NA,NA,NA,Y,NA,A,01,0,0,1,0,0,0,0,0,0,-,-,NA,NA,LOS ANGELES,BELLFLOWER,-118.11641693115234,33.90203094482422
94705861,2025,2025-05-29,9535,2025-05-17,2125,024212,NA,6,2,9,1900,0,3,5,NA,2,002,SOUTHSIDE DR (6600 BLOCK),GARFIELD AVE,500,E,N,A,-,N,NA,NA,NA,NA,NA,NA,NA,NA,NA,Y,2,0,1,2,A,-,03,22350,NA,N,C,C,A,A,H,-,A,D,0,NA,NA,Y,NA,Y,Y,C,02,1,0,0,0,0,0,0,0,1,-,-,34.00965881347656,-118.12979125976564,LOS ANGELES,UNINCORPORATED,-118.12956237792967,34.00963592529297
94705950,2024,2025-05-30,9565,2024-06-05,751,022850,NA,3,1,5,1965,0,1,1,NA,2,012,I-10 E/B,STEWART ST,275,W,N,B,-,Y,LA,NA,10,NA,R,3.654,H,NA,R,N,3,0,1,3,A,-,03,22350,NA,N,B,C,A,A,H,-,A,D,0,NA,NA,Y,NA,Y,NA,C,02,0,1,0,0,0,0,0,0,1,-,-,34.02587127685547,-118.46401214599608,LOS ANGELES,SANTA MONICA,-118.46398162841795,34.025787353515625
94705964,2024,2025-05-30,9565,2024-04-05,640,022902,NA,5,1,6,1933,0,1,1,NA,2,060,I-405 N/B (SAN DIEGO FREEWAY),ARBOR VITAE ST,165,S,N,C,-,Y,LA,NA,405,NA,NA,22.703,H,NA,R,N,4,0,1,2,A,-,03,22350,NA,F,C,C,A,B,H,-,A,D,0,NA,NA,NA,NA,Y,NA,A,07,0,0,1,0,0,0,0,0,0,-,-,33.95214080810547,-118.36910247802734,LOS ANGELES,INGLEWOOD,-118.36908721923828,33.95214080810547
9470597,2023,2023-10-24,1934,2023-09-12,1114,782,IRWPD,2,5,1,1934,0,0,0,NA,0,NA,ARROW HWY,4TH ST,0,NA,Y,A,-,N,NA,NA,NA,NA,NA,NA,NA,NA,NA,Y,3,0,2,2,A,-,12,21453,A,N,D,C,A,A,H,-,A,A,0,NA,NA,NA,NA,Y,NA,-,-,0,2,0,0,0,0,0,0,0,-,-,NA,NA,LOS ANGELES,IRWINDALE,-117.93859100341795,34.106929779052734
9470629,2023,2023-10-18,1934,2023-09-14,823,803,IRWPD,4,5,1,1934,0,0,0,NA,0,001,FOOTHILL BL,CALLE EVA MIRANDA,0,NA,Y,B,-,N,NA,NA,NA,NA,NA,NA,NA,NA,NA,N,4,0,3,2,A,-,08,22107,NA,N,D,D,A,-,H,-,A,D,0,NA,NA,NA,NA,Y,NA,A,01,0,0,3,0,0,0,0,0,0,-,-,34.133750915527344,-117.93280029296876,LOS ANGELES,IRWINDALE,-117.9317626953125,34.13374328613281
9470630,2023,2023-10-18,1900,2023-09-18,1230,551353,0811,1,5,4,1960,0,0,0,NA,0,81K2,ARROW HWY,LONE HILL AV,580,E,N,A,-,N,NA,NA,NA,NA,NA,NA,NA,NA,NA,N,4,0,1,2,A,-,03,22350,NA,M,C,C,A,A,H,-,A,A,0,NA,NA,NA,NA,Y,NA,A,01,0,0,1,0,0,0,0,0,0,-,-,34.10662078857422,-117.8289794921875,LOS ANGELES,SAN DIMAS,-117.8271026611328,34.106605529785156
94706841,2025,2025-05-30,9575,2025-05-28,307,022939,NA,3,3,9,1900,0,2,4,NA,2,330,MT. WILSON RED BOX ROAD,ANGELES CREST HIGHWAY,21120,S,N,A,-,N,NA,NA,NA,NA,NA,NA,NA,NA,NA,Y,2,0,2,1,A,-,01,23152,A,N,E,8,A,A,H,-,D,D,0,NA,NA,NA,NA,Y,Y,A,01,1,1,0,0,0,0,0,0,0,-,-,34.23263168334961,-118.07166290283205,LOS ANGELES,UNINCORPORATED,-118.07063293457033,34.22998809814453
94706847,2025,2025-05-30,9575,2025-05-19,1500,024158,NA,1,2,9,1900,0,2,4,NA,2,320,ANGELEST FOREST HIGHWAY,COUNTY FIRE MARKER 18.29,470,N,N,A,-,N,NA,NA,NA,NA,NA,NA,NA,NA,NA,Y,4,0,1,1,A,-,08,22107,NA,N,E,J,A,A,H,-,A,D,0,NA,NA,NA,NA,Y,NA,A,07,0,0,1,0,0,0,0,0,0,-,-,34.31283187866211,-118.13591003417967,LOS ANGELES,UNINCORPORATED,NA,NA
94706850,2025,2025-05-30,9540,2025-05-23,1542,021118,NA,5,2,9,1900,0,1,1,NA,2,507,I-5 S/B,VALENCIA BLVD,95,N,N,A,-,Y,LA,NA,5,NA,R,52.497,H,NA,L,N,4,0,2,2,A,-,03,22350,NA,N,C,C,A,A,D,-,A,D,0,NA,NA,NA,NA,Y,NA,A,01,0,0,2,0,0,0,0,0,0,-,-,34.40864944458008,-118.57666015625,LOS ANGELES,UNINCORPORATED,-118.5766143798828,34.40866470336914
94706851,2025,2025-05-30,9575,2025-05-19,1100,024270,NA,1,1,9,1900,0,3,5,NA,2,008,DEL MAR BLVD.,S ROSEMEAD BLVD.,0,NA,Y,A,-,N,NA,NA,NA,NA,NA,NA,NA,NA,NA,N,4,0,1,1,C,-,18,NA,NA,N,E,J,A,A,H,-,A,A,0,NA,NA,NA,NA,Y,NA,-,-,0,0,1,0,0,0,0,0,0,-,-,34.142250061035156,-118.0732192993164,LOS ANGELES,UNINCORPORATED,-118.0732650756836,34.14227294921875
94706852,2025,2025-05-30,9575,2025-05-19,1400,024158,NA,1,2,7,1942,0,1,1,NA,2,060,I-210 W/B TO PAXTON STREET,FOOTHILL BLVD,495,N,N,A,-,N,NA,NA,NA,NA,NA,NA,NA,NA,NA,N,4,0,2,2,A,-,09,21802,A,N,C,C,A,A,H,-,A,A,0,NA,NA,NA,NA,Y,NA,A,01,0,0,2,0,0,0,0,0,0,-,-,34.28776168823242,-118.40682983398438,LOS ANGELES,LOS ANGELES,-118.38214874267578,34.27540969848633
94706853,2024,2025-05-30,9565,2024-05-04,1135,023560,NA,6,1,9,1900,0,1,1,NA,2,081,I-10 W/B (SANTA MONICA FREEWAY),OCEAN AVE,25,W,N,A,-,Y,LA,NA,1,NA,NA,35.163,H,NA,R,N,3,0,1,1,A,-,08,22107,NA,N,E,I,A,A,H,-,A,D,0,NA,NA,Y,NA,Y,NA,C,02,0,1,0,0,0,0,0,0,1,-,-,34.01144027709961,-118.49446868896484,LOS ANGELES,UNINCORPORATED,-118.49447631835938,34.0114631652832
94706854,2024,2025-05-30,9565,2024-05-19,1855,023150,NA,7,2,9,1900,0,2,4,NA,2,021,VERMONT AVE,120TH ST,85,N,N,A,-,N,NA,NA,NA,NA,NA,NA,NA,NA,NA,N,4,0,1,1,A,-,08,22107,NA,N,E,I,A,A,H,-,A,D,0,NA,NA,NA,NA,Y,NA,A,01,0,0,1,0,0,0,0,0,0,-,-,33.92401123046875,-118.29171752929688,LOS ANGELES,UNINCORPORATED,-118.29181671142578,33.92392349243164
94706861,2025,2025-05-30,9540,2025-05-22,1235,022047,NA,4,1,7,1942,0,1,1,NA,2,210,I-210 W/B,YARNELL ST,1056,W,N,A,-,Y,LA,NA,210,NA,R,0.512,H,NA,L,Y,4,0,1,1,A,-,08,22107,NA,N,E,8,A,A,H,-,A,D,0,NA,NA,NA,NA,Y,NA,A,01,0,0,1,0,0,0,0,0,0,-,-,34.320289611816406,-118.48409271240234,LOS ANGELES,LOS ANGELES,-118.48398590087892,34.32022476196289
94706867,2025,2025-05-30,9525,2025-05-22,759,023586,NA,4,1,9,1900,0,3,5,NA,2,001,LIVE OAK AVE.,TENTH AVE.,30,E,N,B,-,N,NA,NA,NA,NA,NA,NA,NA,NA,NA,N,3,0,1,2,A,-,11,21950,B,N,G,B,D,A,H,-,A,A,0,Y,NA,NA,NA,Y,NA,N,60,0,1,0,0,1,0,0,0,0,-,-,34.11001968383789,-118.01204681396484,LOS ANGELES,UNINCORPORATED,-118.01206207275392,34.11003494262695
94706869,2025,2025-05-30,9535,2025-05-20,445,024287,NA,2,3,3,1914,0,1,1,NA,2,501,I-5 S/B (SANTA ANA FREEWAY),GARFIELD AVE,50,S,N,A,-,Y,LA,NA,5,NA,NA,10.873,H,NA,L,Y,4,0,2,2,A,-,07,21658,A,N,B,2,A,A,H,-,D,D,0,NA,NA,NA,NA,Y,NA,A,01,0,0,2,0,0,0,0,0,0,-,-,33.98733901977539,-118.13744354248048,LOS ANGELES,COMMERCE,-118.13742065429688,33.98735427856445
94706877,2025,2025-05-30,9575,2025-05-19,1130,024266,NA,1,1,6,1953,0,1,1,NA,2,065,I-210 W/B (FOOTHILL FREEWAY),SIERRA MADRE VILLA AVE,155,W,N,A,-,Y,LA,NA,210,NA,R,29.267,H,NA,L,Y,3,0,1,2,A,-,03,22350,NA,N,C,C,A,A,H,-,A,D,0,NA,NA,NA,NA,Y,NA,A,01,0,1,0,0,0,0,0,0,0,-,-,34.14789962768555,-118.0827865600586,LOS ANGELES,PASADENA,-118.0827865600586,34.1479377746582
94706888,2025,2025-05-30,9525,2025-05-27,1754,022925,NA,2,2,9,1900,0,3,5,NA,2,001,CAMINO REAL ST,PRIMROSE AVE,0,NA,Y,A,-,N,NA,NA,NA,NA,NA,NA,NA,NA,NA,N,4,0,1,2,A,-,12,22450,A,N,D,G,A,A,H,-,A,A,0,NA,Y,NA,NA,Y,NA,M,91,0,0,1,0,0,0,1,0,0,-,-,34.12200164794922,-118.00321197509766,LOS ANGELES,UNINCORPORATED,-118.0032196044922,34.12202453613281
94706906,2025,2025-05-30,9575,2025-05-18,1310,022918,NA,7,1,9,1900,0,3,5,NA,2,002,RUBIO CREST DR. (BLOCK #3300),RUBIO CANYON RD,125,W,N,A,-,N,NA,NA,NA,NA,NA,NA,NA,NA,NA,Y,3,0,1,1,A,-,13,22515,A,N,E,8,A,A,D,-,A,D,0,NA,NA,NA,Y,Y,NA,F,27,0,1,0,0,0,0,0,0,0,-,-,34.200679779052734,-118.12345123291016,LOS ANGELES,UNINCORPORATED,-118.12344360351564,34.2005729675293
94706909,2025,2025-05-30,9545,2025-05-11,105,023733,NA,7,3,9,1900,0,3,5,NA,2,003,SOLEDAD CANYON RD,SIERRA HWY,58,E,N,A,-,N,NA,NA,NA,NA,NA,NA,NA,NA,NA,Y,3,0,1,1,A,-,01,23152,A,N,E,I,A,A,H,-,D,D,0,NA,NA,NA,NA,Y,Y,D,22,0,1,0,0,0,0,0,0,0,-,-,34.48788070678711,-118.13670349121094,LOS ANGELES,UNINCORPORATED,-118.45582580566406,34.41638946533203
94706922,2025,2025-05-30,9565,2025-05-28,1915,023548,NA,3,2,7,1942,0,1,1,NA,2,064,I-405 N/B (SAN DIEGO FREEWAY),SKIRBALL CENTER DRIVE,571,N,N,A,-,Y,LA,NA,405,NA,NA,36.836,H,NA,R,N,3,0,1,1,A,-,08,22107,NA,N,F,I,A,A,H,-,A,D,0,NA,NA,Y,NA,Y,NA,C,02,0,1,0,0,0,0,0,0,1,-,-,34.124088287353516,-118.47728729248048,LOS ANGELES,LOS ANGELES,-118.4772491455078,34.12406921386719
94706923,2025,2025-05-30,9535,2025-05-22,1515,023375,NA,4,2,9,1900,0,1,1,NA,2,420,I-10 E/B (SAN BERNARDINO FREEWAY) TO I-710 (LONG B,EASTERN AVE,750,W,N,A,-,Y,LA,NA,10,NA,NA,20.691,H,NA,R,Y,4,0,1,2,A,-,08,22107,NA,N,C,C,A,A,H,-,A,D,0,NA,NA,NA,NA,Y,NA,D,22,0,0,1,0,0,0,0,0,0,-,-,34.05928039550781,-118.17577362060548,LOS ANGELES,UNINCORPORATED,-118.17581939697266,34.05936050415039
94706935,2025,2025-06-16,9530,2025-05-15,810,023418,NA,4,1,7,1941,0,1,3,NA,2,320,SR-91 E/B (ARTESIA FREEWAY),LONG BEACH BLVD.,528,W,N,A,-,Y,LA,NA,91,NA,R,10.952,H,NA,R,N,4,0,1,5,A,-,07,21658,A,N,C,C,A,A,H,-,A,D,0,NA,NA,NA,Y,Y,NA,A,01,0,0,1,0,0,0,0,0,0,-,-,33.87282943725586,-118.20500183105467,LOS ANGELES,LONG BEACH,-118.20498657226564,33.872867584228516
94706968,2025,2025-05-30,9545,2025-05-21,900,023742,NA,3,1,9,1900,0,3,5,NA,1,006,AVENUE L,42ND ST W,0,NA,Y,A,-,N,NA,NA,NA,NA,NA,NA,NA,NA,NA,Y,4,0,2,2,A,-,09,21801,A,N,D,C,A,A,H,-,A,A,0,NA,NA,NA,NA,Y,NA,A,07,0,0,2,0,0,0,0,0,0,-,-,34.660240173339844,-118.20572662353516,LOS ANGELES,UNINCORPORATED,-118.20572662353516,34.660186767578125
94706990,2025,2025-05-30,9565,2025-05-16,1209,023177,NA,5,1,7,1942,0,1,1,NA,2,063,I-405 S/B (SAN DIEGO FWY),SANTA MONICA BLVD,1435,S,N,A,-,Y,LA,NA,405,NA,NA,30.551,H,NA,L,Y,4,0,1,2,A,-,03,22350,NA,N,C,C,A,A,H,-,A,D,0,NA,NA,NA,NA,Y,NA,E,22,0,0,1,0,0,0,0,0,0,-,-,34.04310989379883,-118.44373321533205,LOS ANGELES,LOS ANGELES,-118.44357299804688,34.04320526123047
94707005,2025,2026-01-06,9545,2025-05-23,1100,023742,NA,5,1,9,1900,0,3,5,NA,1,006,AVENUE L-8,45TH ST W,0,NA,Y,A,-,N,NA,NA,NA,NA,NA,NA,NA,NA,NA,N,4,0,1,2,A,-,09,21800,A,M,D,C,A,A,H,-,A,A,0,NA,NA,NA,NA,Y,NA,-,-,0,0,1,0,0,0,0,0,0,-,-,34.652870178222656,-118.21006011962892,LOS ANGELES,UNINCORPORATED,-118.21005249023438,34.652862548828125
94707009,2025,2025-05-30,9545,2025-05-24,1405,023742,NA,6,2,9,1900,0,3,5,NA,2,001,30TH ST W,AVENUE D,20,S,N,A,-,Y,LA,NA,138,NA,NA,36.085,H,NA,R,Y,4,0,1,2,A,-,03,22350,NA,N,D,C,A,A,H,-,A,A,0,NA,NA,NA,NA,Y,NA,A,07,0,0,1,0,0,0,0,0,0,-,-,34.77669143676758,-118.18462371826172,LOS ANGELES,UNINCORPORATED,-118.18462371826172,34.77682876586914
94707012,2025,2025-05-30,9580,2025-05-21,1415,023848,NA,3,2,7,1942,0,1,2,NA,2,102,US-101 N/B (VENTURA FREEWAY),VAN NUYS BLVD,200,S,N,A,-,Y,LA,NA,101,NA,NA,15.712,H,NA,R,N,3,0,1,2,A,-,03,22350,NA,N,C,C,A,A,H,-,A,D,0,NA,NA,NA,NA,Y,NA,A,08,0,1,0,0,0,0,0,0,0,-,-,34.15562057495117,-118.44538116455078,LOS ANGELES,LOS ANGELES,-118.44535064697266,34.15567398071289
94707028,2025,2025-05-30,9575,2025-05-18,1800,023071,NA,7,2,6,1925,0,1,3,NA,2,042,SR-134 E/B (VENTURA FREEWAY),COLUMBUS AVE.,190,W,N,A,-,Y,LA,NA,134,NA,R,6.721,H,NA,R,Y,4,0,1,2,A,-,03,22350,NA,N,C,C,A,A,H,-,A,D,0,NA,NA,Y,NA,Y,NA,C,02,0,0,1,0,0,0,0,0,1,-,-,34.15631103515625,-118.26216888427734,LOS ANGELES,GLENDALE,-118.26216888427734,34.156246185302734
9470704,2023,2023-10-23,1951,2023-08-29,705,755,1951,2,5,3,1951,0,0,0,NA,0,705,VIA CORONEL,VIA LANDETA,422,S,N,A,-,N,NA,NA,NA,NA,NA,NA,NA,NA,NA,N,4,0,1,1,C,-,18,NA,NA,N,H,-,A,A,H,-,A,D,0,NA,Y,NA,NA,Y,NA,-,-,0,0,1,0,0,0,1,0,0,-,-,NA,NA,LOS ANGELES,PALOS VERDES EST,-118.40756988525392,33.77773666381836