CASE_ID,ACCIDENT_YEAR,PROC_DATE,JURIS,COLLISION_DATE,COLLISION_TIME,OFFICER_ID,REPORTING_DISTRICT,DAY_OF_WEEK,CHP_SHIFT,POPULATION,CNTY_CITY_LOC,SPECIAL_COND,BEAT_TYPE,CHP_BEAT_TYPE,CITY_DIVISION_LAPD,CHP_BEAT_CLASS,BEAT_NUMBER,PRIMARY_RD,SECONDARY_RD,DISTANCE,DIRECTION,INTERSECTION,WEATHER_1,WEATHER_2,STATE_HWY_IND,CALTRANS_COUNTY,CALTRANS_DISTRICT,STATE_ROUTE,ROUTE_SUFFIX,POSTMILE_PREFIX,POSTMILE,LOCATION_TYPE,RAMP_INTERSECTION,SIDE_OF_HWY,TOW_AWAY,COLLISION_SEVERITY,NUMBER_KILLED,NUMBER_INJURED,PARTY_COUNT,PRIMARY_COLL_FACTOR,PCF_CODE_OF_VIOL,PCF_VIOL_CATEGORY,PCF_VIOLATION,PCF_VIOL_SUBSECTION,HIT_AND_RUN,TYPE_OF_COLLISION,MVIW,PED_ACTION,ROAD_SURFACE,ROAD_COND_1,ROAD_COND_2,LIGHTING,CONTROL_DEVICE,CHP_ROAD_TYPE,PEDESTRIAN_ACCIDENT,BICYCLE_ACCIDENT,MOTORCYCLE_ACCIDENT,TRUCK_ACCIDENT,NOT_PRIVATE_PROPERTY,ALCOHOL_INVOLVED,STWD_VEHTYPE_AT_FAULT,CHP_VEHTYPE_AT_FAULT,COUNT_SEVERE_INJ,COUNT_VISIBLE_INJ,COUNT_COMPLAINT_PAIN,COUNT_PED_KILLED,COUNT_PED_INJURED,COUNT_BICYCLIST_KILLED,COUNT_BICYCLIST_INJURED,COUNT_MC_KILLED,COUNT_MC_INJURED,PRIMARY_RAMP,SECONDARY_RAMP,LATITUDE,LONGITUDE,COUNTY,CITY,POINT_X,POINT_Y
94711731,2025,2025-06-03,9590,2025-05-25,815,022091,NA,7,1,7,1942,0,1,1,NA,2,083,I-5 S/B (GOLDEN STATE FREEWAY),FIGUEROA ST.,80,S,N,A,-,Y,LA,NA,110,NA,NA,25.768,H,NA,R,N,4,0,1,2,A,-,07,21658,A,M,B,C,A,A,H,-,A,D,0,NA,NA,NA,NA,Y,NA,-,99,0,0,1,0,0,0,0,0,0,-,-,34.08198928833008,-118.22344970703124,LOS ANGELES,LOS ANGELES,-118.22347259521484,34.08201599121094
9471174,2023,2023-10-25,1900,2023-07-14,1310,632902,1517,5,5,5,1954,0,0,0,NA,0,151A,BLOSSOM CT,GROVE TERRACE,0,NA,Y,A,-,N,NA,NA,NA,NA,NA,NA,NA,NA,NA,N,3,0,1,2,A,-,09,21802,A,N,C,C,A,A,H,-,A,D,0,NA,NA,NA,NA,Y,NA,A,01,0,1,0,0,0,0,0,0,0,-,-,34.982208251953125,-118.09728240966795,LOS ANGELES,PICO RIVERA,-118.09732818603516,33.982173919677734
94711811,2025,2025-06-03,9575,2025-05-27,1649,021879,NA,2,2,6,1912,0,1,1,NA,2,051,I-5 S/B (GOLDEN STATE FREEWAY) TO ALAMEDA AVE. E/B,ALAMEDA AVE.,18,S,N,A,-,Y,NA,NA,NA,NA,NA,NA,NA,NA,NA,N,4,0,1,2,A,-,03,22350,NA,N,C,C,A,A,H,-,A,A,0,NA,NA,NA,NA,Y,NA,A,07,0,0,1,0,0,0,0,0,0,-,-,34.16958999633789,-118.30476379394533,LOS ANGELES,BURBANK,-118.30431365966795,34.17015075683594
94711821,2025,2025-06-03,9550,2025-05-27,1817,023321,NA,2,2,6,1949,0,1,1,NA,2,652,SOUTHBOUND INTERSTATE 605,STATE ROUTE 91,1214,N,N,A,-,Y,LA,NA,605,NA,R,5.291,H,NA,R,Y,4,0,1,2,A,-,07,21658,A,N,B,C,A,A,H,-,A,D,0,NA,NA,NA,NA,Y,NA,A,01,0,0,1,0,0,0,0,0,0,-,-,33.8797492980957,-118.10375213623048,LOS ANGELES,NORWALK,-118.1034698486328,33.87981033325195
94711851,2025,2025-06-03,9530,2025-05-30,1658,023824,NA,5,2,7,1942,0,1,1,NA,2,110,I-110 N/B (HARBOR FREEWAY),I-105 W/B (GLENN ANDERSON FWY),285,N,N,A,-,Y,LA,NA,110,NA,NA,13.899,H,NA,R,Y,4,0,1,3,A,-,03,22350,NA,N,C,2,A,A,H,-,A,D,0,NA,NA,NA,NA,Y,NA,A,01,0,0,1,0,0,0,0,0,0,-,-,33.929908752441406,-118.28041076660156,LOS ANGELES,LOS ANGELES,-118.2802505493164,33.92988204956055
94711863,2025,2025-06-03,9530,2025-05-30,1020,024272,NA,5,1,7,1942,0,1,1,NA,2,110,I-110 N/B (HARBOR FREEWAY),190TH,580,N,N,A,-,Y,LA,NA,110,NA,NA,9.213,H,NA,R,N,4,0,1,2,A,-,03,22350,NA,N,C,C,A,A,H,-,A,D,0,NA,NA,NA,NA,Y,NA,D,22,0,0,1,0,0,0,0,0,0,-,-,33.86323928833008,-118.2848663330078,LOS ANGELES,LOS ANGELES,-118.28492736816406,33.863243103027344
94711873,2025,2025-06-03,9565,2025-05-23,1315,022057,NA,5,1,7,1942,0,1,1,NA,2,062,I-405 N/B (SAN DIEGO FREEWAY),PALMS BLVD,1200,S,N,A,-,Y,LA,NA,405,NA,NA,28.446,H,NA,R,N,4,0,1,2,A,-,03,22350,NA,N,C,C,A,A,H,-,A,D,0,NA,NA,NA,NA,Y,NA,A,01,0,0,1,0,0,0,0,0,0,-,-,34.018070220947266,-118.4230499267578,LOS ANGELES,LOS ANGELES,-118.42299652099608,34.01810073852539
94711874,2025,2025-06-03,9535,2025-04-12,2205,023567,NA,6,3,5,1969,0,1,1,NA,2,075,I-710 S/B (LONG BEACH FREEWAY),FIRESTONE BLVD.,1894,S,N,A,-,Y,LA,NA,710,NA,NA,18.072,H,NA,L,Y,3,0,1,4,A,-,08,22107,NA,F,B,C,A,A,H,-,D,D,0,NA,NA,NA,NA,Y,NA,-,99,0,1,0,0,0,0,0,0,0,-,-,33.944480895996094,-118.17098999023438,LOS ANGELES,SOUTH GATE,-118.17088317871094,33.9444694519043
94711876,2025,2025-06-03,9525,2025-06-03,739,017046,NA,2,1,6,1975,0,1,1,NA,2,105,I-10 W/B (SAN BERNARDINO FWY),AZUSA AVE,1584,E,N,B,-,Y,LA,NA,10,NA,NA,36.789,H,NA,L,Y,4,0,2,3,A,-,03,22350,NA,N,C,C,A,A,H,-,A,D,0,NA,NA,NA,Y,Y,NA,F,26,0,0,2,0,0,0,0,0,0,-,-,34.07231140136719,-117.90252685546876,LOS ANGELES,WEST COVINA,-117.90253448486328,34.07218933105469
94711912,2025,2025-06-03,9550,2025-05-23,1159,020025,NA,5,1,9,1900,0,3,5,NA,2,005,HARBOR BOULEVARD (NORTHBOUND),VANTAGE POINTE DRIVE,35,S,N,A,-,N,NA,NA,NA,NA,NA,NA,NA,NA,NA,N,4,0,1,2,A,-,03,22350,NA,N,C,C,A,A,H,-,A,A,0,NA,NA,NA,NA,Y,NA,A,01,0,0,1,0,0,0,0,0,0,-,-,33.95967102050781,-117.91741180419922,LOS ANGELES,UNINCORPORATED,-117.91741943359376,33.95977783203125
94711916,2025,2025-06-03,9535,2025-06-02,1645,022142,NA,1,2,9,1900,0,1,3,NA,2,600,SR-60 E/B (POMONA FREEWAY),EASTERN AVE.,220,E,N,A,-,Y,LA,NA,60,NA,R,3.113,H,NA,R,N,3,0,1,2,A,-,03,22350,NA,N,C,C,A,A,H,-,A,D,0,NA,NA,NA,NA,Y,NA,D,22,0,1,0,0,0,0,0,0,0,-,-,34.03514099121094,-118.1727294921875,LOS ANGELES,UNINCORPORATED,-118.17271423339844,34.035064697265625
94711931,2025,2025-06-03,9590,2025-05-30,255,024452,NA,5,3,7,1942,0,1,1,NA,2,015,SR-110 S/B (ARROYO SECO PARKWAY),ARROYO DRIVE,700,S,N,A,-,Y,LA,NA,110,NA,NA,30.152,H,NA,L,N,4,0,1,1,A,-,08,22107,NA,N,E,8,A,A,H,-,D,D,0,NA,NA,NA,NA,Y,NA,A,07,0,0,1,0,0,0,0,0,0,-,-,34.11804962158203,-118.16779327392578,LOS ANGELES,LOS ANGELES,-118.1677703857422,34.11798858642578
94711986,2025,2025-06-03,9575,2025-05-27,1355,023029,NA,2,1,5,1902,0,1,1,NA,2,065,I-210 E/B (FOOTHILL FREEWAY),SANTA ANITA AVENUE,2284,W,N,A,-,Y,LA,NA,210,NA,R,31.431,H,NA,R,Y,4,0,2,3,A,-,03,22350,NA,N,C,C,A,A,H,-,A,D,0,NA,NA,NA,NA,Y,NA,A,01,0,0,2,0,0,0,0,0,0,-,-,34.14842987060547,-118.03938293457033,LOS ANGELES,ARCADIA,-118.03937530517578,34.148502349853516
94711994,2025,2025-06-03,9575,2025-05-26,1355,023236,NA,1,1,5,1902,0,1,1,NA,2,065,I-210 W/B (FOOTHILL FREEWAY),SANTA ANITA AVENUE,2002,W,N,A,-,Y,LA,NA,210,NA,R,31.49,H,NA,L,N,4,0,2,2,A,-,07,21658,A,N,B,C,A,A,H,-,A,D,0,NA,NA,NA,NA,Y,NA,A,01,0,0,2,0,0,0,0,0,0,-,-,34.14876174926758,-118.03836059570313,LOS ANGELES,ARCADIA,-118.03836059570313,34.148773193359375
94711996,2025,2025-06-03,9535,2025-04-14,1040,023443,NA,1,1,9,1900,0,3,5,NA,2,006,DEL MAR AVE,GRAVES AVE,0,NA,Y,A,-,N,NA,NA,NA,NA,NA,NA,NA,NA,NA,Y,3,0,4,3,A,-,12,21453,A,N,D,2,A,A,H,-,A,A,0,NA,NA,NA,NA,Y,NA,A,07,0,1,3,0,0,0,0,0,0,-,-,34.055381774902344,-118.09937286376952,LOS ANGELES,UNINCORPORATED,-118.09951019287108,34.05537796020508
94711998,2025,2025-06-03,9565,2025-05-27,830,022057,NA,2,1,7,1942,0,1,1,NA,2,082,I-10 E/B,NATIONAL BLVD,800,W,N,B,-,Y,LA,NA,10,NA,R,5.845,H,NA,R,N,4,0,3,4,A,-,08,22107,NA,N,B,2,A,A,H,-,A,D,0,NA,NA,NA,NA,Y,NA,A,01,0,0,3,0,0,0,0,0,0,-,-,34.031700134277344,-118.42681121826172,LOS ANGELES,LOS ANGELES,-118.42681121826172,34.03166580200195
94712002,2025,2025-06-03,9535,2025-03-13,1833,023371,NA,4,2,5,1959,0,1,1,NA,2,400,I-10 E/B (SAN BERNARDINO FREEWAY),SAN GABRIEL BLVD,1028,W,N,A,-,Y,LA,NA,10,NA,NA,25.622,H,NA,R,N,4,0,1,2,A,-,03,22350,NA,N,C,C,A,A,H,-,C,D,0,NA,NA,NA,NA,Y,NA,A,01,0,0,1,0,0,0,0,0,0,-,-,34.071868896484375,-118.09455108642578,LOS ANGELES,ROSEMEAD,-118.09455108642578,34.07181930541992
94712007,2025,2025-06-03,9535,2025-05-27,950,023462,NA,2,1,4,1907,0,1,1,NA,2,073,I-710 S/B (LONG BEACH FREEWAY),FLORENCE AVE,225,N,N,A,-,Y,LA,NA,710,NA,NA,19.78,H,NA,L,Y,4,0,2,2,A,-,08,22107,NA,N,B,2,A,A,H,-,A,D,0,NA,NA,NA,NA,Y,NA,D,22,0,0,2,0,0,0,0,0,0,-,-,33.968929290771484,-118.16780853271484,LOS ANGELES,BELL,-118.16775512695313,33.96892547607422
94712008,2025,2025-06-03,9535,2025-05-28,2019,023388,NA,3,2,5,1969,0,1,1,NA,2,074,I-710 N/B (LONG BEACH FREEWAY),FIRESTONE BLVD.,935,S,N,A,-,Y,LA,NA,710,NA,NA,18.247,H,NA,R,N,4,0,2,2,A,-,03,22350,NA,N,C,C,A,A,H,-,C,D,0,NA,NA,NA,NA,Y,NA,A,01,0,0,2,0,0,0,0,0,0,-,-,33.94694900512695,-118.17041015625,LOS ANGELES,SOUTH GATE,-118.1703643798828,33.94694519042969
9471201,2023,2023-10-30,1942,2023-08-25,1000,41592,2145,5,5,7,1942,0,0,0,NA,0,21A5W2,HART ST,NITA AV,470,E,N,A,-,N,NA,NA,NA,NA,NA,NA,NA,NA,NA,Y,2,0,1,1,A,-,03,22350,NA,N,A,I,A,A,H,-,A,D,0,NA,NA,NA,NA,Y,NA,D,22,1,0,0,0,0,0,0,0,0,-,-,NA,NA,LOS ANGELES,LOS ANGELES,-118.61209106445313,34.1976318359375
94712025,2025,2025-06-03,9575,2025-05-27,1330,024136,NA,2,1,9,1900,0,2,4,NA,2,012,FOOTHILL BLVD (2400 BLOCK),BRIGGS AVE,140,W,N,A,-,N,NA,NA,NA,NA,NA,NA,NA,NA,NA,Y,3,0,2,3,A,-,03,22350,NA,N,C,2,A,A,H,-,A,D,0,NA,NA,NA,NA,Y,NA,A,01,0,1,1,0,0,0,0,0,0,-,-,34.2193603515625,-118.23194122314452,LOS ANGELES,UNINCORPORATED,-118.23187255859376,34.21930694580078
94712027,2025,2025-06-03,9575,2025-05-18,1225,021795,NA,7,1,7,1942,0,1,3,NA,2,041,SR-134 E/B (VENTURA FREEWAY),SR-2 E/B (GLENDALE FREEWAY),3000,E,N,A,-,Y,LA,NA,134,NA,R,9.619,H,NA,R,N,4,0,4,3,A,-,07,21658,A,M,C,C,A,A,H,-,A,D,0,NA,NA,NA,NA,Y,NA,-,99,0,0,4,0,0,0,0,0,0,-,-,34.14487075805664,-118.2155303955078,LOS ANGELES,LOS ANGELES,-118.2155303955078,34.14485549926758
94712029,2025,2025-06-03,9565,2025-05-21,2034,024474,NA,3,2,7,1942,0,1,1,NA,2,083,I-10 E/B (SANTA MONICA FWY),NATIONAL BLVD.,525,E,N,A,-,Y,LA,NA,10,NA,R,7.346,H,NA,R,Y,4,0,2,4,A,-,03,22350,NA,N,C,C,A,A,H,-,C,D,0,NA,NA,NA,NA,Y,NA,A,01,0,0,2,0,0,0,0,0,0,-,-,34.029441833496094,-118.40104675292967,LOS ANGELES,LOS ANGELES,-118.40106201171876,34.029361724853516
94712030,2025,2025-06-03,9575,2025-05-19,1500,024356,NA,1,2,7,1942,0,1,3,NA,2,043,SR-134 E/B (VENTURA FREEWAY),RIVERSIDE DRIVE,1950,E,N,A,-,Y,LA,NA,134,NA,R,5.182,H,NA,R,N,4,0,1,3,A,-,03,22350,NA,N,C,C,A,A,H,-,A,D,0,NA,NA,NA,NA,Y,NA,A,01,0,0,1,0,0,0,0,0,0,-,-,34.153709411621094,-118.28782653808594,LOS ANGELES,LOS ANGELES,-118.28780364990234,34.15373611450195
94712048,2025,2025-06-04,9535,2025-05-31,1745,023349,NA,6,2,9,1900,0,3,5,NA,2,006,ROOKS RD,PECK RD,0,NA,Y,A,-,N,NA,NA,NA,NA,NA,NA,NA,NA,NA,Y,4,0,4,2,A,-,12,21453,A,N,D,C,A,A,H,-,A,A,0,NA,NA,NA,NA,Y,NA,-,-,0,0,4,0,0,0,0,0,0,-,-,34.030128479003906,-118.03733825683594,LOS ANGELES,UNINCORPORATED,-118.03726196289064,34.03014373779297
9471205,2023,2023-10-31,1942,2023-09-03,340,33504,2104,7,5,7,1942,0,0,0,NA,0,26T55W,CANOGA AV,NORDHOFF ST,136,S,N,B,C,N,NA,NA,NA,NA,NA,NA,NA,NA,NA,Y,2,0,1,3,A,-,05,21460,A,N,A,E,A,B,H,-,C,A,0,NA,NA,NA,NA,Y,NA,D,22,1,0,0,0,0,0,0,0,0,-,-,NA,NA,LOS ANGELES,LOS ANGELES,-118.59754943847656,34.2350959777832
9471209,2023,2023-11-08,1942,2023-09-08,2205,38314,2169,5,5,7,1942,0,0,0,NA,0,26T52W,WINNETKA AV,RT 101,0,NA,Y,A,-,Y,LA,7,101,-,-,23.178,R,4,S,Y,3,0,3,2,A,-,09,21801,A,N,D,C,A,A,H,-,C,A,0,NA,NA,NA,NA,Y,NA,D,22,0,3,0,0,0,0,0,0,0,-,SO,NA,NA,LOS ANGELES,LOS ANGELES,-118.5693130493164,34.17255401611328
9471211,2023,2023-11-01,1941,2023-05-12,1914,10140,NORTH,5,5,7,1941,0,0,0,NA,0,023,LONG BEACH BL,ARTESIA BL,131,S,N,A,-,N,NA,NA,NA,NA,NA,NA,NA,NA,NA,NA,4,0,1,2,A,-,08,22107,NA,F,D,C,A,A,H,-,C,D,0,NA,NA,NA,NA,Y,NA,D,22,0,0,1,0,0,0,0,0,0,-,-,33.8742790222168,-118.20275115966795,LOS ANGELES,LONG BEACH,-118.2026824951172,33.8740119934082
9471221,2023,2023-11-04,1942,2023-09-26,800,42251,2133,2,5,7,1942,0,0,0,NA,0,26TL18,SHERMAN WY,FALLBROOK AV,8,W,N,A,-,N,NA,NA,NA,NA,NA,NA,NA,NA,NA,N,2,0,1,2,A,-,10,21950,A,N,G,B,B,A,H,-,A,B,0,Y,NA,NA,NA,Y,NA,D,22,1,0,0,0,1,0,0,0,0,-,-,NA,NA,LOS ANGELES,LOS ANGELES,-118.62344360351564,34.20098876953125
9471225,2023,2023-12-07,1900,2023-10-03,1933,551353,0815,2,5,4,1960,0,0,0,NA,0,81T2,LONE HILL AV,CIENEGA AV,19,S,N,A,-,N,NA,NA,NA,NA,NA,NA,NA,NA,NA,N,4,0,1,2,A,-,04,21703,NA,N,C,C,A,A,H,-,C,A,0,NA,NA,NA,NA,Y,NA,D,22,0,0,1,0,0,0,0,0,0,-,-,34.103050231933594,-117.8289794921875,LOS ANGELES,SAN DIMAS,-117.82900238037108,34.102996826171875
9471227,2023,2023-10-31,1938,2023-09-22,1453,1495,AREA1,5,5,4,1938,0,0,0,NA,0,001,ESPERANZA DR,BLACKBIRD LN,22,S,N,A,-,N,NA,NA,NA,NA,NA,NA,NA,NA,NA,Y,4,0,1,2,A,-,09,21801,A,N,A,C,A,A,H,-,A,D,0,NA,NA,NA,NA,Y,NA,A,08,0,0,1,0,0,0,0,0,0,-,-,NA,NA,LOS ANGELES,LA VERNE,-117.75804901123048,34.13343811035156
9471229,2023,2023-11-01,1941,2023-01-13,2312,11514,WEST,5,5,7,1941,0,0,0,NA,0,001,SANTA FE AV,WILLOW ST,300,S,N,A,-,N,NA,NA,NA,NA,NA,NA,NA,NA,NA,N,3,0,1,2,D,-,00,NA,NA,F,G,B,E,A,H,-,C,D,0,Y,NA,NA,NA,Y,Y,-,-,0,1,0,0,1,0,0,0,0,-,-,33.80356979370117,-118.21542358398438,LOS ANGELES,LONG BEACH,-118.21552276611328,33.8035774230957
9471230,2023,2023-11-01,1941,2023-01-19,1815,10850,WEST,4,5,7,1941,0,0,0,NA,0,005,ATLANTIC AV,EAST PACIFIC COAST HWY,1,N,N,A,-,N,NA,NA,NA,NA,NA,NA,NA,NA,NA,N,4,0,1,2,D,-,00,NA,NA,F,G,G,A,A,H,-,C,A,0,NA,Y,NA,NA,Y,NA,-,-,0,0,1,0,0,0,1,0,0,-,-,33.789859771728516,-118.18504333496094,LOS ANGELES,LONG BEACH,-118.18502807617188,33.78987121582031
9471234,2023,2023-11-17,1900,2023-10-04,1240,648679,1332,3,5,5,1908,0,0,0,NA,0,133T2,CLARK AV,IVES ST,42,S,N,A,-,N,NA,NA,NA,NA,NA,NA,NA,NA,NA,Y,3,0,1,7,A,-,08,22107,NA,N,A,E,A,A,H,-,A,D,0,NA,NA,NA,Y,Y,NA,F,56,0,1,0,0,0,0,0,0,0,-,-,NA,NA,LOS ANGELES,BELLFLOWER,-118.134033203125,33.8941764831543
9471240,2023,2023-10-31,1941,2023-07-25,1945,6236,NORTH,2,5,7,1941,0,0,0,NA,0,020,E CARSON ST,ATLANTIC AV,0,NA,Y,A,-,N,NA,NA,NA,NA,NA,NA,NA,NA,NA,Y,4,0,2,2,A,-,09,21801,A,N,D,C,A,A,H,-,A,A,0,NA,NA,NA,NA,Y,NA,A,01,0,0,2,0,0,0,0,0,0,-,-,33.83176040649414,-118.1850128173828,LOS ANGELES,LONG BEACH,-118.18507385253906,33.83174514770508
94712408,2025,2025-10-06,9580,2025-05-22,2058,022717,NA,4,2,7,1942,0,1,2,NA,2,102,US-101 N/B (VENTURA FREEWAY),HAYVENHURST AVE,225,S,N,A,-,Y,LA,NA,101,NA,NA,18.57,H,NA,R,N,4,0,2,3,A,-,08,22107,NA,N,D,C,A,A,H,-,D,D,0,NA,NA,NA,NA,Y,NA,A,01,0,0,2,0,0,0,0,0,0,-,-,34.16537857055664,-118.4915771484375,LOS ANGELES,LOS ANGELES,-118.49158477783205,34.165374755859375
9471241,2023,2023-12-18,1941,2023-08-22,716,10908,EAST,2,5,7,1941,0,0,0,NA,0,011,E ANAHEIM ST,N JUNIPERO AV,0,NA,Y,A,-,N,NA,NA,NA,NA,NA,NA,NA,NA,NA,N,3,0,1,3,A,-,08,22107,NA,N,G,G,A,A,H,-,A,A,0,NA,Y,NA,NA,Y,NA,A,07,0,1,0,0,0,0,1,0,0,-,-,33.78261184692383,-118.1633071899414,LOS ANGELES,LONG BEACH,-118.16334533691406,33.78260803222656
94712416,2025,2025-06-04,9540,2025-05-26,1835,024392,NA,1,2,7,1942,0,1,1,NA,1,502,N/B I-5,ROXFORD ST,300,N,N,A,-,Y,LA,NA,5,NA,NA,42.739,H,NA,R,Y,3,0,1,1,A,-,08,22107,NA,N,F,J,A,A,H,-,A,D,0,NA,NA,Y,NA,Y,NA,C,02,0,1,0,0,0,0,0,0,1,-,-,34.30432891845703,-118.48036193847656,LOS ANGELES,LOS ANGELES,-118.48045349121094,34.30426788330078
9471242,2023,2023-11-04,1941,2023-09-06,1443,6117,NORTH,3,5,7,1941,0,0,0,NA,0,022,60TH ST,GARDENIA AV,0,NA,Y,A,-,N,NA,NA,NA,NA,NA,NA,NA,NA,NA,Y,4,0,1,3,A,-,09,21802,A,N,D,C,A,A,H,-,A,A,0,NA,NA,NA,NA,Y,NA,A,01,0,0,1,0,0,0,0,0,0,-,-,33.864219665527344,-118.1696319580078,LOS ANGELES,LONG BEACH,-118.1696548461914,33.864200592041016
94712440,2024,2025-06-04,9565,2024-04-18,1640,021706,NA,4,2,9,1900,0,1,1,NA,2,012,I-105 W/B TO HAWTHORNE BLVD,HAWTHORNE BLVD,10,E,N,A,-,Y,NA,NA,NA,NA,NA,NA,NA,NA,NA,N,3,0,2,2,A,-,17,21228,A,N,D,C,A,A,H,-,A,A,0,NA,NA,NA,NA,Y,NA,M,94,0,2,0,0,0,0,0,0,0,-,-,33.934181213378906,-118.35237884521484,LOS ANGELES,UNINCORPORATED,-118.35247039794922,33.93377685546875
9471246,2023,2023-11-02,1941,2023-08-17,1314,11201,WEST,4,5,7,1941,0,0,0,NA,0,005,EAST PACIFIC COAST HWY,GARDENIA AV,0,NA,Y,A,-,Y,LA,7,1,-,-,5.071,I,5,S,N,3,0,2,2,A,-,08,22107,NA,N,D,C,A,A,H,-,A,D,0,NA,NA,NA,NA,Y,NA,D,22,0,1,1,0,0,0,0,0,0,-,-,33.78984832763672,-118.16873931884766,LOS ANGELES,LONG BEACH,-118.16873168945313,33.78980255126953
9471249,2023,2023-11-01,1941,2023-06-13,1039,11428,EAST,2,5,7,1941,0,0,0,NA,0,016,LAKEWOOD BL,E SPRING ST,203,S,N,A,-,N,NA,NA,NA,NA,NA,NA,NA,NA,NA,Y,4,0,1,3,A,-,07,21658,A,N,B,C,A,A,H,-,A,D,0,NA,NA,NA,NA,Y,NA,A,01,0,0,1,0,0,0,0,0,0,-,-,33.812660217285156,-118.13915252685548,LOS ANGELES,LONG BEACH,-118.13941192626952,33.812076568603516
9471251,2023,2023-11-07,1941,2023-07-06,950,10319,WEST,4,5,7,1941,0,0,0,NA,0,002,W PACIFIC COAST HWY,TECHNOLOGY PL,0,NA,Y,A,-,Y,LA,7,1,-,-,8.11,H,-,N,N,4,0,1,2,A,-,03,22350,NA,N,C,C,A,A,H,-,A,A,0,NA,NA,NA,Y,Y,NA,A,01,0,0,1,0,0,0,0,0,0,-,-,33.789859771728516,-118.22139739990234,LOS ANGELES,LONG BEACH,-118.2212142944336,33.789913177490234
9471252,2023,2023-11-16,1941,2023-07-13,1412,11543,WEST,4,5,7,1941,0,0,0,NA,0,005,EAST PACIFIC COAST HWY,ATLANTIC AV,65,W,N,A,-,Y,LA,7,1,-,-,6.04,H,-,N,Y,4,0,2,4,A,-,05,21651,NA,N,A,C,A,A,H,-,A,D,0,NA,NA,NA,Y,Y,NA,F,26,0,0,2,0,0,0,0,0,0,-,-,33.789859771728516,-118.18504333496094,LOS ANGELES,LONG BEACH,-118.18537902832033,33.7899169921875
94712530,2025,2025-06-04,9545,2025-05-27,115,023856,NA,2,3,9,1900,0,3,5,NA,2,004,90TH ST EAST,AVENUE P-8,362,N,N,A,-,N,NA,NA,NA,NA,NA,NA,NA,NA,NA,Y,4,0,1,1,A,-,08,22107,NA,M,F,A,A,A,H,-,D,D,0,NA,NA,NA,NA,Y,NA,A,01,0,0,1,0,0,0,0,0,0,-,-,34.59516143798828,-117.96929168701172,LOS ANGELES,UNINCORPORATED,-117.9695053100586,34.60292053222656
94712539,2025,2025-06-04,9525,2025-05-26,2135,023815,NA,1,2,6,1975,0,1,1,NA,2,105,I-10 W/B (SAN BERNARDINO FWY),AZUSA AVE,2640,E,N,A,-,Y,LA,NA,10,NA,NA,37.035,H,NA,L,Y,3,0,1,2,A,-,07,21658,A,F,B,C,A,A,H,-,C,D,0,NA,NA,NA,NA,Y,NA,A,01,0,1,0,0,0,0,0,0,0,-,-,34.072261810302734,-117.8982391357422,LOS ANGELES,WEST COVINA,-117.8982391357422,34.07215881347656
94712585,2025,2025-06-04,9545,2025-05-27,1428,020547,NA,2,2,9,1900,0,3,5,NA,2,002,SR-14 S/B TO N/B SIERRA HIGHWAY,SIERRA HIGHWAY,0,NA,Y,A,-,Y,NA,NA,NA,NA,NA,NA,NA,NA,NA,Y,4,0,1,2,A,-,09,21802,A,N,B,2,A,A,H,-,A,A,0,NA,NA,NA,NA,Y,NA,A,01,0,0,1,0,0,0,0,0,0,-,-,34.511260986328125,-118.10955047607422,LOS ANGELES,UNINCORPORATED,-118.50720977783205,34.33883285522461
94712588,2025,2025-06-04,9545,2025-05-28,1815,023856,NA,3,2,9,1900,0,3,5,NA,2,003,ANGELES FOREST HWY,MILE MARKER 11.24,50,N,N,A,-,N,NA,NA,NA,NA,NA,NA,NA,NA,NA,N,4,0,1,1,A,-,03,22350,NA,N,F,A,A,A,H,-,A,D,0,NA,NA,NA,NA,Y,NA,A,01,0,0,1,0,0,0,0,0,0,-,-,34.38698959350586,-118.09220886230467,LOS ANGELES,UNINCORPORATED,-118.25704193115234,34.038543701171875
94712605,2025,2025-06-04,9540,2025-05-29,40,024373,NA,4,3,9,1900,0,1,1,NA,2,507,I-5 S/B (GOLDEN STATE FWY),VALENCIA BLVD,2376,S,N,A,-,Y,LA,NA,5,NA,R,51.998,H,NA,L,Y,3,0,1,2,A,-,07,21658,A,M,B,2,A,A,D,-,D,D,0,NA,NA,NA,NA,Y,NA,A,01,0,1,0,0,0,0,0,0,0,-,-,34.40187072753906,-118.57369995117188,LOS ANGELES,UNINCORPORATED,-118.57366943359376,34.401878356933594
94712652,2025,2025-06-04,9530,2025-05-13,2000,024345,NA,2,2,9,1900,0,3,5,NA,2,001,59TH PL.,HOOPER AVE.,0,NA,Y,A,-,N,NA,NA,NA,NA,NA,NA,NA,NA,NA,Y,4,0,1,2,A,-,09,21801,A,M,A,C,A,A,H,-,A,D,0,NA,NA,NA,NA,Y,NA,A,07,0,0,1,0,0,0,0,0,0,-,-,33.986209869384766,-118.25209045410156,LOS ANGELES,UNINCORPORATED,-118.25213623046876,33.98615264892578