CASE_ID,ACCIDENT_YEAR,PROC_DATE,JURIS,COLLISION_DATE,COLLISION_TIME,OFFICER_ID,REPORTING_DISTRICT,DAY_OF_WEEK,CHP_SHIFT,POPULATION,CNTY_CITY_LOC,SPECIAL_COND,BEAT_TYPE,CHP_BEAT_TYPE,CITY_DIVISION_LAPD,CHP_BEAT_CLASS,BEAT_NUMBER,PRIMARY_RD,SECONDARY_RD,DISTANCE,DIRECTION,INTERSECTION,WEATHER_1,WEATHER_2,STATE_HWY_IND,CALTRANS_COUNTY,CALTRANS_DISTRICT,STATE_ROUTE,ROUTE_SUFFIX,POSTMILE_PREFIX,POSTMILE,LOCATION_TYPE,RAMP_INTERSECTION,SIDE_OF_HWY,TOW_AWAY,COLLISION_SEVERITY,NUMBER_KILLED,NUMBER_INJURED,PARTY_COUNT,PRIMARY_COLL_FACTOR,PCF_CODE_OF_VIOL,PCF_VIOL_CATEGORY,PCF_VIOLATION,PCF_VIOL_SUBSECTION,HIT_AND_RUN,TYPE_OF_COLLISION,MVIW,PED_ACTION,ROAD_SURFACE,ROAD_COND_1,ROAD_COND_2,LIGHTING,CONTROL_DEVICE,CHP_ROAD_TYPE,PEDESTRIAN_ACCIDENT,BICYCLE_ACCIDENT,MOTORCYCLE_ACCIDENT,TRUCK_ACCIDENT,NOT_PRIVATE_PROPERTY,ALCOHOL_INVOLVED,STWD_VEHTYPE_AT_FAULT,CHP_VEHTYPE_AT_FAULT,COUNT_SEVERE_INJ,COUNT_VISIBLE_INJ,COUNT_COMPLAINT_PAIN,COUNT_PED_KILLED,COUNT_PED_INJURED,COUNT_BICYCLIST_KILLED,COUNT_BICYCLIST_INJURED,COUNT_MC_KILLED,COUNT_MC_INJURED,PRIMARY_RAMP,SECONDARY_RAMP,LATITUDE,LONGITUDE,COUNTY,CITY,POINT_X,POINT_Y
94721533,2025,2025-06-11,9530,2025-06-01,1610,022852,NA,7,2,9,1900,0,3,5,NA,2,006,HAMILTON AVE.,DEL AMO BLVD.,0,NA,Y,B,-,N,NA,NA,NA,NA,NA,NA,NA,NA,NA,Y,3,0,3,2,A,-,09,21801,A,N,D,C,A,A,H,-,A,A,0,NA,NA,NA,NA,Y,NA,A,08,0,1,2,0,0,0,0,0,0,-,-,33.846309661865234,-118.28601837158205,LOS ANGELES,UNINCORPORATED,-118.28604888916016,33.84623718261719
94721541,2025,2025-06-11,9525,2025-05-25,2300,024162,NA,7,3,9,1900,0,1,3,NA,1,024,SR-39 (SAN GABRIEL CANYON RD.),NORTH FORK BRIDGE,8818,S,N,A,-,N,NA,NA,NA,NA,NA,NA,NA,NA,NA,N,2,0,2,1,A,-,08,22107,NA,N,E,I,A,A,H,-,D,D,0,NA,NA,NA,NA,Y,NA,A,01,1,0,1,0,0,0,0,0,0,-,-,34.26264953613281,-117.85096740722656,LOS ANGELES,UNINCORPORATED,-117.84815216064452,34.234989166259766
94721548,2025,2025-06-11,9525,2025-05-25,340,024154,NA,7,3,1,1934,0,1,1,NA,2,652,I-605 N/B (SAN GABRIEL RIVER FWY),LIVE OAK AVE.,545,N,N,A,-,Y,LA,NA,605,NA,NA,23.683,H,NA,R,Y,3,0,2,1,A,-,01,23152,A,N,E,8,A,A,H,-,D,D,0,NA,NA,NA,NA,Y,Y,A,01,0,2,0,0,0,0,0,0,0,-,-,34.110538482666016,-117.98004150390624,LOS ANGELES,IRWINDALE,-117.98014831542967,34.11057662963867
94721555,2025,2025-06-11,9530,2025-05-27,2025,024412,NA,2,2,9,1900,0,3,5,NA,2,006,TORRANCE BLVD.,VERMONT AVE.,0,NA,Y,A,-,N,NA,NA,NA,NA,NA,NA,NA,NA,NA,Y,3,0,1,2,A,-,09,21800,A,F,D,C,A,A,H,-,C,D,0,NA,NA,NA,NA,Y,NA,-,99,0,1,0,0,0,0,0,0,0,-,-,33.842079162597656,-118.29004669189452,LOS ANGELES,UNINCORPORATED,-118.2900390625,33.84203338623047
94721572,2025,2025-06-11,9545,2025-06-05,458,023224,NA,4,3,9,1900,0,1,3,NA,2,031,SR-14 N/B,SOLEDAD CANYON RD,1350,N,N,A,-,Y,LA,NA,14,NA,R,52.624,H,NA,R,Y,4,0,1,2,A,-,08,22107,NA,N,B,C,A,A,H,-,C,D,0,NA,NA,NA,NA,Y,NA,A,01,0,0,1,0,0,0,0,0,0,-,-,34.49087905883789,-118.13301849365234,LOS ANGELES,UNINCORPORATED,-118.13298797607422,34.490779876708984
94721582,2025,2025-06-11,9535,2025-06-02,1825,023375,NA,1,2,9,1900,0,2,4,NA,2,022,UNION PACIFIC AVE,HERBERT AVE,110,W,N,A,-,N,NA,NA,NA,NA,NA,NA,NA,NA,NA,N,4,0,1,2,A,-,09,21804,A,N,D,G,A,A,H,-,A,D,0,NA,Y,NA,NA,Y,NA,L,04,0,0,1,0,0,0,1,0,0,-,-,34.0165901184082,-118.18415832519533,LOS ANGELES,UNINCORPORATED,-118.18408203125,34.01655578613281
94721652,2025,2025-06-11,9530,2025-06-10,630,022079,NA,2,1,9,1900,0,3,5,NA,2,002,ALAMEDA ST. (13000 BLOCK),134TH ST.,45,N,N,B,-,N,NA,NA,NA,NA,NA,NA,NA,NA,NA,N,4,0,1,2,A,-,03,22350,NA,N,C,C,A,A,H,-,A,A,0,NA,NA,NA,NA,Y,NA,D,22,0,0,1,0,0,0,0,0,0,-,-,33.91083908081055,-118.22274780273438,LOS ANGELES,UNINCORPORATED,-118.22270965576172,33.910743713378906
94721661,2025,2025-06-11,9530,2025-06-03,935,023235,NA,2,1,9,1900,0,3,5,NA,2,001,HOOPER AVENUE,FIRESTONE BOULEVARD,0,NA,Y,A,-,N,NA,NA,NA,NA,NA,NA,NA,NA,NA,N,4,0,1,2,A,-,10,21950,A,N,G,B,B,A,H,-,A,A,0,Y,NA,NA,NA,Y,NA,A,07,0,0,1,0,1,0,0,0,0,-,-,33.97488021850586,-118.25212097167967,LOS ANGELES,UNINCORPORATED,-118.2540283203125,33.96015167236328
94721666,2025,2025-06-11,9535,2025-05-04,701,022017,NA,7,1,5,1959,0,1,1,NA,2,401,INTERSTATE 10 W/B TO DEL MAR AVENUE N/B,DEL MAR AVENUE,180,E,N,B,-,Y,LA,NA,10,NA,NA,25.38,H,NA,L,Y,3,0,2,1,A,-,01,23152,A,N,E,8,A,A,H,-,A,A,0,NA,NA,NA,NA,Y,Y,A,01,0,2,0,0,0,0,0,0,0,-,-,34.07231903076172,-118.09884643554688,LOS ANGELES,ROSEMEAD,-118.0988540649414,34.07211685180664
94721672,2025,2025-06-11,9530,2025-06-04,1320,024223,NA,3,1,9,1900,0,1,1,NA,2,120,I-110 S/B (HARBOR FREEWAY),SEPULVEDA BLVD.,408,N,N,A,-,Y,LA,NA,110,NA,NA,5.386,H,NA,L,Y,3,0,1,2,A,-,03,22350,NA,F,E,2,A,A,H,-,A,D,0,NA,NA,NA,NA,Y,NA,A,01,0,1,0,0,0,0,0,0,0,-,-,33.80802917480469,-118.28801727294922,LOS ANGELES,UNINCORPORATED,-118.28794097900392,33.80801773071289
94721686,2025,2025-06-11,9550,2025-06-04,2310,023782,NA,3,3,3,1964,0,1,1,NA,2,650,I-605 N/B TO TELEGRAPH RD E/B,TELEGRAPH RD,550,S,N,A,-,Y,LA,NA,605,NA,R,10.155,H,NA,R,Y,3,0,2,3,A,-,03,22350,NA,N,C,C,A,A,H,-,C,D,0,NA,NA,NA,NA,Y,NA,A,01,0,1,1,0,0,0,0,0,0,-,-,33.94820022583008,-118.09243011474608,LOS ANGELES,SANTA FE SPRINGS,-118.09264373779295,33.94828414916992
94721689,2025,2025-06-11,9530,2025-06-10,1506,024272,NA,2,2,9,1900,0,1,1,NA,2,110,S/B I-110,105TH STREET,80,S,N,A,-,Y,LA,NA,110,NA,NA,14.651,H,NA,R,Y,4,0,2,2,A,-,03,22350,NA,N,C,C,A,A,H,-,A,D,0,NA,NA,NA,NA,Y,NA,A,07,0,0,2,0,0,0,0,0,0,-,-,33.94078063964844,-118.2800521850586,LOS ANGELES,UNINCORPORATED,-118.27976989746094,33.94078826904297
94721706,2025,2025-06-11,9575,2025-06-01,2020,022469,NA,7,2,7,1942,0,1,1,NA,2,052,I-5 S/B (GOLDEN STATE FREEWAY) TO HOLLYWOOD WAY,HOLLYWOOD WAY,762,N,N,A,-,Y,NA,NA,NA,NA,NA,NA,NA,NA,NA,Y,4,0,2,2,A,-,03,22350,NA,N,C,2,A,A,H,-,C,D,0,NA,NA,NA,Y,Y,NA,F,26,0,0,2,0,0,0,0,0,0,-,-,34.21321105957031,-118.35037231445313,LOS ANGELES,LOS ANGELES,-118.35003662109376,34.213253021240234
94721710,2025,2025-06-11,9530,2025-06-10,1105,023090,NA,2,1,9,1900,0,3,5,NA,2,001,FIRESTONE BLVD.,87TH ST.,0,NA,Y,A,-,N,NA,NA,NA,NA,NA,NA,NA,NA,NA,Y,4,0,2,2,A,-,09,21801,A,N,A,C,A,A,H,-,A,D,0,NA,NA,NA,NA,Y,NA,A,07,0,0,2,0,0,0,0,0,0,-,-,33.958518981933594,-118.23235321044922,LOS ANGELES,UNINCORPORATED,-118.2322998046875,33.95851135253906
94721719,2025,2025-06-11,9530,2025-06-09,1310,022079,NA,1,1,9,1900,0,3,5,NA,2,003,ATLANTIC AVE. (12000 BLOCK),ROSECRANS AVE.,140,N,N,A,-,N,NA,NA,NA,NA,NA,NA,NA,NA,NA,N,4,0,2,2,A,-,09,21804,A,N,D,C,A,A,H,-,A,D,0,NA,NA,NA,NA,Y,NA,A,07,0,0,2,0,0,0,0,0,0,-,-,33.90407180786133,-118.19396209716795,LOS ANGELES,UNINCORPORATED,-118.19395446777344,33.903953552246094
9472174,2022,2022-07-21,1941,2022-06-11,0729,11093,NA,6,5,7,1941,0,0,0,NA,0,NA,ORANGE AV,MARKET ST,0,NA,Y,A,-,N,NA,NA,NA,NA,NA,NA,NA,NA,NA,Y,4,0,1,2,A,-,08,22107,NA,N,-,C,A,A,H,-,A,A,0,NA,NA,NA,NA,Y,NA,A,NA,0,0,1,0,0,0,0,0,0,-,-,NA,NA,LOS ANGELES,LONG BEACH,-118.17726135253906,33.854373931884766
9472175,2022,2022-07-21,1941,2022-06-17,1828,11248,NA,5,5,7,1941,0,0,0,NA,0,NA,REDONDO AV,2ND ST,105,N,N,A,-,N,NA,NA,NA,NA,NA,NA,NA,NA,NA,N,3,0,1,2,A,-,11,21954,A,N,G,B,D,A,H,-,A,D,0,Y,NA,NA,NA,Y,NA,N,NA,0,1,0,0,1,0,0,0,0,-,-,NA,NA,LOS ANGELES,LONG BEACH,-118.15245056152344,33.763763427734375
94721861,2025,2025-06-11,9575,2025-06-02,1050,020251,NA,1,1,6,1925,0,1,3,NA,2,042,SR-134 W/B (VENTURA FREEWAY),BRAND BLVD.,200,E,N,A,-,Y,LA,NA,134,NA,R,7.242,H,NA,L,N,3,0,2,3,A,-,03,22350,NA,N,A,C,A,A,H,-,A,D,0,NA,NA,NA,NA,Y,NA,A,07,0,2,0,0,0,0,0,0,0,-,-,34.156471252441406,-118.25306701660156,LOS ANGELES,GLENDALE,-118.25306701660156,34.156463623046875
94721882,2025,2025-06-11,9525,2025-05-30,1406,022627,NA,5,2,6,1975,0,1,1,NA,2,103,I-10 W/B (SAN BERNARDINO FWY),SUNSET AVE,528,E,N,A,-,Y,LA,NA,10,NA,NA,34.997,H,NA,L,Y,3,0,5,7,A,-,03,22350,NA,F,C,C,A,A,H,-,A,D,0,NA,NA,NA,NA,Y,NA,A,01,0,5,0,0,0,0,0,0,0,-,-,34.072479248046875,-117.93373870849608,LOS ANGELES,WEST COVINA,-117.93373870849608,34.07249450683594
94721884,2025,2025-06-11,9540,2025-06-03,1805,023179,NA,2,2,3,1961,0,1,1,NA,1,502,I-5,SR-14,0.17,S,N,A,-,Y,LA,NA,5,NA,R,45.263,H,NA,R,Y,3,0,1,3,A,-,03,22350,NA,F,C,C,A,A,H,-,A,D,0,NA,NA,NA,NA,Y,NA,-,99,0,1,0,0,0,0,0,0,0,-,-,34.329750061035156,-118.50556182861328,LOS ANGELES,SAN FERNANDO,-118.5057373046875,34.329689025878906
94721887,2025,2025-06-11,9545,2025-06-06,2109,023914,NA,5,2,9,1900,0,3,5,NA,2,001,JOHNSON RD,LIMERIDGE DR,170,E,N,A,-,N,NA,NA,NA,NA,NA,NA,NA,NA,NA,Y,4,0,2,1,C,-,18,NA,NA,N,E,H,A,A,H,-,D,D,0,NA,NA,NA,NA,Y,NA,-,-,0,0,2,0,0,0,0,0,0,-,-,34.65970993041992,-118.36353302001952,LOS ANGELES,UNINCORPORATED,-118.36354064941406,34.65974044799805
94721889,2025,2025-06-11,9535,2025-06-03,2002,023313,NA,2,2,3,1914,0,1,1,NA,2,073,I-710 (LONG BEACH FREEWAY) S/B,WASHINGTON BLVD,1003,N,N,A,-,Y,LA,NA,710,NA,NA,22.667,H,NA,L,Y,2,0,1,2,A,-,01,23152,G,N,F,C,A,A,H,-,C,D,0,NA,NA,NA,NA,Y,Y,A,01,1,0,0,0,0,0,0,0,0,-,-,34.007720947265625,-118.17244720458984,LOS ANGELES,COMMERCE,-118.17249298095705,34.007720947265625
94721894,2025,2025-06-11,9530,2025-03-22,405,022714,NA,6,3,5,1977,0,1,3,NA,2,310,STATE ROUTE 91 WESTBOUND (ARTESIA FREEWAY),MAIN STREET,1488,E,N,A,-,Y,LA,NA,91,NA,R,7.188,H,NA,L,Y,1,1,0,1,A,-,08,22107,NA,N,E,I,A,A,H,-,C,D,0,NA,NA,Y,NA,Y,NA,C,02,0,0,0,0,0,0,0,1,0,-,-,33.87263107299805,-118.270263671875,LOS ANGELES,CARSON,-118.27027130126952,33.87274169921875
94721900,2025,2025-06-11,9535,2025-03-29,1510,024064,NA,6,2,6,1922,0,1,1,NA,2,401,I-10 W/B (SAN BERNARDINO FREEWAY),PECK RD,1000,E,N,A,-,Y,LA,NA,10,NA,NA,29.788,H,NA,L,Y,4,0,1,3,A,-,08,22107,NA,N,B,2,A,A,H,-,A,D,0,NA,NA,NA,Y,Y,NA,A,01,0,0,1,0,0,0,0,0,0,-,-,34.06821823120117,-118.0230712890625,LOS ANGELES,EL MONTE,-118.02309417724608,34.06810760498047
94721920,2025,2025-06-11,9530,2025-06-09,650,022079,NA,1,1,7,1941,0,1,3,NA,2,320,SR-91 W/B (ARTESIA FREEWAY),LONG BEACH BLVD.,200,W,N,A,-,Y,LA,NA,91,NA,R,11.066,H,NA,L,N,4,0,1,2,A,-,08,22107,NA,N,B,C,A,A,H,-,A,D,0,NA,NA,Y,NA,Y,NA,-,-,0,0,1,0,0,0,0,0,1,-,-,33.872718811035156,-118.2031478881836,LOS ANGELES,LONG BEACH,-118.20314025878906,33.872859954833984
94721959,2025,2025-06-11,9540,2025-05-10,337,023817,NA,6,3,7,1942,0,1,1,NA,2,550,I-5 N/B (GOLDEN STATE FREEWAY),BALBOA BLVD,2798,N,N,A,-,Y,LA,NA,5,NA,R,44.971,H,NA,R,Y,3,0,2,1,A,-,01,23153,A,N,E,I,A,A,H,-,A,D,0,NA,NA,NA,NA,Y,Y,A,01,0,1,1,0,0,0,0,0,0,-,-,34.325809478759766,-118.5037078857422,LOS ANGELES,LOS ANGELES,-118.50356292724608,34.325897216796875
94721977,2025,2025-06-11,9575,2025-06-02,745,019538,NA,1,1,6,1912,0,1,1,NA,2,051,I-5 S/B (GOLDEN STATE FREEWAY),BURBANK BLVD O/C,1300,N,N,A,-,Y,LA,NA,5,NA,NA,30.062,H,NA,L,Y,4,0,1,3,A,-,03,22350,NA,M,C,C,A,A,H,-,A,D,0,NA,NA,NA,Y,Y,NA,-,99,0,0,1,0,0,0,0,0,0,-,-,34.187591552734375,-118.32225036621094,LOS ANGELES,BURBANK,-118.32220458984376,34.18763732910156
94721981,2025,2025-06-11,9530,2025-06-09,1600,022986,NA,1,2,9,1900,0,3,5,NA,2,001,67TH ST.,HOOPER AVE.,0,NA,Y,A,-,N,NA,NA,NA,NA,NA,NA,NA,NA,NA,Y,4,0,1,2,A,-,09,21802,A,N,D,C,A,A,H,-,A,A,0,NA,NA,NA,NA,Y,NA,A,01,0,0,1,0,0,0,0,0,0,-,-,33.97922134399414,-118.25202178955078,LOS ANGELES,UNINCORPORATED,-118.25205993652344,33.97921371459961
94721987,2025,2025-06-11,9535,2025-05-30,1650,022861,NA,5,2,9,1900,0,1,1,NA,2,650,INTERSTATE 605 (SAN GABRIEL RIVER FREEWAY) N/B,VALLEY BLVD.,1102,S,N,A,-,Y,LA,NA,605,NA,R,19.19,H,NA,R,Y,3,0,1,2,A,-,07,21658,A,N,F,A,A,A,H,-,A,D,0,NA,NA,Y,NA,Y,NA,A,01,0,1,0,0,0,0,0,0,1,-,-,34.05144119262695,-118.0058364868164,LOS ANGELES,UNINCORPORATED,-118.00574493408205,34.0514030456543
94721988,2025,2025-06-11,9575,2025-02-04,520,022503,NA,2,3,7,1942,0,1,3,NA,2,070,SR-118 W/B (RONALD REAGAN FREEWAY),HERRICK AVE,300,E,N,B,-,Y,LA,NA,118,NA,R,13.018,H,NA,L,N,4,0,1,2,A,-,07,21658,A,M,B,C,A,A,H,-,C,D,0,NA,NA,NA,NA,Y,NA,-,99,0,0,1,0,0,0,0,0,0,-,-,34.27872085571289,-118.42120361328124,LOS ANGELES,LOS ANGELES,-118.4211883544922,34.27870559692383
94721994,2025,2025-06-11,9575,2025-03-20,1455,021925,NA,4,2,6,1912,0,1,1,NA,2,051,I-5 S/B (GOLDEN STATE FREEWAY),ALLEN AVENUE,34,N,N,A,-,Y,LA,NA,5,NA,NA,28.161,H,NA,L,Y,3,0,1,2,A,-,08,22107,NA,M,B,C,A,A,H,-,A,D,0,NA,NA,Y,NA,Y,NA,A,07,0,1,0,0,0,0,0,0,1,-,-,34.16754150390625,-118.30062866210938,LOS ANGELES,BURBANK,-118.30067443847656,34.16749954223633
94722068,2025,2025-06-11,9535,2025-06-08,1405,023375,NA,7,2,3,1914,0,1,1,NA,2,501,I-5 S/B (SANTA ANA FREEWAY),SLAUSON AVENUE,1660,N,N,A,-,Y,LA,NA,5,NA,NA,10.087,H,NA,L,N,4,0,1,3,A,-,03,22350,NA,N,C,C,A,A,H,-,A,D,0,NA,NA,NA,NA,Y,NA,A,07,0,0,1,0,0,0,0,0,0,-,-,33.97901153564453,-118.12808227539064,LOS ANGELES,COMMERCE,-118.12809753417967,33.97899627685547
94722098,2025,2025-06-11,9545,2025-06-01,1320,023742,NA,7,1,9,1900,0,1,3,NA,1,012,SR-138 (AVENUE D),70TH ST W,0,NA,Y,A,-,Y,LA,NA,138,NA,NA,32.084,H,NA,R,N,4,0,2,2,A,-,09,21802,A,N,D,C,A,A,H,-,A,A,0,NA,NA,NA,NA,Y,NA,A,07,0,0,2,0,0,0,0,0,0,-,-,34.77650833129883,-118.25495910644533,LOS ANGELES,UNINCORPORATED,-118.25495910644533,34.77651596069336
9472219,2022,2022-10-21,1972,2022-05-27,1550,21239,NA,5,5,6,1972,0,0,0,NA,0,NA,CRENSHAW BL,EL DORADO ST,0,NA,Y,A,-,N,NA,NA,NA,NA,NA,NA,NA,NA,NA,Y,3,0,3,2,A,-,12,21453,A,N,D,C,A,A,H,-,A,A,0,NA,NA,NA,NA,Y,NA,-,-,0,1,2,0,0,0,0,0,0,-,-,NA,NA,LOS ANGELES,TORRANCE,-118.3286590576172,33.83441162109375
9472220,2022,2022-07-20,1972,2022-05-27,1503,21239,NA,5,5,6,1972,0,0,0,NA,0,NA,SEPULVEDA BL,ERIEL AV,50,W,N,A,-,N,NA,NA,NA,NA,NA,NA,NA,NA,NA,N,4,0,1,2,A,-,03,22350,NA,N,C,C,A,A,H,-,A,A,0,NA,NA,NA,NA,Y,NA,A,NA,0,0,1,0,0,0,0,0,0,-,-,NA,NA,LOS ANGELES,TORRANCE,-118.33035278320313,33.822261810302734
94722228,2025,2025-06-11,9525,2025-05-31,1422,022627,NA,6,2,5,1990,0,1,3,NA,2,574,SR-57 N/B (ORANGE FWY),DIAMOND BAR BLVD,1848,S,N,A,-,Y,LA,NA,57,NA,R,1.582,H,NA,R,N,4,0,1,3,A,-,03,22350,NA,N,C,C,A,A,H,-,A,D,0,NA,NA,NA,NA,Y,NA,A,07,0,0,1,0,0,0,0,0,0,-,-,33.963829040527344,-117.8518524169922,LOS ANGELES,DIAMOND BAR,-117.85186767578124,33.96384048461914
94722255,2025,2025-06-11,9525,2025-06-04,1356,022770,NA,3,1,4,1905,0,1,1,NA,2,204,I-210 E/B (FOOTHILL FWY),AZUSA AVENUE,1742,E,N,A,-,Y,LA,NA,210,NA,R,39.946,H,NA,R,N,4,0,1,4,A,-,03,22350,NA,N,C,C,A,A,H,-,A,D,0,NA,NA,NA,NA,Y,NA,D,22,0,0,1,0,0,0,0,0,0,-,-,34.121009826660156,-117.90162658691406,LOS ANGELES,AZUSA,-117.90162658691406,34.12101745605469
94722324,2025,2025-06-11,9525,2025-06-09,1635,018505,NA,1,2,9,1900,0,3,5,NA,2,003,GRAND AVE (2300 N),CAMERON AVE,0,NA,Y,A,-,N,NA,NA,NA,NA,NA,NA,NA,NA,NA,N,3,0,2,2,A,-,09,21800,D,N,D,C,A,A,H,-,A,B,0,NA,NA,NA,NA,Y,NA,A,07,0,1,1,0,0,0,0,0,0,-,-,34.05710983276367,-117.867431640625,LOS ANGELES,UNINCORPORATED,-117.8674087524414,34.05706024169922
94722329,2025,2025-06-11,9575,2025-06-03,748,019538,NA,2,1,6,1912,0,1,1,NA,2,051,I-5 S/B (GOLDEN STATE FREEWAY),ALLEN AVE U/C,250,N,N,B,-,Y,LA,NA,5,NA,NA,28.191,H,NA,L,N,4,0,1,2,A,-,03,22350,NA,N,C,C,A,A,H,-,A,D,0,NA,NA,NA,NA,Y,NA,A,07,0,0,1,0,0,0,0,0,0,-,-,34.167789459228516,-118.30108642578124,LOS ANGELES,BURBANK,-118.30108642578124,34.16779708862305
94722381,2025,2025-06-11,9550,2025-05-31,100,022600,NA,6,3,9,1900,0,1,3,NA,2,602,STATE ROUTE 60 WESTBOUND,NOGALES STREET,500,W,N,A,-,Y,LA,NA,60,NA,NA,20.332,H,NA,L,Y,3,0,7,4,A,-,03,22350,NA,N,C,C,A,A,H,-,C,D,0,NA,NA,NA,NA,Y,NA,A,01,0,1,6,0,0,0,0,0,0,-,-,33.994239807128906,-117.89029693603516,LOS ANGELES,UNINCORPORATED,-117.89029693603516,33.9942741394043
94722401,2025,2025-06-11,9575,2025-06-02,1605,021879,NA,1,2,7,1942,0,1,3,NA,2,044,SR-134 W/B (VENTURA FREEWAY),FORMAN AVE.,290,W,N,A,-,Y,LA,NA,134,NA,NA,1.307,H,NA,L,Y,4,0,1,3,A,-,03,22350,NA,N,C,2,A,A,H,-,A,D,0,NA,NA,NA,NA,Y,NA,A,07,0,0,1,0,0,0,0,0,0,-,-,34.15314865112305,-118.35381317138672,LOS ANGELES,LOS ANGELES,-118.3538055419922,34.15311813354492
94722415,2025,2025-06-12,9535,2025-05-13,915,023567,NA,2,1,9,1900,0,3,5,NA,2,002,MONTEBELLO PARK WAY,LEONARD AVE,0,NA,Y,A,-,N,NA,NA,NA,NA,NA,NA,NA,NA,NA,Y,3,0,1,2,A,-,09,21802,A,N,A,C,A,A,H,-,A,A,0,NA,NA,NA,NA,Y,NA,A,01,0,1,0,0,0,0,0,0,0,-,-,34.016319274902344,-118.14466094970705,LOS ANGELES,UNINCORPORATED,-118.14460754394533,34.01631164550781
94722418,2025,2025-06-12,9535,2025-03-30,2030,023941,NA,7,2,9,1900,0,2,4,NA,2,014,GAGE AVE,CESAR CHAVEZ AVE,9,E,N,A,-,N,NA,NA,NA,NA,NA,NA,NA,NA,NA,N,4,0,1,2,A,-,05,21650,NA,N,H,G,A,A,H,-,C,A,0,NA,Y,NA,NA,Y,NA,L,04,0,0,1,0,0,0,1,0,0,-,-,34.04043960571289,-118.18467712402344,LOS ANGELES,UNINCORPORATED,-118.18464660644533,34.04051971435547
94722437,2024,2025-06-12,9565,2024-11-09,1025,023823,NA,6,1,9,1900,0,2,4,NA,2,024,IMPERIAL HIGHWAY,VERMONT AVENUE,20,W,N,A,-,N,NA,NA,NA,NA,NA,NA,NA,NA,NA,N,4,0,1,2,A,-,03,22350,NA,N,C,C,A,A,H,-,A,D,0,NA,NA,NA,NA,Y,NA,D,22,0,0,1,0,0,0,0,0,0,-,-,33.930938720703125,-118.2923583984375,LOS ANGELES,UNINCORPORATED,-118.29197692871094,33.93098068237305
9472247,2022,2022-07-20,1900,2022-06-21,1000,526680,0542,2,5,3,1921,0,0,0,NA,0,58T1AM,HUNTINGTON DR,MOUNT OLIVE DR,0,NA,Y,A,-,N,NA,NA,NA,NA,NA,NA,NA,NA,NA,Y,4,0,1,2,A,-,12,21453,A,N,D,C,A,A,H,-,A,A,0,NA,NA,NA,NA,Y,NA,A,07,0,0,1,0,0,0,0,0,0,-,-,34.13978958129883,-117.95571136474608,LOS ANGELES,DUARTE,-117.9556121826172,34.13981628417969
9472248,2022,2022-07-20,1900,2022-06-17,1050,606776,0542,5,5,3,1921,0,0,0,NA,0,58T1AM,HUNTINGTON DR,USHA LN,70,E,N,A,-,N,NA,NA,NA,NA,NA,NA,NA,NA,NA,Y,4,0,1,3,A,-,08,22107,NA,N,B,E,A,A,H,-,A,D,0,NA,NA,NA,NA,Y,NA,A,01,0,0,1,0,0,0,0,0,0,-,-,34.1398811340332,-117.9525909423828,LOS ANGELES,DUARTE,-117.95257568359376,34.13983154296875
9472249,2022,2022-07-20,1900,2022-06-27,0650,546256,0531,1,5,5,1959,0,0,0,NA,0,53T1AM,VALLEY BL,MISSION DR,214,W,N,A,-,N,NA,NA,NA,NA,NA,NA,NA,NA,NA,Y,2,0,2,5,A,-,01,23152,A,N,C,E,A,A,H,-,A,D,0,NA,NA,NA,NA,Y,Y,A,07,1,1,0,0,0,0,0,0,0,-,-,34.08100891113281,-118.06629943847656,LOS ANGELES,ROSEMEAD,-118.06603240966795,34.08109664916992
9472250,2022,2022-07-20,1900,2022-06-28,1706,626545,0541,2,5,3,1921,0,0,0,NA,0,57APM,HUNTINGTON DR,BRADBURY AV,0,NA,Y,A,-,N,NA,NA,NA,NA,NA,NA,NA,NA,NA,Y,4,0,2,2,A,-,09,21801,A,N,D,C,A,A,H,-,A,D,0,NA,NA,NA,NA,Y,NA,A,07,0,0,2,0,0,0,0,0,0,-,-,34.13951873779297,-117.98194122314452,LOS ANGELES,DUARTE,-117.9818878173828,34.13966369628906
9472251,2022,2022-07-20,1900,2022-06-10,1123,636541,0560,5,5,3,1968,0,0,0,NA,0,55T1AM,GARVEY AV,CHICO AV,218,E,N,A,-,N,NA,NA,NA,NA,NA,NA,NA,NA,NA,Y,3,0,2,2,A,-,08,22107,NA,N,C,C,A,A,H,-,A,D,0,NA,NA,Y,NA,Y,NA,A,01,0,2,0,0,0,0,0,0,2,-,-,34.062660217285156,-118.06065368652344,LOS ANGELES,SOUTH EL MONTE,-118.0593490600586,34.062740325927734
9472252,2022,2022-07-20,1900,2022-06-25,1040,642121,0530,6,5,5,1959,0,0,0,NA,0,53HAM,VALLEY BL,WALNUT GROVE AV,24,E,N,A,-,N,NA,NA,NA,NA,NA,NA,NA,NA,NA,N,4,0,1,2,A,-,08,22107,NA,N,D,C,A,A,H,-,A,A,0,NA,NA,NA,NA,Y,NA,A,01,0,0,1,0,0,0,0,0,0,-,-,34.08052062988281,-118.08193206787108,LOS ANGELES,ROSEMEAD,-118.08196258544922,34.08053207397461