CASE_ID,ACCIDENT_YEAR,PROC_DATE,JURIS,COLLISION_DATE,COLLISION_TIME,OFFICER_ID,REPORTING_DISTRICT,DAY_OF_WEEK,CHP_SHIFT,POPULATION,CNTY_CITY_LOC,SPECIAL_COND,BEAT_TYPE,CHP_BEAT_TYPE,CITY_DIVISION_LAPD,CHP_BEAT_CLASS,BEAT_NUMBER,PRIMARY_RD,SECONDARY_RD,DISTANCE,DIRECTION,INTERSECTION,WEATHER_1,WEATHER_2,STATE_HWY_IND,CALTRANS_COUNTY,CALTRANS_DISTRICT,STATE_ROUTE,ROUTE_SUFFIX,POSTMILE_PREFIX,POSTMILE,LOCATION_TYPE,RAMP_INTERSECTION,SIDE_OF_HWY,TOW_AWAY,COLLISION_SEVERITY,NUMBER_KILLED,NUMBER_INJURED,PARTY_COUNT,PRIMARY_COLL_FACTOR,PCF_CODE_OF_VIOL,PCF_VIOL_CATEGORY,PCF_VIOLATION,PCF_VIOL_SUBSECTION,HIT_AND_RUN,TYPE_OF_COLLISION,MVIW,PED_ACTION,ROAD_SURFACE,ROAD_COND_1,ROAD_COND_2,LIGHTING,CONTROL_DEVICE,CHP_ROAD_TYPE,PEDESTRIAN_ACCIDENT,BICYCLE_ACCIDENT,MOTORCYCLE_ACCIDENT,TRUCK_ACCIDENT,NOT_PRIVATE_PROPERTY,ALCOHOL_INVOLVED,STWD_VEHTYPE_AT_FAULT,CHP_VEHTYPE_AT_FAULT,COUNT_SEVERE_INJ,COUNT_VISIBLE_INJ,COUNT_COMPLAINT_PAIN,COUNT_PED_KILLED,COUNT_PED_INJURED,COUNT_BICYCLIST_KILLED,COUNT_BICYCLIST_INJURED,COUNT_MC_KILLED,COUNT_MC_INJURED,PRIMARY_RAMP,SECONDARY_RAMP,LATITUDE,LONGITUDE,COUNTY,CITY,POINT_X,POINT_Y
94726221,2025,2025-06-16,9525,2025-06-10,1255,024349,NA,2,1,6,1975,0,1,1,NA,2,106,I-10 W/B (SAN BERNARDINO FWY),BARRANCE ST,1170,E,N,A,-,Y,LA,NA,10,NA,NA,38.24,H,NA,L,N,4,0,1,2,A,-,03,22350,NA,N,C,C,A,A,H,-,A,D,0,NA,NA,NA,NA,Y,NA,A,07,0,0,1,0,0,0,0,0,0,-,-,34.07207107543945,-117.8772430419922,LOS ANGELES,WEST COVINA,-117.8772430419922,34.07195281982422
94726223,2025,2025-06-16,9530,2025-05-18,335,023865,NA,7,3,7,1942,0,1,3,NA,2,310,SR-91 W/B (ARTESIA FREEWAY),VERMONT AVE.,60,E,N,A,-,Y,LA,NA,91,NA,NA,6.026,H,NA,L,Y,2,0,2,2,A,-,01,23152,A,N,C,C,A,A,H,-,C,A,0,NA,NA,NA,NA,Y,Y,A,07,2,0,0,0,0,0,0,0,0,-,-,33.87282943725586,-118.29067993164064,LOS ANGELES,LOS ANGELES,-118.29067993164064,33.87287521362305
94726225,2025,2025-06-16,9530,2025-06-06,2130,023824,NA,5,2,5,1977,0,1,1,NA,2,410,I-405 S/B (SAN DIEGO FREEWAY),DEL AMO BLVD.,900,N,N,B,-,Y,LA,NA,405,NA,NA,12.079,H,NA,L,Y,4,0,1,1,A,-,08,22107,NA,N,E,I,A,A,H,-,D,D,0,NA,NA,NA,NA,Y,NA,A,01,0,0,1,0,0,0,0,0,0,-,-,33.84825897216797,-118.2732391357422,LOS ANGELES,CARSON,-118.27330017089844,33.84819793701172
94726226,2025,2025-06-16,9530,2025-06-11,2135,022716,NA,3,2,5,1977,0,1,1,NA,2,410,I-405 S/B (SAN DIEGO FREEWAY),WILMINGTON AVENUE,1637,N,N,A,-,Y,LA,NA,405,NA,NA,9.911,H,NA,L,Y,3,0,1,1,A,-,01,23152,A,M,E,I,A,A,H,-,C,D,0,NA,NA,NA,NA,Y,Y,A,08,0,1,0,0,0,0,0,0,0,-,-,33.82585144042969,-118.24738311767578,LOS ANGELES,CARSON,-118.24738311767578,33.825767517089844
94726232,2025,2025-06-16,9550,2025-05-31,55,018412,NA,6,3,5,1919,0,1,3,NA,2,092,SR-91 E/B,OC COUNTY LINE,300,W,N,A,-,Y,LA,NA,91,NA,R,20.698,H,NA,R,Y,3,0,1,1,A,-,01,23152,A,N,E,I,A,A,H,-,C,D,0,NA,NA,NA,NA,Y,Y,A,01,0,1,0,0,0,0,0,0,0,-,-,33.86214828491211,-118.04263305664064,LOS ANGELES,CERRITOS,-118.04257965087892,33.86222839355469
94726239,2025,2025-06-16,9525,2025-06-06,1410,022097,NA,5,2,6,1955,0,1,3,NA,2,606,SR-60 E/B (POMONA FWY),PHILLIPS RANCH RD,200,E,N,A,-,Y,LA,NA,60,NA,R,28.122,H,NA,R,N,4,0,1,1,A,-,08,22107,NA,N,A,A,A,A,H,-,A,D,0,NA,NA,NA,NA,Y,NA,A,01,0,0,1,0,0,0,0,0,0,-,-,34.02370071411133,-117.76952362060548,LOS ANGELES,POMONA,-117.76953125,34.02359390258789
9472624,2022,2022-08-04,1901,2022-06-18,1232,112,12,6,5,5,1901,0,0,0,NA,0,002,ALMANSOR ST,PARK ST,0,NA,N,G,-,N,NA,NA,NA,NA,NA,NA,NA,NA,NA,NA,2,0,1,3,A,-,01,23153,F,F,A,B,D,A,H,-,A,-,0,Y,NA,NA,NA,Y,Y,A,01,1,0,0,0,1,0,0,0,0,-,-,34.08921813964844,-118.11699676513672,LOS ANGELES,ALHAMBRA,-118.11695861816406,34.089202880859375
94726240,2025,2025-06-16,9530,2025-05-21,24,023673,NA,3,3,5,1977,0,1,3,NA,2,310,SR-91 E/B (ARTESIA FREEWAY),BAUCHARD CT,10,W,N,A,-,Y,LA,NA,91,NA,R,8.054,H,NA,R,Y,3,0,1,2,A,-,07,21658,A,F,C,C,A,A,H,-,C,D,0,NA,NA,NA,NA,Y,NA,A,01,0,1,0,0,0,0,0,0,0,-,-,33.873538970947266,-118.25530242919922,LOS ANGELES,CARSON,-118.25530242919922,33.873600006103516
94726241,2025,2025-10-29,9530,2025-06-08,55,024399,NA,7,3,9,1900,0,3,5,NA,2,006,NORMANDIE AVE.,PASATIEMPO LN.,0,NA,Y,A,-,N,NA,NA,NA,NA,NA,NA,NA,NA,NA,Y,3,0,2,2,A,-,12,22450,A,N,D,C,A,A,H,-,C,A,0,NA,NA,NA,NA,Y,NA,A,01,0,2,0,0,0,0,0,0,0,-,-,33.80720901489258,-118.29850769042967,LOS ANGELES,UNINCORPORATED,-118.29853057861328,33.80706787109375
94726244,2025,2025-06-16,9550,2025-05-04,2115,024082,NA,7,2,6,1920,0,1,1,NA,2,500,INTERSTATE 5 SOUTHBOUND (SANTA ANA FREEWAY),SAN GABRIEL RIVERBED,50,S,N,B,-,Y,LA,NA,5,NA,NA,9.415,H,NA,L,N,4,0,1,2,A,-,07,21658,A,F,B,2,A,A,H,-,D,D,0,NA,NA,NA,NA,Y,NA,A,07,0,0,1,0,0,0,0,0,0,-,-,33.97050094604492,-118.1227798461914,LOS ANGELES,DOWNEY,-118.12266540527344,33.970523834228516
94726248,2025,2025-06-16,9525,2025-06-12,1700,018505,NA,4,2,9,1900,0,3,5,NA,2,003,FRANCISQUITO AVE (16800 E),AVINGTON AVE (1800 N),80,E,N,A,-,N,NA,NA,NA,NA,NA,NA,NA,NA,NA,N,3,0,1,1,A,-,08,22107,NA,N,E,I,A,A,H,-,A,D,0,NA,NA,NA,NA,Y,NA,A,01,0,1,0,0,0,0,0,0,0,-,-,34.05038833618164,-117.9180908203125,LOS ANGELES,UNINCORPORATED,-117.91815948486328,34.050289154052734
9472625,2022,2022-08-04,1901,2022-06-19,1500,112,NA,7,5,5,1901,0,0,0,NA,0,002,NEW AV,NORWOOD PL,0,NA,Y,A,-,N,NA,NA,NA,NA,NA,NA,NA,NA,NA,Y,3,0,3,2,A,-,09,21801,A,N,A,C,A,A,H,-,A,A,0,NA,NA,NA,NA,Y,NA,A,01,0,3,0,0,0,0,0,0,0,-,-,34.07643127441406,-118.10826873779295,LOS ANGELES,ALHAMBRA,-118.10842895507813,34.076393127441406
94726254,2025,2025-06-16,9550,2025-04-20,2120,024082,NA,7,2,9,1900,0,3,5,NA,2,002,LAMBERT ROAD,1ST AVENUE,0,NA,Y,A,-,N,NA,NA,NA,NA,NA,NA,NA,NA,NA,N,2,0,1,2,A,-,05,21650,NA,N,D,G,A,A,H,-,C,A,0,NA,Y,NA,NA,Y,NA,M,91,1,0,0,0,0,0,1,0,0,-,-,33.92955017089844,-117.98555755615234,LOS ANGELES,UNINCORPORATED,-117.98545074462892,33.92952346801758
94726256,2025,2025-06-16,9525,2025-06-13,1220,023660,NA,5,1,3,1921,0,1,1,NA,2,202,I-210 E/B (FOOTHILL FWY),DUNCANNON AVE,90,W,N,A,-,Y,LA,NA,210,NA,R,35.51,H,NA,R,N,4,0,1,2,A,-,03,22350,NA,N,C,C,A,A,H,-,A,D,0,NA,NA,NA,NA,Y,NA,D,22,0,0,1,0,0,0,0,0,0,-,-,34.13547897338867,-117.97312927246094,LOS ANGELES,DUARTE,-117.9731216430664,34.135406494140625
94726258,2025,2025-06-16,9525,2025-06-14,35,022605,NA,6,3,5,1990,0,1,3,NA,2,603,SR-60 W/B (POMONA FWY),DIAMOND BAR BLVD,1056,W,N,A,-,Y,LA,NA,60,NA,R,25.395,H,NA,L,Y,4,0,1,2,A,-,03,22350,NA,N,C,C,A,A,H,-,D,D,0,NA,NA,NA,NA,Y,NA,A,01,0,0,1,0,0,0,0,0,0,-,-,34.02153015136719,-117.81398010253906,LOS ANGELES,DIAMOND BAR,-117.8139419555664,34.02150344848633
94726261,2025,2025-06-16,9525,2025-06-14,1503,024091,NA,6,2,9,1900,0,1,3,NA,1,024,SR-39 (SAN GABRIEL CANYON RD.) S/B,MILE MARKER 20.66,2323,S,N,A,-,Y,LA,NA,39,NA,NA,20.015,H,NA,L,Y,4,0,1,1,A,-,03,22350,NA,N,E,I,A,A,H,-,A,D,0,NA,NA,Y,NA,Y,NA,C,02,0,0,1,0,0,0,0,0,1,-,-,34.18452835083008,-117.8757095336914,LOS ANGELES,UNINCORPORATED,-117.87570190429688,34.18452453613281
94726266,2025,2025-06-16,9550,2025-06-07,1540,024129,NA,6,2,6,1949,0,1,1,NA,2,651,I-605 NB,FILESTONE BLVD,1056,N,N,A,-,Y,LA,NA,605,NA,R,8.608,H,NA,R,Y,4,0,1,4,A,-,03,22350,NA,N,C,C,A,A,H,-,A,D,0,NA,NA,NA,NA,Y,NA,A,08,0,0,1,0,0,0,0,0,0,-,-,33.927738189697266,-118.10324096679688,LOS ANGELES,NORWALK,-118.10312652587892,33.92771530151367
94726268,2025,2025-06-16,9550,2025-06-07,1755,024129,NA,6,2,5,1952,0,1,1,NA,2,151,I-105 WB,FACADE AVE.,63,W,N,A,-,Y,LA,NA,105,NA,R,14.324,H,NA,L,Y,4,0,2,2,A,-,03,22350,NA,N,C,C,A,A,H,-,A,D,0,NA,NA,NA,NA,Y,NA,-,-,0,0,2,0,0,0,0,0,0,-,-,33.911258697509766,-118.16551971435548,LOS ANGELES,PARAMOUNT,-118.16555786132813,33.91152572631836
94726273,2025,2025-06-16,9525,2025-06-06,1446,022231,NA,5,2,5,1990,0,1,3,NA,2,573,SR-57 N/B (ORANGE FWY),SUNSET CROSSING RD.,318,S,N,A,-,Y,LA,NA,57,NA,NA,4.927,H,NA,R,N,4,0,2,2,A,-,03,22350,NA,N,C,C,A,A,H,-,A,D,0,NA,NA,NA,NA,Y,NA,A,01,0,0,2,0,0,0,0,0,0,-,-,34.028011322021484,-117.81185150146484,LOS ANGELES,DIAMOND BAR,-117.81155395507813,34.02793884277344
94726278,2025,2025-12-01,9550,2025-06-08,151,024082,NA,7,3,9,1900,0,1,1,NA,2,650,INTERSTATE 605 NORTHBOUND (SAN GABRIEL RIVER FREEW,ROSE HILLS ROAD,1000,S,N,A,-,Y,LA,NA,605,NA,R,14.881,H,NA,R,Y,3,0,1,2,A,-,08,22107,NA,F,B,C,A,A,H,-,D,D,0,NA,NA,NA,NA,Y,NA,A,01,0,1,0,0,0,0,0,0,0,-,-,34.01177978515625,-118.05670166015624,LOS ANGELES,UNINCORPORATED,-118.05671691894533,34.011783599853516
94726279,2025,2025-06-16,9575,2025-06-08,800,023016,NA,7,1,9,1900,0,1,3,NA,2,301,SR-2 (ANGELES CREST HIGHWAY),MILE POST MARKER 37.50,325,E,N,A,-,Y,LA,NA,2,NA,NA,37.566,H,NA,R,N,4,0,1,1,A,-,03,22350,NA,N,E,I,A,A,H,-,A,D,0,NA,NA,NA,NA,Y,NA,A,01,0,0,1,0,0,0,0,0,0,-,-,34.262481689453125,-118.11212921142578,LOS ANGELES,UNINCORPORATED,-118.1122817993164,34.262535095214844
94726281,2025,2025-06-16,9525,2025-06-05,1507,022627,NA,4,2,9,1900,0,2,4,NA,2,045,VALLEY BLVD,6TH AVE,0,NA,Y,A,-,N,NA,NA,NA,NA,NA,NA,NA,NA,NA,Y,3,0,2,2,A,-,09,21802,A,N,D,C,A,A,H,-,A,A,0,NA,NA,NA,NA,Y,NA,A,01,0,1,1,0,0,0,0,0,0,-,-,34.03730010986328,-117.97837066650392,LOS ANGELES,UNINCORPORATED,-117.97827911376952,34.037296295166016
94726289,2024,2025-06-16,9550,2024-12-28,23,023880,NA,6,3,9,1900,0,1,S,NA,2,615,SR-60 E/B (POMONA FWY),HACIENDA BOULEVARD,1779,W,N,A,-,Y,LA,NA,60,NA,NA,15.604,H,NA,R,N,1,1,0,2,A,-,11,21954,A,N,G,B,E,A,H,-,D,D,0,Y,NA,NA,NA,Y,NA,N,60,0,0,0,1,0,0,0,0,0,-,-,34.00857162475586,-117.9700164794922,LOS ANGELES,UNINCORPORATED,-117.97003173828124,34.008541107177734
9472629,2022,2022-08-04,1976,2022-06-28,2144,541,1976,2,5,5,1976,0,0,0,NA,0,004,COLIMA RD,CARRETERA DR,40,S,N,A,-,N,NA,NA,NA,NA,NA,NA,NA,NA,NA,Y,4,0,2,3,A,-,04,21703,NA,N,C,C,A,A,H,-,C,D,0,NA,NA,NA,NA,Y,NA,A,07,0,0,2,0,0,0,0,0,0,-,-,NA,NA,LOS ANGELES,WHITTIER,-118.00341033935548,33.95363235473633
9472634,2022,2022-08-04,1942,2022-06-30,1740,40291,0904,4,5,7,1942,0,0,0,I,0,26M55,VAN NUYS BL,SATICOY ST,0,NA,Y,A,-,N,NA,NA,NA,NA,NA,NA,NA,NA,NA,NA,4,0,1,2,D,-,00,NA,NA,N,E,I,A,A,-,-,A,A,0,NA,NA,NA,NA,Y,Y,-,-,0,0,1,0,0,0,0,0,0,-,-,NA,NA,LOS ANGELES,LOS ANGELES,-118.4487762451172,34.20846176147461
9472635,2022,2022-08-04,1942,2022-06-24,1345,41859,0971,5,5,7,1942,0,0,0,I,0,9X52,KESTER AV,CAMARILLO ST,245,S,N,A,-,N,NA,NA,NA,NA,NA,NA,NA,NA,NA,Y,2,0,1,2,A,-,08,22100,5,N,D,C,A,A,H,-,A,D,0,NA,NA,NA,NA,Y,NA,A,07,1,0,0,0,0,0,0,0,0,-,-,NA,NA,LOS ANGELES,LOS ANGELES,-118.45745086669922,34.15739822387695
9472636,2022,2022-08-04,1942,2022-06-24,2200,43233,0915,5,5,7,1942,0,0,0,I,0,9A5W3,HAZELTINE AV,VANOWEN ST,500,N,N,A,-,N,NA,NA,NA,NA,NA,NA,NA,NA,NA,Y,2,0,2,3,A,-,09,21802,A,N,D,C,A,A,H,-,C,D,0,NA,NA,NA,NA,Y,NA,A,01,1,0,1,0,0,0,0,0,0,-,-,NA,NA,LOS ANGELES,LOS ANGELES,-118.43997955322266,34.1953125
9472637,2022,2022-08-09,1942,2022-06-22,2225,44627,1545,3,5,7,1942,0,0,0,O,0,15A12,LAUREL CANYON BL,HUSTON ST,500,S,N,A,-,N,NA,NA,NA,NA,NA,NA,NA,NA,NA,N,1,1,0,2,A,-,11,21955,NA,N,G,B,D,A,H,-,C,-,0,Y,NA,NA,NA,Y,NA,N,60,0,0,0,1,0,0,0,0,0,-,-,NA,NA,LOS ANGELES,LOS ANGELES,-118.39649200439452,34.158050537109375
9472638,2022,2022-08-04,1941,2022-06-23,0317,10931,NA,4,5,7,1941,0,0,0,NA,0,NA,ANAHEIM AND PUENTE RD,LONG BEACH BL,0,NA,Y,A,-,N,NA,NA,NA,NA,NA,NA,NA,NA,NA,Y,4,0,2,2,D,-,00,NA,NA,N,D,C,A,A,H,-,C,A,0,NA,NA,NA,NA,Y,NA,-,-,0,0,2,0,0,0,0,0,0,-,-,NA,NA,LOS ANGELES,LONG BEACH,-118.18949127197266,33.78260803222656
9472639,2022,2022-08-04,1941,2022-06-13,0754,11003,NA,1,5,7,1941,0,0,0,NA,0,NA,6TH ST,PACIFIC AV,0,NA,Y,B,-,N,NA,NA,NA,NA,NA,NA,NA,NA,NA,Y,3,0,1,3,A,-,12,21453,A,N,B,C,A,B,H,-,A,A,0,NA,NA,NA,NA,Y,NA,-,NA,0,1,0,0,0,0,0,0,0,-,-,NA,NA,LOS ANGELES,LONG BEACH,-118.19371795654295,33.774139404296875
9472640,2022,2022-08-04,1941,2022-06-07,1445,5755,NA,2,5,7,1941,0,0,0,NA,0,NA,SPRING ST,SNOWDEN AV,200,E,N,A,-,N,NA,NA,NA,NA,NA,NA,NA,NA,NA,Y,4,0,1,2,A,-,03,22350,NA,N,C,C,A,A,H,-,A,D,0,NA,NA,NA,NA,Y,NA,-,NA,0,0,1,0,0,0,0,0,0,-,-,NA,NA,LOS ANGELES,LONG BEACH,-118.11180877685548,33.810298919677734
9472652,2022,2022-07-21,1900,2022-04-09,1810,657736,1192,6,5,6,1992,0,0,0,NA,0,111T1,WEST AV L,25TH ST W,0,NA,Y,A,G,N,NA,NA,NA,NA,NA,NA,NA,NA,NA,Y,4,0,3,2,A,-,09,21801,A,N,D,C,A,A,H,-,A,A,0,NA,NA,NA,NA,Y,NA,A,01,0,0,3,0,0,0,0,0,0,-,-,NA,NA,LOS ANGELES,LANCASTER,-118.17457580566406,34.66033172607422
9472653,2022,2022-08-08,1900,2022-04-18,2139,522046,0531,1,5,5,1959,0,0,0,NA,0,53FPM,RIO HONDO AV,VALLEY BL,14,S,N,A,-,N,NA,NA,NA,NA,NA,NA,NA,NA,NA,Y,3,0,1,3,A,-,03,22350,NA,N,A,C,A,A,H,-,C,A,0,NA,NA,NA,NA,Y,NA,A,07,0,1,0,0,0,0,0,0,0,-,-,34.08113098144531,-118.06463623046876,LOS ANGELES,ROSEMEAD,-118.06463623046876,34.081111907958984
94726573,2025,2025-06-16,9580,2025-05-27,1630,022800,NA,2,2,7,1942,1,4,S,NA,2,901,MAGNOLIA BLVD E/B,SYLMAR AVE,50,W,N,A,-,Y,NA,NA,NA,NA,NA,NA,NA,NA,NA,N,4,0,2,7,A,-,08,22107,NA,N,B,E,F,A,H,-,A,D,0,Y,NA,NA,NA,Y,NA,H,17,0,0,2,0,1,0,0,0,0,-,-,34.164798736572266,-118.44677734375,LOS ANGELES,LOS ANGELES,-118.44668579101564,34.16486740112305
94726576,2025,2025-06-16,9580,2025-05-30,1200,022603,NA,5,1,7,1942,0,1,2,NA,2,104,US-101 N/B (VENTURA FREEWAY TO SHOUP,SHOUP AVE,1000,S,N,A,-,Y,LA,NA,101,NA,NA,25.623,H,NA,R,N,4,0,1,2,A,-,08,22107,NA,N,B,C,A,A,H,-,A,D,0,NA,NA,NA,Y,Y,NA,F,26,0,0,1,0,0,0,0,0,0,-,-,34.17028045654297,-118.61065673828124,LOS ANGELES,LOS ANGELES,-118.61062622070313,34.170223236083984
94726580,2025,2025-06-16,9580,2025-06-05,435,020791,NA,4,3,7,1942,0,1,3,NA,2,115,SR-118 W/B (RONALD REAGAN FWY.),WOODLEY AVE,300,E,N,A,-,Y,LA,NA,118,NA,R,9.133,H,NA,L,Y,3,0,1,4,A,-,03,22350,NA,N,C,C,A,A,H,-,D,D,0,NA,NA,NA,Y,Y,NA,-,-,0,1,0,0,0,0,0,0,0,-,-,34.26729965209961,-118.48372650146484,LOS ANGELES,LOS ANGELES,-118.48370361328124,34.267337799072266
94726587,2025,2025-06-16,9525,2025-06-07,1740,024154,NA,6,2,1,1934,0,1,1,NA,2,204,I-210 E/B (FOOTHILL FWY) TO IRWINDALE AVE,IRWINDALE AVE,5,W,N,A,-,Y,NA,NA,NA,NA,NA,NA,NA,NA,NA,N,4,0,1,2,A,-,01,23152,A,F,C,C,A,A,H,-,A,A,0,NA,NA,NA,NA,Y,Y,A,07,0,0,1,0,0,0,0,0,0,-,-,34.12937927246094,-117.93385314941406,LOS ANGELES,IRWINDALE,-117.93401336669922,34.1296501159668
94726590,2025,2025-06-16,9580,2025-06-02,1610,022717,NA,1,2,7,1942,0,1,2,NA,2,103,US-101 S/B (VENTURA FREEWAY),I-405 S/B (SAN DIEGO FWY),0.2,N,N,A,-,Y,LA,NA,101,NA,NA,17.432,H,NA,L,N,4,0,1,2,A,-,07,21658,A,N,B,C,A,A,H,-,A,D,0,NA,NA,NA,NA,Y,NA,D,22,0,0,1,0,0,0,0,0,0,-,-,34.16320037841797,-118.47239685058594,LOS ANGELES,LOS ANGELES,-118.47230529785156,34.16324996948242
94726591,2025,2025-06-16,9525,2025-06-01,1300,023933,NA,7,1,9,1900,0,1,3,NA,1,024,SR-39 (SAN GABRIEL CANYON RD.),MILE POST MARKER 38.17,966,S,N,B,-,Y,LA,NA,39,NA,NA,37.973,H,NA,R,N,2,0,1,1,A,-,08,22107,NA,N,F,0,A,A,H,-,A,D,0,NA,NA,Y,NA,Y,NA,C,02,1,0,0,0,0,0,0,0,1,-,-,34.31351089477539,-117.83406066894533,LOS ANGELES,UNINCORPORATED,-117.83407592773438,34.313507080078125
94726609,2025,2025-06-16,9525,2025-06-07,1915,023966,NA,6,2,6,1975,0,1,1,NA,2,105,I-10 W/B (SAN BERNARDINO FWY),AZUSA AVE,1056,E,N,A,-,Y,LA,NA,10,NA,NA,36.718,H,NA,L,Y,4,0,2,3,A,-,03,22350,NA,N,B,2,A,A,H,-,A,D,0,NA,NA,NA,NA,Y,NA,A,01,0,0,2,0,0,0,0,0,0,-,-,34.07218933105469,-117.9037628173828,LOS ANGELES,WEST COVINA,-117.9037628173828,34.072208404541016
94726621,2025,2025-06-16,9580,2025-06-05,1543,022663,NA,4,2,7,1942,0,1,2,NA,2,104,US-101 N/B (VENTURA FREEWAY),TAMPA AVE,792,S,N,A,-,Y,LA,NA,101,NA,NA,22.11,H,NA,R,Y,3,0,1,3,A,-,07,21658,A,N,B,C,A,A,H,-,D,D,0,NA,NA,NA,NA,Y,NA,A,01,0,1,0,0,0,0,0,0,0,-,-,34.17362976074219,-118.55077362060548,LOS ANGELES,LOS ANGELES,-118.55077362060548,34.17361068725586
94726644,2025,2025-06-16,9575,2025-05-29,640,024163,NA,4,1,7,1942,0,1,1,NA,2,053,I-5 S/B (GOLDEN STATE FREEWAY),VAN NUYS BOULEVARD,792,N,N,A,-,Y,LA,NA,5,NA,NA,38.672,H,NA,L,Y,4,0,1,2,A,-,07,21658,A,N,B,2,A,A,H,-,A,D,0,NA,NA,Y,NA,Y,NA,A,07,0,0,1,0,0,0,0,0,1,-,-,34.25831985473633,-118.43685150146484,LOS ANGELES,LOS ANGELES,-118.43691253662108,34.25827407836914
94726662,2025,2025-06-16,9535,2025-03-01,135,023371,NA,6,3,5,1948,0,1,3,NA,2,601,SR-60 (POMONA FREEWAY) W/B,ATLANTIC BLVD.,100,W,N,A,-,Y,LA,NA,60,NA,R,4.42,H,NA,L,Y,4,0,1,1,A,-,08,22107,NA,N,E,I,A,A,H,-,C,D,0,NA,NA,NA,NA,Y,NA,A,01,0,0,1,0,0,0,0,0,0,-,-,34.03556823730469,-118.1501922607422,LOS ANGELES,MONTEREY PARK,-118.15028381347656,34.03542709350586
94726676,2025,2025-06-16,9575,2025-06-04,915,024163,NA,3,1,7,1942,0,1,1,NA,2,052,I-5 S/B (GOLDEN STATE FREEWAY),LANKERSHIM BOULEVARD,528,N,N,A,-,Y,LA,NA,5,NA,NA,35.108,H,NA,L,N,4,0,3,4,A,-,03,22350,NA,N,C,C,A,A,H,-,A,D,0,NA,NA,NA,NA,Y,NA,A,01,0,0,3,0,0,0,0,0,0,-,-,34.22718811035156,-118.38970184326172,LOS ANGELES,LOS ANGELES,-118.38971710205078,34.22716522216797
94726692,2025,2025-06-16,9575,2025-06-09,635,020251,NA,1,1,9,1900,0,1,3,NA,2,300,SR-2 E/B (ANGELES CREST HIGHWAY),WOODWARDIA CANYON BRIDGE,500,E,N,A,-,N,NA,NA,NA,NA,NA,NA,NA,NA,NA,Y,3,0,1,2,A,-,03,22350,NA,N,A,C,A,A,H,-,A,D,0,NA,NA,NA,NA,Y,NA,A,01,0,1,0,0,0,0,0,0,0,-,-,34.25423812866211,-118.19886016845705,LOS ANGELES,UNINCORPORATED,NA,NA
94726714,2025,2025-06-16,9530,2025-05-25,630,024337,NA,7,1,7,1942,0,1,1,NA,2,110,I-110 N/B TO SR-91 W/B,SR-91,350,N,N,B,-,Y,LA,NA,110,NA,NA,9.944,H,NA,R,Y,2,0,2,1,A,-,03,22350,NA,N,E,8,A,A,H,-,A,D,0,NA,NA,NA,NA,Y,NA,A,01,2,0,0,0,0,0,0,0,0,-,-,33.87384033203125,-118.28463745117188,LOS ANGELES,LOS ANGELES,-118.28482055664064,33.87384033203125
94726720,2025,2025-06-16,9530,2025-06-08,455,024076,NA,7,3,9,1900,0,3,5,NA,2,001,SLAUSON AVE.,HOLMES AVE.,0,NA,Y,A,-,N,NA,NA,NA,NA,NA,NA,NA,NA,NA,Y,4,0,1,2,A,-,12,21453,A,F,D,C,A,A,H,-,C,A,0,NA,NA,NA,NA,Y,NA,D,22,0,0,1,0,0,0,0,0,0,-,-,33.989200592041016,-118.24107360839844,LOS ANGELES,UNINCORPORATED,-118.2411880493164,33.98955154418945
94726791,2025,2025-06-16,9535,2025-06-15,941,024519,NA,7,1,5,1901,0,1,1,NA,2,420,I-10 E/B (SAN BERNARDINO FREEWAY),ATLANTIC BLVD.,479,E,N,A,-,Y,LA,NA,10,NA,NA,23.431,H,NA,R,Y,4,0,1,2,A,-,03,22350,NA,N,C,C,A,A,H,-,A,D,0,NA,NA,NA,NA,Y,NA,A,01,0,0,1,0,0,0,0,0,0,-,-,34.0713005065918,-118.13272857666016,LOS ANGELES,ALHAMBRA,-118.13272857666016,34.07133102416992
94726832,2025,2025-06-16,9525,2025-02-13,1535,023920,NA,4,2,9,1900,0,2,4,NA,2,032,VALLEY BOULEVARD,PIERRE ROAD,0,NA,Y,C,-,N,NA,NA,NA,NA,NA,NA,NA,NA,NA,Y,4,0,2,2,A,-,12,21453,A,N,D,C,A,B,H,-,A,A,0,NA,NA,NA,NA,Y,NA,A,01,0,0,2,0,0,0,0,0,0,-,-,34.01578903198242,-117.84980010986328,LOS ANGELES,UNINCORPORATED,-117.84977722167967,34.015804290771484
94726834,2025,2025-06-16,9525,2025-02-13,500,023920,NA,4,3,5,1906,0,1,1,NA,2,652,I-605 N/B (SAN GABRIEL RIVER FREEWAY),LOS ANGELES STREET,1250,N,N,C,-,Y,LA,NA,605,NA,NA,22.439,H,NA,R,Y,3,0,2,2,A,-,08,22107,NA,N,E,8,A,B,H,-,D,D,0,NA,NA,NA,NA,Y,NA,A,07,0,2,0,0,0,0,0,0,0,-,-,34.09444046020508,-117.98821258544922,LOS ANGELES,BALDWIN PARK,-117.98812866210938,34.094364166259766