CASE_ID,ACCIDENT_YEAR,PROC_DATE,JURIS,COLLISION_DATE,COLLISION_TIME,OFFICER_ID,REPORTING_DISTRICT,DAY_OF_WEEK,CHP_SHIFT,POPULATION,CNTY_CITY_LOC,SPECIAL_COND,BEAT_TYPE,CHP_BEAT_TYPE,CITY_DIVISION_LAPD,CHP_BEAT_CLASS,BEAT_NUMBER,PRIMARY_RD,SECONDARY_RD,DISTANCE,DIRECTION,INTERSECTION,WEATHER_1,WEATHER_2,STATE_HWY_IND,CALTRANS_COUNTY,CALTRANS_DISTRICT,STATE_ROUTE,ROUTE_SUFFIX,POSTMILE_PREFIX,POSTMILE,LOCATION_TYPE,RAMP_INTERSECTION,SIDE_OF_HWY,TOW_AWAY,COLLISION_SEVERITY,NUMBER_KILLED,NUMBER_INJURED,PARTY_COUNT,PRIMARY_COLL_FACTOR,PCF_CODE_OF_VIOL,PCF_VIOL_CATEGORY,PCF_VIOLATION,PCF_VIOL_SUBSECTION,HIT_AND_RUN,TYPE_OF_COLLISION,MVIW,PED_ACTION,ROAD_SURFACE,ROAD_COND_1,ROAD_COND_2,LIGHTING,CONTROL_DEVICE,CHP_ROAD_TYPE,PEDESTRIAN_ACCIDENT,BICYCLE_ACCIDENT,MOTORCYCLE_ACCIDENT,TRUCK_ACCIDENT,NOT_PRIVATE_PROPERTY,ALCOHOL_INVOLVED,STWD_VEHTYPE_AT_FAULT,CHP_VEHTYPE_AT_FAULT,COUNT_SEVERE_INJ,COUNT_VISIBLE_INJ,COUNT_COMPLAINT_PAIN,COUNT_PED_KILLED,COUNT_PED_INJURED,COUNT_BICYCLIST_KILLED,COUNT_BICYCLIST_INJURED,COUNT_MC_KILLED,COUNT_MC_INJURED,PRIMARY_RAMP,SECONDARY_RAMP,LATITUDE,LONGITUDE,COUNTY,CITY,POINT_X,POINT_Y
94726852,2025,2025-06-16,9540,2025-06-12,1425,021744,NA,4,2,9,1900,0,1,3,NA,2,126,SR-126 W/B,WALCOTT WAY,250,E,N,A,-,N,NA,NA,NA,NA,NA,NA,NA,NA,NA,Y,3,0,1,2,A,-,03,22350,NA,N,C,C,A,A,H,-,A,D,0,NA,NA,NA,NA,Y,NA,D,22,0,1,0,0,0,0,0,0,0,-,-,34.42586898803711,-118.63697052001952,LOS ANGELES,UNINCORPORATED,-118.63693237304688,34.42585372924805
94726870,2025,2025-06-16,9575,2025-06-09,1701,015985,NA,1,2,6,1912,0,1,3,NA,2,044,SR-134 W/B (VENTURA FREEWAY),HOLLYWOOD WAY,300,W,N,A,-,Y,LA,NA,134,NA,NA,1.956,H,NA,L,N,4,0,2,3,A,-,03,22350,NA,N,C,C,A,A,H,-,A,D,0,NA,NA,NA,Y,Y,NA,F,55,0,0,2,0,0,0,0,0,0,-,-,34.15409851074219,-118.34268951416016,LOS ANGELES,BURBANK,-118.34269714355467,34.154056549072266
94726886,2025,2025-06-16,9525,2025-06-04,1105,018651,NA,3,1,9,1900,0,3,5,NA,2,003,GENDEL DR.,NORTHAM ST. (490 BLOCK),5,N,N,A,-,N,NA,NA,NA,NA,NA,NA,NA,NA,NA,N,4,0,1,2,A,-,10,21950,A,N,G,B,D,A,H,-,A,A,0,Y,NA,NA,NA,Y,NA,A,07,0,0,1,0,1,0,0,0,0,-,-,34.00856018066406,-117.89102172851564,LOS ANGELES,UNINCORPORATED,-117.89103698730467,34.00848388671875
9472690,2022,2022-07-21,1942,2022-06-11,1110,44867,1269,6,5,7,1942,0,0,0,L,0,12A39,TOWNE AV,85TH ST,48,S,N,A,-,N,NA,NA,NA,NA,NA,NA,NA,NA,NA,N,3,0,1,2,A,-,11,21954,A,N,G,B,E,A,H,-,A,A,0,Y,NA,NA,NA,Y,NA,N,60,0,1,0,0,1,0,0,0,0,-,-,NA,NA,LOS ANGELES,LOS ANGELES,-118.26730346679688,33.96088790893555
9472691,2022,2022-07-21,1942,2022-06-14,2050,43236,1203,2,5,7,1942,0,0,0,L,0,12A3,WESTERN,48TH ST,0,NA,Y,A,-,N,NA,NA,NA,NA,NA,NA,NA,NA,NA,N,2,0,1,2,A,-,03,22350,NA,F,G,G,A,A,H,-,C,A,0,NA,Y,NA,NA,Y,NA,-,99,1,0,0,0,0,0,1,0,0,-,-,NA,NA,LOS ANGELES,LOS ANGELES,-118.30892944335938,34.000057220458984
9472692,2022,2022-07-21,1942,2022-06-12,0215,43092,1215,7,5,7,1942,0,0,0,L,0,12A31W,W 54TH ST,VERMONT AV,900,W,N,A,-,N,NA,NA,NA,NA,NA,NA,NA,NA,NA,Y,2,0,1,4,A,-,08,22107,NA,N,B,C,A,A,H,-,C,D,0,NA,NA,NA,NA,Y,NA,A,01,1,0,0,0,0,0,0,0,0,-,-,NA,NA,LOS ANGELES,LOS ANGELES,-118.29446411132813,33.99321746826172
9472693,2022,2022-07-21,1942,2022-06-14,2314,44933,0521,2,5,7,1942,0,0,0,E,0,5A59,GAFFEY ST,BASIN ST,0,NA,Y,A,-,N,NA,NA,NA,NA,NA,NA,NA,NA,NA,N,2,0,1,2,A,-,17,21209,NA,F,B,G,A,A,-,-,C,D,0,NA,Y,NA,NA,Y,NA,-,99,1,0,0,0,0,0,1,0,0,-,-,NA,NA,LOS ANGELES,LOS ANGELES,-118.29226684570313,33.75564193725586
9472694,2022,2022-07-21,1942,2022-06-22,1710,42572,0507,3,5,7,1942,0,0,0,E,0,5A25,WESTERN AV,W 228TH ST,52,N,N,A,-,N,NA,NA,NA,NA,NA,NA,NA,NA,NA,N,2,0,1,2,A,-,11,21954,A,N,G,B,D,A,H,-,A,D,0,Y,NA,NA,NA,Y,NA,A,01,1,0,0,0,1,0,0,0,0,-,-,NA,NA,LOS ANGELES,LOS ANGELES,-118.30883026123048,33.81917190551758
9472699,2022,2022-07-21,1941,2022-05-22,2230,6291,NA,7,5,7,1941,0,0,0,NA,0,NA,W ANAHEIM ST,W ANAHEIM ST 301,0,NA,-,A,-,N,NA,NA,NA,NA,NA,NA,NA,NA,NA,N,3,0,1,2,A,-,21,22106,NA,F,-,B,F,A,H,-,C,A,0,Y,NA,NA,NA,Y,NA,A,NA,0,1,0,0,1,0,0,0,0,-,-,NA,NA,LOS ANGELES,LONG BEACH,-118.19239044189452,33.782596588134766
94726999,2025,2025-06-16,9525,2025-06-12,2145,023176,NA,4,2,5,1990,0,1,3,NA,2,574,SR-57 N/B (ORANGE FWY),DIAMOND BAR,2112,S,N,A,-,Y,LA,NA,57,NA,R,1.442,H,NA,R,Y,4,0,1,2,A,-,03,22350,NA,N,C,C,A,A,H,-,D,D,0,NA,NA,NA,NA,Y,NA,A,01,0,0,1,0,0,0,0,0,0,-,-,33.96213912963867,-117.85315704345705,LOS ANGELES,DIAMOND BAR,-117.85315704345705,33.96213912963867
9472700,2022,2022-07-22,1941,2022-05-10,0800,10002,NA,2,5,7,1941,0,0,0,NA,0,NA,7TH ST,PACIFIC COAST HWY,0,NA,N,A,-,N,NA,NA,NA,NA,NA,NA,NA,NA,NA,N,4,0,1,2,A,-,03,22350,NA,N,C,C,A,A,H,-,A,A,0,NA,NA,NA,NA,Y,Y,A,NA,0,0,1,0,0,0,0,0,0,-,-,NA,NA,LOS ANGELES,LONG BEACH,-118.12270355224608,33.775306701660156
9472701,2022,2022-07-21,1941,2022-05-27,1041,11380,NA,5,5,7,1941,0,0,0,NA,0,NA,10TH ST,JUNIPERO AV,0,NA,Y,A,-,N,NA,NA,NA,NA,NA,NA,NA,NA,NA,Y,3,0,3,2,B,-,22,NA,NA,N,D,C,A,A,H,-,A,A,0,NA,NA,NA,NA,Y,NA,-,-,0,2,1,0,0,0,0,0,0,-,-,NA,NA,LOS ANGELES,LONG BEACH,-118.1633071899414,33.778987884521484
9472702,2022,2022-07-21,1972,2022-05-25,1353,22097,NA,3,5,6,1972,0,0,0,NA,0,NA,ARLINGTON AV,231ST ST,0,NA,Y,A,-,N,NA,NA,NA,NA,NA,NA,NA,NA,NA,Y,3,0,2,2,A,-,12,21453,A,N,D,C,A,A,H,-,A,A,0,NA,NA,NA,NA,Y,NA,A,NA,0,1,1,0,0,0,0,0,0,-,-,NA,NA,LOS ANGELES,TORRANCE,-118.31990814208984,33.81562805175781
94727020,2025,2025-06-16,9550,2025-04-20,2155,024062,NA,7,2,9,1900,0,1,1,NA,2,500,INTERSTATE 5 NORTHBOUND,NORWALK BOUEVARD,150,S,N,A,-,Y,LA,NA,5,NA,NA,4.364,H,NA,R,Y,4,0,1,2,A,-,01,23152,A,N,C,C,A,A,H,-,A,D,0,NA,NA,NA,NA,Y,Y,A,01,0,0,1,0,0,0,0,0,0,-,-,33.91176986694336,-118.07260894775392,LOS ANGELES,UNINCORPORATED,-118.07259368896484,33.91178512573242
9472703,2022,2022-10-21,1900,2022-05-25,1730,643895,0454,3,5,6,1949,0,0,0,NA,0,43T1P,EXCELSIOR DR,CARMENITA RD,25,E,N,A,-,N,NA,NA,NA,NA,NA,NA,NA,NA,NA,Y,4,0,1,1,A,-,03,22350,NA,M,E,I,A,A,H,-,A,A,0,NA,NA,NA,NA,Y,NA,-,NA,0,0,1,0,0,0,0,0,0,-,-,NA,NA,LOS ANGELES,NORWALK,-118.04664611816406,33.895179748535156
9472704,2022,2022-07-21,1900,2022-05-21,1645,623025,1125,6,5,6,1992,0,0,0,NA,0,111T2,AVE I,15TH ST WEST,5,W,N,A,-,N,NA,NA,NA,NA,NA,NA,NA,NA,NA,Y,4,0,2,2,D,-,00,NA,NA,N,D,C,A,A,H,-,A,A,0,NA,NA,NA,NA,Y,NA,-,-,0,0,2,0,0,0,0,0,0,-,-,NA,NA,LOS ANGELES,LANCASTER,-118.15706634521484,34.70440673828125
94727046,2025,2025-06-16,9525,2025-06-11,115,022722,NA,3,3,5,1906,0,1,1,NA,2,103,I-10 W/B (SAN BERNARDINO FWY),BALDWIN PARK BLVD,895,W,N,A,-,Y,LA,NA,10,NA,NA,32.036,H,NA,L,N,3,0,1,2,A,-,03,22350,NA,N,A,C,A,A,H,-,C,D,0,NA,NA,NA,NA,Y,NA,A,01,0,1,0,0,0,0,0,0,0,-,-,34.06727981567383,-117.98475646972656,LOS ANGELES,BALDWIN PARK,-117.98474884033205,34.06722640991211
94727049,2025,2025-07-07,9530,2025-05-17,2255,024418,NA,6,3,9,1900,0,1,1,NA,2,071,I-710 S/B (LONG BEACH FREEWAY),DEL AMO BLVD.,940,N,N,A,-,Y,LA,NA,710,NA,NA,11.209,H,NA,L,Y,4,0,4,3,A,-,08,22107,NA,N,D,2,A,A,H,-,C,D,0,NA,NA,NA,NA,Y,NA,A,01,0,0,4,0,0,0,0,0,0,-,-,33.85211944580078,-118.205078125,LOS ANGELES,UNINCORPORATED,-118.20504760742188,33.852115631103516
9472705,2022,2022-07-21,1900,2022-05-24,1230,617242,1125,2,5,6,1992,0,0,0,NA,0,112T4D,AVE 1,13TH ST WEST,0,NA,Y,A,-,N,NA,NA,NA,NA,NA,NA,NA,NA,NA,Y,4,0,4,3,A,-,12,21453,A,N,D,C,A,A,H,-,A,A,0,NA,NA,NA,NA,Y,NA,-,NA,0,0,4,0,0,0,0,0,0,-,-,NA,NA,LOS ANGELES,LANCASTER,NA,NA
9472706,2022,2022-07-21,1900,2022-05-27,1605,647596,1125,5,5,6,1992,0,0,0,NA,0,111T2,20TH ST WEST,AVE I,285,S,N,A,-,N,NA,NA,NA,NA,NA,NA,NA,NA,NA,Y,4,0,1,2,A,-,07,21658,A,N,B,C,A,A,H,-,A,D,0,NA,NA,NA,NA,Y,NA,-,NA,0,0,1,0,0,0,0,0,0,-,-,34.702720642089844,-118.16590118408205,LOS ANGELES,LANCASTER,-118.16594696044922,34.703269958496094
94727067,2025,2025-06-16,9530,2025-06-05,2230,024418,NA,4,3,9,1900,0,3,5,NA,2,006,SEPULVEDA BLVD.,NORMANDIE,25,E,N,A,-,N,NA,NA,NA,NA,NA,NA,NA,NA,NA,N,4,0,1,2,A,-,03,22350,NA,M,E,8,A,A,H,-,A,A,0,NA,NA,NA,NA,Y,NA,-,99,0,0,1,0,0,0,0,0,0,-,-,33.81303024291992,-118.29798889160156,LOS ANGELES,UNINCORPORATED,-118.29812622070313,33.8129997253418
9472707,2022,2022-10-21,1900,2022-05-11,0605,652882,1127,3,5,6,1992,0,0,0,NA,0,111T1,AVE J,40TH ST WEST,0,NA,Y,A,-,N,NA,NA,NA,NA,NA,NA,NA,NA,NA,Y,3,0,2,2,A,-,09,21802,A,N,D,C,A,A,H,-,A,B,0,NA,NA,NA,NA,Y,NA,-,-,0,1,1,0,0,0,0,0,0,-,-,NA,NA,LOS ANGELES,LANCASTER,-118.20151519775392,34.68931198120117
9472708,2022,2022-07-21,1900,2022-05-16,0803,652873,1134,1,5,6,1992,0,0,0,NA,0,112T2,AVE K,5TH ST EAST,0,NA,Y,A,-,N,NA,NA,NA,NA,NA,NA,NA,NA,NA,Y,4,0,2,2,A,-,12,21453,A,N,D,C,A,A,H,-,A,A,0,NA,NA,NA,NA,Y,NA,-,NA,0,0,2,0,0,0,0,0,0,-,-,NA,NA,LOS ANGELES,LANCASTER,-118.12127685546876,34.67500305175781
9472709,2022,2022-07-21,1900,2022-05-20,1914,647596,1127,5,5,6,1992,0,0,0,NA,0,111T2,AVE J-8,45TH ST WEST,0,NA,Y,A,-,N,NA,NA,NA,NA,NA,NA,NA,NA,NA,Y,4,0,3,2,D,-,00,NA,NA,N,D,C,A,A,H,-,A,A,0,NA,NA,NA,NA,Y,NA,-,-,0,0,3,0,0,0,0,0,0,-,-,34.68210983276367,-118.21022033691406,LOS ANGELES,LANCASTER,-118.21031188964844,34.68212127685547
9472710,2022,2022-07-21,1900,2022-05-23,2026,652873,1134,1,5,6,1992,0,0,0,NA,0,111T1,AVE K,CHALLENGER WY,56,E,N,A,-,N,NA,NA,NA,NA,NA,NA,NA,NA,NA,N,4,0,1,2,D,-,00,NA,NA,M,C,C,A,A,H,-,C,A,0,NA,NA,NA,NA,Y,NA,-,-,0,0,1,0,0,0,0,0,0,-,-,NA,NA,LOS ANGELES,LANCASTER,-118.11220550537108,34.67500305175781
9472711,2022,2022-07-21,1900,2022-05-13,1454,651854,1135,5,5,6,1992,0,0,0,NA,0,112,AVE I,20TH ST EAST,0,NA,Y,A,-,N,NA,NA,NA,NA,NA,NA,NA,NA,NA,Y,4,0,1,2,A,-,01,23152,A,N,-,C,A,A,H,-,A,A,0,NA,NA,NA,NA,Y,Y,A,01,0,0,1,0,0,0,0,0,0,-,-,NA,NA,LOS ANGELES,LANCASTER,-118.09487915039064,34.70424270629883
94727111,2025,2025-06-16,9550,2025-05-02,2120,023627,NA,5,2,5,1935,0,1,1,NA,2,652,I-605 SB,195TH ST,130,N,N,A,-,Y,LA,NA,605,NA,R,3.419,H,NA,L,Y,2,0,8,4,A,-,03,22350,NA,F,C,2,A,A,H,-,D,D,0,NA,NA,NA,NA,Y,NA,A,08,4,4,0,0,0,0,0,0,0,-,-,33.853668212890625,-118.0950927734375,LOS ANGELES,LAKEWOOD,-118.09523010253906,33.85364532470703
9472712,2022,2022-07-21,1941,2022-05-08,1345,11093,NA,7,5,7,1941,0,0,0,NA,0,NA,ATLANTIC AV,MARKET ST,0,NA,Y,A,-,N,NA,NA,NA,NA,NA,NA,NA,NA,NA,N,4,0,2,2,A,-,03,22350,NA,N,C,-,A,A,H,-,A,A,0,NA,NA,NA,NA,Y,NA,A,NA,0,0,2,0,0,0,0,0,0,-,-,NA,NA,LOS ANGELES,LONG BEACH,-118.18499755859376,33.85433578491211
94727136,2025,2025-06-16,9525,2025-06-10,2042,024088,NA,2,2,3,1921,0,1,1,NA,2,212,I-210 E/B (FOOTHILL FWY),I-605 N/B (SAN GABRIEL RIVER FWY),500,W,N,A,-,Y,LA,NA,210,NA,R,36.018,H,NA,R,N,4,0,1,1,A,-,08,22107,NA,N,E,I,A,A,H,-,D,D,0,NA,NA,NA,NA,Y,NA,A,07,0,0,1,0,0,0,0,0,0,-,-,34.135528564453125,-117.96414184570313,LOS ANGELES,DUARTE,-117.96414184570313,34.1354866027832
94727148,2025,2025-10-20,9535,2025-06-02,1225,023443,NA,1,1,9,1900,0,3,5,NA,2,002,SADLER AVE,EAGLE ST,0,NA,Y,A,-,N,NA,NA,NA,NA,NA,NA,NA,NA,NA,N,3,0,1,2,A,-,12,22450,A,N,D,C,A,A,H,-,A,D,0,NA,NA,Y,NA,Y,NA,A,01,0,1,0,0,0,0,0,0,1,-,-,34.025508880615234,-118.14727020263672,LOS ANGELES,UNINCORPORATED,-118.14730834960938,34.02547073364258
94727149,2025,2025-06-16,9580,2025-06-12,1345,022800,NA,4,1,7,1942,0,1,1,NA,2,404,I-405 N/B (SAN DIEGO FWY),MULHOLLAND DR,1545,N,N,A,-,Y,LA,NA,405,NA,NA,37.337,H,NA,R,N,4,0,2,4,A,-,03,22350,NA,N,C,C,A,A,H,-,A,D,0,NA,NA,NA,NA,Y,NA,A,07,0,0,2,0,0,0,0,0,0,-,-,34.13051986694336,-118.47328948974608,LOS ANGELES,LOS ANGELES,-118.47335815429688,34.13053512573242
94727189,2025,2025-07-15,9580,2025-06-12,1640,016413,NA,4,2,3,1989,0,1,2,NA,2,107,US-101 S/B (VENTURA FREEWAY),PARKWAY CALABASAS,1373,S,N,A,-,Y,LA,NA,101,NA,NA,28.019,H,NA,L,N,3,0,3,4,A,-,03,22350,NA,N,C,C,A,A,H,-,A,D,0,NA,NA,Y,NA,Y,NA,A,01,0,3,0,0,0,0,0,0,1,-,-,34.1551513671875,-118.64794921875,LOS ANGELES,CALABASAS,-118.64791107177734,34.15509033203125
94727199,2025,2025-06-16,9580,2025-06-12,1837,023213,NA,4,2,7,1942,0,1,2,NA,2,102,US-101 N/B (VENTURA FREEWAY),SEPULVEDA BLVD,2640,S,N,A,-,Y,LA,NA,101,NA,NA,16.622,H,NA,R,N,4,0,1,2,A,-,03,22350,NA,M,C,C,A,A,H,-,A,D,0,NA,NA,NA,NA,Y,NA,-,99,0,0,1,0,0,0,0,0,0,-,-,34.15938949584961,-118.46047973632813,LOS ANGELES,LOS ANGELES,-118.46047973632813,34.15940475463867
94727211,2025,2025-06-16,9580,2025-06-12,2130,024454,NA,4,2,7,1942,0,1,1,NA,2,406,I-405 N/B (SAN DIEGO FWY),DEVONSHIRE ST,800,S,N,A,-,Y,LA,NA,405,NA,NA,46.092,H,NA,R,Y,4,0,3,2,A,-,08,22107,NA,N,D,C,A,A,H,-,C,D,0,NA,NA,NA,NA,Y,NA,D,22,0,0,3,0,0,0,0,0,0,-,-,34.25503921508789,-118.47193145751952,LOS ANGELES,LOS ANGELES,-118.47215270996094,34.255043029785156
94727227,2025,2025-06-16,9580,2025-06-13,650,021607,NA,5,1,7,1942,0,1,1,NA,2,407,I-405 SAN DIEGO FREEWY SOUTH BOUND NORTH OF SHERMA,SHERMAN WAY,350,N,N,A,-,Y,LA,NA,405,NA,NA,42.424,H,NA,R,Y,4,0,2,4,A,-,07,21658,A,N,B,C,A,A,H,-,A,D,0,NA,NA,Y,Y,Y,NA,A,07,0,0,2,0,0,0,0,0,1,-,-,34.201839447021484,-118.47345733642578,LOS ANGELES,LOS ANGELES,-118.47332000732422,34.20183181762695
94727288,2025,2025-06-16,9535,2025-03-30,1530,024213,NA,7,2,9,1900,0,2,4,NA,2,024,WHITTIER BLVD (3900 BLOCK),ROWAN AVE,30,W,N,A,-,N,NA,NA,NA,NA,NA,NA,NA,NA,NA,N,3,0,1,2,A,-,01,23152,A,N,C,2,A,A,H,-,A,A,0,NA,NA,NA,NA,Y,Y,A,07,0,1,0,0,0,0,0,0,0,-,-,34.02402114868164,-118.18753814697266,LOS ANGELES,UNINCORPORATED,-118.18753814697266,34.02391815185547
94727291,2025,2025-06-16,9535,2025-03-31,1413,023354,NA,1,2,9,1900,0,1,1,NA,2,071,I-710 S/B (LONG BEACH FWY),OLYMPIC BLVD,20,S,N,B,-,Y,LA,NA,710,NA,NA,23.438,H,NA,L,Y,4,0,1,4,A,-,03,22350,NA,M,B,C,A,A,H,-,A,A,0,NA,NA,NA,NA,Y,NA,-,99,0,0,1,0,0,0,0,0,0,-,-,34.018768310546875,-118.17350006103516,LOS ANGELES,UNINCORPORATED,-118.1735382080078,34.018768310546875
94727292,2025,2025-06-16,9575,2025-06-12,1725,017722,NA,4,2,6,1953,0,1,1,NA,2,064,I-210 E/B (FOOTHILL FREEWAY),MARENGO AVE.,200,W,N,A,-,Y,LA,NA,210,NA,R,25.522,H,NA,R,N,3,0,1,2,A,-,03,22350,NA,N,C,C,A,A,H,-,A,D,0,NA,NA,NA,NA,Y,NA,A,07,0,1,0,0,0,0,0,0,0,-,-,34.15166091918945,-118.14640045166016,LOS ANGELES,PASADENA,-118.14640045166016,34.15169143676758
94727309,2025,2025-06-16,9550,2025-05-29,447,023866,NA,4,3,3,1964,0,1,1,NA,2,501,INTERSTATE 5 NORTHBOUND,CARMENITA ROAD,1225,S,N,A,-,Y,LA,NA,5,NA,NA,2.182,H,NA,R,N,2,0,1,1,A,-,08,22107,NA,F,F,A,A,A,H,-,D,D,0,NA,NA,NA,NA,Y,NA,A,07,1,0,0,0,0,0,0,0,0,-,-,33.89176940917969,-118.043212890625,LOS ANGELES,SANTA FE SPRINGS,-118.04313659667967,33.89186096191406
94727347,2025,2025-06-16,9590,2025-05-18,234,024044,NA,7,3,7,1942,0,1,1,NA,2,062,I-10 E/B (SANTA MONICA FREEWAY),HOOVER STREET,90,W,N,A,-,Y,LA,NA,10,NA,NA,14.235,H,NA,R,Y,4,0,1,1,A,-,01,23152,A,N,E,I,A,A,H,-,C,D,0,NA,NA,NA,NA,Y,Y,A,01,0,0,1,0,0,0,0,0,0,-,-,34.03691864013672,-118.28431701660156,LOS ANGELES,LOS ANGELES,-118.28433227539064,34.036991119384766
94727362,2025,2025-06-16,9535,2025-04-30,2310,024302,NA,3,3,4,1907,0,1,1,NA,2,073,I-710 (LONG BEACH FREEWAY) S/B,CLARA ST,226,S,N,A,-,Y,LA,NA,710,NA,NA,19.353,H,NA,L,N,4,0,1,2,A,-,07,21658,A,N,C,C,A,A,H,-,D,D,0,NA,NA,NA,NA,Y,NA,A,01,0,0,1,0,0,0,0,0,0,-,-,33.96297073364258,-118.16970825195313,LOS ANGELES,BELL,-118.16973876953124,33.962974548339844
94727383,2025,2025-06-16,9535,2025-05-16,1045,023286,NA,5,1,9,1900,0,3,5,NA,2,001,3RD ST (4700 BLOCK),ARIZONA,40,E,N,A,-,N,NA,NA,NA,NA,NA,NA,NA,NA,NA,Y,4,0,1,2,A,-,03,22350,NA,N,C,C,A,A,H,-,A,A,0,NA,NA,NA,NA,Y,NA,A,01,0,0,1,0,0,0,0,0,0,-,-,34.03342819213867,-118.16358184814452,LOS ANGELES,UNINCORPORATED,-118.49770355224608,34.016990661621094
94727392,2025,2025-06-16,9535,2025-05-28,650,023604,NA,3,1,9,1900,0,3,5,NA,2,001,MEDFORD STREET (3300 BLOCK),FISHBURN,321,W,N,A,-,N,NA,NA,NA,NA,NA,NA,NA,NA,NA,N,3,0,1,1,A,-,03,22350,NA,N,A,8,A,A,H,-,A,D,0,NA,NA,NA,NA,Y,NA,A,01,0,1,0,0,0,0,0,0,0,-,-,34.06108093261719,-118.19174194335938,LOS ANGELES,UNINCORPORATED,-118.1916275024414,34.061126708984375
94727445,2025,2025-06-16,9575,2025-06-10,1645,017722,NA,2,2,6,1953,0,1,1,NA,2,064,I-210 E/B (FOOTHILL FREEWAY),MARENGO AVE.,200,W,N,A,-,Y,LA,NA,210,NA,R,25.504,H,NA,R,N,3,0,1,4,A,-,08,22107,NA,N,B,C,A,A,H,-,A,D,0,NA,NA,Y,NA,Y,NA,A,01,0,1,0,0,0,0,0,0,1,-,-,34.151771545410156,-118.14671325683594,LOS ANGELES,PASADENA,-118.14671325683594,34.151695251464844
94727446,2025,2025-06-16,9550,2025-05-30,1810,024129,NA,5,2,5,1908,0,1,3,NA,2,091,SR-91 WB,LAKEWOOD BOULEVARD,1056,W,N,A,-,Y,LA,NA,91,NA,R,14.406,H,NA,L,N,4,0,1,2,A,-,08,22107,NA,F,B,C,A,A,H,-,A,D,0,NA,NA,NA,NA,Y,NA,-,99,0,0,1,0,0,0,0,0,0,-,-,33.87725830078125,-118.14629364013672,LOS ANGELES,BELLFLOWER,-118.1462860107422,33.877220153808594
94727447,2025,2025-06-24,9550,2025-05-30,1809,024129,NA,5,2,5,1908,0,1,3,NA,2,091,SR-91 WB,LAKEWOOD BOULEVARD,1056,W,N,A,-,Y,LA,NA,91,NA,R,14.407,H,NA,L,N,3,0,1,2,A,-,03,22350,NA,F,C,C,A,A,H,-,A,D,0,NA,NA,NA,NA,Y,NA,-,99,0,1,0,0,0,0,0,0,0,-,-,33.87725830078125,-118.14627838134766,LOS ANGELES,BELLFLOWER,-118.14627838134766,33.877220153808594
94727466,2025,2025-06-16,9530,2025-06-08,1035,024052,NA,7,1,7,1941,0,1,1,NA,2,071,I-710 S/B TO SR-91 E/B,ATLANTIC  AVE.,3000,S,N,B,-,Y,LA,NA,710,NA,NA,13.016,H,NA,R,N,4,0,1,1,A,-,08,22107,NA,N,E,I,A,A,H,-,A,D,0,NA,NA,NA,NA,Y,NA,A,07,0,0,1,0,0,0,0,0,0,-,-,33.8760986328125,-118.1926727294922,LOS ANGELES,LONG BEACH,-118.19287109375,33.876129150390625
94727506,2025,2025-06-16,9530,2025-06-09,441,022978,NA,1,3,7,1941,0,1,1,NA,2,420,I-405 N/B (SAN DIEGO FREEWAY),TEMPLE AVE,235,N,N,A,-,Y,LA,NA,405,NA,NA,4.386,H,NA,R,Y,4,0,1,2,C,-,18,NA,NA,N,C,I,A,A,H,-,B,D,0,NA,NA,NA,NA,Y,NA,-,-,0,0,1,0,0,0,0,0,0,-,-,33.81081008911133,-118.1597137451172,LOS ANGELES,LONG BEACH,-118.15978240966795,33.810726165771484
94727592,2025,2025-06-16,9540,2025-06-13,1205,021657,NA,5,1,9,1900,0,1,1,NA,2,508,I-5 N/B (GOLDEN STATE FREEWAY),TEMPLIN HWY,7920,S,N,A,-,Y,LA,NA,5,NA,R,64.584,H,NA,R,Y,4,0,1,2,A,-,04,21703,NA,N,C,C,A,A,H,-,A,D,0,NA,NA,NA,NA,Y,NA,A,01,0,0,1,0,0,0,0,0,0,-,-,34.555999755859375,-118.67268371582033,LOS ANGELES,UNINCORPORATED,-118.67263793945313,34.556026458740234
94727594,2025,2025-06-16,9540,2025-06-12,1515,024257,NA,4,2,9,1900,0,1,1,NA,1,502,I-5 N/B,SAN FERNANDO RD,660,N,N,A,-,Y,LA,NA,5,NA,R,45.087,H,NA,R,Y,2,0,1,2,A,-,03,22350,NA,N,C,C,A,A,H,-,A,D,0,NA,NA,Y,NA,Y,NA,A,01,1,0,0,0,0,0,0,0,1,-,-,34.327430725097656,-118.50435638427734,LOS ANGELES,UNINCORPORATED,-118.50456237792967,34.327354431152344
94727598,2025,2025-06-16,9540,2025-06-11,1615,024472,NA,3,2,9,1900,0,1,3,NA,2,147,SB SR-14,ESCONDIDO CANYON RD,5280,N,N,A,-,Y,LA,NA,14,NA,NA,44.286,H,NA,R,Y,4,0,1,2,C,-,18,NA,NA,N,C,C,A,A,H,-,A,D,0,NA,NA,NA,NA,Y,NA,-,-,0,0,1,0,0,0,0,0,0,-,-,34.49763870239258,-118.26761627197266,LOS ANGELES,UNINCORPORATED,-118.26759338378906,34.497493743896484