CASE_ID,ACCIDENT_YEAR,PROC_DATE,JURIS,COLLISION_DATE,COLLISION_TIME,OFFICER_ID,REPORTING_DISTRICT,DAY_OF_WEEK,CHP_SHIFT,POPULATION,CNTY_CITY_LOC,SPECIAL_COND,BEAT_TYPE,CHP_BEAT_TYPE,CITY_DIVISION_LAPD,CHP_BEAT_CLASS,BEAT_NUMBER,PRIMARY_RD,SECONDARY_RD,DISTANCE,DIRECTION,INTERSECTION,WEATHER_1,WEATHER_2,STATE_HWY_IND,CALTRANS_COUNTY,CALTRANS_DISTRICT,STATE_ROUTE,ROUTE_SUFFIX,POSTMILE_PREFIX,POSTMILE,LOCATION_TYPE,RAMP_INTERSECTION,SIDE_OF_HWY,TOW_AWAY,COLLISION_SEVERITY,NUMBER_KILLED,NUMBER_INJURED,PARTY_COUNT,PRIMARY_COLL_FACTOR,PCF_CODE_OF_VIOL,PCF_VIOL_CATEGORY,PCF_VIOLATION,PCF_VIOL_SUBSECTION,HIT_AND_RUN,TYPE_OF_COLLISION,MVIW,PED_ACTION,ROAD_SURFACE,ROAD_COND_1,ROAD_COND_2,LIGHTING,CONTROL_DEVICE,CHP_ROAD_TYPE,PEDESTRIAN_ACCIDENT,BICYCLE_ACCIDENT,MOTORCYCLE_ACCIDENT,TRUCK_ACCIDENT,NOT_PRIVATE_PROPERTY,ALCOHOL_INVOLVED,STWD_VEHTYPE_AT_FAULT,CHP_VEHTYPE_AT_FAULT,COUNT_SEVERE_INJ,COUNT_VISIBLE_INJ,COUNT_COMPLAINT_PAIN,COUNT_PED_KILLED,COUNT_PED_INJURED,COUNT_BICYCLIST_KILLED,COUNT_BICYCLIST_INJURED,COUNT_MC_KILLED,COUNT_MC_INJURED,PRIMARY_RAMP,SECONDARY_RAMP,LATITUDE,LONGITUDE,COUNTY,CITY,POINT_X,POINT_Y
94732525,2025,2025-06-19,9545,2025-06-08,1148,023840,NA,7,1,9,1900,0,3,5,NA,2,003,ANGELES FOREST HWY,PACIFICO MOUNTAIN RD,7920,N,N,A,-,N,NA,NA,NA,NA,NA,NA,NA,NA,NA,Y,2,0,1,1,A,-,08,22107,NA,N,F,A,A,A,H,-,A,D,0,NA,NA,Y,NA,Y,NA,C,02,1,0,0,0,0,0,0,0,1,-,-,34.40353012084961,-118.07511901855467,LOS ANGELES,UNINCORPORATED,-118.1291046142578,33.887325286865234
94732548,2025,2025-06-19,9545,2025-06-10,1445,023263,NA,2,2,6,1992,0,1,3,NA,2,011,STATE ROUTE 14,AVENUE J,1531,N,N,A,-,Y,LA,NA,14,NA,R,68.267,H,NA,L,N,4,0,1,2,A,-,08,22107,NA,M,B,C,A,A,H,-,A,D,0,NA,NA,NA,NA,Y,Y,-,99,0,0,1,0,0,0,0,0,0,-,-,34.693729400634766,-118.17019653320313,LOS ANGELES,LANCASTER,-118.17017364501952,34.693729400634766
9473255,2022,2022-10-07,1900,2022-07-21,1243,656781,1124,4,5,6,1992,0,0,0,NA,0,111T4,10TH ST WEST,W AVENUE L-6,245,S,N,A,-,N,NA,NA,NA,NA,NA,NA,NA,NA,NA,Y,3,0,1,2,A,-,07,21658,A,N,B,C,A,A,H,-,A,D,0,NA,NA,NA,NA,Y,NA,A,01,0,1,0,0,0,0,0,0,0,-,-,NA,NA,LOS ANGELES,LANCASTER,-118.14764404296876,34.65421676635742
9473256,2022,2022-08-05,1900,2022-07-01,0245,623025,1135,5,5,6,1992,0,0,0,NA,0,111T1,15TH ST EAST,LANCASTER BL,98,N,N,A,-,N,NA,NA,NA,NA,NA,NA,NA,NA,NA,Y,4,0,1,1,A,-,08,22107,NA,N,E,I,A,A,H,-,C,A,0,NA,NA,NA,NA,Y,NA,A,01,0,0,1,0,0,0,0,0,0,-,-,34.696868896484375,-118.10375213623048,LOS ANGELES,LANCASTER,-118.10382080078124,34.69693374633789
94732561,2025,2025-06-19,9590,2025-06-10,1220,016230,NA,2,1,7,1942,0,1,3,NA,2,030,SR-60 EB POF,I-5 SAF,157,W,N,A,-,Y,LA,NA,5,NA,NA,16.444,H,NA,L,N,2,0,2,2,A,-,08,22107,NA,N,E,I,A,A,H,-,A,D,0,NA,NA,NA,NA,Y,NA,A,07,1,1,0,0,0,0,0,0,0,-,-,34.02933883666992,-118.2157974243164,LOS ANGELES,LOS ANGELES,-118.21565246582033,34.02956771850586
9473257,2022,2022-08-05,1900,2022-07-05,1943,623025,1159,2,5,6,1992,0,0,0,NA,0,111T1,70TH ST WEST,AVENUE L-4,140,N,N,A,-,N,NA,NA,NA,NA,NA,NA,NA,NA,NA,Y,3,0,1,1,A,-,08,22107,NA,N,E,I,A,A,H,-,A,D,0,NA,NA,NA,NA,Y,NA,A,07,0,1,0,0,0,0,0,0,0,-,-,34.65671920776367,-118.25402069091795,LOS ANGELES,LANCASTER,-118.25393676757813,34.65691375732422
9473258,2022,2022-08-23,1900,2022-07-08,0911,656701,1122,5,5,6,1992,0,0,0,NA,0,111T1,SIERRA HWY,LANCASTER BL,0,NA,Y,A,-,N,NA,NA,NA,NA,NA,NA,NA,NA,NA,Y,4,0,1,2,A,-,09,21801,A,N,B,C,A,A,H,-,A,A,0,NA,NA,NA,NA,Y,NA,A,01,0,0,1,0,0,0,0,0,0,-,-,NA,NA,LOS ANGELES,LANCASTER,-118.136962890625,34.69838333129883
9473259,2022,2022-08-05,1900,2022-07-08,1226,656701,1122,5,5,6,1992,0,0,0,NA,0,111T1,SIERRA HWY,AVENUE I,0,NA,Y,A,-,N,NA,NA,NA,NA,NA,NA,NA,NA,NA,Y,4,0,2,2,A,-,09,21801,A,N,D,C,A,A,H,-,A,A,0,NA,NA,NA,NA,Y,NA,A,01,0,0,2,0,0,0,0,0,0,-,-,NA,NA,LOS ANGELES,LANCASTER,-118.13785552978516,34.70392990112305
94732590,2025,2025-06-19,9565,2025-06-04,2335,023518,NA,3,3,6,1933,0,1,1,NA,2,060,I-405 S/B,HILLCREST BLVD,95,S,N,A,-,Y,LA,NA,405,NA,NA,22.958,H,NA,L,Y,4,0,1,3,A,-,03,22350,NA,N,C,2,A,A,H,-,C,D,0,NA,NA,NA,NA,Y,NA,D,22,0,0,1,0,0,0,0,0,0,-,-,33.95581817626953,-118.36961364746094,LOS ANGELES,INGLEWOOD,-118.36951446533205,33.95581817626953
9473260,2022,2022-08-05,1900,2022-07-06,1935,646171,2826,3,5,5,1915,0,0,0,NA,0,283T2,COMPTON BL,LONG BEACH BL,72,E,N,A,-,N,NA,NA,NA,NA,NA,NA,NA,NA,NA,N,4,0,1,2,A,-,03,22350,NA,N,D,C,A,A,H,-,B,D,0,NA,NA,NA,NA,Y,NA,A,01,0,0,1,0,0,0,0,0,0,-,-,33.89611053466797,-118.20758056640624,LOS ANGELES,COMPTON,-118.20779418945313,33.89602279663086
94732607,2025,2025-06-19,9540,2025-06-12,955,021744,NA,4,1,9,1900,0,3,5,NA,2,100,MAGIC MOUNTAIN PKY,I-5 S/B OFF AND ONRAMP,0,NA,Y,A,-,N,NA,NA,NA,NA,NA,NA,NA,NA,NA,Y,3,0,1,2,A,-,12,21453,A,N,D,2,A,A,H,-,A,D,0,NA,NA,NA,NA,Y,NA,A,01,0,1,0,0,0,0,0,0,0,-,-,34.42271041870117,-118.58370971679688,LOS ANGELES,UNINCORPORATED,NA,NA
94732609,2024,2025-06-19,9565,2024-07-31,2130,023171,NA,3,2,9,1900,0,2,4,NA,2,022,NORMANDIE AVENUE,106TH STREET,205,N,N,A,-,N,NA,NA,NA,NA,NA,NA,NA,NA,NA,Y,4,0,1,3,A,-,01,23152,G,N,B,E,A,A,H,-,C,D,0,NA,NA,NA,NA,Y,Y,A,07,0,0,1,0,0,0,0,0,0,-,-,33.940670013427734,-118.30019378662108,LOS ANGELES,UNINCORPORATED,-118.30029296875,33.940582275390625
9473261,2022,2022-08-05,1900,2022-07-20,1331,655224,2846,3,5,5,1915,0,0,0,NA,0,283T1,ALONDRA BL,BULLIS RD,0,NA,Y,A,-,N,NA,NA,NA,NA,NA,NA,NA,NA,NA,N,4,0,3,2,A,-,09,21802,A,N,D,C,A,A,H,-,A,A,0,NA,NA,NA,NA,Y,NA,A,08,0,0,3,0,0,0,0,0,0,-,-,33.88859939575195,-118.20603942871094,LOS ANGELES,COMPTON,-118.20612335205078,33.88869094848633
9473262,2022,2022-10-17,1900,2022-07-07,1740,646171,2833,4,5,5,1915,0,0,0,NA,0,283T2,CALDWELL ST,GRANDEE AV,0,NA,Y,A,-,N,NA,NA,NA,NA,NA,NA,NA,NA,NA,Y,4,0,4,4,A,-,03,22350,NA,N,C,C,A,A,H,-,A,A,0,NA,NA,NA,NA,Y,NA,A,01,0,0,4,0,0,0,0,0,0,-,-,33.883731842041016,-118.24156951904295,LOS ANGELES,COMPTON,-118.24159240722656,33.88371276855469
9473263,2022,2022-08-05,1900,2022-07-03,0152,651175,2833,7,5,5,1915,0,0,0,NA,0,281T1,WILMINGTON AV,GREENLEAF BL,206,N,N,A,-,N,NA,NA,NA,NA,NA,NA,NA,NA,NA,N,4,0,1,2,A,-,03,22350,NA,N,C,C,A,A,H,-,C,D,0,NA,NA,NA,NA,Y,NA,A,01,0,0,1,0,0,0,0,0,0,-,-,33.8813591003418,-118.23658752441406,LOS ANGELES,COMPTON,-118.2365951538086,33.88129425048828
9473264,2022,2022-08-05,1900,2022-07-06,1330,646171,2843,3,5,5,1915,0,0,0,NA,0,283T2,CHESTER AV,MYRRH ST,11,N,N,A,-,N,NA,NA,NA,NA,NA,NA,NA,NA,NA,Y,4,0,1,1,A,-,03,22350,NA,N,E,I,A,A,H,-,A,D,0,NA,NA,NA,NA,Y,NA,A,01,0,0,1,0,0,0,0,0,0,-,-,33.89242172241211,-118.21453094482422,LOS ANGELES,COMPTON,-118.21458435058594,33.892330169677734
94732640,2025,2025-06-19,9535,2025-06-12,1650,024287,NA,4,2,5,1901,0,1,1,NA,2,110,I-10 E/B  (SAN BERNARDINO FREEWAY),ALMANSOR ST OVPS,232,W,N,A,-,Y,LA,NA,10,NA,NA,24.266,H,NA,R,Y,3,0,1,3,A,-,08,22107,NA,F,B,C,A,A,H,-,A,D,0,NA,NA,NA,NA,Y,NA,-,99,0,1,0,0,0,0,0,0,0,-,-,34.07160949707031,-118.11817932128906,LOS ANGELES,ALHAMBRA,-118.11817932128906,34.07151794433594
94732650,2025,2025-06-19,9590,2025-06-11,1800,024031,NA,3,2,7,1942,0,1,1,NA,2,050,I-110 N/B (HARBOR FREEWAY),79TH STREET,50,S,N,A,-,Y,LA,NA,110,NA,NA,16.474,H,NA,R,N,4,0,1,2,A,-,03,22350,NA,N,C,C,A,A,H,-,A,D,0,NA,NA,NA,NA,Y,NA,A,07,0,0,1,0,0,0,0,0,0,-,-,33.96709060668945,-118.28069305419922,LOS ANGELES,LOS ANGELES,-118.28073120117188,33.96709060668945
94732661,2025,2025-06-19,9535,2025-06-16,1530,024086,NA,1,2,9,1900,0,3,5,NA,2,002,4TH ST,LA VERNE AVE,0,NA,Y,A,-,N,NA,NA,NA,NA,NA,NA,NA,NA,NA,N,3,0,1,2,A,-,09,21802,A,N,A,G,A,A,H,-,A,A,0,NA,Y,NA,NA,Y,NA,D,22,0,1,0,0,0,0,1,0,0,-,-,34.03049850463867,-118.15946197509766,LOS ANGELES,UNINCORPORATED,-118.1594696044922,34.03044128417969
94732666,2025,2025-06-19,9590,2025-06-08,205,024131,NA,7,3,7,1942,0,1,2,NA,2,073,US-101 S/B (HOF) FROM SANTA MONICA BLVD,SANTA MONICA BLVD,20,S,N,A,-,Y,LA,NA,101,NA,NA,5.55,H,NA,L,Y,3,0,1,1,A,-,01,23152,A,N,E,8,A,A,H,-,C,D,0,NA,NA,NA,NA,Y,Y,A,07,0,1,0,0,0,0,0,0,0,-,-,34.090641021728516,-118.30682373046876,LOS ANGELES,LOS ANGELES,-118.30656433105467,34.09074783325195
94732668,2025,2025-06-19,9575,2025-06-07,1300,024163,NA,6,1,6,1925,0,1,1,NA,2,050,I-5 N/B (GOLDEN STATE FREEWAY),SONORA AVENUE,42,S,N,A,-,Y,LA,NA,5,NA,NA,27.526,H,NA,R,Y,4,0,4,3,A,-,08,22107,NA,N,C,2,A,A,H,-,A,D,0,NA,NA,NA,NA,Y,NA,A,01,0,0,4,0,0,0,0,0,0,-,-,34.16107940673828,-118.29308319091795,LOS ANGELES,GLENDALE,-118.29303741455078,34.16109848022461
9473267,2022,2022-08-05,1906,2022-07-10,0851,2896,NA,7,5,5,1906,0,0,0,NA,0,003,MERCED AV,BIG DALTON AV,0,NA,Y,A,-,N,NA,NA,NA,NA,NA,NA,NA,NA,NA,Y,3,0,1,2,A,-,12,22450,A,N,D,J,A,A,H,-,A,D,0,NA,NA,Y,NA,Y,NA,C,02,0,1,0,0,0,0,0,0,1,-,-,NA,NA,LOS ANGELES,BALDWIN PARK,-117.96273803710938,34.07351303100586
94732674,2025,2025-06-19,9530,2025-05-15,2139,023590,NA,4,2,9,1900,0,3,5,NA,2,006,228TH STREET (1300 BLOCK),NORMANDIE AVENUE,0,NA,Y,A,-,N,NA,NA,NA,NA,NA,NA,NA,NA,NA,N,1,1,0,2,A,-,11,21950,B,N,G,B,B,A,H,-,C,A,0,Y,NA,NA,Y,Y,NA,N,60,0,0,0,1,0,0,0,0,0,-,-,33.81892013549805,-118.29808807373048,LOS ANGELES,UNINCORPORATED,-118.29817199707033,33.8189582824707
94732688,2025,2025-06-19,9540,2025-06-19,1110,021131,NA,4,1,9,1900,0,1,1,NA,2,509,I-5 (GOLDEN STATE FREEWAY) S/B,FRONTAGE ROAD (CHP ROAD),12144,S,N,A,-,Y,LA,NA,5,NA,R,61.605,H,NA,L,N,4,0,1,1,C,-,18,NA,NA,N,E,J,A,A,H,-,A,D,0,NA,NA,NA,NA,Y,NA,-,-,0,0,1,0,0,0,0,0,0,-,-,34.522640228271484,-118.6404037475586,LOS ANGELES,UNINCORPORATED,-118.64045715332033,34.52260971069336
94732696,2025,2025-06-19,9525,2025-06-17,710,024256,NA,2,1,6,1955,0,1,1,NA,2,107,I-10 W/B (SAN BERNARDINO FWY),TO-SR-57 (ORANGE FWY),0,E,N,A,-,Y,NA,NA,NA,NA,NA,NA,NA,NA,NA,Y,3,0,1,1,A,-,03,22350,NA,N,E,8,A,A,H,-,A,D,0,NA,NA,NA,NA,Y,NA,A,01,0,1,0,0,0,0,0,0,0,-,-,34.06901168823242,-117.79940795898438,LOS ANGELES,POMONA,-117.80648803710938,34.06538772583008
94732717,2025,2025-06-19,9565,2025-06-15,130,024379,NA,7,3,5,1965,0,1,3,NA,2,080,I-10 E/B FROM OLYMPIC BLVD,LINCOLN BLVD,650,E,N,A,-,Y,NA,NA,NA,NA,NA,NA,NA,NA,NA,N,3,0,1,1,A,-,08,22107,NA,N,E,I,A,A,H,-,C,D,0,NA,NA,NA,NA,Y,NA,A,07,0,1,0,0,0,0,0,0,0,-,-,34.01240921020508,-118.4893798828125,LOS ANGELES,SANTA MONICA,-118.4840850830078,34.01585006713867
94732719,2025,2025-06-19,9535,2025-06-18,1125,023313,NA,3,1,9,1900,0,1,1,NA,2,420,I-10 E/B TO I-710 S/B,EASTERN AVE.,528,W,N,A,-,Y,LA,NA,10,NA,NA,20.727,H,NA,R,N,4,0,1,2,A,-,04,21703,NA,N,C,C,A,A,H,-,A,D,0,NA,NA,NA,NA,Y,NA,A,01,0,0,1,0,0,0,0,0,0,-,-,34.059471130371094,-118.1751708984375,LOS ANGELES,UNINCORPORATED,-118.1752700805664,34.05961608886719
94732722,2025,2025-06-19,9590,2025-06-07,1840,023348,NA,6,2,7,1942,0,1,2,NA,2,042,US-101 N/B (SAF) TO I-10 E/B (SBF),CESAR CHAVEZ AVENUE,50,S,N,A,-,Y,LA,NA,10,NA,S,0.089,H,NA,R,N,4,0,1,1,A,-,08,22107,NA,N,E,I,A,A,H,-,A,D,0,NA,NA,Y,NA,Y,NA,C,02,0,0,1,0,0,0,0,0,1,-,-,34.0529899597168,-118.22308349609376,LOS ANGELES,LOS ANGELES,-118.22310638427734,34.05301284790039
94732725,2025,2025-06-19,9535,2025-06-18,1520,024086,NA,3,2,9,1900,0,1,1,NA,2,650,I-605 N/B (SAN GABRIEL FREEWAY),VALLEY BLVD,750,S,N,A,-,Y,LA,NA,605,NA,R,18.627,H,NA,R,N,4,0,1,3,A,-,03,22350,NA,N,C,C,A,A,H,-,A,D,0,NA,NA,NA,NA,Y,NA,D,22,0,0,1,0,0,0,0,0,0,-,-,34.044010162353516,-118.0101318359375,LOS ANGELES,UNINCORPORATED,-118.01007080078124,34.04397964477539
94732726,2025,2025-06-19,9580,2025-06-18,945,022663,NA,3,1,7,1942,0,1,1,NA,2,407,I-405 S/B (SAN DIEGO FWY) FROM ROSCOE BLVD,ROSCOE BLVD,370,S,N,A,-,Y,LA,NA,405,NA,NA,43.697,H,NA,L,N,4,0,1,2,A,-,07,21658,A,N,B,C,A,A,H,-,A,D,0,NA,NA,NA,NA,Y,NA,-,-,0,0,1,0,0,0,0,0,0,-,-,34.22029113769531,-118.4736328125,LOS ANGELES,LOS ANGELES,-118.47332763671876,34.22028732299805
94732727,2025,2025-06-19,9580,2025-06-14,1355,018185,NA,6,1,7,1942,0,1,2,NA,2,104,US-101 S/B (VENTURA FREEWAY),CANOGA AVE,242,N,N,A,-,Y,LA,NA,101,NA,NA,24.916,H,NA,L,Y,4,0,2,4,A,-,03,22350,NA,N,C,C,A,A,H,-,A,D,0,NA,NA,NA,NA,Y,NA,A,07,0,0,2,0,0,0,0,0,0,-,-,34.169551849365234,-118.5984115600586,LOS ANGELES,LOS ANGELES,-118.59841918945313,34.16950607299805
94732730,2025,2025-06-19,9590,2025-06-08,138,024461,NA,7,3,7,1942,0,1,1,NA,2,012,SR-110 N/B (ARROYO SECO PARKWAY) TO AVENUE 43,AVENUE 43,195,S,N,A,-,Y,LA,NA,110,NA,NA,27.075,H,NA,R,Y,4,0,1,1,A,-,08,22107,NA,N,E,I,A,A,H,-,C,D,0,NA,NA,NA,NA,Y,NA,A,07,0,0,1,0,0,0,0,0,0,-,-,34.09259033203125,-118.2060775756836,LOS ANGELES,LOS ANGELES,-118.20623779296876,34.09260559082031
94732734,2025,2025-06-19,9535,2025-06-19,1130,023258,NA,4,1,9,1900,0,2,4,NA,2,022,OLYMPIC BOULEVARD,ARIZONA AVE,0,NA,Y,A,-,N,NA,NA,NA,NA,NA,NA,NA,NA,NA,Y,4,0,2,2,A,-,12,21453,A,N,D,2,A,A,H,-,A,A,0,NA,NA,NA,NA,Y,NA,A,01,0,0,2,0,0,0,0,0,0,-,-,34.018341064453125,-118.16835784912108,LOS ANGELES,UNINCORPORATED,-118.16831970214844,34.01836013793945
94732741,2025,2025-06-19,9535,2025-06-19,1220,023448,NA,4,1,3,1914,0,1,1,NA,2,072,I-710 (LONG BEACH FREEWAY) N/B,I-5,739,S,N,A,-,Y,LA,NA,710,NA,NA,23.066,H,NA,R,N,4,0,1,2,A,-,07,21658,A,N,B,C,A,A,H,-,A,D,0,NA,NA,NA,NA,Y,NA,A,01,0,0,1,0,0,0,0,0,0,-,-,34.01348114013672,-118.17225646972656,LOS ANGELES,COMMERCE,-118.17225646972656,34.01348114013672
94732742,2025,2025-06-19,9550,2025-06-10,2238,024057,NA,2,3,5,1976,0,2,4,NA,1,013,WASHINGTON BLVD.,NORWALK BLVD.,0,NA,Y,A,-,N,NA,NA,NA,NA,NA,NA,NA,NA,NA,N,3,0,1,2,A,-,12,21453,A,N,D,C,A,A,H,-,C,A,0,NA,NA,NA,NA,Y,NA,M,96,0,1,0,0,0,0,0,0,0,-,-,33.97237014770508,-118.07382965087892,LOS ANGELES,WHITTIER,-118.07398986816406,33.97249984741211
94732743,2025,2025-07-17,9590,2025-06-07,1820,024097,NA,6,2,7,1942,0,1,1,NA,2,085,I-5 SOUTHBOUND (GOLDEN STATE FREEWAY),LOS FELIZ BLVD,600,N,N,A,-,Y,LA,NA,5,NA,NA,24.779,H,NA,L,N,4,0,1,2,A,-,03,22350,NA,N,C,C,A,A,H,-,A,D,0,NA,NA,NA,Y,Y,NA,G,25,0,0,1,0,0,0,0,0,0,-,-,34.12677001953125,-118.27346801757813,LOS ANGELES,LOS ANGELES,-118.27347564697266,34.12677001953125
94732745,2025,2025-06-19,9535,2025-04-03,635,022017,NA,4,1,9,1900,0,2,4,NA,2,012,CITY TERRACE DRIVE (3500 BLOCK),RAMBOZ DRIVE,200,E,N,A,-,N,NA,NA,NA,NA,NA,NA,NA,NA,NA,Y,4,0,1,3,A,-,08,22107,NA,F,A,2,A,A,H,-,A,D,0,NA,NA,NA,NA,Y,NA,D,22,0,0,1,0,0,0,0,0,0,-,-,34.05332946777344,-118.18852996826172,LOS ANGELES,UNINCORPORATED,-118.18849182128906,34.053287506103516
94732753,2025,2025-06-19,9590,2025-06-01,200,024196,NA,7,3,7,1942,0,1,1,NA,2,080,I-5 N/B TO I-10 E/B,STATE STREET,650,N,N,A,-,Y,NA,NA,NA,NA,NA,NA,NA,NA,NA,N,4,0,1,1,A,-,08,22107,NA,N,E,I,A,A,H,-,C,D,0,NA,NA,NA,NA,Y,NA,A,01,0,0,1,0,0,0,0,0,0,-,-,34.05406951904297,-118.21292877197266,LOS ANGELES,LOS ANGELES,-118.21788787841795,34.042633056640625
94732756,2025,2025-06-19,9590,2025-05-28,910,021823,NA,3,1,7,1942,0,1,1,NA,2,052,I-110 N/B (HARBOR FREEWAY),37TH ST,100,S,N,A,-,Y,LA,NA,110,NA,NA,19.922,H,NA,R,Y,4,0,1,2,A,-,07,21658,A,N,B,C,A,A,H,-,A,D,0,NA,NA,NA,Y,Y,NA,F,26,0,0,1,0,0,0,0,0,0,-,-,34.01702117919922,-118.28015899658205,LOS ANGELES,LOS ANGELES,-118.2802963256836,34.01705551147461
94732760,2025,2025-06-19,9535,2025-05-09,2200,024287,NA,5,3,5,1947,0,1,3,NA,2,620,SR-60  E/B (POMONA FREEWAY),PARAMOUNT BLVD,350,W,N,A,-,Y,LA,NA,60,NA,R,7.698,H,NA,R,N,4,0,1,2,A,-,03,22350,NA,F,C,C,A,A,H,-,D,D,0,NA,NA,NA,NA,Y,NA,-,99,0,0,1,0,0,0,0,0,0,-,-,34.03572082519531,-118.09413146972656,LOS ANGELES,MONTEBELLO,-118.09412384033205,34.035675048828125
94732763,2025,2025-06-19,9545,2025-06-07,1235,023505,NA,6,1,9,1900,0,3,5,NA,2,004,AVENUE T-4,92ND ST  E,0,NA,Y,A,-,N,NA,NA,NA,NA,NA,NA,NA,NA,NA,N,4,0,5,2,A,-,09,21802,A,N,D,2,A,A,H,-,A,A,0,NA,NA,NA,NA,Y,NA,D,22,0,0,5,0,0,0,0,0,0,-,-,34.539329528808594,-117.96691131591795,LOS ANGELES,UNINCORPORATED,-117.9669189453125,34.539310455322266
94732767,2025,2025-06-20,9590,2025-06-09,240,024445,NA,1,3,7,1942,0,1,2,NA,2,072,US-101 N/B (HOLLYWOOD FREEWAY),VERMONT AVENUE,395,N,N,A,-,Y,LA,NA,101,NA,NA,4.482,H,NA,R,Y,4,0,1,1,A,-,08,22107,NA,N,E,8,A,A,H,-,C,D,0,NA,NA,NA,NA,Y,NA,A,01,0,0,1,0,0,0,0,0,0,-,-,34.08100128173828,-118.29297637939452,LOS ANGELES,LOS ANGELES,-118.29304504394533,34.080909729003906
94732780,2025,2025-06-20,9575,2025-06-08,24,023205,NA,7,3,6,1953,0,1,1,NA,2,064,I-210 E/B (FOOTHILL FREEWAY),EL MOLINO AVENUE,170,E,N,A,-,Y,LA,NA,210,NA,R,26.102,H,NA,R,Y,2,0,2,4,A,-,08,22107,NA,N,B,2,E,A,H,-,C,D,0,Y,NA,NA,NA,Y,NA,A,07,1,1,0,0,1,0,0,0,0,-,-,34.15171813964844,-118.13629150390624,LOS ANGELES,PASADENA,-118.13629150390624,34.15165710449219
94732781,2025,2025-06-20,9535,2025-05-27,1611,023365,NA,2,2,9,1900,0,3,5,NA,2,002,WOODS AVE,4TH ST.,0,NA,Y,A,-,N,NA,NA,NA,NA,NA,NA,NA,NA,NA,N,4,0,1,2,A,-,10,21950,A,N,G,B,B,A,H,-,A,D,0,Y,NA,NA,NA,Y,NA,D,22,0,0,1,0,1,0,0,0,0,-,-,34.02962875366211,-118.15553283691406,LOS ANGELES,UNINCORPORATED,-118.15564727783205,34.02962875366211
9473306,2022,2022-08-11,1942,2022-07-23,0115,44264,0638,6,5,7,1942,0,0,0,F,0,6A77,HOLLYWOOD BL,SAINT ANDREWS PL,55,E,N,A,-,N,NA,NA,NA,NA,NA,NA,NA,NA,NA,N,2,0,1,2,A,-,11,21954,A,N,G,B,D,A,H,-,C,A,0,Y,NA,NA,NA,Y,NA,N,60,1,0,0,0,1,0,0,0,0,-,-,NA,NA,LOS ANGELES,LOS ANGELES,-118.31130981445313,34.10171890258789
9473307,2022,2022-08-11,1942,2022-07-16,1610,38074,0628,6,5,7,1942,0,0,0,F,0,6SL1,CANYON DR,FOOTHILL DR,215,N,N,A,-,N,NA,NA,NA,NA,NA,NA,NA,NA,NA,N,2,0,1,2,A,-,09,21801,A,N,D,C,A,A,H,-,A,D,0,NA,NA,Y,NA,Y,NA,A,01,1,0,0,0,0,0,0,0,1,-,-,NA,NA,LOS ANGELES,LOS ANGELES,-118.31692504882813,34.10892105102539
9473308,2022,2022-08-11,1942,2022-07-06,1500,39844,0647,3,5,7,1942,0,0,0,F,0,27MQ14,HOLLYWOOD BL,N BRONSON AV,240,E,N,A,-,N,NA,NA,NA,NA,NA,NA,NA,NA,NA,Y,4,0,1,2,A,-,12,21453,A,F,D,C,A,A,H,-,A,A,0,NA,NA,NA,NA,Y,NA,-,99,0,0,1,0,0,0,0,0,0,-,-,NA,NA,LOS ANGELES,LOS ANGELES,-118.31719970703124,34.1016960144043
9473309,2022,2022-08-11,1942,2022-07-03,1650,41671,0647,7,5,7,1942,0,0,0,F,0,27TL48,SUNSET BL,GOWER ST,204,E,N,A,-,N,NA,NA,NA,NA,NA,NA,NA,NA,NA,Y,3,0,1,2,A,-,07,21658,A,F,B,C,A,A,H,-,A,D,0,NA,NA,Y,NA,Y,NA,A,01,0,1,0,0,0,0,0,0,1,-,-,NA,NA,LOS ANGELES,LOS ANGELES,-118.32164001464844,34.0980110168457
9473310,2022,2022-08-11,1942,2022-07-03,1651,41671,0647,7,5,7,1942,0,0,0,F,0,27TL48,SUNSET BL,GOWER ST,0,NA,Y,A,-,N,NA,NA,NA,NA,NA,NA,NA,NA,NA,Y,3,0,2,2,A,-,12,21453,A,F,D,C,A,A,H,-,A,A,0,NA,NA,NA,NA,Y,NA,A,01,0,1,1,0,0,0,0,0,0,-,-,NA,NA,LOS ANGELES,LOS ANGELES,-118.3223114013672,34.0980110168457
9473311,2022,2022-08-29,1942,2022-07-04,0132,42570,0656,1,5,7,1942,0,0,0,F,0,6A77,SANTA MONICA BL,COLE AV,0,NA,Y,A,-,N,NA,NA,NA,NA,NA,NA,NA,NA,NA,N,2,0,1,2,A,-,12,21453,A,F,D,-,A,A,H,-,C,A,0,NA,NA,Y,NA,Y,NA,-,-,1,0,0,0,0,0,0,0,1,-,-,NA,NA,LOS ANGELES,LOS ANGELES,-118.32989501953124,34.09074020385742