CASE_ID,ACCIDENT_YEAR,PROC_DATE,JURIS,COLLISION_DATE,COLLISION_TIME,OFFICER_ID,REPORTING_DISTRICT,DAY_OF_WEEK,CHP_SHIFT,POPULATION,CNTY_CITY_LOC,SPECIAL_COND,BEAT_TYPE,CHP_BEAT_TYPE,CITY_DIVISION_LAPD,CHP_BEAT_CLASS,BEAT_NUMBER,PRIMARY_RD,SECONDARY_RD,DISTANCE,DIRECTION,INTERSECTION,WEATHER_1,WEATHER_2,STATE_HWY_IND,CALTRANS_COUNTY,CALTRANS_DISTRICT,STATE_ROUTE,ROUTE_SUFFIX,POSTMILE_PREFIX,POSTMILE,LOCATION_TYPE,RAMP_INTERSECTION,SIDE_OF_HWY,TOW_AWAY,COLLISION_SEVERITY,NUMBER_KILLED,NUMBER_INJURED,PARTY_COUNT,PRIMARY_COLL_FACTOR,PCF_CODE_OF_VIOL,PCF_VIOL_CATEGORY,PCF_VIOLATION,PCF_VIOL_SUBSECTION,HIT_AND_RUN,TYPE_OF_COLLISION,MVIW,PED_ACTION,ROAD_SURFACE,ROAD_COND_1,ROAD_COND_2,LIGHTING,CONTROL_DEVICE,CHP_ROAD_TYPE,PEDESTRIAN_ACCIDENT,BICYCLE_ACCIDENT,MOTORCYCLE_ACCIDENT,TRUCK_ACCIDENT,NOT_PRIVATE_PROPERTY,ALCOHOL_INVOLVED,STWD_VEHTYPE_AT_FAULT,CHP_VEHTYPE_AT_FAULT,COUNT_SEVERE_INJ,COUNT_VISIBLE_INJ,COUNT_COMPLAINT_PAIN,COUNT_PED_KILLED,COUNT_PED_INJURED,COUNT_BICYCLIST_KILLED,COUNT_BICYCLIST_INJURED,COUNT_MC_KILLED,COUNT_MC_INJURED,PRIMARY_RAMP,SECONDARY_RAMP,LATITUDE,LONGITUDE,COUNTY,CITY,POINT_X,POINT_Y
9473957,2022,2022-08-24,1907,2022-06-25,1705,248,2,6,5,4,1907,0,0,0,NA,0,NA,GAGE AV,WILCOX AV,113,E,N,A,-,N,NA,NA,NA,NA,NA,NA,NA,NA,NA,N,3,0,3,2,A,-,03,22350,NA,N,C,C,A,A,H,-,A,D,0,NA,NA,NA,NA,Y,NA,A,01,0,1,2,0,0,0,0,0,0,-,-,33.97690963745117,-118.17665100097656,LOS ANGELES,BELL,-118.1762924194336,33.97686004638672
9473958,2022,2022-08-24,1907,2022-06-25,2115,249,1,6,5,4,1907,0,0,0,NA,0,NA,BELL AV,SALT LAKE AV,0,NA,Y,A,-,N,NA,NA,NA,NA,NA,NA,NA,NA,NA,N,4,0,1,2,D,-,00,NA,NA,N,D,C,A,A,H,-,C,A,0,NA,NA,NA,NA,Y,NA,-,-,0,0,1,0,0,0,0,0,0,-,-,33.97623062133789,-118.20419311523438,LOS ANGELES,BELL,-118.20420837402344,33.97624206542969
9473959,2022,2022-08-24,1900,2022-06-21,1803,619563,0456,2,5,6,1949,0,0,0,NA,0,45T1 P,ALONDRA BL,PIONEER BL,47,E,N,A,-,N,NA,NA,NA,NA,NA,NA,NA,NA,NA,Y,4,0,3,2,A,-,01,23152,A,M,C,C,A,A,H,-,A,A,0,NA,NA,NA,NA,Y,Y,A,07,0,0,3,0,0,0,0,0,0,-,-,NA,NA,LOS ANGELES,NORWALK,-118.08235168457033,33.8875617980957
94739591,2025,2025-06-25,9590,2025-06-02,29,024461,NA,1,3,9,1900,0,1,1,NA,2,051,I-110 S/B (HARBOR FREEWAY),54TH STREET,248,S,N,A,-,Y,LA,NA,110,NA,NA,18.244,H,NA,L,Y,3,0,1,2,A,-,07,21658,A,M,B,C,A,A,H,-,C,D,0,NA,NA,Y,NA,Y,NA,-,99,0,1,0,0,0,0,0,0,1,-,-,33.99264144897461,-118.28070831298828,LOS ANGELES,UNINCORPORATED,-118.2805633544922,33.992637634277344
94739594,2025,2025-06-25,9535,2025-06-17,1248,024519,NA,2,1,9,1900,0,1,1,NA,2,400,I-10 E/B (SAN BERNARDINO FREEWAY),WALNUT GROVE AVE.,1056,W,N,A,-,Y,LA,NA,10,NA,NA,26.14,H,NA,R,Y,4,0,1,3,A,-,04,21703,NA,N,C,C,A,A,H,-,A,D,0,NA,NA,NA,NA,Y,NA,D,22,0,0,1,0,0,0,0,0,0,-,-,34.071990966796875,-118.08553314208984,LOS ANGELES,UNINCORPORATED,-118.08552551269533,34.0718994140625
9473960,2022,2022-08-24,1900,2022-06-21,1225,600225,0455,2,5,6,1949,0,0,0,NA,0,43T1,PIONEER BL,163RD ST,354,S,N,A,-,N,NA,NA,NA,NA,NA,NA,NA,NA,NA,N,4,0,1,2,A,-,05,21650,1,N,D,G,A,A,H,-,A,D,0,NA,Y,NA,NA,Y,NA,L,04,0,0,1,0,0,0,1,0,0,-,-,NA,NA,LOS ANGELES,NORWALK,-118.08245086669922,33.88270950317383
94739603,2025,2025-06-25,9525,2025-06-17,1135,024439,NA,2,1,9,1900,0,2,4,NA,2,030,HACIENDA BLVD.,FRANCISQUITO AVE,50,S,N,A,-,N,NA,NA,NA,NA,NA,NA,NA,NA,NA,N,4,0,2,2,A,-,21,22106,NA,N,C,C,A,A,H,-,A,A,0,NA,NA,NA,NA,Y,NA,A,08,0,0,2,0,0,0,0,0,0,-,-,34.04801940917969,-117.94666290283205,LOS ANGELES,UNINCORPORATED,-117.94657135009766,34.04816818237305
9473961,2022,2022-08-24,1900,2022-06-24,1405,602218,0456,5,5,6,1949,0,0,0,NA,0,43T1,NORWALK BL,CHESHIRE ST,0,NA,Y,A,-,N,NA,NA,NA,NA,NA,NA,NA,NA,NA,N,4,0,1,2,A,-,12,21453,A,N,D,C,A,A,H,-,A,A,0,NA,NA,NA,NA,Y,NA,A,01,0,0,1,0,0,0,0,0,0,-,-,33.89046859741211,-118.07283020019533,LOS ANGELES,NORWALK,-118.07289123535156,33.89039993286133
94739681,2025,2025-06-25,9525,2025-06-11,1855,023966,NA,3,2,4,1960,0,1,3,NA,2,572,SR-57 N/B (ORANGE FWY),ARROW HIGHWAY,1584,N,N,A,-,Y,LA,NA,57,NA,R,11.07,H,NA,R,Y,2,0,2,1,A,-,08,22107,NA,N,E,8,A,A,H,-,A,D,0,NA,NA,NA,NA,Y,NA,A,07,2,0,0,0,0,0,0,0,0,-,-,34.11009979248047,-117.82338714599608,LOS ANGELES,SAN DIMAS,-117.82325744628906,34.110145568847656
94739687,2025,2025-07-23,9550,2025-06-17,1150,021100,NA,2,1,9,1900,0,2,4,NA,1,042,COLIMA ROAD,PARK LAWN ROAD,0,NA,Y,A,-,N,NA,NA,NA,NA,NA,NA,NA,NA,NA,N,3,0,4,4,A,-,09,21802,A,N,D,C,A,A,H,-,A,D,0,NA,NA,NA,NA,Y,NA,A,08,0,2,2,0,0,0,0,0,0,-,-,33.99106979370117,-117.93797302246094,LOS ANGELES,UNINCORPORATED,-117.93789672851564,33.99116516113281
94739694,2025,2025-06-25,9525,2025-06-15,1345,024135,NA,7,1,9,1900,0,1,3,NA,1,024,SR-39 (SAN GABRIEL CANYON),EAST FORK ROAD,7920,S,N,A,-,Y,LA,NA,39,NA,NA,24.245,H,NA,R,Y,4,0,1,3,A,-,01,23152,A,N,D,C,A,A,H,-,A,D,0,NA,NA,NA,NA,Y,Y,A,07,0,0,1,0,0,0,0,0,0,-,-,34.221900939941406,-117.85196685791016,LOS ANGELES,UNINCORPORATED,-117.85198211669922,34.221920013427734
94739718,2025,2025-06-25,9550,2025-06-16,1650,024363,NA,1,2,9,1900,0,2,4,NA,1,013,SOUTHBOUND NORWALK BLVD.,BALFOUR ST.,216,S,N,A,-,N,NA,NA,NA,NA,NA,NA,NA,NA,NA,N,3,0,1,2,A,-,09,21804,A,N,D,C,A,A,H,-,A,D,0,NA,NA,NA,NA,Y,NA,A,01,0,1,0,0,0,0,0,0,0,-,-,33.97932815551758,-118.07460021972656,LOS ANGELES,UNINCORPORATED,NA,NA
94739733,2025,2025-06-25,9530,2025-06-24,1714,023673,NA,2,2,9,1900,0,3,5,NA,2,003,GIBSON AVE.,ROSECRANS AVE.,100,N,N,A,-,N,NA,NA,NA,NA,NA,NA,NA,NA,NA,N,4,0,1,2,A,-,03,22350,NA,N,C,C,A,A,H,-,A,A,0,NA,NA,NA,NA,Y,NA,A,01,0,0,1,0,0,0,0,0,0,-,-,33.90399169921875,-118.18949127197266,LOS ANGELES,UNINCORPORATED,-118.1895751953125,33.9039421081543
94739742,2025,2025-07-23,9525,2025-04-19,355,023966,NA,6,3,5,1926,0,1,1,NA,2,205,I-210 WESTBOUND (FOOTHILL FWY),LONE HILL AVENUE,184,W,N,A,-,Y,LA,NA,210,NA,R,44.179,H,NA,L,Y,1,1,1,3,A,-,11,21954,A,N,G,1,E,A,H,-,D,D,0,Y,NA,NA,NA,Y,NA,N,60,0,1,0,1,0,0,0,0,0,-,-,34.121150970458984,-117.8296127319336,LOS ANGELES,GLENDORA,-117.8296127319336,34.121131896972656
94739782,2025,2025-06-25,9550,2025-06-20,840,023831,NA,5,1,9,1900,0,2,4,NA,1,031,VALLECITO DRIVE,LOS ALTOS DRIVE,0,NA,Y,A,-,N,NA,NA,NA,NA,NA,NA,NA,NA,NA,N,4,0,1,2,A,-,12,22450,A,N,D,C,A,A,H,-,A,A,0,NA,NA,NA,NA,Y,NA,A,01,0,0,1,0,0,0,0,0,0,-,-,33.990840911865234,-117.98589324951172,LOS ANGELES,UNINCORPORATED,-117.9858627319336,33.990821838378906
94739787,2025,2025-06-25,9535,2025-06-14,50,023384,NA,6,3,5,1915,0,1,1,NA,2,075,I-710 S/B (LONG BEACH FREEWAY),COMPTON BOULEVARD,250,N,N,A,-,Y,LA,NA,710,NA,NA,14.482,H,NA,L,N,2,0,3,1,A,-,08,22107,NA,N,E,I,A,A,H,-,C,D,0,NA,NA,NA,NA,Y,NA,A,01,2,0,1,0,0,0,0,0,0,-,-,33.89677810668945,-118.18782806396484,LOS ANGELES,COMPTON,-118.18765258789064,33.89676284790039
94739812,2025,2025-06-25,9530,2025-06-22,1240,023797,NA,7,1,9,1900,0,3,5,NA,2,002,LUCIEN STREET,WILLOWBROOK AVE.,0,NA,Y,A,-,N,NA,NA,NA,NA,NA,NA,NA,NA,NA,N,3,0,2,2,A,-,09,21802,A,N,D,C,A,A,H,-,A,A,0,NA,NA,NA,NA,Y,NA,-,-,0,1,1,0,0,0,0,0,0,-,-,33.91233825683594,-118.2296905517578,LOS ANGELES,UNINCORPORATED,-118.22966003417967,33.912349700927734
94739897,2025,2025-06-25,9590,2025-06-01,42,024364,NA,7,3,7,1942,0,1,2,NA,2,042,US-101 N/B (SANTA ANA FREEWAY),1ST STREET,1335,N,N,A,-,Y,LA,NA,101,NA,S,1.123,H,NA,R,Y,3,0,1,2,A,-,01,23152,A,M,E,I,A,A,H,-,C,D,0,NA,NA,NA,NA,Y,Y,A,01,0,1,0,0,0,0,0,0,0,-,-,34.050968170166016,-118.2230224609375,LOS ANGELES,LOS ANGELES,-118.22305297851564,34.050960540771484
94739908,2025,2025-06-25,9590,2025-06-17,1755,021346,NA,2,2,7,1942,0,1,1,NA,2,011,SR-110 S/B (ARROYO SECO PARKWAY),PARK ROW DRIVE,200,N,N,A,-,Y,LA,NA,110,NA,NA,25.243,H,NA,L,N,4,0,2,3,A,-,07,21658,A,N,B,C,A,A,H,-,A,D,0,NA,NA,NA,NA,Y,NA,A,01,0,0,2,0,0,0,0,0,0,-,-,34.077030181884766,-118.2303466796875,LOS ANGELES,LOS ANGELES,-118.23039245605467,34.07706832885742
94739950,2025,2025-06-26,9550,2025-06-20,2150,024057,NA,5,2,5,1919,0,1,1,NA,2,652,I-605 N/B,SOUTH ST.,1000,S,N,A,-,Y,LA,NA,605,NA,R,3.527,H,NA,R,Y,3,0,1,2,A,-,03,22350,NA,F,C,C,A,A,H,-,C,D,0,NA,NA,NA,NA,Y,NA,A,01,0,1,0,0,0,0,0,0,0,-,-,33.85517883300781,-118.09529113769533,LOS ANGELES,CERRITOS,-118.0952606201172,33.855186462402344
94739952,2025,2025-06-26,9525,2025-06-19,2340,024509,NA,4,3,5,1990,0,1,3,NA,2,602,SR-60 E/B (POMONA FWY),GRAND AVE,1584,W,N,A,-,Y,LA,NA,60,NA,R,24.181,H,NA,R,Y,4,0,3,3,A,-,03,22350,NA,N,C,C,A,A,H,-,C,D,0,NA,NA,NA,NA,Y,NA,A,07,0,0,3,0,0,0,0,0,0,-,-,34.00688171386719,-117.82631683349608,LOS ANGELES,DIAMOND BAR,-117.82645416259766,34.006980895996094
94739956,2025,2025-06-26,9550,2025-06-18,330,024157,NA,3,3,6,1949,0,1,1,NA,2,651,NB I-605 TO FIRESTONE BLVD,FILESTONE BLVD,200,N,N,A,-,Y,NA,NA,NA,NA,NA,NA,NA,NA,NA,Y,4,0,1,1,A,-,03,22350,NA,N,E,I,A,A,H,-,C,D,0,NA,NA,NA,NA,Y,NA,A,07,0,0,1,0,0,0,0,0,0,-,-,33.92525100708008,-118.10330200195313,LOS ANGELES,NORWALK,-118.10386657714844,33.92531204223633
94739965,2025,2025-06-26,9550,2025-06-13,540,024057,NA,5,3,6,1949,0,1,1,NA,2,651,SB I-605,DOWNEY NORWALK ROAD,300,N,N,B,-,Y,LA,NA,605,NA,R,8.295,H,NA,L,N,3,0,1,2,A,-,07,21658,A,N,C,C,A,A,H,-,A,D,0,NA,NA,NA,Y,Y,NA,A,07,0,1,0,0,0,0,0,0,0,-,-,33.92338180541992,-118.10452270507813,LOS ANGELES,NORWALK,-118.10445404052734,33.92337417602539
9473999,2022,2022-08-25,1900,2022-06-12,1620,645885,2842,7,5,5,1915,0,0,0,NA,0,283T1P,WEST ALAMEDA ST,TOWNE CENTER DR,115,N,N,A,-,N,NA,NA,NA,NA,NA,NA,NA,NA,NA,N,4,0,1,2,A,-,08,22107,NA,F,C,C,A,A,H,-,A,D,0,NA,NA,NA,NA,Y,NA,A,08,0,0,1,0,0,0,0,0,0,-,-,NA,NA,LOS ANGELES,COMPTON,-118.21784973144533,33.87883377075195
9474000,2022,2022-08-25,1900,2022-06-12,1610,645885,2841,7,5,5,1915,0,0,0,NA,0,283T1P,WEST ALAMEDA ST,ALONDRA BL,0,NA,Y,A,-,N,NA,NA,NA,NA,NA,NA,NA,NA,NA,N,4,0,1,2,A,-,12,21453,NA,F,D,C,A,A,H,-,A,A,0,NA,NA,NA,NA,Y,NA,A,08,0,0,1,0,0,0,0,0,0,-,-,NA,NA,LOS ANGELES,COMPTON,-118.21932983398438,33.88859176635742
9474003,2022,2022-08-26,1942,2022-07-11,0800,39154,1763,1,5,7,1942,0,0,0,Q,0,26TL27,CORBIN AV,LASSEN ST,0,NA,Y,A,-,N,NA,NA,NA,NA,NA,NA,NA,NA,NA,Y,2,0,2,2,A,-,09,21801,A,N,D,C,A,A,H,-,A,A,0,NA,NA,Y,NA,Y,NA,A,01,2,0,0,0,0,0,0,0,2,-,-,NA,NA,LOS ANGELES,LOS ANGELES,-118.56230926513672,34.250003814697266
9474004,2022,2022-10-25,1942,2022-07-21,0955,40165,1766,4,5,7,1942,0,0,0,Q,0,26TL23,VANALDEN AV,PLUMMER ST,0,NA,-,A,-,N,NA,NA,NA,NA,NA,NA,NA,NA,NA,Y,3,0,3,3,A,-,03,22350,NA,N,C,C,A,A,H,-,A,A,0,NA,NA,NA,NA,Y,NA,A,01,0,3,0,0,0,0,0,0,0,-,-,NA,NA,LOS ANGELES,LOS ANGELES,-118.54920196533205,34.242733001708984
9474005,2022,2022-08-26,1942,2022-07-15,0915,40542,1722,5,5,7,1942,0,0,0,Q,0,NA,DEVONSHIRE ST,TOPANGA CANYON BL,4,E,N,A,-,N,NA,NA,NA,NA,NA,NA,NA,NA,NA,Y,3,0,2,2,A,-,11,21950,B,N,G,B,B,A,H,-,A,A,0,Y,NA,NA,NA,Y,NA,N,60,0,2,0,0,1,0,0,0,0,-,-,NA,NA,LOS ANGELES,LOS ANGELES,-118.60603332519533,34.25722122192383
9474006,2022,2022-11-29,1942,2022-07-10,1805,37550,1715,7,5,7,1942,0,0,0,Q,0,26M57,ENCINO AV,RINALDI ST,30,S,N,A,-,N,NA,NA,NA,NA,NA,NA,NA,NA,NA,Y,3,0,2,1,A,-,03,22350,NA,N,-,I,A,A,H,-,A,B,0,NA,NA,NA,NA,Y,NA,A,07,0,1,1,0,0,0,0,0,0,-,-,NA,NA,LOS ANGELES,LOS ANGELES,-118.51530456542967,34.27928924560547
9474007,2022,2022-09-19,1942,2022-07-01,2345,44567,1794,5,5,7,1942,0,0,0,Q,0,17X66,RESEDA AV,ROSCOE BL,0,NA,Y,A,-,N,NA,NA,NA,NA,NA,NA,NA,NA,NA,Y,2,0,2,2,A,-,05,21650,NA,N,A,C,A,A,H,-,C,A,0,NA,NA,NA,NA,Y,NA,-,-,1,0,1,0,0,0,0,0,0,-,-,NA,NA,LOS ANGELES,LOS ANGELES,-118.53607940673828,34.22075271606445
9474008,2022,2022-08-26,1942,2022-07-21,1330,33620,1967,4,5,7,1942,0,0,0,NA,0,19A75,TERRA BELLA ST,CANTERBURY AV,0,NA,Y,A,-,N,NA,NA,NA,NA,NA,NA,NA,NA,NA,Y,3,0,2,2,A,-,12,21453,A,N,D,C,A,A,H,-,A,A,0,NA,NA,NA,NA,Y,NA,A,01,0,2,0,0,0,0,0,0,0,-,-,NA,NA,LOS ANGELES,LOS ANGELES,-118.43897247314452,34.243255615234375
9474009,2022,2022-08-26,1942,2022-07-19,1815,37954,1958,2,5,7,1942,0,0,0,NA,0,19X5,VAN NUYS BL,WOODMAN AV,150,E,N,A,-,N,NA,NA,NA,NA,NA,NA,NA,NA,NA,Y,3,0,2,2,A,-,08,22107,NA,N,D,C,A,A,-,-,A,D,0,NA,NA,NA,NA,Y,NA,A,01,0,1,1,0,0,0,0,0,0,-,-,NA,NA,LOS ANGELES,LOS ANGELES,-118.44780731201172,34.247352600097656
9474010,2022,2022-08-26,1942,2022-07-14,0950,40165,1913,4,5,7,1942,0,0,0,NA,0,26TL23,POLK ST,GLENOAKS BL,0,NA,Y,A,-,N,NA,NA,NA,NA,NA,NA,NA,NA,NA,Y,2,0,3,3,A,-,12,21453,A,N,D,C,A,A,H,-,A,A,0,NA,NA,NA,NA,Y,NA,A,07,1,2,0,0,0,0,0,0,0,-,-,NA,NA,LOS ANGELES,LOS ANGELES,-118.44969177246094,34.307613372802734
9474011,2022,2022-09-23,1942,2022-07-05,2210,39531,1979,2,5,7,1942,0,0,0,NA,0,19A79,ARLETA,WENTWORTH,0,NA,Y,A,-,N,NA,NA,NA,NA,NA,NA,NA,NA,NA,Y,2,0,2,2,A,-,09,21801,A,N,A,C,A,A,H,-,C,A,0,NA,NA,NA,NA,Y,NA,A,01,1,1,0,0,0,0,0,0,0,-,-,NA,NA,LOS ANGELES,LOS ANGELES,-118.41658782958984,34.23311233520508
9474012,2022,2022-09-19,1942,2022-07-04,2330,44827,NA,1,5,7,1942,0,0,0,NA,0,19A58,ARLETA,TERRA BELLA ST,50,S,N,A,-,N,NA,NA,NA,NA,NA,NA,NA,NA,NA,Y,3,0,1,2,A,-,01,23152,A,N,C,C,A,A,H,-,C,D,0,NA,NA,NA,NA,Y,Y,A,01,0,1,0,0,0,0,0,0,0,-,-,NA,NA,LOS ANGELES,LOS ANGELES,-118.43230438232422,34.2479362487793
9474013,2021,2022-08-25,1972,2021-07-19,2300,15887,NA,1,5,6,1972,0,0,0,NA,0,NA,CARSON ST,PLAZA DEL AMO,40,W,N,A,-,N,NA,NA,NA,NA,NA,NA,NA,NA,NA,Y,3,0,1,2,A,-,08,22107,NA,F,D,C,A,A,H,-,C,D,0,NA,NA,NA,NA,Y,Y,A,NA,0,1,0,0,0,0,0,0,0,-,-,NA,NA,LOS ANGELES,TORRANCE,-118.3246612548828,33.83134078979492
9474015,2022,2022-08-25,1900,2022-07-31,0720,517840,2224,7,5,3,1994,0,0,0,NA,0,222T1,AGOURA RD,LADYFACE CT,0,NA,Y,A,-,N,NA,NA,NA,NA,NA,NA,NA,NA,NA,N,3,0,1,2,A,-,09,21801,A,N,D,G,A,A,H,-,A,A,0,NA,Y,NA,NA,Y,NA,A,01,0,1,0,0,0,0,1,0,0,-,-,34.144718170166016,-118.77491760253906,LOS ANGELES,AGOURA HILLS,-118.7748565673828,34.14476776123047
94740274,2025,2025-06-26,9575,2025-06-15,455,024359,NA,7,3,6,1925,0,1,3,NA,2,042,SR-134 E/B (VENTURA FREEWAY),N GLENDALE AVE,126,W,N,A,-,Y,LA,NA,134,NA,R,7.838,H,NA,R,Y,3,0,1,1,A,-,08,22107,NA,N,E,8,A,A,H,-,B,D,0,NA,NA,NA,NA,Y,NA,A,01,0,1,0,0,0,0,0,0,0,-,-,34.15597152709961,-118.24276733398438,LOS ANGELES,GLENDALE,-118.2427978515625,34.15591049194336
94740290,2025,2025-06-26,9540,2025-06-24,915,023260,NA,2,1,6,1985,0,1,3,NA,1,143,SR-14 S/B,NEWHALL AVE,4224,S,N,A,-,Y,LA,NA,14,NA,R,26.194,H,NA,L,Y,3,0,1,2,A,-,03,22350,NA,N,C,C,A,A,H,-,A,D,0,NA,NA,NA,NA,Y,NA,A,01,0,1,0,0,0,0,0,0,0,-,-,34.35335159301758,-118.50537109375,LOS ANGELES,SANTA CLARITA,-118.50540924072266,34.35334014892578
94740291,2025,2025-06-26,9540,2025-06-23,1438,023179,NA,1,2,9,1900,0,1,3,NA,2,147,SR-14 S/B,AGUA DULCE,11458,S,N,A,-,Y,LA,NA,14,NA,NA,37.516,H,NA,L,Y,3,0,1,1,C,-,18,NA,NA,N,E,J,A,A,H,-,A,D,0,NA,NA,NA,NA,Y,NA,-,-,0,1,0,0,0,0,0,0,0,-,-,34.447059631347656,-118.360107421875,LOS ANGELES,UNINCORPORATED,-118.36003875732422,34.44697570800781
94740292,2025,2025-06-26,9540,2025-06-22,755,023179,NA,7,1,6,1985,0,1,3,NA,1,143,SR-14 NB,NEWHALL AVE,3960,S,N,A,-,Y,LA,NA,14,NA,R,26.259,H,NA,R,Y,3,0,1,2,A,-,07,21658,A,F,B,2,A,A,H,-,A,D,0,NA,NA,NA,NA,Y,NA,-,99,0,1,0,0,0,0,0,0,0,-,-,34.354251861572266,-118.50553131103516,LOS ANGELES,SANTA CLARITA,-118.50553131103516,34.354251861572266
94740304,2025,2025-06-26,9550,2025-04-13,255,023329,NA,7,3,6,1949,0,1,1,NA,2,651,I-605 NORTHBOUND,ROSECRANS AVENUE,300,S,N,A,-,Y,LA,NA,605,NA,R,6.833,H,NA,R,N,2,0,1,1,A,-,01,23152,A,N,E,I,A,A,H,-,D,D,0,NA,NA,NA,NA,Y,Y,A,07,1,0,0,0,0,0,0,0,0,-,-,33.902130126953125,-118.10511016845705,LOS ANGELES,NORWALK,-118.10508728027344,33.902130126953125
94740306,2025,2025-06-26,9575,2025-06-17,630,022414,NA,2,1,7,1942,0,1,1,NA,2,052,I-5 S/B (GOLDEN STATE FREEWAY),PEORIA STREET,520,S,N,A,-,Y,LA,NA,5,NA,NA,35.248,H,NA,L,N,3,0,2,3,A,-,03,22350,NA,N,C,C,A,A,H,-,A,D,0,NA,NA,NA,NA,Y,NA,A,01,0,1,1,0,0,0,0,0,0,-,-,34.228248596191406,-118.39185333251952,LOS ANGELES,LOS ANGELES,-118.39188385009766,34.228206634521484
94740310,2025,2025-06-26,9535,2025-06-15,2500,023704,NA,7,4,9,1900,0,3,5,NA,2,001,ALLEY SOUTH OF FLORAL DR. (4300 BLOCK),EASTERN AVE,75,E,N,A,-,N,NA,NA,NA,NA,NA,NA,NA,NA,NA,N,3,0,1,2,C,-,18,NA,NA,F,G,B,E,A,C,-,D,D,0,Y,NA,NA,NA,Y,NA,-,-,0,1,0,0,1,0,0,0,0,-,-,34.043758392333984,-118.17328643798828,LOS ANGELES,UNINCORPORATED,NA,NA
94740312,2025,2025-06-26,9590,2025-06-13,550,024452,NA,5,3,7,1942,0,1,1,NA,2,041,I-5 S/B (SANTA ANA FREEWAY),INDIANA STREET,200,N,N,A,-,Y,LA,NA,5,NA,NA,15.044,H,NA,L,N,3,0,1,2,A,-,03,22350,NA,N,C,C,A,A,H,-,A,D,0,NA,NA,NA,NA,Y,NA,A,07,0,1,0,0,0,0,0,0,0,-,-,34.020469665527344,-118.19377136230467,LOS ANGELES,LOS ANGELES,-118.19378662109376,34.02041244506836
94740316,2025,2025-06-26,9575,2025-06-17,1450,022414,NA,2,2,7,1942,0,1,1,NA,2,053,I-5 N/B (GOLDEN STATE FREEWAY),VAN NUYS BLVD.,40,N,N,A,-,Y,LA,NA,5,NA,NA,38.535,H,NA,R,Y,3,0,1,3,A,-,03,22350,NA,N,C,C,A,A,H,-,A,D,0,NA,NA,NA,NA,Y,NA,A,07,0,1,0,0,0,0,0,0,0,-,-,34.25701141357422,-118.43505859375,LOS ANGELES,LOS ANGELES,-118.43517303466795,34.25692367553711
9474032,2022,2022-08-25,1900,2022-07-24,0854,489533,0452,7,5,6,1949,0,0,0,NA,0,43T1,LAKELAND RD,PIONEER BL,142,E,N,A,-,N,NA,NA,NA,NA,NA,NA,NA,NA,NA,Y,4,0,1,4,A,-,08,22107,NA,N,C,E,A,A,H,-,A,D,0,NA,NA,NA,NA,Y,NA,-,NA,0,0,1,0,0,0,0,0,0,-,-,NA,NA,LOS ANGELES,NORWALK,-118.08135986328124,33.93168258666992
9474033,2022,2022-08-25,1900,2022-07-24,2053,626045,0460,7,5,4,1936,0,0,0,NA,0,46K3,SINGLETON DR,SPRINGVIEW DR,93,S,N,A,-,N,NA,NA,NA,NA,NA,NA,NA,NA,NA,N,3,0,1,1,A,-,03,22350,NA,N,H,A,A,A,H,-,C,D,0,NA,NA,Y,NA,Y,NA,O,05,0,1,0,0,0,0,0,0,1,-,-,NA,NA,LOS ANGELES,LA MIRADA,-118.01435089111328,33.92186737060547
9474034,2022,2022-09-07,1900,2022-07-01,1938,652978,0451,5,5,6,1949,0,0,0,NA,0,43K2P,FIRESTONE BL,RT 605,368,W,N,A,-,N,NA,NA,NA,NA,NA,NA,NA,NA,NA,Y,4,0,1,2,A,-,12,21453,A,N,D,C,A,A,H,-,A,A,0,NA,NA,NA,NA,Y,NA,-,-,0,0,1,0,0,0,0,0,0,-,SF,NA,NA,LOS ANGELES,NORWALK,-118.10494995117188,33.925357818603516
94740345,2025,2025-06-26,9575,2025-06-17,1817,022939,NA,2,2,6,1912,0,1,1,NA,2,051,I-5 S/B TO BURBANK BOULEVARD,BURBANK BOULEVARD,350,N,N,A,-,Y,NA,NA,NA,NA,NA,NA,NA,NA,NA,N,4,0,1,2,A,-,07,21658,A,N,B,C,A,A,H,-,A,A,0,NA,NA,NA,NA,Y,NA,A,07,0,0,1,0,0,0,0,0,0,-,-,34.18595886230469,-118.31993103027344,LOS ANGELES,BURBANK,-118.31941986083984,34.1859016418457
9474035,2022,2022-08-25,1900,2022-07-20,2152,661294,0465,3,5,4,1936,0,0,0,NA,0,46T1,ALONDRA BL,ESCALONA RD,0,NA,Y,A,-,N,NA,NA,NA,NA,NA,NA,NA,NA,NA,Y,4,0,1,2,A,-,09,21801,A,N,D,C,A,A,H,-,C,A,0,NA,NA,NA,NA,Y,NA,-,NA,0,0,1,0,0,0,0,0,0,-,-,NA,NA,LOS ANGELES,LA MIRADA,-118.01194763183594,33.88817596435547
94740418,2025,2025-06-26,9580,2025-06-16,1938,023500,NA,1,2,7,1942,0,1,2,NA,2,100,US-101 N/B (VENTURA FREEWAY),TUJUNGA AVE,485,S,N,A,-,Y,LA,NA,101,NA,NA,11.748,H,NA,R,Y,3,0,3,3,A,-,01,23152,A,M,C,C,A,A,H,-,A,D,0,NA,NA,NA,NA,Y,Y,A,01,0,3,0,0,0,0,0,0,0,-,-,34.154319763183594,-118.37728881835938,LOS ANGELES,LOS ANGELES,-118.37729644775392,34.15431213378906