CASE_ID,ACCIDENT_YEAR,PROC_DATE,JURIS,COLLISION_DATE,COLLISION_TIME,OFFICER_ID,REPORTING_DISTRICT,DAY_OF_WEEK,CHP_SHIFT,POPULATION,CNTY_CITY_LOC,SPECIAL_COND,BEAT_TYPE,CHP_BEAT_TYPE,CITY_DIVISION_LAPD,CHP_BEAT_CLASS,BEAT_NUMBER,PRIMARY_RD,SECONDARY_RD,DISTANCE,DIRECTION,INTERSECTION,WEATHER_1,WEATHER_2,STATE_HWY_IND,CALTRANS_COUNTY,CALTRANS_DISTRICT,STATE_ROUTE,ROUTE_SUFFIX,POSTMILE_PREFIX,POSTMILE,LOCATION_TYPE,RAMP_INTERSECTION,SIDE_OF_HWY,TOW_AWAY,COLLISION_SEVERITY,NUMBER_KILLED,NUMBER_INJURED,PARTY_COUNT,PRIMARY_COLL_FACTOR,PCF_CODE_OF_VIOL,PCF_VIOL_CATEGORY,PCF_VIOLATION,PCF_VIOL_SUBSECTION,HIT_AND_RUN,TYPE_OF_COLLISION,MVIW,PED_ACTION,ROAD_SURFACE,ROAD_COND_1,ROAD_COND_2,LIGHTING,CONTROL_DEVICE,CHP_ROAD_TYPE,PEDESTRIAN_ACCIDENT,BICYCLE_ACCIDENT,MOTORCYCLE_ACCIDENT,TRUCK_ACCIDENT,NOT_PRIVATE_PROPERTY,ALCOHOL_INVOLVED,STWD_VEHTYPE_AT_FAULT,CHP_VEHTYPE_AT_FAULT,COUNT_SEVERE_INJ,COUNT_VISIBLE_INJ,COUNT_COMPLAINT_PAIN,COUNT_PED_KILLED,COUNT_PED_INJURED,COUNT_BICYCLIST_KILLED,COUNT_BICYCLIST_INJURED,COUNT_MC_KILLED,COUNT_MC_INJURED,PRIMARY_RAMP,SECONDARY_RAMP,LATITUDE,LONGITUDE,COUNTY,CITY,POINT_X,POINT_Y
9475220,2022,2022-07-11,1910,2022-05-25,1453,05331,NA,3,5,4,1910,0,0,0,NA,0,009,S REXFORD DR,GREGORY WY,0,NA,Y,A,-,N,NA,NA,NA,NA,NA,NA,NA,NA,NA,N,4,0,4,2,A,-,09,21800,A,N,D,C,A,A,H,-,A,A,0,NA,NA,NA,NA,Y,NA,A,01,0,0,4,0,0,0,0,0,0,-,-,34.062198638916016,-118.39385986328124,LOS ANGELES,BEVERLY HILLS,-118.39388275146484,34.06221008300781
94752220,2025,2025-07-07,9550,2025-06-25,850,024590,NA,3,1,9,1900,0,2,4,NA,1,031,HACIENDA BLVD S/B,COLIMA RD,167,N,N,A,-,N,NA,NA,NA,NA,NA,NA,NA,NA,NA,N,3,0,1,2,A,-,21,22106,NA,N,C,C,A,A,H,-,A,A,0,NA,NA,NA,NA,Y,NA,A,01,0,1,0,0,0,0,0,0,0,-,-,33.981788635253906,-117.9731674194336,LOS ANGELES,UNINCORPORATED,-117.9731216430664,33.98170471191406
94752234,2025,2025-07-07,9565,2025-06-25,530,021512,NA,3,3,9,1900,0,2,4,NA,1,032,SLAUSON AVE W/B,LA CIENEGA BLVD,0,NA,Y,A,-,N,NA,NA,NA,NA,NA,NA,NA,NA,NA,N,4,0,1,2,A,-,03,22350,NA,N,C,C,A,A,H,-,A,A,0,NA,NA,NA,NA,Y,NA,A,07,0,0,1,0,0,0,0,0,0,-,-,33.987831115722656,-118.37030029296876,LOS ANGELES,UNINCORPORATED,-118.37120819091795,33.988033294677734
9475224,2022,2022-07-11,1942,2022-05-15,0040,44299,0778,7,5,7,1942,0,0,0,G,0,27T31W,7TH AV,17TH ST,41,S,N,A,-,N,NA,NA,NA,NA,NA,NA,NA,NA,NA,Y,3,0,1,2,A,-,01,23152,F,N,C,E,A,A,H,-,C,A,0,NA,NA,NA,NA,Y,NA,A,07,0,1,0,0,0,0,0,0,0,-,-,NA,NA,LOS ANGELES,LOS ANGELES,-118.32485198974608,34.04167938232422
9475226,2022,2022-07-13,1942,2022-06-21,0152,42222,1258,2,5,7,1942,0,0,0,L,0,12A93,FLORENCE AV,SAN PEDRO ST,0,NA,Y,A,-,N,NA,NA,NA,NA,NA,NA,NA,NA,NA,Y,4,0,4,2,A,-,09,21800,D,N,D,C,A,A,H,-,E,B,0,NA,NA,NA,NA,Y,NA,A,01,0,0,4,0,0,0,0,0,0,-,-,NA,NA,LOS ANGELES,LOS ANGELES,-118.26956939697266,33.974693298339844
94752260,2025,2025-07-07,9550,2025-06-25,2130,023782,NA,3,2,9,1900,0,2,4,NA,1,023,MULBERRY DR,LA MIRADA BLVD,0,NA,Y,A,-,N,NA,NA,NA,NA,NA,NA,NA,NA,NA,Y,3,0,2,2,A,-,12,21453,A,N,D,2,A,A,H,-,C,A,0,NA,NA,NA,NA,Y,NA,A,01,0,1,1,0,0,0,0,0,0,-,-,33.935279846191406,-118.01172637939452,LOS ANGELES,UNINCORPORATED,-118.01184844970705,33.93514633178711
94752262,2025,2025-07-07,9550,2025-06-26,1300,022037,NA,4,1,6,1949,0,1,1,NA,2,651,I-605 NORTHBOUND,FIRESTONE BOULEVARD,50,S,N,A,-,Y,LA,NA,605,NA,R,8.373,H,NA,R,Y,4,0,1,3,A,-,08,22107,NA,N,B,C,A,A,H,-,A,D,0,NA,NA,NA,NA,Y,NA,A,01,0,0,1,0,0,0,0,0,0,-,-,33.92436981201172,-118.10413360595705,LOS ANGELES,NORWALK,-118.10400390625,33.924354553222656
94752274,2025,2025-07-07,9575,2025-05-21,1240,023016,NA,3,1,6,1953,0,1,1,NA,2,064,I-210 W/B (FOOTHILL FREEWAY),CRAIG AVE,235,E,N,A,-,Y,LA,NA,210,NA,R,27.88,H,NA,L,N,3,0,1,3,A,-,03,22350,NA,M,C,2,A,A,H,-,A,A,0,NA,NA,NA,NA,Y,NA,A,01,0,1,0,0,0,0,0,0,0,-,-,34.15262985229492,-118.10533142089844,LOS ANGELES,PASADENA,-118.10533142089844,34.152652740478516
94752281,2025,2025-07-07,9550,2025-06-26,1445,024057,NA,4,2,9,1900,0,2,4,NA,1,015,I-605 NORTHBOUND TO SLAUSON AVE.,PIONEER BLVD.,0,NA,Y,A,-,N,NA,NA,NA,NA,NA,NA,NA,NA,NA,Y,3,0,1,2,A,-,09,21802,A,N,D,C,A,A,H,-,A,D,0,NA,NA,NA,Y,Y,NA,F,26,0,1,0,0,0,0,0,0,0,-,-,33.9687385559082,-118.08148956298828,LOS ANGELES,UNINCORPORATED,-118.08174896240234,33.825870513916016
9475230,2022,2022-07-20,1942,2022-06-23,1445,33122,1176,4,5,7,1942,0,0,0,K,0,24MQ48,RIVERSIDE DR,RT 5,0,NA,Y,A,-,Y,LA,7,5,-,-,12.859,R,3,N,N,3,0,1,1,A,-,03,22350,NA,N,E,I,A,D,H,-,A,A,0,NA,NA,Y,NA,Y,NA,C,02,0,1,0,0,0,0,0,0,1,-,SO,NA,NA,LOS ANGELES,LOS ANGELES,-118.1592254638672,34.009544372558594
9475231,2022,2022-07-12,1942,2022-06-23,1435,39889,1118,4,5,7,1942,0,0,0,K,0,24MQ39,YORK BL,NOLDEN ST,140,W,N,A,-,N,NA,NA,NA,NA,NA,NA,NA,NA,NA,N,3,0,1,1,A,-,01,23152,A,N,F,J,A,A,H,-,A,D,0,NA,NA,Y,NA,Y,Y,C,03,0,1,0,0,0,0,0,0,1,-,-,NA,NA,LOS ANGELES,LOS ANGELES,-118.19566345214844,34.11921691894531
9475232,2022,2022-07-12,1942,2022-06-22,1530,39395,1178,3,5,7,1942,0,0,0,K,0,24TL56,CYPRESS AV,GRANADA ST,0,NA,Y,A,-,N,NA,NA,NA,NA,NA,NA,NA,NA,NA,N,4,0,1,2,A,-,09,21804,A,F,D,C,A,A,H,-,A,D,0,NA,NA,NA,NA,Y,NA,A,01,0,0,1,0,0,0,0,0,0,-,-,NA,NA,LOS ANGELES,LOS ANGELES,-118.22882080078124,34.09587097167969
94752354,2025,2025-07-07,9550,2025-06-27,145,023883,NA,5,3,5,1919,0,1,1,NA,2,652,I-605 NORTHBOUND,ALONDRA BOULEVARD,2000,S,N,A,-,Y,LA,NA,605,NA,R,5.463,H,NA,R,N,3,0,2,2,A,-,08,22107,NA,N,B,2,A,A,H,-,D,D,0,NA,NA,NA,NA,Y,NA,A,07,0,2,0,0,0,0,0,0,0,-,-,33.882259368896484,-118.10401916503906,LOS ANGELES,CERRITOS,-118.10389709472656,33.88227462768555
94752396,2025,2025-07-07,9545,2025-06-28,2140,023914,NA,6,2,9,1900,0,3,5,NA,2,004,AVENUE T,LONGVIEW RD,100,E,N,A,-,N,NA,NA,NA,NA,NA,NA,NA,NA,NA,Y,4,0,1,2,A,-,03,22350,NA,F,C,C,A,A,H,-,D,D,0,NA,NA,NA,NA,Y,NA,-,99,0,0,1,0,0,0,0,0,0,-,-,34.54280090332031,-117.88968658447266,LOS ANGELES,UNINCORPORATED,-117.88973236083984,34.54279327392578
94752442,2024,2025-07-07,9565,2024-02-11,124,023518,NA,7,3,9,1900,0,2,4,NA,2,021,VERMONT AVENUE SOUTHBOUND,119TH PLACE,12,N,N,A,-,N,NA,NA,NA,NA,NA,NA,NA,NA,NA,Y,1,1,0,3,A,-,11,21954,A,N,G,B,D,A,H,-,C,A,0,Y,NA,NA,NA,Y,Y,N,60,0,0,0,1,0,0,0,0,0,-,-,33.92428970336914,-118.29180145263672,LOS ANGELES,UNINCORPORATED,-118.29183959960938,33.92428207397461
94752532,2025,2025-07-08,9535,2025-06-20,1630,020551,NA,5,2,9,1900,0,1,3,NA,2,620,SR-60 EASTBOUND (POMONA FREEWAY),SANTA ANITA AVE.,1000,E,N,A,-,Y,LA,NA,60,NA,NA,9.934,H,NA,L,N,4,0,1,2,A,-,07,21658,A,N,B,C,A,A,H,-,A,D,0,NA,NA,NA,Y,Y,NA,G,25,0,0,1,0,0,0,0,0,0,-,-,34.04079055786133,-118.05686950683594,LOS ANGELES,UNINCORPORATED,-118.05687713623048,34.04075622558594
94752537,2024,2025-07-08,9565,2024-06-01,645,023555,NA,6,1,7,1942,0,1,1,NA,2,063,I-405 N/B,CONSTITUTION AVE,1800,N,N,B,-,Y,LA,NA,405,NA,NA,32.245,H,NA,R,Y,2,0,1,1,A,-,08,22107,NA,N,E,I,A,A,H,-,B,D,0,NA,NA,NA,NA,Y,NA,A,01,1,0,0,0,0,0,0,0,0,-,-,34.06399917602539,-118.4589385986328,LOS ANGELES,LOS ANGELES,-118.45884704589844,34.064056396484375
94752542,2024,2025-07-08,9565,2024-06-14,1625,023555,NA,5,2,7,1942,0,1,1,NA,2,083,I-10 E/B,LA CIENEGA BOULEVARD,200,W,N,A,-,Y,LA,NA,10,NA,R,8.613,H,NA,R,N,4,0,2,2,A,-,03,22350,NA,F,C,C,A,A,H,-,A,D,0,NA,NA,NA,NA,Y,NA,-,99,0,0,2,0,0,0,0,0,0,-,-,34.036258697509766,-118.38150024414064,LOS ANGELES,LOS ANGELES,-118.38150787353516,34.0362663269043
94752548,2024,2025-07-08,9565,2024-12-02,1730,023555,NA,1,2,5,1928,0,1,1,NA,2,060,I-405 S/B (SAN DIEGO FREEWAY),ROSECRANS AVE,200,N,N,A,-,Y,LA,NA,405,NA,NA,19.487,H,NA,L,N,4,0,1,2,A,-,03,22350,NA,N,C,C,A,A,H,-,C,D,0,NA,NA,NA,NA,Y,NA,A,01,0,0,1,0,0,0,0,0,0,-,-,33.90570068359375,-118.37052154541016,LOS ANGELES,HAWTHORNE,-118.37056732177734,33.90570068359375
94752549,2025,2025-07-08,9545,2025-06-24,745,024553,NA,2,1,9,1900,0,1,3,NA,2,031,SR-14 N/B,SANTIAGO RD,3168,N,N,A,-,Y,LA,NA,14,NA,R,51.403,H,NA,R,Y,2,0,1,2,A,-,08,22107,NA,F,B,C,A,A,H,-,A,D,0,NA,NA,NA,NA,Y,NA,A,01,1,0,0,0,0,0,0,0,0,-,-,34.48527145385742,-118.15260314941406,LOS ANGELES,UNINCORPORATED,-118.15259552001952,34.485145568847656
94752562,2024,2025-07-08,9565,2024-08-16,2000,023555,NA,5,2,9,1900,0,2,4,NA,2,024,VAN NESS AVE,IMPERIAL HWY,0,NA,Y,A,-,N,NA,NA,NA,NA,NA,NA,NA,NA,NA,Y,3,0,1,2,A,-,09,21801,A,N,D,C,A,A,H,-,C,A,0,NA,NA,Y,NA,Y,NA,A,01,0,1,0,0,0,0,0,0,1,-,-,33.930938720703125,-118.31773376464844,LOS ANGELES,UNINCORPORATED,-118.31777954101564,33.93090057373047
9475270,2022,2022-07-14,1942,2022-06-25,1710,38088,1822,6,5,7,1942,0,0,0,R,0,25MX87,CENTURY BL,OLIVE ST,20,E,N,A,-,N,NA,NA,NA,NA,NA,NA,NA,NA,NA,Y,4,0,1,2,A,-,03,22350,NA,N,C,C,A,A,H,-,A,D,0,NA,NA,NA,NA,Y,NA,A,01,0,0,1,0,0,0,0,0,0,-,-,NA,NA,LOS ANGELES,LOS ANGELES,-118.27909088134766,33.94554901123047
9475277,2022,2022-07-12,1900,2022-03-20,2004,626647,1365,7,5,5,1952,0,0,0,NA,0,136,SOMERSET RANCH RD,MERKEL AV,0,NA,Y,A,-,N,NA,NA,NA,NA,NA,NA,NA,NA,NA,N,3,0,2,2,A,-,03,22350,NA,M,C,C,A,A,H,-,C,A,0,NA,NA,NA,NA,Y,NA,A,01,0,1,1,0,0,0,0,0,0,-,-,NA,NA,LOS ANGELES,PARAMOUNT,-118.1552505493164,33.9117317199707
9475278,2022,2022-07-20,1941,2022-05-31,1930,6170,NA,2,5,7,1941,0,0,0,NA,0,NA,SEABRIGHT AV,23RD ST,129,S,N,A,-,N,NA,NA,NA,NA,NA,NA,NA,NA,NA,Y,4,0,1,2,A,-,08,22107,NA,N,C,E,A,A,H,-,A,D,0,NA,NA,NA,NA,Y,NA,A,NA,0,0,1,0,0,0,0,0,0,-,-,NA,NA,LOS ANGELES,LONG BEACH,-118.21764373779295,33.79857635498047
9475280,2022,2022-07-12,1900,2022-03-18,1800,654688,1333,5,5,5,1908,0,0,0,NA,0,133T2,WOODRUFF AV,ALONDRA BL,435,N,N,A,-,N,NA,NA,NA,NA,NA,NA,NA,NA,NA,N,4,0,1,2,D,-,00,NA,NA,N,D,G,A,A,H,-,A,D,0,NA,Y,NA,NA,Y,NA,-,-,0,0,1,0,0,0,1,0,0,-,-,NA,NA,LOS ANGELES,BELLFLOWER,-118.11739349365234,33.89055252075195
9475301,2022,2022-07-14,1942,2022-06-19,0115,43371,0666,7,5,7,1942,0,0,0,F,0,27T33W,SUNSET BL,HUDSON AV,31,E,N,A,-,N,NA,NA,NA,NA,NA,NA,NA,NA,NA,N,2,0,1,2,A,-,11,21954,A,F,G,B,D,A,H,-,C,A,0,Y,NA,NA,NA,Y,NA,N,60,1,0,0,0,1,0,0,0,0,-,-,NA,NA,LOS ANGELES,LOS ANGELES,-118.33148956298828,34.09798812866211
9475302,2022,2022-07-14,1942,2022-06-05,2010,37575,0702,7,5,7,1942,0,0,0,G,0,27T31,MELROSE AV,VISTA ST,0,NA,Y,A,-,N,NA,NA,NA,NA,NA,NA,NA,NA,NA,Y,3,0,1,2,A,-,12,22450,NA,F,D,C,A,A,H,-,C,A,0,NA,NA,NA,NA,Y,NA,A,01,0,1,0,0,0,0,0,0,0,-,-,NA,NA,LOS ANGELES,LOS ANGELES,-118.35226440429688,34.083621978759766
9475303,2022,2022-07-14,1931,2022-06-17,1820,5342,1931,5,5,5,1931,0,0,0,NA,0,003,FLORENCE AV,RUGBY AV,25,E,N,A,-,N,NA,NA,NA,NA,NA,NA,NA,NA,NA,N,4,0,1,2,A,-,04,21703,NA,N,C,C,A,A,H,-,A,D,0,NA,NA,NA,NA,Y,NA,A,01,0,0,1,0,0,0,0,0,0,-,-,NA,NA,LOS ANGELES,HUNTINGTON PARK,-118.2264404296875,33.97433090209961
94753094,2025,2025-07-08,9525,2025-06-25,830,024256,NA,3,1,6,1955,0,1,1,NA,2,107,I-10 W/B TO SR-57 S/B,SR-57 SOUTHBOUND (ORANGE FREEWAY),528,W,N,A,-,Y,LA,NA,57,NA,R,7.353,H,NA,L,Y,3,0,1,2,A,-,01,23152,A,N,B,2,A,A,H,-,A,D,0,NA,NA,NA,NA,Y,Y,A,01,0,1,0,0,0,0,0,0,0,-,-,34.060001373291016,-117.80534362792967,LOS ANGELES,POMONA,-117.80504608154295,34.060062408447266
94753098,2025,2025-07-08,9590,2025-06-25,2250,024364,NA,3,3,7,1942,0,1,2,NA,2,071,US-101 S/B (HOLLYWOOD FREEWAY),N VERMONT AVENUE,784,S,N,A,-,Y,LA,NA,101,NA,NA,4.224,H,NA,L,Y,3,0,1,2,A,-,07,21658,A,N,B,C,A,A,H,-,C,D,0,NA,NA,NA,NA,Y,Y,A,01,0,1,0,0,0,0,0,0,0,-,-,34.078330993652344,-118.2890396118164,LOS ANGELES,LOS ANGELES,-118.2890396118164,34.078330993652344
94753112,2025,2025-07-08,9565,2025-06-25,1550,021729,NA,3,2,7,1942,0,1,1,NA,2,063,I-405 S/B,SEPULVEDA BLVD,500,N,N,A,-,Y,LA,NA,405,NA,NA,35.382,H,NA,L,N,4,0,1,2,A,-,08,22107,NA,N,B,C,A,A,H,-,A,D,0,NA,NA,NA,Y,Y,NA,A,01,0,0,1,0,0,0,0,0,0,-,-,34.1049690246582,-118.47792053222656,LOS ANGELES,LOS ANGELES,-118.47789764404295,34.10498046875
9475313,2022,2022-07-13,1931,2022-06-17,0150,5326,1931,5,5,5,1931,0,0,0,NA,0,001,GAGE AV,ALAMEDA ST,0,NA,Y,A,-,N,NA,NA,NA,NA,NA,NA,NA,NA,NA,Y,3,0,1,2,A,-,12,21453,A,N,D,C,A,A,H,-,C,A,0,NA,NA,NA,NA,Y,NA,A,01,0,1,0,0,0,0,0,0,0,-,-,NA,NA,LOS ANGELES,HUNTINGTON PARK,-118.23590087890624,33.981651306152344
9475315,2022,2022-07-13,1929,2022-06-27,1818,235,1929,1,5,3,1929,0,0,0,NA,0,001,HERMOSA AV,6TH ST,0,NA,Y,A,-,N,NA,NA,NA,NA,NA,NA,NA,NA,NA,NA,4,0,1,2,A,-,08,22107,NA,N,D,-,A,A,H,-,A,A,0,NA,NA,NA,NA,Y,NA,A,01,0,0,1,0,0,0,0,0,0,-,-,NA,NA,LOS ANGELES,HERMOSA BEACH,-118.3989486694336,33.85780334472656
9475317,2022,2022-08-09,1900,2022-06-20,2352,640413,1620,1,5,5,1977,0,0,0,NA,0,167T1,WILMINGTON AV,223RD ST,500,N,N,A,-,N,NA,NA,NA,NA,NA,NA,NA,NA,NA,N,4,0,1,2,A,-,12,21453,A,N,B,C,A,A,H,-,C,A,0,NA,NA,NA,NA,Y,NA,M,96,0,0,1,0,0,0,0,0,0,-,-,NA,NA,LOS ANGELES,CARSON,-118.24184417724608,33.82550048828125
94753178,2025,2025-07-08,9565,2025-06-25,1625,024496,NA,3,2,9,1900,0,2,4,NA,2,022,NORMANDIE AVENUE,110TH STREET,0,NA,Y,A,-,N,NA,NA,NA,NA,NA,NA,NA,NA,NA,Y,3,0,2,2,A,-,12,21453,A,N,D,2,A,A,H,-,A,A,0,NA,NA,NA,NA,Y,NA,A,07,0,2,0,0,0,0,0,0,0,-,-,33.935508728027344,-118.30026245117188,LOS ANGELES,UNINCORPORATED,-118.30030059814452,33.935508728027344
9475318,2022,2022-07-13,1929,2022-06-19,0106,236,1929,7,5,3,1929,0,0,0,NA,0,001,MONTEREY BL,HERONDO ST,47,N,N,A,-,N,NA,NA,NA,NA,NA,NA,NA,NA,NA,Y,3,0,1,2,A,-,08,22107,NA,M,D,E,A,A,H,-,C,A,0,NA,NA,NA,NA,Y,Y,-,NA,0,1,0,0,0,0,0,0,0,-,-,NA,NA,LOS ANGELES,HERMOSA BEACH,-118.39573669433594,33.853233337402344
94753216,2025,2025-07-08,9530,2025-06-25,1755,023590,NA,3,2,5,1943,0,1,1,NA,2,210,I-105 W/B (GLENN ANDERSON FWY),LONG BEACH BLVD.,2900,W,N,A,-,Y,LA,NA,105,NA,R,10.971,H,NA,L,Y,4,0,1,4,A,-,03,22350,NA,N,C,C,A,A,H,-,A,D,0,NA,NA,NA,NA,Y,NA,A,01,0,0,1,0,0,0,0,0,0,-,-,33.92906188964844,-118.2190170288086,LOS ANGELES,LYNWOOD,-118.21903228759766,33.929039001464844
94753225,2025,2025-07-08,9590,2025-06-25,1708,024492,NA,3,2,7,1942,0,1,2,NA,2,071,US-101 S/B (HOLLYWOOD FREEWAY),SILVER LAKE BOULEVARD,650,S,N,A,-,Y,LA,NA,101,NA,NA,3.659,H,NA,L,N,4,0,2,2,A,-,03,22350,NA,N,C,C,A,A,H,-,A,D,0,NA,NA,NA,NA,Y,NA,A,01,0,0,2,0,0,0,0,0,0,-,-,34.0766487121582,-118.27951049804688,LOS ANGELES,LOS ANGELES,-118.27953338623048,34.076595306396484
94753243,2025,2025-07-08,9580,2025-06-30,1545,022717,NA,1,2,7,1942,0,1,2,NA,2,106,US-101 N/B (VENTURA FREEWAY),REYES ADOBE RD,650,N,N,A,-,Y,LA,NA,101,NA,NA,36.317,H,NA,R,N,3,0,2,1,C,-,18,NA,NA,N,E,9,A,A,H,-,A,D,0,NA,NA,NA,NA,Y,NA,-,-,0,2,0,0,0,0,0,0,0,-,-,34.146968841552734,-118.78354644775392,LOS ANGELES,LOS ANGELES,-118.78353881835938,34.1468505859375
94753333,2024,2025-07-08,9565,2024-09-08,1755,023555,NA,7,2,9,1900,0,2,4,NA,1,054,ADMIRALTY WAY W/B,MARINA CITY DR,100,W,N,A,-,N,NA,NA,NA,NA,NA,NA,NA,NA,NA,N,3,0,1,2,A,-,08,22107,NA,N,B,C,A,A,H,-,A,D,0,NA,NA,NA,NA,Y,NA,D,22,0,1,0,0,0,0,0,0,0,-,-,33.98540115356445,-118.45362091064452,LOS ANGELES,UNINCORPORATED,-118.45545959472656,33.98471450805664
94753366,2025,2025-07-08,9575,2025-06-26,1005,024266,NA,4,1,9,1900,0,3,5,NA,2,008,SAN GABRIEL BLVD (6500 BLOCK),WOODLAWN AVE,81,N,N,A,-,N,NA,NA,NA,NA,NA,NA,NA,NA,NA,Y,4,0,3,3,A,-,03,22350,NA,N,C,C,A,A,H,-,A,D,0,NA,NA,NA,NA,Y,NA,A,01,0,0,3,0,0,0,0,0,0,-,-,34.11832046508789,-118.09123229980467,LOS ANGELES,UNINCORPORATED,-118.09124755859376,34.118263244628906
94753380,2025,2025-07-08,9575,2025-07-03,1407,024526,NA,4,2,5,1902,0,1,1,NA,2,065,I-210 E/B (FOOTHILL FWY),HUNTINGTON DRIVE,1584,W,N,A,-,Y,LA,NA,210,NA,R,32.579,H,NA,R,N,4,0,1,2,A,-,03,22350,NA,N,C,C,A,A,H,-,A,D,0,NA,NA,NA,NA,Y,NA,A,08,0,0,1,0,0,0,0,0,0,-,-,34.143070220947266,-118.02120208740234,LOS ANGELES,ARCADIA,-118.02125549316406,34.14298629760742
94753395,2025,2025-07-08,9545,2025-07-04,30,024391,NA,5,3,9,1900,0,3,5,NA,2,003,CROWN VALLEY RD,ROBERTS RD,200,S,N,A,-,N,NA,NA,NA,NA,NA,NA,NA,NA,NA,Y,2,0,6,2,A,-,01,23152,A,M,D,C,A,A,H,-,D,D,0,NA,NA,Y,NA,Y,Y,A,07,1,5,0,0,0,0,0,0,5,-,-,34.4757194519043,-118.19757843017578,LOS ANGELES,UNINCORPORATED,-118.19754028320313,34.47572326660156
94753417,2024,2025-07-08,9565,2024-12-18,1750,023555,NA,3,2,9,1900,0,2,4,NA,2,042,LA CIENEGA BLVD,LENNOX BLVD,0,NA,Y,A,-,N,NA,NA,NA,NA,NA,NA,NA,NA,NA,Y,4,0,3,3,A,-,09,21801,A,N,D,C,A,A,H,-,C,A,0,NA,NA,NA,NA,Y,NA,A,01,0,0,3,0,0,0,0,0,0,-,-,33.93817138671875,-118.36997222900392,LOS ANGELES,UNINCORPORATED,-118.37012481689452,33.93817138671875
9475344,2022,2022-07-21,1941,2022-06-01,0643,10930,NA,3,5,7,1941,0,0,0,NA,0,NA,WALNUT AV,ANAHEIM ST,6,N,N,A,-,N,NA,NA,NA,NA,NA,NA,NA,NA,NA,N,4,0,1,2,A,-,10,21950,A,F,H,G,A,A,H,-,A,A,0,NA,Y,NA,NA,Y,NA,-,NA,0,0,1,0,0,0,1,0,0,-,-,NA,NA,LOS ANGELES,LONG BEACH,-118.1719970703125,33.78262710571289
9475345,2022,2022-07-19,1941,2022-06-30,0059,10324,NA,4,5,7,1941,0,0,0,NA,0,NA,20TH ST,LEMON AV,35,E,N,-,-,N,NA,NA,NA,NA,NA,NA,NA,NA,NA,Y,3,0,1,6,A,-,01,23152,B,N,B,E,A,A,H,-,C,D,0,NA,NA,NA,NA,Y,Y,A,NA,0,1,0,0,0,0,0,0,0,-,-,NA,NA,LOS ANGELES,LONG BEACH,-118.17842864990234,33.79349136352539
9475347,2022,2022-07-19,1941,2022-06-06,1031,11023,NA,1,5,7,1941,0,0,0,NA,0,NA,WILLOW ST,REDONDO AV,0,NA,Y,A,-,N,NA,NA,NA,NA,NA,NA,NA,NA,NA,Y,3,0,1,2,A,-,12,21453,A,N,D,C,A,A,H,-,A,A,0,NA,NA,NA,NA,Y,NA,A,NA,0,1,0,0,0,0,0,0,0,-,-,NA,NA,LOS ANGELES,LONG BEACH,-118.15135955810548,33.804359436035156
9475348,2022,2022-08-09,1941,2022-06-29,1222,10365,NA,3,5,7,1941,0,0,0,NA,0,NA,LOS COYOTES DIAGONAL,STEARNS ST,0,NA,Y,A,-,N,NA,NA,NA,NA,NA,NA,NA,NA,NA,Y,4,0,5,3,A,-,03,22350,NA,N,C,C,A,A,H,-,A,A,0,NA,NA,NA,NA,Y,NA,A,NA,0,0,5,0,0,0,0,0,0,-,-,NA,NA,LOS ANGELES,LONG BEACH,-118.13507843017578,33.79608154296875
94753484,2025,2025-07-08,9590,2025-07-07,945,023252,NA,1,1,7,1942,0,1,2,NA,2,070,US-101 N/B (HOLLYWOOD FREEWAY),EDGEWARE BOULEVARD,935,N,N,A,-,Y,LA,NA,101,NA,NA,2.251,H,NA,R,N,4,0,4,3,A,-,03,22350,NA,N,C,C,A,A,H,-,A,D,0,NA,NA,NA,NA,Y,NA,D,22,0,0,4,0,0,0,0,0,0,-,-,34.0683708190918,-118.25714874267578,LOS ANGELES,LOS ANGELES,-118.25715637207033,34.068355560302734
9475349,2022,2022-08-04,1941,2022-06-15,2305,11233,NA,3,5,7,1941,0,0,0,NA,0,NA,BROADWAY,ORIZABA AV,0,NA,N,A,-,N,NA,NA,NA,NA,NA,NA,NA,NA,NA,Y,4,0,4,3,A,-,05,21651,B,N,B,C,A,A,H,-,C,D,0,NA,NA,NA,NA,Y,Y,A,NA,0,0,4,0,0,0,0,0,0,-,-,NA,NA,LOS ANGELES,LONG BEACH,-118.15705871582033,33.76510238647461
94753498,2025,2025-07-08,9530,2025-06-29,1300,023418,NA,7,1,7,1941,0,1,1,NA,2,072,I-710 N/B TO I-405 S/B,I-405 S/B (SAN DIEGO FREEWAY),2000,S,N,A,-,Y,LA,NA,710,NA,NA,9.259,H,NA,R,Y,4,0,1,3,A,-,03,22350,NA,N,B,C,A,A,H,-,A,D,0,NA,NA,NA,NA,Y,NA,A,01,0,0,1,0,0,0,0,0,0,-,-,33.82429122924805,-118.20664215087892,LOS ANGELES,LONG BEACH,-118.20693206787108,33.82426834106445
9475350,2022,2022-10-19,1941,2022-06-17,1733,11222,NA,5,5,7,1941,0,0,0,NA,0,NA,DAISY AV,ESTHER,0,NA,Y,A,-,N,NA,NA,NA,NA,NA,NA,NA,NA,NA,Y,3,0,2,2,A,-,09,21802,A,N,D,C,A,A,H,-,A,D,0,NA,NA,NA,NA,Y,NA,A,NA,0,1,1,0,0,0,0,0,0,-,-,NA,NA,LOS ANGELES,LONG BEACH,-118.19937133789064,33.78887176513672