CASE_ID,ACCIDENT_YEAR,PROC_DATE,JURIS,COLLISION_DATE,COLLISION_TIME,OFFICER_ID,REPORTING_DISTRICT,DAY_OF_WEEK,CHP_SHIFT,POPULATION,CNTY_CITY_LOC,SPECIAL_COND,BEAT_TYPE,CHP_BEAT_TYPE,CITY_DIVISION_LAPD,CHP_BEAT_CLASS,BEAT_NUMBER,PRIMARY_RD,SECONDARY_RD,DISTANCE,DIRECTION,INTERSECTION,WEATHER_1,WEATHER_2,STATE_HWY_IND,CALTRANS_COUNTY,CALTRANS_DISTRICT,STATE_ROUTE,ROUTE_SUFFIX,POSTMILE_PREFIX,POSTMILE,LOCATION_TYPE,RAMP_INTERSECTION,SIDE_OF_HWY,TOW_AWAY,COLLISION_SEVERITY,NUMBER_KILLED,NUMBER_INJURED,PARTY_COUNT,PRIMARY_COLL_FACTOR,PCF_CODE_OF_VIOL,PCF_VIOL_CATEGORY,PCF_VIOLATION,PCF_VIOL_SUBSECTION,HIT_AND_RUN,TYPE_OF_COLLISION,MVIW,PED_ACTION,ROAD_SURFACE,ROAD_COND_1,ROAD_COND_2,LIGHTING,CONTROL_DEVICE,CHP_ROAD_TYPE,PEDESTRIAN_ACCIDENT,BICYCLE_ACCIDENT,MOTORCYCLE_ACCIDENT,TRUCK_ACCIDENT,NOT_PRIVATE_PROPERTY,ALCOHOL_INVOLVED,STWD_VEHTYPE_AT_FAULT,CHP_VEHTYPE_AT_FAULT,COUNT_SEVERE_INJ,COUNT_VISIBLE_INJ,COUNT_COMPLAINT_PAIN,COUNT_PED_KILLED,COUNT_PED_INJURED,COUNT_BICYCLIST_KILLED,COUNT_BICYCLIST_INJURED,COUNT_MC_KILLED,COUNT_MC_INJURED,PRIMARY_RAMP,SECONDARY_RAMP,LATITUDE,LONGITUDE,COUNTY,CITY,POINT_X,POINT_Y
9476102,2022,2022-08-02,1934,2022-04-01,1735,748,IRWPD,5,5,1,1934,0,0,0,NA,0,001,ARROW HWY,AZUSA CANYON RD,0,NA,Y,A,-,N,NA,NA,NA,NA,NA,NA,NA,NA,NA,N,3,0,1,1,A,-,03,22350,NA,N,E,I,A,A,H,-,A,A,0,NA,NA,NA,NA,Y,NA,A,01,0,1,0,0,0,0,0,0,0,-,-,NA,NA,LOS ANGELES,IRWINDALE,-117.94297790527344,34.10700225830078
9476104,2022,2022-08-03,1972,2022-04-28,2002,21239,NA,4,5,6,1972,0,0,0,NA,0,NA,TORRANCE BL,ENGRACIA AV,0,NA,Y,A,-,N,NA,NA,NA,NA,NA,NA,NA,NA,NA,N,4,0,1,2,A,-,05,21650,1,N,D,G,A,A,H,-,C,A,0,NA,Y,NA,NA,Y,NA,L,NA,0,0,1,0,0,0,1,0,0,-,-,NA,NA,LOS ANGELES,TORRANCE,-118.31794738769533,33.83633804321289
9476105,2022,2022-08-10,1972,2022-04-29,1831,21239,NA,5,5,6,1972,0,0,0,NA,0,NA,190TH ST,WESTERN AV,0,NA,Y,A,-,Y,LA,7,213,-,-,9.877,I,5,S,Y,4,0,2,2,A,-,09,21453,C,N,D,C,A,A,H,-,A,A,0,NA,NA,NA,NA,Y,NA,A,NA,0,0,2,0,0,0,0,0,0,-,-,NA,NA,LOS ANGELES,TORRANCE,-118.30940246582033,33.8583869934082
9476106,2022,2022-08-10,1972,2022-04-16,2253,19086,NA,6,5,6,1972,0,0,0,NA,0,NA,HAWTHORN BL,190TH ST,0,NA,Y,A,-,Y,LA,7,107,-,-,3.75,H,-,S,Y,3,0,1,1,A,-,03,22350,NA,N,E,I,A,A,H,-,C,D,0,NA,NA,NA,NA,Y,NA,A,NA,0,1,0,0,0,0,0,0,0,-,-,NA,NA,LOS ANGELES,TORRANCE,-118.3530044555664,33.859188079833984
94761065,2025,2025-07-14,9535,2025-07-01,1325,024484,NA,2,1,9,1900,0,2,4,NA,2,015,FLORAL DRIVE,MEDNIK AVENUE,0,NA,Y,A,-,N,NA,NA,NA,NA,NA,NA,NA,NA,NA,Y,4,0,1,2,A,-,09,21801,A,N,A,C,A,A,H,-,A,A,0,NA,NA,Y,NA,Y,NA,A,01,0,0,1,0,0,0,0,0,1,-,-,34.044219970703125,-118.16195678710938,LOS ANGELES,UNINCORPORATED,-118.16194152832033,34.04420852661133
9476109,2022,2022-08-24,1900,2022-04-30,1602,647596,1132,6,5,6,1992,0,0,0,NA,0,111T2,AVE I,CHALLENGER WY,0,NA,Y,A,G,N,NA,NA,NA,NA,NA,NA,NA,NA,NA,Y,4,0,1,2,A,-,-,NA,NA,N,D,C,A,A,H,-,A,A,0,NA,NA,NA,NA,Y,NA,-,NA,0,0,1,0,0,0,0,0,0,-,-,34.70423889160156,-118.11267852783205,LOS ANGELES,LANCASTER,-118.11264038085938,34.70414352416992
9476110,2022,2022-08-08,1900,2022-04-19,1305,624625,1131,2,5,6,1992,0,0,0,NA,0,111T1,AVE I,SIERRA HWY,369,E,N,A,-,N,NA,NA,NA,NA,NA,NA,NA,NA,NA,N,3,0,3,2,A,-,17,21209,A,N,A,C,A,A,H,-,A,A,0,NA,NA,NA,NA,Y,NA,A,01,0,2,1,0,0,0,0,0,0,-,-,NA,NA,LOS ANGELES,LANCASTER,-118.13662719726564,34.703941345214844
94761102,2025,2025-07-14,9550,2025-07-04,1925,024601,NA,5,2,9,1900,0,1,3,NA,2,600,SR-60 W/B,CROSSROADS PARKWAY,1426,E,N,A,-,Y,LA,NA,60,NA,NA,12.911,H,NA,L,Y,3,0,5,2,A,-,08,22107,NA,N,B,2,A,A,H,-,A,D,0,NA,NA,NA,NA,Y,NA,A,07,0,1,4,0,0,0,0,0,0,-,-,34.02914810180664,-118.00763702392578,LOS ANGELES,UNINCORPORATED,-118.00764465332033,34.02924728393555
9476111,2022,2022-08-02,1900,2022-04-25,1302,510509,1121,1,5,6,1992,0,0,0,NA,0,112T4,SIERRA HWY,AVE I,992,N,N,A,-,N,NA,NA,NA,NA,NA,NA,NA,NA,NA,Y,4,0,1,2,A,-,08,22107,NA,N,B,C,A,A,H,-,A,D,0,NA,NA,NA,NA,Y,NA,-,NA,0,0,1,0,0,0,0,0,0,-,-,NA,NA,LOS ANGELES,LANCASTER,-118.13827514648438,34.706626892089844
94761115,2025,2025-07-14,9535,2025-07-02,1237,024497,NA,3,1,5,1948,0,1,3,NA,2,620,SR-60 E/B (POMONA FREEWAY),PARAMOUNT BLVD,300,W,N,A,-,Y,LA,NA,60,NA,R,7.685,H,NA,R,Y,3,0,2,2,A,-,07,21658,A,N,B,C,A,A,H,-,A,D,0,NA,NA,NA,NA,Y,NA,A,01,0,2,0,0,0,0,0,0,0,-,-,34.03575897216797,-118.0943603515625,LOS ANGELES,MONTEREY PARK,-118.09434509277344,34.035648345947266
9476112,2022,2022-08-03,1900,2022-04-30,1744,610418,1159,6,5,6,1992,0,0,0,NA,0,111T1,90TH ST WEST,AVE K,0,NA,Y,A,-,N,NA,NA,NA,NA,NA,NA,NA,NA,NA,Y,4,0,2,2,A,-,12,22450,A,N,B,C,A,A,H,-,A,A,0,NA,NA,NA,NA,Y,NA,-,NA,0,0,2,0,0,0,0,0,0,-,-,NA,NA,LOS ANGELES,LANCASTER,-118.28913116455078,34.67475128173828
9476113,2022,2022-08-03,1900,2022-04-29,1606,610418,1192,5,5,6,1992,0,0,0,NA,0,111T7,AVE K-4,30TH ST WEST,28,E,N,A,-,N,NA,NA,NA,NA,NA,NA,NA,NA,NA,N,4,0,1,2,D,-,00,NA,NA,N,C,C,A,A,H,-,A,A,0,NA,NA,NA,NA,Y,NA,-,-,0,0,1,0,0,0,0,0,0,-,-,NA,NA,LOS ANGELES,LANCASTER,-118.18347930908205,34.67115020751953
9476114,2022,2022-08-03,1900,2022-04-28,1510,624934,1131,4,5,6,1992,0,0,0,NA,0,111T2,5TH ST EAST,AVE H-14,0,NA,Y,A,-,N,NA,NA,NA,NA,NA,NA,NA,NA,NA,N,4,0,1,2,A,-,09,21802,A,N,D,C,A,A,H,-,A,D,0,NA,NA,NA,NA,Y,NA,A,01,0,0,1,0,0,0,0,0,0,-,-,NA,NA,LOS ANGELES,LANCASTER,-118.12152099609376,34.70636749267578
9476115,2022,2022-08-03,1900,2022-04-11,0013,652882,1137,1,5,6,1992,0,0,0,NA,0,111T1,CHALLENGER WY,AVE K,195,N,N,A,-,N,NA,NA,NA,NA,NA,NA,NA,NA,NA,Y,4,0,2,2,A,-,09,21804,A,N,D,C,A,A,H,-,C,D,0,NA,NA,NA,NA,Y,NA,A,01,0,0,2,0,0,0,0,0,0,-,-,NA,NA,LOS ANGELES,LANCASTER,-118.11239624023438,34.675533294677734
94761159,2025,2025-07-14,9550,2025-07-05,329,023937,NA,6,3,5,1969,0,1,1,NA,2,151,I-105 (EASTBOUND),PARAMOUNT BOULEVARD,200,E,N,A,-,Y,LA,NA,105,NA,R,14.694,H,NA,R,Y,4,0,2,2,A,-,08,22107,NA,N,C,C,A,A,H,-,C,D,0,NA,NA,NA,NA,Y,NA,A,01,0,0,2,0,0,0,0,0,0,-,-,33.91183853149414,-118.15921020507813,LOS ANGELES,SOUTH GATE,-118.15921020507813,33.91184997558594
9476116,2022,2022-08-02,1900,2022-04-06,1210,510509,1133,3,5,6,1992,0,0,0,NA,0,112T4,CHALLENGER WY,AVE 3,167,S,N,A,-,N,NA,NA,NA,NA,NA,NA,NA,NA,NA,N,3,0,1,2,A,-,08,22107,NA,N,B,C,A,A,H,-,A,D,0,NA,Y,NA,NA,Y,NA,-,NA,0,1,0,0,0,0,1,0,0,-,-,NA,NA,LOS ANGELES,LANCASTER,-118.11260223388672,34.68625259399414
94761168,2025,2025-07-14,9550,2025-06-15,1835,024187,NA,7,2,1,1932,0,1,3,NA,2,602,STATE ROUTE 60 WESTBOUND TO FULLERTON ROAD,FULLERTON ROAD,10,E,N,A,-,Y,NA,NA,NA,NA,NA,NA,NA,NA,NA,N,3,0,1,2,A,-,09,21804,A,N,D,C,A,A,H,-,A,A,0,NA,NA,NA,NA,Y,NA,M,94,0,1,0,0,0,0,0,0,0,-,-,33.99542999267578,-117.90484619140624,LOS ANGELES,INDUSTRY,-117.90512084960938,33.9942512512207
9476117,2022,2022-08-02,1900,2022-04-06,2043,624926,1121,3,5,6,1992,0,0,0,NA,0,112T2,10TH ST WEST,AVE I,25,S,N,A,-,N,NA,NA,NA,NA,NA,NA,NA,NA,NA,N,4,0,1,2,A,-,03,22350,NA,M,C,C,A,A,H,-,C,A,0,NA,NA,NA,NA,Y,NA,-,NA,0,0,1,0,0,0,0,0,0,-,-,NA,NA,LOS ANGELES,LANCASTER,-118.14811706542967,34.703880310058594
9476120,2022,2022-08-02,1942,2022-04-15,0315,41516,2019,5,5,7,1942,0,0,0,NA,0,27T35,VIRGIL AV,BEVERLY BL,57,S,N,A,-,N,NA,NA,NA,NA,NA,NA,NA,NA,NA,Y,4,0,1,2,A,-,01,23152,A,N,C,C,A,A,H,-,C,A,0,NA,NA,NA,NA,Y,Y,A,07,0,0,1,0,0,0,0,0,0,-,-,NA,NA,LOS ANGELES,LOS ANGELES,-118.28681182861328,34.07467269897461
9476124,2021,2022-07-26,1901,2021-11-28,1523,254,NA,7,5,5,1901,0,0,0,NA,0,001,MISSION RD,GARFIELD AV,0,NA,Y,A,-,N,NA,NA,NA,NA,NA,NA,NA,NA,NA,NA,4,0,1,2,A,-,12,21453,A,N,D,C,A,A,H,-,A,A,0,NA,NA,NA,NA,Y,NA,-,-,0,0,1,0,0,0,0,0,0,-,-,34.08964920043945,-118.12307739257813,LOS ANGELES,ALHAMBRA,-118.12307739257813,34.08963394165039
94761240,2025,2025-07-14,9545,2025-07-11,1225,021814,NA,5,1,9,1900,0,1,3,NA,2,011,SR-14 N/B,AVENUE E,770,N,N,A,-,Y,LA,NA,14,NA,R,73.149,H,NA,R,Y,4,0,1,1,A,-,08,22107,NA,N,E,8,A,A,D,-,A,D,0,NA,NA,NA,NA,Y,NA,A,07,0,0,1,0,0,0,0,0,0,-,-,34.76451110839844,-118.17047882080078,LOS ANGELES,UNINCORPORATED,-118.17037200927734,34.76451110839844
94761255,2025,2025-07-14,9565,2025-07-01,1814,024559,NA,2,2,4,1918,0,1,1,NA,2,061,I-405 S/B,JEFFERSON BLVD,180,N,N,A,-,Y,LA,NA,405,NA,NA,25.987,H,NA,L,N,3,0,1,3,A,-,03,22350,NA,N,C,C,A,A,H,-,A,D,0,NA,NA,NA,NA,Y,NA,A,01,0,1,0,0,0,0,0,0,0,-,-,33.98822021484375,-118.39959716796876,LOS ANGELES,CULVER CITY,-118.39960479736328,33.988216400146484
94761261,2025,2025-07-15,9565,2025-07-01,545,024279,NA,2,3,9,1900,0,3,5,NA,2,004,CRENSHAW BOULEVARD S/B,135TH STREET,575,N,N,B,-,N,NA,NA,NA,NA,NA,NA,NA,NA,NA,Y,4,0,1,1,A,-,01,23152,A,N,E,I,A,A,H,-,A,D,0,NA,NA,NA,NA,Y,Y,A,07,0,0,1,0,0,0,0,0,0,-,-,33.91080093383789,-118.32666015625,LOS ANGELES,UNINCORPORATED,-118.32659912109376,33.9107666015625
94761265,2025,2025-07-15,9540,2025-07-13,1048,023330,NA,7,1,6,1985,0,1,1,NA,1,502,I-5 N/B,WELDON CANYON RD,3508,N,N,A,-,Y,LA,NA,5,NA,R,47.291,H,NA,R,Y,3,0,1,1,A,-,08,22107,NA,N,E,I,A,A,H,-,A,D,0,NA,NA,NA,NA,Y,NA,A,01,0,1,0,0,0,0,0,0,0,-,-,34.346519470214844,-118.5328369140625,LOS ANGELES,SANTA CLARITA,-118.53297424316406,34.34639358520508
94761269,2025,2025-07-15,9565,2025-07-12,310,024474,NA,6,3,7,1942,0,1,1,NA,2,061,I-405 S/B (SAN DIEGO FREEWAY),JEFFERSON BOULEVARD,500,S,N,A,-,Y,LA,NA,405,NA,NA,25.823,H,NA,L,Y,2,0,1,3,A,-,01,23152,A,N,C,C,A,A,H,-,C,D,0,NA,NA,NA,Y,Y,Y,A,01,1,0,0,0,0,0,0,0,0,-,-,33.98617172241211,-118.39801788330078,LOS ANGELES,LOS ANGELES,-118.39802551269533,33.98616409301758
94761339,2025,2025-07-15,9590,2025-06-21,2135,024445,NA,6,2,7,1942,0,1,3,NA,2,095,SR-2 S/B (GLENDALE FREEWAY),OAK GLEN PLACE,1300,N,N,A,-,Y,LA,NA,2,NA,NA,14.711,H,NA,L,N,4,0,1,3,A,-,03,22350,NA,N,C,C,A,A,H,-,C,D,0,NA,NA,NA,NA,Y,NA,A,01,0,0,1,0,0,0,0,0,0,-,-,34.096988677978516,-118.2533721923828,LOS ANGELES,LOS ANGELES,-118.25335693359376,34.09698486328125
94761340,2025,2025-07-15,9590,2025-06-01,506,024364,NA,7,3,7,1942,0,1,1,NA,2,021,I-10 W/B (SAN BERNARDINO FREEWAY),N STATE STREET,844,E,N,A,-,Y,LA,NA,10,NA,NA,18.685,H,NA,L,Y,3,0,3,4,A,-,03,22350,NA,N,C,2,E,A,G,-,B,D,0,Y,NA,NA,NA,Y,Y,A,01,0,3,0,0,1,0,0,0,0,-,-,34.05424880981445,-118.20925903320313,LOS ANGELES,LOS ANGELES,-118.2092514038086,34.05427169799805
94761341,2025,2025-07-15,9590,2025-06-21,210,023394,NA,6,3,7,1942,0,1,2,NA,2,073,US-101 S/B (HOLLYWOOD FREEWAY),FRANKLIN AVE,50,S,N,A,-,Y,LA,NA,101,NA,NA,7.13,H,NA,L,N,3,0,1,1,A,-,01,23152,A,N,E,I,A,A,H,-,D,D,0,NA,NA,NA,NA,Y,Y,A,01,0,1,0,0,0,0,0,0,0,-,-,34.105201721191406,-118.32617950439452,LOS ANGELES,LOS ANGELES,-118.32623291015624,34.105133056640625
9476141,2022,2022-07-11,1953,2022-05-30,1250,1255,1953,1,5,6,1953,0,0,0,NA,0,003,E WALNUT ST,WILSON AV,180,W,N,A,-,N,NA,NA,NA,NA,NA,NA,NA,NA,NA,N,4,0,1,1,A,-,03,22350,NA,N,H,I,A,A,H,-,A,A,0,NA,Y,NA,NA,Y,NA,L,04,0,0,1,0,0,0,1,0,0,-,-,NA,NA,LOS ANGELES,PASADENA,-118.1286849975586,34.14960479736328
9476142,2022,2022-07-11,1953,2022-05-25,1325,3301,1953,3,5,6,1953,0,0,0,NA,0,003,CORSON ST,ALLEN AV,0,NA,Y,A,-,N,NA,NA,NA,NA,NA,NA,NA,NA,NA,Y,4,0,1,2,A,-,12,21453,A,N,D,C,A,A,H,-,A,A,0,NA,NA,NA,NA,Y,NA,A,07,0,0,1,0,0,0,0,0,0,-,-,NA,NA,LOS ANGELES,PASADENA,-118.11316680908205,34.151859283447266
9476143,2022,2022-07-11,1953,2022-05-26,0915,3456,PASAD,4,5,6,1953,0,0,0,NA,0,002,WASHINGTON BL,SUNSET AV,0,NA,Y,A,-,N,NA,NA,NA,NA,NA,NA,NA,NA,NA,Y,4,0,2,3,A,-,09,21802,A,N,D,C,A,A,H,-,A,A,0,NA,NA,NA,NA,Y,NA,A,07,0,0,2,0,0,0,0,0,0,-,-,NA,NA,LOS ANGELES,PASADENA,-118.15474700927734,34.1688232421875
9476144,2022,2022-07-11,1953,2022-05-27,1447,7868,1953,5,5,6,1953,0,0,0,NA,0,002,LOS ROBLES AV,WASHINGTON BL,0,NA,Y,A,-,N,NA,NA,NA,NA,NA,NA,NA,NA,NA,Y,4,0,1,2,A,-,08,22107,NA,N,B,C,A,A,H,-,A,A,0,NA,NA,NA,NA,Y,NA,A,01,0,0,1,0,0,0,0,0,0,-,-,NA,NA,LOS ANGELES,PASADENA,-118.14163970947266,34.1689338684082
9476145,2022,2022-07-11,1953,2022-05-29,0214,1185,CA019,7,5,6,1953,0,0,0,NA,0,005,HOLLY ST,MARENGO AV,230,E,N,A,-,N,NA,NA,NA,NA,NA,NA,NA,NA,NA,N,3,0,1,2,A,-,00,12500,A,N,G,B,D,A,H,-,C,D,0,Y,NA,NA,NA,Y,Y,A,01,0,1,0,0,1,0,0,0,0,-,-,NA,NA,LOS ANGELES,PASADENA,-118.14517974853516,34.147647857666016
9476146,2022,2022-07-11,1953,2022-05-29,1917,0366,PASAD,7,5,6,1953,0,0,0,NA,0,004,LOMBARDY RD,CHAPEA RD,300,W,N,A,-,N,NA,NA,NA,NA,NA,NA,NA,NA,NA,N,3,0,1,2,A,-,08,22100,NA,F,G,B,E,A,H,-,A,D,0,Y,NA,Y,NA,Y,NA,C,02,0,1,0,0,1,0,0,0,0,-,-,NA,NA,LOS ANGELES,PASADENA,-118.0839385986328,34.133697509765625
9476147,2022,2022-07-11,1953,2022-05-24,0811,8990,PASAD,2,5,6,1953,0,0,0,NA,0,003,HILL ST,CASA GRANDE ST,100,S,N,A,-,N,NA,NA,NA,NA,NA,NA,NA,NA,NA,Y,4,0,1,2,A,-,03,22350,NA,N,C,C,A,A,H,-,A,D,0,NA,NA,NA,NA,Y,NA,A,01,0,0,1,0,0,0,0,0,0,-,-,NA,NA,LOS ANGELES,PASADENA,-118.12149047851564,34.162925720214844
9476148,2022,2022-07-11,1953,2022-05-25,1955,5339,1953,3,5,6,1953,0,0,0,NA,0,002,LAKE AV,MOUNTAIN ST,0,NA,Y,A,-,N,NA,NA,NA,NA,NA,NA,NA,NA,NA,Y,4,0,5,3,A,-,03,22350,A,N,C,C,A,A,H,-,A,A,0,NA,NA,NA,NA,Y,NA,A,01,0,0,5,0,0,0,0,0,0,-,-,NA,NA,LOS ANGELES,PASADENA,-118.13249969482422,34.16157150268555
9476149,2022,2022-07-11,1953,2022-05-14,1548,3809,1953,6,5,6,1953,0,0,0,NA,0,005,COLORADO BL,LAKE AV,0,NA,Y,A,-,N,NA,NA,NA,NA,NA,NA,NA,NA,NA,Y,2,0,3,4,A,-,09,21801,NA,N,D,C,A,A,H,-,A,A,0,NA,NA,NA,NA,Y,NA,A,01,1,0,2,0,0,0,0,0,0,-,-,NA,NA,LOS ANGELES,PASADENA,-118.13233947753906,34.14589309692383
9476150,2022,2022-07-21,1953,2022-05-22,1534,5981,1953,7,5,6,1953,0,0,0,NA,0,1L52,CHESTNUT ST,CHESTNUT ST 142,0,NA,N,A,-,N,NA,NA,NA,NA,NA,NA,NA,NA,NA,N,4,0,1,2,A,-,09,21801,A,N,B,C,A,-,H,-,A,D,0,NA,NA,NA,NA,Y,NA,A,01,0,0,1,0,0,0,0,0,0,-,-,NA,NA,LOS ANGELES,PASADENA,-120.23863220214844,37.96225357055664
9476151,2022,2022-07-11,1953,2022-05-14,1607,1515,1953,6,5,6,1953,0,0,0,NA,0,004,ORANGE GROVE BL,SIERRA MADRE VILLA AV,530,W,N,A,-,N,NA,NA,NA,NA,NA,NA,NA,NA,NA,Y,3,0,1,2,A,-,03,22350,NA,N,E,E,A,A,H,-,A,D,0,NA,NA,NA,NA,Y,Y,A,01,0,1,0,0,0,0,0,0,0,-,-,NA,NA,LOS ANGELES,PASADENA,-118.08330535888672,34.15786361694336
9476152,2022,2022-07-11,1953,2022-05-19,0725,8990,PASAD,4,5,6,1953,0,0,0,NA,0,002,FAIR OAKS AV,WASHINGTON BL,0,NA,Y,B,-,N,NA,NA,NA,NA,NA,NA,NA,NA,NA,Y,4,0,2,2,A,-,12,21453,A,N,D,C,A,A,H,-,A,A,0,NA,NA,NA,NA,Y,NA,A,07,0,0,2,0,0,0,0,0,0,-,-,NA,NA,LOS ANGELES,PASADENA,-118.15068817138672,34.1688346862793
9476153,2022,2022-07-11,1953,2022-05-13,1547,7788,1953,5,5,6,1953,0,0,0,NA,0,004,DEL MAR BL,ALTADENA DR,10,W,N,A,-,N,NA,NA,NA,NA,NA,NA,NA,NA,NA,N,4,0,1,2,A,-,03,22350,NA,F,C,C,A,A,-,-,A,B,0,NA,NA,NA,NA,Y,NA,A,01,0,0,1,0,0,0,0,0,0,-,-,NA,NA,LOS ANGELES,PASADENA,-118.09873199462892,34.1421012878418
9476154,2022,2022-08-09,1953,2022-05-20,1751,7788,1953,5,5,6,1953,0,0,0,NA,0,005,RAYMOND AV,DAYTON ST,0,NA,Y,B,C,N,NA,NA,NA,NA,NA,NA,NA,NA,NA,N,2,0,1,2,A,-,09,21801,A,N,D,-,A,B,H,-,A,D,0,NA,Y,NA,NA,Y,Y,A,01,1,0,0,0,0,0,1,0,0,-,-,NA,NA,LOS ANGELES,PASADENA,-118.14888763427734,34.14353561401367
9476155,2022,2022-07-11,1900,2022-06-09,1811,647596,1126,4,5,6,1992,0,0,0,NA,0,112T2,AVENUE K-8,DRIVERS WY,0,NA,Y,A,G,N,NA,NA,NA,NA,NA,NA,NA,NA,NA,Y,4,0,1,2,A,-,09,21802,A,N,D,C,A,A,H,-,A,D,0,NA,NA,NA,NA,Y,NA,A,01,0,0,1,0,0,0,0,0,0,-,-,34.667659759521484,-118.14949035644533,LOS ANGELES,LANCASTER,-118.1495361328125,34.6676025390625
9476156,2022,2022-07-21,1900,2022-05-05,2251,616178,1127,4,5,6,1992,0,0,0,NA,0,112T1,AVENUE J-8,BOBBY JONES DR,0,NA,Y,A,-,N,NA,NA,NA,NA,NA,NA,NA,NA,NA,N,3,0,2,2,A,-,09,21802,A,N,D,C,A,A,H,-,C,A,0,NA,NA,NA,NA,Y,NA,A,01,0,1,1,0,0,0,0,0,0,-,-,NA,NA,LOS ANGELES,LANCASTER,-118.1892547607422,34.6821403503418
9476157,2022,2022-08-03,1900,2022-05-12,1530,656401,1192,4,5,6,1992,0,0,0,NA,0,111T1,35TH ST WEST,AVENUE L,0,NA,Y,A,-,N,NA,NA,NA,NA,NA,NA,NA,NA,NA,Y,4,0,1,2,A,-,09,21801,A,N,D,C,A,A,H,-,A,A,0,NA,NA,NA,NA,Y,NA,A,01,0,0,1,0,0,0,0,0,0,-,-,NA,NA,LOS ANGELES,LANCASTER,-118.1923599243164,34.66022491455078
9476158,2022,2022-08-02,1900,2022-05-05,1645,656401,1123,4,5,6,1992,0,0,0,NA,0,111T1,CEDAR AV,AVENUE J,0,NA,Y,A,-,N,NA,NA,NA,NA,NA,NA,NA,NA,NA,Y,4,0,2,3,A,-,09,21802,A,N,D,C,A,-,H,-,A,D,0,NA,NA,NA,NA,Y,NA,A,01,0,0,2,0,0,0,0,0,0,-,-,NA,NA,LOS ANGELES,LANCASTER,-118.13814544677734,34.689456939697266
9476159,2022,2022-07-11,1900,2022-05-19,1545,648715,1182,4,5,6,1992,0,0,0,NA,0,111T2,AVENUE K,42ND ST W,0,NA,Y,A,-,N,NA,NA,NA,NA,NA,NA,NA,NA,NA,N,3,0,3,2,A,-,05,21752,D,N,D,C,A,A,H,-,A,A,0,NA,NA,NA,NA,Y,NA,A,07,0,1,2,0,0,0,0,0,0,-,-,34.67481994628906,-118.20590209960938,LOS ANGELES,LANCASTER,-118.20590972900392,34.67482376098633
94761606,2025,2025-07-15,9530,2025-07-02,635,023456,NA,3,1,9,1900,0,3,5,NA,2,006,NEW HAMPSHIRE AVE.,MILTON ST.,0,NA,Y,A,-,N,NA,NA,NA,NA,NA,NA,NA,NA,NA,N,2,0,1,2,A,-,12,22450,A,N,D,G,A,A,H,-,A,A,0,NA,Y,NA,NA,Y,NA,M,91,1,0,0,0,0,0,1,0,0,-,-,33.843780517578125,-118.29168701171876,LOS ANGELES,UNINCORPORATED,-118.29164886474608,33.84371566772461
94761625,2025,2025-07-15,9550,2025-01-30,1730,023172,NA,4,2,9,1900,0,3,5,NA,2,004,COLIMA ROAD,ALLENTON AVENUE,0,NA,Y,A,-,N,NA,NA,NA,NA,NA,NA,NA,NA,NA,N,2,0,2,2,A,-,12,21453,A,N,D,C,A,A,H,-,C,A,0,NA,NA,NA,NA,Y,NA,A,07,1,1,0,0,0,0,0,0,0,-,-,33.98109817504883,-117.96630096435548,LOS ANGELES,UNINCORPORATED,-117.96627807617188,33.98122787475586
94761631,2025,2025-07-15,9530,2025-06-28,1330,024138,NA,6,1,9,1900,0,3,5,NA,2,002,BROADWAY AVENUE,140TH STREET,0,NA,Y,A,-,N,NA,NA,NA,NA,NA,NA,NA,NA,NA,N,3,0,2,2,A,-,03,22350,NA,N,D,G,A,A,H,-,A,A,0,NA,NA,NA,NA,Y,NA,A,01,0,1,1,0,0,0,0,0,0,-,-,33.904048919677734,-118.27835845947266,LOS ANGELES,UNINCORPORATED,-118.27840423583984,33.90407180786133
94761714,2024,2025-07-15,9530,2024-11-11,2342,021094,NA,1,3,6,1972,0,1,1,NA,2,400,INTERSTATE 405 SOUTHBOUND (SAN DIEGO FREEWAY),CRENSHAW BOULEVARD,800,S,N,A,-,Y,LA,NA,405,NA,NA,15.304,H,NA,L,Y,1,2,4,2,A,-,03,22350,NA,N,C,C,A,A,H,-,C,D,0,NA,NA,NA,NA,Y,NA,A,01,1,1,2,0,0,0,0,0,0,-,-,33.8637809753418,-118.32382202148438,LOS ANGELES,TORRANCE,-118.32386016845705,33.863685607910156
94761740,2025,2025-07-15,9565,2025-06-30,49,024401,NA,1,3,9,1900,0,2,4,NA,2,022,IMPERIAL HIGHWAY,NORMANDIE AVENUE,0,NA,Y,A,-,N,NA,NA,NA,NA,NA,NA,NA,NA,NA,Y,4,0,5,2,A,-,01,23152,A,N,D,C,A,A,H,-,C,A,0,NA,NA,NA,NA,Y,Y,A,07,0,0,5,0,0,0,0,0,0,-,-,33.930938720703125,-118.30027770996094,LOS ANGELES,UNINCORPORATED,-118.30032348632813,33.9309196472168
94761747,2025,2025-07-15,9590,2025-07-02,1808,022088,NA,3,2,7,1942,0,1,1,NA,2,082,I-5 N/B (GSF),MISSION RD,850,N,N,A,-,Y,LA,NA,5,NA,NA,18.966,H,NA,R,N,4,0,2,2,D,-,00,NA,NA,N,C,C,A,A,H,-,A,D,0,NA,NA,NA,NA,Y,NA,-,-,0,0,2,0,0,0,0,0,0,-,-,34.06258010864258,-118.2156982421875,LOS ANGELES,LOS ANGELES,-118.21568298339844,34.062583923339844
94761761,2025,2025-07-15,9545,2025-06-29,310,023914,NA,7,3,9,1900,0,3,5,NA,2,002,SIERRA HWY,PEARBLOSSOM HWY,0,NA,Y,A,-,N,NA,NA,NA,NA,NA,NA,NA,NA,NA,Y,3,0,9,2,A,-,01,23152,A,N,D,C,A,A,H,-,C,A,0,NA,NA,NA,NA,Y,Y,A,01,0,2,7,0,0,0,0,0,0,-,-,34.52199935913086,-118.09747314453124,LOS ANGELES,UNINCORPORATED,-118.09746551513672,34.522003173828125