CASE_ID,ACCIDENT_YEAR,PROC_DATE,JURIS,COLLISION_DATE,COLLISION_TIME,OFFICER_ID,REPORTING_DISTRICT,DAY_OF_WEEK,CHP_SHIFT,POPULATION,CNTY_CITY_LOC,SPECIAL_COND,BEAT_TYPE,CHP_BEAT_TYPE,CITY_DIVISION_LAPD,CHP_BEAT_CLASS,BEAT_NUMBER,PRIMARY_RD,SECONDARY_RD,DISTANCE,DIRECTION,INTERSECTION,WEATHER_1,WEATHER_2,STATE_HWY_IND,CALTRANS_COUNTY,CALTRANS_DISTRICT,STATE_ROUTE,ROUTE_SUFFIX,POSTMILE_PREFIX,POSTMILE,LOCATION_TYPE,RAMP_INTERSECTION,SIDE_OF_HWY,TOW_AWAY,COLLISION_SEVERITY,NUMBER_KILLED,NUMBER_INJURED,PARTY_COUNT,PRIMARY_COLL_FACTOR,PCF_CODE_OF_VIOL,PCF_VIOL_CATEGORY,PCF_VIOLATION,PCF_VIOL_SUBSECTION,HIT_AND_RUN,TYPE_OF_COLLISION,MVIW,PED_ACTION,ROAD_SURFACE,ROAD_COND_1,ROAD_COND_2,LIGHTING,CONTROL_DEVICE,CHP_ROAD_TYPE,PEDESTRIAN_ACCIDENT,BICYCLE_ACCIDENT,MOTORCYCLE_ACCIDENT,TRUCK_ACCIDENT,NOT_PRIVATE_PROPERTY,ALCOHOL_INVOLVED,STWD_VEHTYPE_AT_FAULT,CHP_VEHTYPE_AT_FAULT,COUNT_SEVERE_INJ,COUNT_VISIBLE_INJ,COUNT_COMPLAINT_PAIN,COUNT_PED_KILLED,COUNT_PED_INJURED,COUNT_BICYCLIST_KILLED,COUNT_BICYCLIST_INJURED,COUNT_MC_KILLED,COUNT_MC_INJURED,PRIMARY_RAMP,SECONDARY_RAMP,LATITUDE,LONGITUDE,COUNTY,CITY,POINT_X,POINT_Y
9477227,2022,2022-08-01,1942,2022-04-20,2125,40957,2034,3,5,7,1942,0,0,0,NA,0,20A33W,IROLO ST,7TH ST,0,NA,Y,A,-,N,NA,NA,NA,NA,NA,NA,NA,NA,NA,Y,3,0,1,3,A,-,01,23152,A,N,D,C,A,A,H,-,C,A,0,NA,NA,NA,NA,Y,Y,A,01,0,1,0,0,0,0,0,0,0,-,-,NA,NA,LOS ANGELES,LOS ANGELES,-118.3009033203125,34.05974578857422
94772270,2025,2025-07-22,9590,2025-07-09,1509,023394,NA,3,2,7,1942,0,1,1,NA,2,080,I-5 N/B (SANTA ANA FREEWAY),SOTO ST,300,S,N,A,-,Y,NA,NA,NA,NA,NA,NA,NA,NA,NA,N,4,0,2,3,A,-,03,22350,NA,M,C,C,A,A,H,-,A,D,0,NA,NA,NA,NA,Y,NA,A,01,0,0,2,0,0,0,0,0,0,-,-,34.03068923950195,-118.21675872802734,LOS ANGELES,LOS ANGELES,-118.21692657470705,34.03076934814453
94772281,2025,2025-07-22,9590,2025-07-10,1020,016856,NA,4,1,7,1942,0,1,1,NA,2,061,I-10 W/B (SANTA MONICA FREEWAY),REDONDO BOULEVARD,825,W,N,A,-,Y,LA,NA,10,NA,R,9.969,H,NA,L,N,4,0,1,2,A,-,03,22350,NA,N,C,C,A,A,H,-,A,D,0,NA,NA,NA,NA,Y,NA,D,22,0,0,1,0,0,0,0,0,0,-,-,34.03392028808594,-118.35845947265624,LOS ANGELES,LOS ANGELES,-118.35846710205078,34.033992767333984
94772296,2025,2025-07-22,9590,2025-07-20,1252,023892,NA,7,1,7,1942,0,1,2,NA,2,042,US-101 N/B (SANTA ANA FREEWAY),4TH STREET,500,N,N,A,-,Y,LA,NA,101,NA,S,0.733,H,NA,R,N,4,0,3,2,A,-,03,22350,NA,N,C,C,A,A,H,-,A,D,0,NA,NA,NA,NA,Y,NA,A,01,0,0,3,0,0,0,0,0,0,-,-,34.044681549072266,-118.22103881835938,LOS ANGELES,LOS ANGELES,-118.22103118896484,34.044681549072266
94772311,2025,2025-07-22,9540,2025-07-21,2355,021447,NA,1,3,9,1900,0,2,4,NA,1,202,SOLEDAD CANYON RD (11500 BLOCK),AGUA DULCE CYN RD,1000,W,N,A,-,N,NA,NA,NA,NA,NA,NA,NA,NA,NA,Y,3,0,1,1,A,-,08,22107,NA,N,F,8,A,A,H,-,D,D,0,NA,NA,NA,NA,Y,NA,A,01,0,1,0,0,0,0,0,0,0,-,-,34.436458587646484,-118.34052276611328,LOS ANGELES,UNINCORPORATED,-118.33927917480467,34.437721252441406
94772327,2025,2025-07-22,9590,2025-07-09,1618,022444,NA,3,2,7,1942,0,1,3,NA,2,030,SR-60 E/B (POMONA FREEWAY),EUCLID AVENUE,200,W,N,A,-,Y,LA,NA,60,NA,R,0.915,H,NA,R,N,3,0,1,2,A,-,07,21658,A,N,B,C,A,A,H,-,A,D,0,NA,NA,Y,NA,Y,NA,-,-,0,1,0,0,0,0,0,0,1,-,-,34.028141021728516,-118.20979309082033,LOS ANGELES,LOS ANGELES,-118.20979309082033,34.028114318847656
94772366,2025,2025-07-22,9580,2025-07-20,455,023284,NA,7,3,7,1942,0,1,2,NA,2,101,US-101 S/B (VENTURA FREEWAY),LAUREL CYN BLVD,2175,S,N,A,-,Y,LA,NA,101,NA,NA,12.438,H,NA,L,Y,3,0,2,2,C,-,18,NA,NA,N,D,C,A,A,H,-,C,D,0,NA,NA,NA,NA,Y,NA,-,-,0,1,1,0,0,0,0,0,0,-,-,34.15441131591797,-118.38909912109376,LOS ANGELES,LOS ANGELES,-118.38909912109376,34.15435791015625
94772386,2025,2025-07-22,9545,2025-07-15,1545,022435,NA,2,2,9,1900,0,1,3,NA,1,012,SR-138,60TH ST  W,0,NA,Y,A,-,Y,LA,NA,138,NA,NA,33.08,H,NA,R,N,3,0,3,1,A,-,03,22350,NA,N,E,I,A,A,H,-,A,A,0,NA,NA,NA,NA,Y,NA,A,01,0,1,2,0,0,0,0,0,0,-,-,34.776729583740234,-118.23731994628906,LOS ANGELES,UNINCORPORATED,-118.23731994628906,34.77666091918945
94772389,2025,2025-07-22,9590,2025-07-11,108,024445,NA,5,3,7,1942,0,1,1,NA,2,014,SR-110 N/B (ARROYO SECO PARKWAY),MARMION WAY,215,S,N,A,-,Y,LA,NA,110,NA,NA,29.23,H,NA,R,N,3,0,2,2,A,-,05,21651,B,N,A,C,A,A,H,-,C,D,0,NA,NA,NA,NA,Y,NA,D,22,0,1,1,0,0,0,0,0,0,-,-,34.11112976074219,-118.18119049072266,LOS ANGELES,LOS ANGELES,-118.18119049072266,34.11111068725586
94772407,2025,2025-07-22,9590,2025-07-18,27,024196,NA,5,3,7,1942,0,1,S,NA,2,904,LA CIENEGA BLVD.,OBAMA BLVD.,2310,S,N,A,-,Y,NA,NA,NA,NA,NA,NA,NA,NA,NA,Y,4,0,1,1,A,-,08,22107,NA,N,E,8,A,A,H,-,C,D,0,NA,NA,NA,NA,Y,NA,A,07,0,0,1,0,0,0,0,0,0,-,-,34.0153694152832,-118.37412261962892,LOS ANGELES,LOS ANGELES,-118.37409210205078,34.015621185302734
94772419,2025,2025-07-22,9530,2025-07-08,635,023418,NA,2,1,5,1915,0,3,5,NA,2,003,SR-91 E/B (ARTESIA FREEWAY),CENTRAL AVE.,528,W,N,A,-,Y,LA,NA,91,NA,R,8.189,H,NA,R,N,4,0,2,3,A,-,03,22350,NA,N,C,C,A,A,H,-,A,D,0,NA,NA,NA,NA,Y,NA,A,07,0,0,2,0,0,0,0,0,0,-,-,33.8736686706543,-118.2529525756836,LOS ANGELES,COMPTON,-118.25296020507813,33.87359619140625
9477243,2022,2022-08-02,1942,2022-05-02,1610,38118,2074,1,5,7,1942,0,0,0,NA,0,27M138,NORMANDIE AV,15TH ST,6,S,N,A,-,N,NA,NA,NA,NA,NA,NA,NA,NA,NA,N,3,0,2,3,A,-,01,23152,A,N,G,B,B,A,H,-,A,A,0,Y,NA,NA,NA,Y,Y,D,22,0,2,0,0,2,0,0,0,0,-,-,NA,NA,LOS ANGELES,LOS ANGELES,-118.30027770996094,34.04544448852539
94772444,2025,2025-07-22,9530,2025-07-05,1530,024609,NA,6,2,9,1900,0,3,5,NA,2,006,CARSON STREET (1200 BLOCK),NORMANDIE AVENUE,201.4,E,N,A,-,N,NA,NA,NA,NA,NA,NA,NA,NA,NA,Y,4,0,1,2,A,-,17,21209,A,N,D,2,A,A,H,-,A,D,0,NA,NA,NA,NA,Y,NA,A,07,0,0,1,0,0,0,0,0,0,-,-,33.83168029785156,-118.29842376708984,LOS ANGELES,UNINCORPORATED,-118.29891967773438,33.83155059814453
94772470,2025,2025-07-22,9530,2025-07-06,1735,024223,NA,7,2,7,1942,0,1,1,NA,2,110,I-110 N/B (HARBOR FREEWAY),I-105 E/B (GLENN ANDERSON FWY),0,NA,Y,A,-,Y,LA,NA,110,NA,NA,13.807,H,NA,R,N,2,0,1,2,A,-,11,21954,A,N,G,B,E,A,H,-,A,D,0,Y,NA,NA,NA,Y,Y,N,60,1,0,0,0,1,0,0,0,0,-,-,33.928531646728516,-118.28047943115234,LOS ANGELES,LOS ANGELES,-118.28057098388672,33.92854309082031
94772484,2025,2025-07-22,9590,2025-07-21,1230,019303,NA,1,1,7,1942,0,1,1,NA,2,050,I-110 N/B (HARBOR FREEWAY) (HAF),59TH PLACE,500,S,N,A,-,Y,LA,NA,110,NA,NA,17.721,H,NA,R,Y,3,0,2,2,A,-,03,22350,NA,N,C,C,A,A,H,-,A,D,0,NA,NA,NA,NA,Y,NA,A,01,0,1,1,0,0,0,0,0,0,-,-,33.98529815673828,-118.28034973144533,LOS ANGELES,LOS ANGELES,-118.28041076660156,33.98530197143555
9477252,2022,2022-10-07,1942,2022-07-13,1025,37952,1321,3,5,7,1942,0,0,0,M,0,24TL26,ADAMS BL,BROADWAY,0,NA,Y,A,-,N,NA,NA,NA,NA,NA,NA,NA,NA,NA,Y,4,0,2,2,A,-,12,21453,A,N,D,C,A,A,H,-,A,A,0,NA,NA,NA,NA,Y,NA,-,-,0,0,2,0,0,0,0,0,0,-,-,NA,NA,LOS ANGELES,LOS ANGELES,-118.269775390625,34.02534484863281
94772527,2025,2025-07-22,9575,2025-07-10,1115,022503,NA,4,1,6,1912,0,1,3,NA,2,044,SR-134 W/B (VENTURA FREEWAY),OLIVE AVE.,240,W,N,A,-,Y,LA,NA,134,NA,NA,2.186,H,NA,L,N,4,0,1,2,A,-,03,22350,NA,N,C,C,A,A,H,-,A,D,0,NA,NA,NA,NA,Y,NA,A,01,0,0,1,0,0,0,0,0,0,-,-,34.153568267822266,-118.33866119384766,LOS ANGELES,BURBANK,-118.3386688232422,34.15352249145508
94772573,2025,2025-07-22,9575,2025-06-17,1630,022203,NA,2,2,7,1942,0,1,3,NA,2,044,SR-134 W/B (VENTURA FREEWAY),CAHUENGA BOULEVARD,2587,E,N,A,-,Y,LA,NA,134,NA,NA,1.365,H,NA,L,Y,4,0,1,2,A,-,03,22350,NA,F,C,C,A,A,H,-,A,D,0,NA,NA,NA,NA,Y,NA,D,22,0,0,1,0,0,0,0,0,0,-,-,34.15317153930664,-118.3528289794922,LOS ANGELES,LOS ANGELES,-118.35283660888672,34.15319061279297
94772586,2025,2025-07-22,9590,2025-07-10,610,018510,NA,4,1,7,1942,0,1,2,NA,2,072,US-101 (HOLLYWOOD FREEWAY) JNO BARHAM,BARHAM BLVD,1000,N,N,A,-,Y,LA,NA,101,NA,NA,9.042,H,NA,R,N,4,0,1,2,A,-,08,22107,NA,N,B,C,A,A,H,-,A,D,0,NA,NA,NA,NA,Y,NA,A,01,0,0,1,0,0,0,0,0,0,-,-,34.12683868408203,-118.34487915039064,LOS ANGELES,LOS ANGELES,-118.34490966796876,34.12682342529297
94772592,2025,2025-07-22,9530,2025-06-29,242,024609,NA,7,3,9,1900,0,3,5,NA,2,002,REDONDO BEACH BOULEVARD,SAN PEDRO STREET,0,NA,Y,A,-,N,NA,NA,NA,NA,NA,NA,NA,NA,NA,Y,2,0,2,2,A,-,12,21453,A,N,D,9,A,A,H,-,C,A,0,NA,NA,NA,NA,Y,NA,A,01,1,0,1,0,0,0,0,0,0,-,-,33.8931884765625,-118.26699066162108,LOS ANGELES,UNINCORPORATED,-118.26702117919922,33.89318084716797
94772611,2025,2025-07-22,9525,2025-07-14,1710,024509,NA,1,2,9,1900,0,3,5,NA,2,004,PROCTOR AVE,4TH AVE,0,NA,Y,A,-,N,NA,NA,NA,NA,NA,NA,NA,NA,NA,Y,4,0,2,2,A,-,12,22450,A,N,D,C,A,A,H,-,A,A,0,NA,NA,NA,NA,Y,NA,A,01,0,0,2,0,0,0,0,0,0,-,-,34.039249420166016,-117.98822784423828,LOS ANGELES,UNINCORPORATED,-117.98819732666016,34.03923416137695
94772617,2025,2025-07-22,9525,2025-07-15,1550,024439,NA,2,2,1,1934,0,1,1,NA,2,204,I-210 E/B (FOOTHILL FWY),VERNON AVE.,100,E,N,A,-,Y,LA,NA,210,NA,R,38.987,H,NA,R,N,4,0,1,3,A,-,07,21658,A,N,C,C,A,A,H,-,A,D,0,NA,NA,NA,NA,Y,NA,A,01,0,0,1,0,0,0,0,0,0,-,-,34.125850677490234,-117.91586303710938,LOS ANGELES,IRWINDALE,-117.91575622558594,34.12592315673828
9477263,2022,2022-07-28,1942,2022-05-13,1510,40315,2074,5,5,7,1942,0,0,0,NA,0,27TL44,HARVARD BL,VENICE BL,40,N,N,A,-,N,NA,NA,NA,NA,NA,NA,NA,NA,NA,Y,4,0,1,2,A,-,03,22350,NA,F,C,C,A,A,H,-,A,D,0,NA,NA,NA,NA,Y,NA,A,01,0,0,1,0,0,0,0,0,0,-,-,NA,NA,LOS ANGELES,LOS ANGELES,-118.30433654785156,34.04359817504883
94772671,2025,2025-07-22,9525,2025-07-16,645,024439,NA,3,1,6,1955,0,1,1,NA,2,109,I-10 W/B (SAN BERNARDINO FWY),INDIAN HILL BLVD.,2376,E,N,A,-,Y,LA,NA,10,NA,NA,48.221,H,NA,L,Y,4,0,1,3,A,-,03,22350,NA,N,C,C,A,A,H,-,A,D,0,NA,NA,NA,NA,Y,NA,A,01,0,0,1,0,0,0,0,0,0,-,-,34.082008361816406,-117.71102142333984,LOS ANGELES,POMONA,-117.71102142333984,34.082000732421875
94772729,2025,2025-07-22,9565,2025-06-01,1115,024108,NA,7,1,5,1928,0,1,1,NA,2,012,I-105 W/B FROM CRENSHAW BOULEVARD,CRENSHAW BOULEVARD,110,E,N,A,-,Y,LA,NA,105,NA,R,4.769,H,NA,L,N,4,0,2,2,A,-,08,22107,NA,N,C,C,A,A,H,-,A,D,0,NA,NA,NA,NA,Y,NA,A,01,0,0,2,0,0,0,0,0,0,-,-,33.9255485534668,-118.32598114013672,LOS ANGELES,HAWTHORNE,-118.3259735107422,33.925437927246094
9477273,2022,2022-08-08,1900,2022-05-04,0630,648688,0245,3,5,3,1914,0,0,0,NA,0,27T1,DAVIE AV,CORVETTE ST,475,S,N,A,-,N,NA,NA,NA,NA,NA,NA,NA,NA,NA,Y,4,0,1,2,A,-,08,22107,NA,N,B,C,A,A,H,-,A,D,0,NA,NA,NA,Y,Y,NA,A,01,0,0,1,0,0,0,0,0,0,-,-,34.001731872558594,-118.13597106933594,LOS ANGELES,COMMERCE,-118.13582611083984,34.001792907714844
94772761,2025,2025-07-22,9550,2025-07-09,1315,022597,NA,3,1,3,1903,0,1,3,NA,2,091,STATE ROUTE 91 EASTBOUND,GRIDLEY ROAD,825,E,N,A,-,Y,LA,NA,91,NA,R,17.729,H,NA,R,N,4,0,1,3,A,-,03,22350,NA,N,C,C,A,A,H,-,A,D,0,NA,NA,NA,NA,Y,NA,A,01,0,0,1,0,0,0,0,0,0,-,-,33.876380920410156,-118.08878326416016,LOS ANGELES,ARTESIA,-118.08878326416016,33.87636184692383
9477277,2022,2022-10-27,1900,2022-05-04,0850,603324,0262,3,5,4,1917,0,0,0,NA,0,026,WILCOX AV,WILCOX AV 7726,0,NA,N,A,-,N,NA,NA,NA,NA,NA,NA,NA,NA,NA,N,4,0,2,2,A,-,09,21804,A,N,D,C,A,A,H,-,A,A,0,NA,NA,NA,NA,Y,NA,D,22,0,0,2,0,0,0,0,0,0,-,-,NA,NA,LOS ANGELES,CUDAHY,-118.12506866455078,34.033607482910156
94772776,2025,2025-07-22,9525,2025-07-16,1117,019291,NA,3,1,9,1900,0,2,4,NA,2,045,VALLEY BLVD,9TH AVE,75,W,N,A,-,Y,NA,NA,NA,NA,NA,NA,NA,NA,NA,N,3,0,1,2,A,-,05,21202,A,N,D,G,A,A,H,-,A,D,0,NA,Y,NA,NA,Y,NA,M,91,0,1,0,0,0,0,1,0,0,-,-,34.030120849609375,-117.96813201904295,LOS ANGELES,UNINCORPORATED,-117.96795654296876,34.0301628112793
94772777,2025,2025-07-22,9540,2025-04-22,1218,019772,NA,2,1,9,1900,0,3,5,NA,2,300,AVENUE PENN (29100 BLOCK),WITHERSPOON PARKWAY,440,N,N,A,-,N,NA,NA,NA,NA,NA,NA,NA,NA,NA,Y,1,1,0,3,A,-,21,22106,NA,F,H,9,A,A,H,-,A,D,0,NA,NA,NA,Y,Y,NA,F,26,0,0,0,0,0,0,0,0,0,-,-,34.44963836669922,-118.63784790039064,LOS ANGELES,UNINCORPORATED,-118.63800048828124,34.449588775634766
94772781,2025,2025-07-22,9525,2025-07-16,829,024518,NA,3,1,5,1926,0,1,1,NA,2,205,I-210 W/B (FOOTHILL FWY),SUNFLOWER AVE,300,W,N,A,-,Y,LA,NA,210,NA,R,43.083,H,NA,L,Y,4,0,1,2,A,-,07,21658,A,N,B,C,A,A,H,-,A,D,0,NA,NA,NA,Y,Y,NA,G,25,0,0,1,0,0,0,0,0,0,-,-,34.11772918701172,-117.847900390625,LOS ANGELES,GLENDORA,-117.847900390625,34.11769485473633
94772783,2025,2025-07-22,9550,2025-06-05,210,023732,NA,4,3,6,1920,0,1,1,NA,2,651,I-605 N/B,FLORENCE AVENUE,1373,S,N,A,-,Y,LA,NA,605,NA,R,9.09,H,NA,R,Y,4,0,1,2,A,-,01,23152,A,N,C,C,A,A,H,-,C,D,0,NA,NA,NA,Y,Y,Y,A,01,0,0,1,0,0,0,0,0,0,-,-,33.93424987792969,-118.1000518798828,LOS ANGELES,DOWNEY,-118.10009765625,33.93426513671875
94772784,2025,2025-07-22,9525,2025-07-18,1150,024147,NA,5,1,6,1955,0,1,3,NA,2,072,SR-71 N/B (CHINO VALLEY FWY),HOLT AVE,2112,N,N,A,-,Y,LA,NA,71,NA,R,1.038,H,NA,L,N,4,0,1,3,D,-,00,NA,NA,N,C,C,A,A,H,-,A,D,0,NA,NA,NA,Y,Y,NA,-,-,0,0,1,0,0,0,0,0,0,-,-,34.06460189819336,-117.79625701904295,LOS ANGELES,POMONA,-117.79629516601564,34.06452560424805
94772792,2025,2025-07-22,9525,2025-07-15,2141,024507,NA,2,2,6,1955,0,1,1,NA,2,109,I-10 W/B (SAN BERNARDINO FWY),INDIAN HILL BLVD,2435,E,N,A,-,Y,LA,NA,10,NA,NA,48.218,H,NA,L,Y,4,0,1,1,A,-,08,22107,NA,N,E,I,A,A,H,-,D,D,0,NA,NA,NA,NA,Y,NA,A,01,0,0,1,0,0,0,0,0,0,-,-,34.08209991455078,-117.71109008789064,LOS ANGELES,POMONA,-117.71109008789064,34.082000732421875
94772795,2025,2025-07-22,9525,2025-07-15,805,024518,NA,2,1,6,1975,0,1,1,NA,2,105,I-10 W/B (SAN BERNARDINO FWY),VINCENT AVE,1700,E,N,A,-,Y,LA,NA,10,NA,NA,35.734,H,NA,L,N,4,0,2,2,A,-,03,22350,NA,N,C,C,A,A,H,-,A,D,0,NA,NA,NA,NA,Y,NA,A,07,0,0,2,0,0,0,0,0,0,-,-,34.07231903076172,-117.92091369628906,LOS ANGELES,WEST COVINA,-117.92090606689452,34.072357177734375
9477282,2022,2022-07-25,1900,2022-05-07,1700,625414,0263,6,5,4,1917,0,0,0,NA,0,26T,SANTA ANA ST,SALT LAKE AV,250,E,N,A,-,N,NA,NA,NA,NA,NA,NA,NA,NA,NA,Y,4,0,1,2,A,-,08,22107,NA,N,-,C,A,A,H,-,A,D,0,NA,NA,NA,NA,Y,NA,A,01,0,0,1,0,0,0,0,0,0,-,-,NA,NA,LOS ANGELES,CUDAHY,-118.19142150878906,33.961456298828125
94772841,2025,2025-07-22,9590,2025-07-16,1100,022698,NA,3,1,7,1942,0,1,1,NA,2,011,SR-110 SOUTHBOUND (ARROYO SECO PARKWAY),PARK ROW STREET,170,S,N,A,-,Y,LA,NA,110,NA,NA,25.16,H,NA,L,N,3,0,1,3,A,-,03,22350,NA,N,C,C,A,A,H,-,A,D,0,NA,NA,NA,NA,Y,NA,A,01,0,1,0,0,0,0,0,0,0,-,-,34.07611083984375,-118.23153686523438,LOS ANGELES,LOS ANGELES,-118.23150634765624,34.076087951660156
94772857,2025,2025-07-22,9535,2025-07-10,918,024545,NA,4,1,6,1922,0,1,1,NA,2,401,I-10 W/B (SAN BERNARDINO FREEWAY),BALDWIN AVE,100,E,N,A,-,Y,LA,NA,10,NA,NA,27.992,H,NA,L,Y,4,0,2,3,A,-,03,22350,NA,N,C,C,A,A,H,-,A,D,0,NA,NA,NA,NA,Y,NA,A,07,0,0,2,0,0,0,0,0,0,-,-,34.07270050048828,-118.05320739746094,LOS ANGELES,EL MONTE,-118.05321502685548,34.072689056396484
94772882,2025,2025-07-22,9575,2025-07-16,1610,023071,NA,3,2,9,1900,0,2,4,NA,2,320,ANGELES FOREST HWY (N/B),GRIZZLY FLAT RD,940,S,N,A,-,N,NA,NA,NA,NA,NA,NA,NA,NA,NA,Y,2,0,1,1,A,-,03,22350,NA,N,E,J,A,A,H,-,A,D,0,NA,NA,NA,NA,Y,NA,A,01,1,0,0,0,0,0,0,0,0,-,-,34.27579116821289,-118.16506958007813,LOS ANGELES,UNINCORPORATED,NA,NA
94772883,2025,2025-07-22,9545,2025-07-22,611,021360,NA,2,1,9,1900,0,1,3,NA,2,011,SR-14 S/B,AVENUE E,1598,N,N,A,-,Y,LA,NA,14,NA,R,73.321,H,NA,L,Y,4,0,1,1,A,-,08,22107,NA,N,E,I,A,A,D,E,A,D,0,NA,NA,NA,NA,Y,NA,A,01,0,0,1,0,0,0,0,0,0,-,-,34.76702117919922,-118.17086029052734,LOS ANGELES,UNINCORPORATED,-118.17079925537108,34.76702117919922
94772887,2025,2025-07-22,9590,2025-07-11,1523,022088,NA,5,2,7,1942,0,1,1,NA,2,060,I-10 E/B (SANTA MONICA FREEWAY),WESTERN AVENUE,0,NA,Y,A,-,Y,LA,NA,10,NA,R,12.822,H,NA,R,N,4,0,1,2,A,-,07,21658,A,N,C,C,A,A,H,-,A,D,0,NA,NA,NA,NA,Y,NA,D,22,0,0,1,0,0,0,0,0,0,-,-,34.037071228027344,-118.30898284912108,LOS ANGELES,LOS ANGELES,-118.30898284912108,34.03702163696289
94772893,2025,2025-07-22,9550,2025-07-22,625,018150,NA,2,1,9,1900,0,1,1,NA,2,650,I-605 S/B TO WASHINGTON BLVD WEST,WASHINGTON BLVD,40,N,N,A,-,Y,NA,NA,NA,NA,NA,NA,NA,NA,NA,N,4,0,1,2,A,-,03,22350,NA,N,C,C,A,A,H,-,A,D,0,NA,NA,NA,NA,Y,NA,A,01,0,0,1,0,0,0,0,0,0,-,-,33.97488021850586,-118.08146667480467,LOS ANGELES,UNINCORPORATED,-118.08009338378906,33.97407531738281
94772903,2025,2025-07-22,9545,2025-07-17,1335,021361,NA,4,1,9,1900,0,2,4,NA,1,024,ELIZABETH LAKE RD,GODDE HILL RD,7920,E,N,A,-,N,NA,NA,NA,NA,NA,NA,NA,NA,NA,N,3,0,1,1,A,-,03,22350,NA,N,E,I,A,A,H,-,A,D,0,NA,NA,Y,NA,Y,NA,-,-,0,1,0,0,0,0,0,0,1,-,-,34.598609924316406,-118.23493957519533,LOS ANGELES,UNINCORPORATED,-118.23536682128906,34.59890365600586
9477295,2022,2022-11-14,1900,2022-04-22,0830,649318,0245,5,5,3,1914,0,0,0,NA,0,027,GARFIELD AV,FERGUSON DR,0,NA,Y,A,-,N,NA,NA,NA,NA,NA,NA,NA,NA,NA,N,3,0,2,3,A,-,00,22108,A,N,D,C,A,A,H,-,A,A,0,NA,NA,NA,NA,Y,NA,A,01,0,1,1,0,0,0,0,0,0,-,-,NA,NA,LOS ANGELES,COMMERCE,-118.1313705444336,34.00837326049805
94772950,2025,2025-07-22,9525,2025-07-15,1850,024509,NA,2,2,4,1905,0,1,1,NA,2,203,I-210 W/B (FOOTHILL FWY),CITRUS AVE,2640,W,N,A,-,Y,LA,NA,210,NA,R,40.034,H,NA,L,Y,4,0,1,2,A,-,03,22350,NA,N,C,C,A,A,H,-,A,D,0,NA,NA,NA,NA,Y,NA,A,01,0,0,1,0,0,0,0,0,0,-,-,34.12118148803711,-117.90010833740234,LOS ANGELES,AZUSA,-117.90010833740234,34.12118911743164
9477296,2022,2022-07-22,1900,2022-04-29,0630,648688,0241,5,5,3,1914,0,0,0,NA,0,27TD,TELEGRAPH RD,WILKINS AV,34,E,N,A,-,N,NA,NA,NA,NA,NA,NA,NA,NA,NA,N,4,0,1,2,A,-,07,21658,A,N,B,C,A,A,H,-,A,D,0,NA,NA,NA,NA,Y,NA,A,01,0,0,1,0,0,0,0,0,0,-,-,34.017860412597656,-118.17481231689452,LOS ANGELES,COMMERCE,-118.17486572265624,34.0178337097168
9477297,2022,2022-08-31,1900,2022-04-28,2021,625414,0245,4,5,3,1914,0,0,0,NA,0,27T,GARFIELD AV,FLOTILLA AV,115,S,N,A,-,N,NA,NA,NA,NA,NA,NA,NA,NA,NA,Y,3,0,2,1,A,-,08,22107,NA,N,F,I,A,A,H,-,C,D,0,NA,NA,NA,NA,Y,NA,A,01,0,1,1,0,0,0,0,0,0,-,-,NA,NA,LOS ANGELES,COMMERCE,-118.13140106201172,34.00541687011719
9477298,2022,2022-07-22,1900,2022-04-18,1800,648688,0245,1,5,3,1914,0,0,0,NA,0,27TD,GARFIELD AV,FLOTILLA ST,92,N,N,A,-,N,NA,NA,NA,NA,NA,NA,NA,NA,NA,N,3,0,1,2,A,-,03,22350,NA,F,C,C,A,A,H,-,A,D,0,NA,NA,NA,NA,Y,NA,A,07,0,1,0,0,0,0,0,0,0,-,-,34.006099700927734,-118.13147735595705,LOS ANGELES,COMMERCE,-118.13143157958984,34.0059814453125
9477299,2022,2022-08-31,1900,2022-04-06,0545,600590,0251,3,5,4,1945,0,0,0,NA,0,28T,ATLANTIC BL,58TH ST,0,NA,Y,A,-,N,NA,NA,NA,NA,NA,NA,NA,NA,NA,N,4,0,1,2,A,-,05,21650,NA,N,-,G,A,A,H,-,B,A,0,NA,Y,NA,NA,Y,NA,L,04,0,0,1,0,0,0,1,0,0,-,-,NA,NA,LOS ANGELES,MAYWOOD,-118.18544006347656,33.98808670043945
9477300,2022,2022-07-22,1900,2022-04-11,1815,622866,0246,1,5,3,1914,0,0,0,NA,0,27T,GARFIELD AV,RANDOLPH ST,3,S,N,A,-,N,NA,NA,NA,NA,NA,NA,NA,NA,NA,Y,4,0,1,2,A,-,00,12500,A,N,D,C,A,A,H,-,A,A,0,NA,NA,NA,NA,Y,NA,A,01,0,0,1,0,0,0,0,0,0,-,-,NA,NA,LOS ANGELES,COMMERCE,-118.14471435546876,33.97734069824219