CASE_ID,ACCIDENT_YEAR,PROC_DATE,JURIS,COLLISION_DATE,COLLISION_TIME,OFFICER_ID,REPORTING_DISTRICT,DAY_OF_WEEK,CHP_SHIFT,POPULATION,CNTY_CITY_LOC,SPECIAL_COND,BEAT_TYPE,CHP_BEAT_TYPE,CITY_DIVISION_LAPD,CHP_BEAT_CLASS,BEAT_NUMBER,PRIMARY_RD,SECONDARY_RD,DISTANCE,DIRECTION,INTERSECTION,WEATHER_1,WEATHER_2,STATE_HWY_IND,CALTRANS_COUNTY,CALTRANS_DISTRICT,STATE_ROUTE,ROUTE_SUFFIX,POSTMILE_PREFIX,POSTMILE,LOCATION_TYPE,RAMP_INTERSECTION,SIDE_OF_HWY,TOW_AWAY,COLLISION_SEVERITY,NUMBER_KILLED,NUMBER_INJURED,PARTY_COUNT,PRIMARY_COLL_FACTOR,PCF_CODE_OF_VIOL,PCF_VIOL_CATEGORY,PCF_VIOLATION,PCF_VIOL_SUBSECTION,HIT_AND_RUN,TYPE_OF_COLLISION,MVIW,PED_ACTION,ROAD_SURFACE,ROAD_COND_1,ROAD_COND_2,LIGHTING,CONTROL_DEVICE,CHP_ROAD_TYPE,PEDESTRIAN_ACCIDENT,BICYCLE_ACCIDENT,MOTORCYCLE_ACCIDENT,TRUCK_ACCIDENT,NOT_PRIVATE_PROPERTY,ALCOHOL_INVOLVED,STWD_VEHTYPE_AT_FAULT,CHP_VEHTYPE_AT_FAULT,COUNT_SEVERE_INJ,COUNT_VISIBLE_INJ,COUNT_COMPLAINT_PAIN,COUNT_PED_KILLED,COUNT_PED_INJURED,COUNT_BICYCLIST_KILLED,COUNT_BICYCLIST_INJURED,COUNT_MC_KILLED,COUNT_MC_INJURED,PRIMARY_RAMP,SECONDARY_RAMP,LATITUDE,LONGITUDE,COUNTY,CITY,POINT_X,POINT_Y
94773038,2025,2025-07-22,9525,2025-07-18,1158,019291,NA,5,1,5,1990,0,1,3,NA,2,584,SR-57 N/B (ORANGE FWY),PATHFINDER RD,2112,S,N,A,-,Y,LA,NA,57,NA,R,2.706,H,NA,R,N,4,0,2,2,A,-,04,21703,NA,N,C,C,A,A,H,-,A,D,0,NA,NA,NA,NA,Y,NA,A,01,0,0,2,0,0,0,0,0,0,-,-,33.977718353271484,-117.8420181274414,LOS ANGELES,DIAMOND BAR,-117.84193420410156,33.977699279785156
9477305,2022,2022-07-22,1900,2022-03-10,1745,648688,0246,4,5,3,1914,0,0,0,NA,0,27TD,SLAUSON AV,GARFIELD AV,58,E,N,A,-,N,NA,NA,NA,NA,NA,NA,NA,NA,NA,Y,4,0,1,2,A,-,03,22350,NA,N,C,C,A,A,H,-,B,A,0,NA,NA,NA,NA,Y,NA,A,08,0,0,1,0,0,0,0,0,0,-,-,NA,NA,LOS ANGELES,COMMERCE,-118.1414031982422,33.982234954833984
94773054,2025,2025-07-22,9575,2025-07-10,1320,022503,NA,4,1,7,1942,0,1,3,NA,2,043,SR-134 E/B (VENTURA FREEWAY),I-5 S/B (GOLDEN STATE FREEWAY),1610,W,N,A,-,Y,LA,NA,134,NA,R,5.161,H,NA,R,N,4,0,3,4,A,-,03,22350,NA,N,C,C,A,A,H,-,A,D,0,NA,NA,NA,NA,Y,NA,A,01,0,0,3,0,0,0,0,0,0,-,-,34.153961181640625,-118.28810119628906,LOS ANGELES,LOS ANGELES,-118.2881317138672,34.15392303466797
94773076,2025,2025-07-22,9535,2025-07-11,2110,023365,NA,5,2,5,1969,0,1,1,NA,2,074,I-710 N/B (LONG BEACH FREEWAY),FILESTONE BLVD,1584,S,N,A,-,Y,LA,NA,710,NA,NA,18.136,H,NA,R,Y,3,0,1,3,A,-,03,22350,NA,N,C,C,A,A,H,-,C,D,0,NA,NA,NA,NA,Y,NA,A,01,0,1,0,0,0,0,0,0,0,-,-,33.945350646972656,-118.17066192626952,LOS ANGELES,SOUTH GATE,-118.17059326171876,33.945343017578125
9477308,2022,2022-07-22,1900,2022-03-04,1645,634170,0246,5,5,3,1914,0,0,0,NA,0,027,SLAUSON AV,EASTERN AV,50,W,N,A,-,N,NA,NA,NA,NA,NA,NA,NA,NA,NA,Y,4,0,1,2,A,-,08,22107,NA,N,-,-,A,A,H,-,A,A,0,NA,NA,NA,NA,Y,NA,-,-,0,0,1,0,0,0,0,0,0,-,-,NA,NA,LOS ANGELES,COMMERCE,-118.16229248046876,33.985809326171875
94773102,2025,2025-07-22,9525,2025-07-15,813,024526,NA,2,1,6,1955,0,1,1,NA,2,107,I-10 W/B TO SR-57,SR-57 (ORANGE FWY),2640,E,N,A,-,Y,NA,NA,NA,NA,NA,NA,NA,NA,NA,N,4,0,1,2,A,-,08,22107,NA,N,C,C,A,B,H,-,A,D,0,NA,NA,NA,NA,Y,NA,A,01,0,0,1,0,0,0,0,0,0,-,-,34.06943130493164,-117.79824066162108,LOS ANGELES,POMONA,-117.7990951538086,34.06884002685547
94773107,2025,2025-07-23,9525,2025-07-16,1847,024054,NA,3,2,9,1900,0,1,3,NA,2,574,SR-57 N/B (ORANGE FWY),S BREA CANYON,2112,S,N,A,-,Y,LA,NA,57,NA,R,0.485,H,NA,R,N,4,0,1,2,A,-,03,22350,NA,N,C,C,A,A,H,-,A,D,0,NA,NA,NA,NA,Y,NA,D,22,0,0,1,0,0,0,0,0,0,-,-,33.95206832885742,-117.86370849609376,LOS ANGELES,UNINCORPORATED,-117.86375427246094,33.95208740234375
94773119,2025,2025-07-23,9535,2025-07-13,457,023941,NA,7,3,5,1915,0,1,1,NA,2,075,I-710 S/B (LONG BEACH FREEWAY),ALONDRA BLVD,1000,N,N,A,-,Y,LA,NA,710,NA,NA,14.115,H,NA,L,Y,4,0,2,3,A,-,03,22350,NA,N,C,C,A,A,H,-,D,D,0,NA,NA,NA,NA,Y,NA,A,01,0,0,2,0,0,0,0,0,0,-,-,33.89146041870117,-118.18837738037108,LOS ANGELES,COMPTON,-118.1884307861328,33.89146423339844
9477315,2022,2022-08-08,1972,2022-03-27,0127,22165,NA,7,5,6,1972,0,0,0,NA,0,NA,HAWTHORNE LN,PCH,0,NA,Y,A,-,Y,LA,7,1,-,-,16.005,I,5,N,Y,3,0,2,2,-,-,-,NA,NA,N,B,C,A,A,-,-,C,A,0,NA,NA,NA,NA,Y,NA,-,-,0,2,0,0,0,0,0,0,0,-,-,NA,NA,LOS ANGELES,TORRANCE,-118.35110473632813,33.80510330200195
9477324,2022,2022-07-22,1941,2022-03-08,1600,11227,NA,2,5,7,1941,0,0,0,NA,0,NA,ANAHEIM ST,CLARK AV,0,NA,Y,A,-,N,NA,NA,NA,NA,NA,NA,NA,NA,NA,Y,2,0,1,2,A,-,09,21801,A,N,A,C,A,A,H,-,A,A,0,NA,NA,NA,NA,Y,NA,B,NA,1,0,0,0,0,0,0,0,0,-,-,NA,NA,LOS ANGELES,LONG BEACH,-118.13414764404295,33.782588958740234
9477359,2022,2022-07-26,1928,2022-06-21,0902,50384,NA,2,5,5,1928,0,0,0,NA,0,NA,HAWTHORNE BL,134TH ST,3,S,N,A,-,N,NA,NA,NA,NA,NA,NA,NA,NA,NA,Y,3,0,1,2,A,-,03,22350,NA,N,C,C,A,A,H,-,A,A,0,NA,NA,Y,NA,Y,NA,C,02,0,1,0,0,0,0,0,0,1,-,-,33.91083908081055,-118.35256958007813,LOS ANGELES,HAWTHORNE,-118.35275268554688,33.91082000732422
9477360,2022,2022-07-26,1966,2022-06-16,1407,10981,7,4,5,3,1966,0,0,0,NA,0,NA,SIERRA MADRE BL,HOLDMAN AV,0,NA,Y,A,-,N,NA,NA,NA,NA,NA,NA,NA,NA,NA,Y,3,0,1,2,A,-,09,21801,B,N,A,C,A,A,H,-,A,D,0,NA,NA,NA,NA,Y,NA,A,01,0,1,0,0,0,0,0,0,0,-,-,NA,NA,LOS ANGELES,SIERRA MADRE,-118.04441833496094,34.161930084228516
94773650,2025,2025-07-23,9580,2025-07-06,1820,022987,NA,7,2,7,1942,0,1,2,NA,2,101,US-101 S/B (VENTURA FREEWAY),COLFAX AVE,200,N,N,A,-,Y,LA,NA,101,NA,NA,12.402,H,NA,L,N,3,0,1,5,A,-,03,22350,NA,M,C,C,A,A,H,-,B,D,0,NA,NA,NA,NA,Y,NA,A,01,0,1,0,0,0,0,0,0,0,-,-,34.154441833496094,-118.38848114013672,LOS ANGELES,LOS ANGELES,-118.38848114013672,34.154361724853516
94773652,2025,2025-07-23,9545,2025-07-22,703,021360,NA,2,1,9,1900,0,1,3,NA,2,011,SR-14 S/B,AVENUE E,1349,N,N,A,-,Y,LA,NA,14,NA,R,73.258,H,NA,L,Y,3,0,2,2,A,-,03,22350,NA,N,C,C,A,A,D,E,A,D,0,NA,NA,NA,NA,Y,NA,A,01,0,1,1,0,0,0,0,0,0,-,-,34.7661018371582,-118.17079925537108,LOS ANGELES,UNINCORPORATED,-118.17078399658205,34.7661018371582
94773656,2025,2025-07-23,9575,2025-07-16,1520,022336,NA,3,2,6,1953,0,1,1,NA,2,065,I-210 E/B (FOOTHILL FREEWAY),SUNNYSLOPE AVE.,45,E,N,A,-,Y,LA,NA,210,NA,R,28.773,H,NA,R,Y,3,0,1,3,A,-,03,22350,NA,N,C,C,A,A,H,-,A,D,0,NA,NA,NA,NA,Y,NA,E,22,0,1,0,0,0,0,0,0,0,-,-,34.15098190307617,-118.09008026123048,LOS ANGELES,PASADENA,-118.09010314941406,34.15095138549805
94773724,2025,2025-07-23,9535,2025-07-11,340,022017,NA,5,3,3,1914,0,1,1,NA,2,501,INTERSTATE 5 S/B (SANTA ANA FREEWAY),SIMMONS RR UP,100,S,N,A,-,Y,LA,NA,5,NA,NA,11.008,H,NA,L,Y,4,0,1,2,A,-,03,22350,NA,N,C,C,A,A,H,-,D,D,0,NA,NA,NA,NA,Y,NA,A,01,0,0,1,0,0,0,0,0,0,-,-,33.98891067504883,-118.13900756835938,LOS ANGELES,COMMERCE,-118.13895416259766,33.988948822021484
94773726,2025,2025-07-23,9550,2025-07-12,1710,023782,NA,6,2,6,1920,0,1,1,NA,2,151,I-105 E/B,PARAMOUNT BLVD,792,E,N,A,-,Y,LA,NA,105,NA,R,14.838,H,NA,R,N,4,0,1,2,A,-,03,22350,NA,N,C,C,A,A,H,-,A,D,0,NA,NA,NA,NA,Y,NA,A,07,0,0,1,0,0,0,0,0,0,-,-,33.911991119384766,-118.15672302246094,LOS ANGELES,DOWNEY,-118.15673065185548,33.91208267211914
94773738,2025,2025-07-23,9580,2025-07-15,1920,022572,NA,2,2,3,1989,0,3,5,NA,1,020,STUNT RD,STUNT RANCH RD,1000,N,N,A,-,N,NA,NA,NA,NA,NA,NA,NA,NA,NA,N,4,0,3,2,A,-,05,21460,NA,N,A,C,A,A,H,-,A,D,0,NA,NA,NA,NA,Y,NA,A,01,0,0,3,0,0,0,0,0,0,-,-,34.090911865234375,-118.6533203125,LOS ANGELES,CALABASAS,NA,NA
94773748,2025,2025-07-23,9580,2025-07-19,1920,023709,NA,6,2,7,1942,0,1,1,NA,2,404,I-405 S/B,VALLEY VISTA BLVD,900,S,N,A,-,Y,LA,NA,405,NA,NA,38.816,H,NA,L,Y,3,0,3,4,A,-,08,22107,NA,N,D,2,A,A,H,-,A,D,0,NA,NA,NA,NA,Y,NA,A,01,0,1,2,0,0,0,0,0,0,-,-,34.15132141113281,-118.46836853027344,LOS ANGELES,LOS ANGELES,-118.46836853027344,34.15132141113281
94773765,2025,2025-07-23,9580,2025-07-21,1035,020800,NA,1,1,7,1942,0,1,1,NA,2,406,I-405 N/B (SAN DIEGO FWY),PLUMMER STREET,500,N,N,A,-,Y,LA,NA,405,NA,NA,45.357,H,NA,R,N,3,0,1,2,A,-,03,22350,NA,N,C,C,A,A,H,-,A,D,0,NA,NA,Y,NA,Y,NA,C,02,0,1,0,0,0,0,0,0,1,-,-,34.244380950927734,-118.47284698486328,LOS ANGELES,LOS ANGELES,-118.47286987304688,34.244380950927734
94773796,2025,2025-07-23,9540,2025-07-15,540,019772,NA,2,3,6,1985,0,1,1,NA,2,506,I-5 N/B,MCBEAN PARKWAY,528,N,N,A,-,Y,LA,NA,5,NA,R,51.572,H,NA,R,N,3,0,1,2,A,-,07,21658,A,N,B,D,A,A,D,-,B,D,0,NA,NA,Y,NA,Y,NA,-,-,0,1,0,0,0,0,0,0,1,-,-,34.39598083496094,-118.5715789794922,LOS ANGELES,SANTA CLARITA,-118.57151794433594,34.39598846435547
94773828,2025,2025-07-23,9575,2025-07-11,1143,020847,NA,5,1,6,1925,0,1,3,NA,2,042,SR-134 E/B (VENTURA FREEWAY),PACIFIC AVE.,930,W,N,A,-,Y,LA,NA,134,NA,R,6.405,H,NA,R,N,4,0,1,2,A,-,03,22350,NA,N,C,C,A,A,H,-,A,D,0,NA,NA,NA,NA,Y,NA,A,07,0,0,1,0,0,0,0,0,0,-,-,34.155479431152344,-118.26763916015624,LOS ANGELES,GLENDALE,-118.26765441894533,34.15552520751953
94773853,2025,2025-07-23,9530,2025-06-17,715,024223,NA,2,1,7,1942,0,1,1,NA,2,400,I-405 S/B (SAN DIEGO FREEWAY),VERMONT AVE.,1162,N,N,A,-,Y,LA,NA,405,NA,NA,13.599,H,NA,L,Y,3,0,1,6,A,-,03,22350,NA,N,C,C,A,A,H,-,A,D,0,NA,NA,NA,NA,Y,NA,A,07,0,1,0,0,0,0,0,0,0,-,-,33.8597297668457,-118.29486083984376,LOS ANGELES,LOS ANGELES,-118.29486083984376,33.8597297668457
94773883,2025,2025-07-23,9575,2025-07-17,1904,022336,NA,4,2,6,1953,0,1,1,NA,2,064,I-210 W/B (FOOTHILL FREEWAY),LAKE AVE.,80,E,N,A,-,Y,LA,NA,210,NA,R,26.356,H,NA,L,N,4,0,1,2,A,-,03,22350,NA,F,C,C,A,A,H,-,A,D,0,NA,NA,NA,NA,Y,NA,-,99,0,0,1,0,0,0,0,0,0,-,-,34.152061462402344,-118.13186645507813,LOS ANGELES,PASADENA,-118.13187408447266,34.1519775390625
94774111,2025,2025-07-23,9545,2025-07-13,1131,024553,NA,7,1,9,1900,0,3,5,NA,2,004,213TH ST EAST,SR-138,0,NA,Y,A,-,Y,LA,NA,138,NA,NA,68.854,H,NA,R,Y,3,0,1,1,A,-,01,23152,A,N,E,I,A,A,H,-,A,A,0,NA,NA,NA,NA,Y,Y,D,22,0,1,0,0,0,0,0,0,0,-,-,34.49848175048828,-117.74819946289064,LOS ANGELES,UNINCORPORATED,-117.74819946289064,34.498512268066406
94774160,2025,2025-07-23,9590,2025-07-11,2030,024303,NA,5,2,7,1942,0,1,1,NA,2,053,I-110 S/B (HARBOR FREEWAY),JEFFERSON BOULEVARD,345,S,N,A,-,Y,LA,NA,110,NA,NA,20.156,H,NA,L,N,3,0,1,2,A,-,07,21658,A,N,B,C,A,A,H,-,D,D,0,NA,NA,NA,NA,Y,NA,A,01,0,1,0,0,0,0,0,0,0,-,-,34.02022933959961,-118.27889251708984,LOS ANGELES,LOS ANGELES,-118.27879333496094,34.02018737792969
94774221,2025,2025-07-23,9530,2025-07-11,1845,023824,NA,5,2,9,1900,0,3,5,NA,2,004,DEL AMO BLVD.,SANTA FE AVE.,215,E,N,A,-,N,NA,NA,NA,NA,NA,NA,NA,NA,NA,N,4,0,1,2,A,-,07,21658,A,N,B,C,A,A,H,-,A,D,0,NA,NA,NA,Y,Y,NA,G,25,0,0,1,0,0,0,0,0,0,-,-,33.84675979614258,-118.21086883544922,LOS ANGELES,UNINCORPORATED,-118.21101379394533,33.846580505371094
94774231,2025,2025-07-23,9590,2025-07-03,1952,022444,NA,4,2,7,1942,0,1,1,NA,2,060,I-10 E/B (SANTA MONICA FREEWAY),WESTERN AVENUE,100,W,N,A,-,Y,LA,NA,10,NA,R,12.819,H,NA,R,N,3,0,1,3,A,-,03,22350,NA,N,B,C,A,A,H,-,A,D,0,NA,NA,Y,NA,Y,NA,C,02,0,1,0,0,0,0,0,0,1,-,-,34.037078857421875,-118.30902099609376,LOS ANGELES,LOS ANGELES,-118.30902099609376,34.037025451660156
94774324,2025,2025-07-23,9525,2025-07-14,949,024480,NA,1,1,9,1900,0,3,5,NA,2,003,HACIENDA BOULEVARD,FRANCISQUITO AVENUE,0,NA,Y,A,-,N,NA,NA,NA,NA,NA,NA,NA,NA,NA,N,4,0,1,2,A,-,12,21453,A,N,D,C,A,A,H,-,A,A,0,NA,NA,NA,NA,Y,NA,A,01,0,0,1,0,0,0,0,0,0,-,-,34.04827117919922,-117.9465103149414,LOS ANGELES,UNINCORPORATED,-117.94645690917967,34.04826736450195
94774328,2025,2025-07-23,9525,2025-07-16,2030,024526,NA,3,2,5,1906,0,1,1,NA,2,103,I-10 W/B TO I-605 S/B,I-605 N/B (SAN GABRIEL RIVER FWY),465,E,N,A,-,Y,NA,NA,NA,NA,NA,NA,NA,NA,NA,N,3,0,2,2,A,-,03,22350,NA,N,C,C,A,A,H,-,C,D,0,NA,NA,Y,NA,Y,NA,C,02,0,1,1,0,0,0,0,0,1,-,-,34.065738677978516,-117.99832153320313,LOS ANGELES,BALDWIN PARK,-117.99853515625,34.06541061401367
94774334,2025,2025-07-23,9525,2025-07-15,1430,024525,NA,2,2,9,1900,0,3,5,NA,2,002,GLADSTONE STREET (1000 BLOCK),JACKSON AVENUE (400 BLOCK),0,NA,Y,A,-,N,NA,NA,NA,NA,NA,NA,NA,NA,NA,N,4,0,1,2,A,-,09,21802,A,N,D,2,A,A,H,-,A,A,0,NA,NA,NA,NA,Y,NA,A,07,0,0,1,0,0,0,0,0,0,-,-,34.11429977416992,-117.92079162597656,LOS ANGELES,UNINCORPORATED,-117.92076873779295,34.11431884765625
94774339,2025,2025-07-23,9550,2025-07-14,1440,022769,NA,1,2,9,1900,0,3,5,NA,2,005,COLIMA RD.,PEPPERDALE DR,50,E,N,A,-,N,NA,NA,NA,NA,NA,NA,NA,NA,NA,N,4,0,1,2,A,-,03,22350,NA,N,D,C,A,A,H,-,A,D,0,NA,Y,NA,NA,Y,Y,L,04,0,0,1,0,0,0,1,0,0,-,-,33.98606872558594,-117.87197875976564,LOS ANGELES,UNINCORPORATED,-117.8723373413086,33.986175537109375
94774346,2025,2025-08-27,9530,2025-07-11,1700,024223,NA,5,2,9,1900,0,3,5,NA,2,002,SAN PEDRO ST.,ROSECRANS AVE.,1700,S,N,A,-,N,NA,NA,NA,NA,NA,NA,NA,NA,NA,Y,4,0,1,3,A,-,07,21658,A,N,B,3,A,A,H,-,A,D,0,NA,NA,NA,NA,Y,NA,A,01,0,0,1,0,0,0,0,0,0,-,-,33.897708892822266,-118.2680892944336,LOS ANGELES,UNINCORPORATED,-118.26796722412108,33.897377014160156
94774357,2025,2025-07-23,9575,2025-07-18,1230,023016,NA,5,1,7,1942,0,1,1,NA,2,050,I-5 N/B (GOLDEN STATE FREEWAY),ZOO DR,495,N,N,A,-,Y,LA,NA,5,NA,NA,26.567,H,NA,R,Y,4,0,3,3,A,-,03,22350,NA,N,C,2,A,A,H,-,A,D,0,NA,NA,NA,NA,Y,NA,E,22,0,0,3,0,0,0,0,0,0,-,-,34.15163040161133,-118.2816162109375,LOS ANGELES,LOS ANGELES,-118.28167724609376,34.15158462524414
94774366,2025,2025-07-23,9525,2025-07-09,210,023661,NA,3,3,4,1905,0,1,1,NA,2,203,I-210 W/B (FOOTHILL FWY),VERNON AVE,375,W,N,A,-,Y,LA,NA,210,NA,R,38.873,H,NA,L,Y,2,0,1,2,A,-,07,21658,A,N,C,2,A,A,H,-,D,D,0,NA,NA,NA,Y,Y,NA,A,07,1,0,0,0,0,0,0,0,0,-,-,34.127288818359375,-117.9170379638672,LOS ANGELES,AZUSA,-117.91709136962892,34.127235412597656
9477441,2022,2022-07-28,1955,2022-05-13,1642,42665,31,5,5,6,1955,0,0,0,NA,0,002,DRAKE ST,GAREY AV,552,W,N,-,-,N,NA,NA,NA,NA,NA,NA,NA,NA,NA,N,3,0,1,2,A,-,09,21804,A,N,B,G,A,A,H,-,A,A,0,NA,Y,NA,NA,Y,NA,D,22,0,1,0,0,0,0,1,0,0,-,-,34.106040954589844,-117.74960327148438,LOS ANGELES,POMONA,-117.75045013427734,34.1060676574707
94774423,2025,2025-07-23,9530,2025-07-11,1615,024272,NA,5,2,9,1900,0,3,5,NA,2,001,HOOPER AVE.,90TH ST.,0,NA,Y,A,-,N,NA,NA,NA,NA,NA,NA,NA,NA,NA,N,4,0,1,2,A,-,09,21802,A,N,D,C,A,A,H,-,A,A,0,NA,NA,NA,NA,Y,NA,A,01,0,0,1,0,0,0,0,0,0,-,-,33.95473098754883,-118.25399017333984,LOS ANGELES,UNINCORPORATED,-118.25406646728516,33.954715728759766
94774439,2025,2025-07-23,9550,2025-07-13,1340,024540,NA,7,1,6,1920,0,1,1,NA,2,151,INTERSTATE 105 WESTBOUND,BARLIN AVENUE,200,W,N,A,-,Y,LA,NA,105,NA,R,15.488,H,NA,L,N,3,0,1,2,A,-,03,22350,NA,N,C,C,A,A,H,-,A,D,0,NA,NA,NA,NA,Y,NA,A,01,0,1,0,0,0,0,0,0,0,-,-,33.91318130493164,-118.14540863037108,LOS ANGELES,DOWNEY,-118.14540863037108,33.913150787353516
94774442,2025,2025-07-23,9525,2025-07-15,853,024526,NA,2,1,6,1955,0,1,3,NA,2,071,SR-71 S/B (CHINO VALLEY FWY),I-10 E/B (SAN BERNARDINO FWY),2112,S,N,A,-,Y,LA,NA,71,NA,R,1.046,H,NA,L,Y,4,0,1,3,A,-,07,21658,A,N,B,2,A,A,H,-,A,D,0,NA,NA,NA,NA,Y,NA,A,01,0,0,1,0,0,0,0,0,0,-,-,34.06433868408203,-117.79622650146484,LOS ANGELES,POMONA,-117.7961654663086,34.064476013183594
94774458,2025,2025-07-23,9550,2025-07-14,1520,022769,NA,1,2,9,1900,0,3,5,NA,2,005,COLIMA RD.,OTTERBEIN AVE,250,E,N,A,-,N,NA,NA,NA,NA,NA,NA,NA,NA,NA,N,3,0,1,2,A,-,09,21804,A,F,D,G,A,A,H,-,A,D,0,NA,Y,NA,NA,Y,NA,-,99,0,1,0,0,0,0,1,0,0,-,-,33.98707962036133,-117.884033203125,LOS ANGELES,UNINCORPORATED,-117.8840560913086,33.98720169067383
94774460,2025,2025-07-23,9525,2025-07-08,810,023085,NA,2,1,4,1938,0,1,1,NA,2,207,SR-210 W/B (FOOTHILL FWY),FRUIT STREET,1320,W,N,A,-,Y,LA,NA,210,NA,R,47.826,H,NA,L,Y,2,0,1,3,A,-,03,22350,NA,N,C,C,A,A,H,-,A,D,0,NA,NA,NA,NA,Y,NA,A,01,1,0,0,0,0,0,0,0,0,-,-,34.11983108520508,-117.76609802246094,LOS ANGELES,LA VERNE,-117.76609802246094,34.11981201171875
94774516,2025,2025-07-23,9525,2025-07-17,1540,024509,NA,4,2,4,1913,0,1,1,NA,2,209,SR-210 W/B (FOOTHILL FWY) TO BASELINE RD,BASELINE,150,E,N,A,-,Y,NA,NA,NA,NA,NA,NA,NA,NA,NA,N,4,0,3,2,A,-,03,22350,NA,N,C,C,A,A,H,-,A,A,0,NA,NA,NA,NA,Y,NA,A,01,0,0,3,0,0,0,0,0,0,-,-,34.12274932861328,-117.69568634033205,LOS ANGELES,CLAREMONT,-117.69622039794922,34.12192153930664
94774519,2025,2025-07-23,9550,2025-07-17,1025,022790,NA,4,1,5,1919,0,1,3,NA,2,092,STATE ROUTE 91 (ARTESIA FREEWAY) WESTBOUND,NORWALK BOULEVARD,300,W,N,A,-,Y,LA,NA,91,NA,R,18.596,H,NA,L,N,4,0,1,2,A,-,08,22107,NA,N,B,C,A,A,H,-,A,D,0,NA,NA,NA,Y,Y,NA,A,01,0,0,1,0,0,0,0,0,0,-,-,33.87649917602539,-118.07369232177734,LOS ANGELES,CERRITOS,-118.07369232177734,33.87654113769531
94774588,2025,2025-08-12,9525,2025-07-17,1504,022627,NA,4,2,9,1900,0,3,5,NA,2,004,PUENTE AVE,SHORT BLVD,90,E,N,A,-,N,NA,NA,NA,NA,NA,NA,NA,NA,NA,N,4,0,1,2,A,-,21,22106,NA,N,C,C,A,A,H,-,A,A,0,NA,NA,NA,Y,Y,NA,G,25,0,0,1,0,0,0,0,0,0,-,-,34.04362106323242,-117.990478515625,LOS ANGELES,UNINCORPORATED,NA,NA
9477459,2022,2022-07-29,1900,2022-07-11,1830,533418,2313,1,5,5,1919,0,0,0,NA,0,230T,BOS ST,ERIC AV,42,E,N,A,-,N,NA,NA,NA,NA,NA,NA,NA,NA,NA,N,3,0,1,2,A,-,08,22107,NA,N,B,C,A,A,H,-,A,D,0,NA,Y,NA,NA,Y,NA,L,04,0,1,0,0,0,0,1,0,0,-,-,33.85499954223633,-118.0929718017578,LOS ANGELES,CERRITOS,-118.0930404663086,33.85497283935547
9477461,2022,2022-10-25,1900,2022-07-11,2209,628829,2227,1,5,3,1994,0,0,0,NA,0,222,KANAN RD,EARLETON ST,400,N,N,A,-,N,NA,NA,NA,NA,NA,NA,NA,NA,NA,Y,4,0,1,1,A,-,03,22350,NA,N,A,-,A,A,H,-,C,D,0,NA,NA,NA,NA,Y,Y,D,22,0,0,1,0,0,0,0,0,0,-,-,34.163509368896484,-118.7575225830078,LOS ANGELES,AGOURA HILLS,-118.75755310058594,34.1631965637207
94774639,2024,2025-07-23,9545,2024-12-09,1715,023856,NA,1,2,9,1900,0,3,5,NA,2,004,PALMDALE BOULEVARD,LONGVIEW ROAD,965.1,E,N,A,-,N,NA,NA,NA,NA,NA,NA,NA,NA,NA,Y,1,1,2,1,A,-,08,22107,NA,N,E,I,A,A,H,-,B,D,0,NA,NA,NA,NA,Y,NA,A,07,1,1,0,0,0,0,0,0,0,-,-,34.580039978027344,-117.88626098632813,LOS ANGELES,UNINCORPORATED,-117.88641357421876,34.58001708984375
94774680,2025,2025-07-23,9530,2025-07-14,1459,017755,NA,1,2,7,1941,0,1,1,NA,2,420,I-405 S/B (SAN DIEGO FREEWAY),WALNUT AVE.,145,S,N,A,-,Y,LA,NA,405,NA,NA,5.106,H,NA,L,N,4,0,1,3,A,-,03,22350,NA,N,C,C,A,A,H,-,A,D,0,NA,NA,NA,NA,Y,NA,D,22,0,0,1,0,0,0,0,0,0,-,-,33.81425094604492,-118.1714324951172,LOS ANGELES,LONG BEACH,-118.1714324951172,33.81418228149414
94774687,2025,2025-07-23,9530,2025-07-14,1035,017860,NA,1,1,7,1941,0,1,1,NA,2,073,I-710 S/B (LONG BEACH FREEWAY),ANAHEIM ST.,2798,S,N,A,-,Y,LA,NA,710,NA,NA,5.858,H,NA,L,N,3,0,1,5,A,-,05,21651,A,N,A,C,A,A,H,-,A,D,0,NA,NA,NA,Y,Y,NA,A,07,0,1,0,0,0,0,0,0,0,-,-,33.775028228759766,-118.20713043212892,LOS ANGELES,LONG BEACH,-118.20714569091795,33.775028228759766
94774692,2025,2025-07-23,9530,2025-07-14,2053,023824,NA,1,2,7,1942,0,1,1,NA,2,200,I-105 E/B (GLENN ANDERSON FWY),AVALON BOULEVARD,245,E,N,A,-,Y,LA,NA,105,NA,R,8.332,H,NA,R,Y,4,0,1,3,A,-,03,22350,NA,M,C,2,A,A,H,-,D,D,0,NA,NA,NA,NA,Y,NA,A,01,0,0,1,0,0,0,0,0,0,-,-,33.92726135253906,-118.26429748535156,LOS ANGELES,LOS ANGELES,-118.26429748535156,33.92730712890625