CASE_ID,ACCIDENT_YEAR,PROC_DATE,JURIS,COLLISION_DATE,COLLISION_TIME,OFFICER_ID,REPORTING_DISTRICT,DAY_OF_WEEK,CHP_SHIFT,POPULATION,CNTY_CITY_LOC,SPECIAL_COND,BEAT_TYPE,CHP_BEAT_TYPE,CITY_DIVISION_LAPD,CHP_BEAT_CLASS,BEAT_NUMBER,PRIMARY_RD,SECONDARY_RD,DISTANCE,DIRECTION,INTERSECTION,WEATHER_1,WEATHER_2,STATE_HWY_IND,CALTRANS_COUNTY,CALTRANS_DISTRICT,STATE_ROUTE,ROUTE_SUFFIX,POSTMILE_PREFIX,POSTMILE,LOCATION_TYPE,RAMP_INTERSECTION,SIDE_OF_HWY,TOW_AWAY,COLLISION_SEVERITY,NUMBER_KILLED,NUMBER_INJURED,PARTY_COUNT,PRIMARY_COLL_FACTOR,PCF_CODE_OF_VIOL,PCF_VIOL_CATEGORY,PCF_VIOLATION,PCF_VIOL_SUBSECTION,HIT_AND_RUN,TYPE_OF_COLLISION,MVIW,PED_ACTION,ROAD_SURFACE,ROAD_COND_1,ROAD_COND_2,LIGHTING,CONTROL_DEVICE,CHP_ROAD_TYPE,PEDESTRIAN_ACCIDENT,BICYCLE_ACCIDENT,MOTORCYCLE_ACCIDENT,TRUCK_ACCIDENT,NOT_PRIVATE_PROPERTY,ALCOHOL_INVOLVED,STWD_VEHTYPE_AT_FAULT,CHP_VEHTYPE_AT_FAULT,COUNT_SEVERE_INJ,COUNT_VISIBLE_INJ,COUNT_COMPLAINT_PAIN,COUNT_PED_KILLED,COUNT_PED_INJURED,COUNT_BICYCLIST_KILLED,COUNT_BICYCLIST_INJURED,COUNT_MC_KILLED,COUNT_MC_INJURED,PRIMARY_RAMP,SECONDARY_RAMP,LATITUDE,LONGITUDE,COUNTY,CITY,POINT_X,POINT_Y
94774701,2025,2025-07-23,9525,2025-07-22,1130,022627,NA,2,1,5,1990,0,1,3,NA,2,603,SR-60 W/B (POMONA FWY),DIAMOND BAR BLVD,1584,W,N,B,-,Y,LA,NA,60,NA,R,25.268,H,NA,L,Y,4,0,1,2,A,-,03,22350,NA,N,C,C,A,A,H,-,A,D,0,NA,NA,NA,Y,Y,NA,F,26,0,0,1,0,0,0,0,0,0,-,-,34.02001953125,-117.81526947021484,LOS ANGELES,DIAMOND BAR,-117.81522369384766,34.02000045776367
94774706,2025,2025-07-23,9525,2025-07-17,1140,024509,NA,4,1,5,1990,0,1,3,NA,2,601,SR-60 W/B (POMONA FWY) TO BREA CANYON RD.,BREA CANYON RD.,230,E,N,A,-,Y,NA,NA,NA,NA,NA,NA,NA,NA,NA,N,4,0,2,3,A,-,03,22350,NA,N,C,C,A,A,H,-,A,A,0,NA,NA,NA,Y,Y,NA,F,25,0,0,2,0,0,0,0,0,0,-,-,34.00135040283203,-117.8444595336914,LOS ANGELES,DIAMOND BAR,-117.84420013427734,34.00087356567383
94774715,2025,2025-07-23,9525,2025-07-23,827,022770,NA,3,1,9,1900,0,3,5,NA,2,003,GRAND AVENUE,LORENCITA DRIVE,0,NA,Y,A,-,N,NA,NA,NA,NA,NA,NA,NA,NA,NA,Y,2,0,2,2,A,-,09,21802,A,N,D,C,A,A,H,-,A,A,0,NA,NA,NA,NA,Y,NA,D,22,1,0,1,0,0,0,0,0,0,-,-,34.06283950805664,-117.86842346191406,LOS ANGELES,UNINCORPORATED,-117.8682861328125,34.06283950805664
94774716,2025,2025-07-23,9565,2025-07-13,2054,023735,NA,7,2,9,1900,0,3,5,NA,2,003,LA BREA AVENUE,STOCKER STREET,0,NA,Y,A,-,N,NA,NA,NA,NA,NA,NA,NA,NA,NA,N,4,0,1,2,A,-,12,21453,A,N,D,C,A,A,H,-,C,A,0,NA,NA,NA,NA,Y,NA,A,01,0,0,1,0,0,0,0,0,0,-,-,33.996971130371094,-118.35807037353516,LOS ANGELES,UNINCORPORATED,-118.35792541503906,33.997032165527344
94774720,2025,2025-07-23,9525,2025-07-22,1613,022627,NA,2,2,5,1990,0,1,3,NA,2,603,SR-60 W/B (POMONA FWY),GRAND AVE,3696,E,N,A,-,Y,LA,NA,60,NA,R,25.193,H,NA,L,N,4,0,1,2,A,-,07,21658,A,N,B,C,A,A,H,-,A,D,0,NA,NA,NA,Y,Y,NA,F,25,0,0,1,0,0,0,0,0,0,-,-,34.01911926269531,-117.81600952148438,LOS ANGELES,DIAMOND BAR,-117.81591033935548,34.019065856933594
94774725,2025,2025-07-23,9525,2025-07-22,630,024509,NA,2,1,4,1913,0,1,1,NA,2,209,SR-210 W/B (FOOTHILL FWY),TOWNE AVE,5280,E,N,A,-,Y,LA,NA,210,NA,R,45.408,H,NA,L,Y,4,0,2,3,A,-,03,22350,NA,N,C,2,A,A,H,-,A,D,0,NA,NA,NA,NA,Y,NA,D,22,0,0,2,0,0,0,0,0,0,-,-,34.11983871459961,-117.80827331542967,LOS ANGELES,CLAREMONT,-117.80827331542967,34.11989212036133
9477473,2022,2022-07-28,1955,2022-05-12,2352,42783,49,4,5,6,1955,0,0,0,NA,0,001,ORANGE GROVE AV,HUNTINGTON BL,162,W,N,A,-,N,NA,NA,NA,NA,NA,NA,NA,NA,NA,N,4,0,1,2,A,-,08,22107,NA,N,B,E,A,A,H,-,C,A,0,NA,NA,NA,Y,Y,NA,A,01,0,0,1,0,0,0,0,0,0,-,-,34.068790435791016,-117.76155853271484,LOS ANGELES,POMONA,-117.76219940185548,34.068519592285156
94774738,2025,2025-07-23,9535,2025-07-11,1740,024280,NA,5,2,9,1900,0,1,1,NA,2,651,INTERSTATE 605 S/B (SAN GABRIEL RIVER FREEWAY),STATE ROUTE 60,2640,N,N,A,-,Y,LA,NA,605,NA,R,17.942,H,NA,L,N,4,0,1,2,A,-,03,22350,NA,N,C,C,A,A,H,-,A,D,0,NA,NA,NA,NA,Y,NA,A,01,0,0,1,0,0,0,0,0,0,-,-,34.03916931152344,-118.01994323730467,LOS ANGELES,UNINCORPORATED,-118.01990509033205,34.03911590576172
94774739,2025,2025-07-23,9550,2025-07-14,1900,024565,NA,1,2,9,1900,0,3,5,NA,2,003,MARWOOD STREET,S OLYMPUS AVENUE,410,E,N,A,-,N,NA,NA,NA,NA,NA,NA,NA,NA,NA,N,3,0,1,2,A,-,03,22350,NA,N,G,B,E,A,H,-,A,D,0,Y,NA,NA,NA,Y,NA,A,07,0,1,0,0,1,0,0,0,0,-,-,34.012508392333984,-117.96167755126952,LOS ANGELES,UNINCORPORATED,-117.96045684814452,34.01213073730469
94774752,2025,2025-07-23,9525,2025-07-17,1603,024509,NA,4,2,9,1900,0,2,4,NA,2,022,VALLEY CENTER AVE,ARROW HWY,0,NA,Y,A,-,N,NA,NA,NA,NA,NA,NA,NA,NA,NA,Y,4,0,2,2,A,-,12,21453,A,N,D,C,A,A,H,-,A,A,0,NA,NA,NA,NA,Y,NA,A,01,0,0,2,0,0,0,0,0,0,-,-,34.10667037963867,-117.83753967285156,LOS ANGELES,UNINCORPORATED,-117.83763885498048,34.10673141479492
9477477,2022,2022-07-28,1955,2022-05-14,0739,42838,14,6,5,6,1955,0,0,0,NA,0,003,KINGSLEY AV,INDIAN HILL BL,0,NA,Y,A,-,N,NA,NA,NA,NA,NA,NA,NA,NA,NA,N,4,0,2,2,A,-,12,21453,A,N,D,C,A,A,H,-,A,A,0,NA,NA,NA,NA,Y,NA,D,22,0,0,2,0,0,0,0,0,0,-,-,34.066978454589844,-117.71925354003906,LOS ANGELES,POMONA,-117.71920776367188,34.066925048828125
94774786,2025,2025-07-23,9535,2025-06-10,1200,022797,NA,2,1,9,1900,0,1,1,NA,2,650,I-605 N/B (SAN GABRIEL RIVER FREEWAY),GOLF COURSE PUC,2112,S,N,A,-,Y,LA,NA,605,NA,R,18.27,H,NA,R,Y,3,0,1,2,A,-,08,22107,NA,F,B,C,A,A,H,-,A,D,0,NA,NA,NA,NA,Y,NA,-,-,0,1,0,0,0,0,0,0,0,-,-,34.04090881347656,-118.01470184326172,LOS ANGELES,UNINCORPORATED,-118.01471710205078,34.04094696044922
94774790,2025,2025-07-23,9525,2025-07-16,626,024480,NA,3,1,5,1990,0,1,3,NA,2,603,SR-60 W/B (POMONA FWY),GRAND AVE,3168,E,N,A,-,Y,LA,NA,60,NA,R,25.085,H,NA,L,Y,4,0,1,2,A,-,08,22107,NA,N,F,0,A,A,H,-,A,D,0,NA,NA,Y,NA,Y,NA,C,02,0,0,1,0,0,0,0,0,1,-,-,34.017791748046875,-117.81703186035156,LOS ANGELES,DIAMOND BAR,-117.81692504882813,34.01773452758789
94774812,2025,2025-07-23,9525,2025-07-17,714,024518,NA,4,1,9,1900,0,1,3,NA,2,573,SR-57 S/B (ORANGE FWY),BREA CANYON RD,3000,S,N,A,-,Y,LA,NA,57,NA,R,0.531,H,NA,L,Y,4,0,1,5,A,-,03,22350,NA,N,C,2,A,A,H,-,A,D,0,NA,NA,NA,NA,Y,NA,D,22,0,0,1,0,0,0,0,0,0,-,-,33.95267868041992,-117.8637237548828,LOS ANGELES,UNINCORPORATED,-117.86371612548828,33.95267868041992
94774816,2025,2025-07-23,9575,2025-07-19,1100,021775,NA,6,1,6,1925,0,1,3,NA,2,042,SR-134 E/B (VENTURA FREEWAY),CENTRAL AVE.,40,E,N,A,-,Y,LA,NA,134,NA,R,6.975,H,NA,R,N,4,0,1,2,A,-,03,22350,NA,N,C,C,A,A,H,-,A,D,0,NA,NA,NA,NA,Y,NA,A,08,0,0,1,0,0,0,0,0,0,-,-,34.156219482421875,-118.25775909423828,LOS ANGELES,GLENDALE,-118.25775909423828,34.15626907348633
94774829,2025,2025-07-23,9575,2025-07-22,1620,021538,NA,2,2,6,1925,0,1,3,NA,2,042,SR-134 E/B (VENTURA FREEWAY),SINCLAIR AVE.,930,W,N,A,-,Y,LA,NA,134,NA,R,8.401,H,NA,R,Y,3,0,1,3,A,-,03,22350,NA,N,C,C,A,A,H,-,A,D,0,NA,NA,NA,NA,Y,NA,A,07,0,1,0,0,0,0,0,0,0,-,-,34.15106964111328,-118.23516082763672,LOS ANGELES,GLENDALE,-118.23509979248048,34.15113067626953
94774831,2025,2025-07-23,9565,2025-07-13,1940,024407,NA,7,2,5,1928,0,1,1,NA,2,060,I-405 NORTHBOUND,MARINE AVENUE,500,N,N,A,-,Y,LA,NA,405,NA,NA,18.812,H,NA,R,Y,4,0,2,3,A,-,03,22350,NA,N,C,C,A,A,H,-,B,D,0,NA,NA,NA,NA,Y,NA,A,01,0,0,2,0,0,0,0,0,0,-,-,33.89619064331055,-118.36853790283205,LOS ANGELES,HAWTHORNE,-118.36848449707033,33.896236419677734
94774835,2025,2025-07-23,9580,2025-07-16,2050,023181,NA,3,2,7,1942,0,1,2,NA,2,102,US-101 N/B FROM WOODMAN AVE,WOODMAN AVE,500,N,N,A,-,Y,LA,NA,101,NA,NA,14.997,H,NA,R,N,4,0,1,2,A,-,03,22350,NA,N,C,C,A,A,H,-,C,A,0,NA,NA,NA,NA,Y,NA,A,01,0,0,1,0,0,0,0,0,0,-,-,34.15589141845703,-118.43305206298828,LOS ANGELES,LOS ANGELES,-118.43305206298828,34.155731201171875
94774867,2025,2025-07-24,9565,2025-07-13,1815,024021,NA,7,2,7,1942,0,1,1,NA,2,063,I-405 N/B,CONSTITUTION AVE,600,N,N,A,-,Y,LA,NA,405,NA,NA,32.07,H,NA,R,Y,3,0,3,3,A,-,08,22107,NA,N,B,2,A,A,H,-,A,D,0,NA,NA,NA,NA,Y,NA,A,01,0,2,1,0,0,0,0,0,0,-,-,34.06201934814453,-118.45702362060548,LOS ANGELES,LOS ANGELES,-118.4570770263672,34.06198501586914
94774893,2025,2025-07-24,9550,2025-07-11,1618,021274,NA,5,2,9,1900,0,1,3,NA,2,601,STATE ROUTE 60 W/B,STIMSON AVENUE,270,E,N,A,-,Y,LA,NA,60,NA,NA,16.343,H,NA,L,N,4,0,1,2,A,-,08,22107,NA,F,B,C,A,A,H,-,A,D,0,NA,NA,NA,NA,Y,NA,-,99,0,0,1,0,0,0,0,0,0,-,-,34.00497055053711,-117.9577865600586,LOS ANGELES,UNINCORPORATED,-117.9577865600586,34.004981994628906
94774895,2025,2025-07-24,9580,2025-07-12,211,023532,NA,6,3,7,1942,0,1,1,NA,2,404,I-405 N/B (SAN DIEGO FWY),VENTURA BLVD,1016,S,N,A,-,Y,NA,NA,NA,NA,NA,NA,NA,NA,NA,N,4,0,1,1,A,-,01,23152,A,N,E,I,A,A,H,-,C,D,0,NA,NA,NA,NA,Y,Y,A,01,0,0,1,0,0,0,0,0,0,-,-,34.151851654052734,-118.46762084960938,LOS ANGELES,LOS ANGELES,-118.46791839599608,34.1539192199707
9477498,2022,2022-08-01,1970,2022-04-22,1429,216,SPB2,5,5,4,1970,0,0,0,NA,0,002,HUNTINGTON DR,GARFIELD AV,0,NA,Y,A,-,N,NA,NA,NA,NA,NA,NA,NA,NA,NA,Y,3,0,1,2,A,-,12,21453,A,N,D,C,A,A,H,-,A,A,0,NA,NA,NA,NA,Y,NA,A,01,0,1,0,0,0,0,0,0,0,-,-,34.10633850097656,-118.1352310180664,LOS ANGELES,SOUTH PASADENA,-118.13535308837892,34.10650634765625
9477522,2022,2022-08-02,1900,2022-05-30,1434,517840,1016,1,5,3,1995,0,0,0,NA,0,101T3,PCH,SWEETWATER CANYON DR,1954,E,N,A,-,Y,LA,7,1,-,-,45.99,H,-,N,N,2,0,1,2,A,-,08,22107,NA,N,D,C,A,A,H,-,A,D,0,NA,NA,Y,NA,Y,NA,D,22,1,0,0,0,0,0,0,0,1,-,-,34.039649963378906,-118.66755676269533,LOS ANGELES,MALIBU,-118.66764068603516,34.03959274291992
9477523,2022,2022-07-19,1900,2022-06-26,1349,644588,2263,7,5,2,1993,0,0,0,NA,0,222,VIA COLINAS,VIA COLINAS 31166,0,NA,N,A,-,N,NA,NA,NA,NA,NA,NA,NA,NA,NA,Y,4,0,1,2,A,-,09,21801,A,N,A,C,A,A,H,-,A,D,0,NA,NA,NA,NA,Y,NA,A,01,0,0,1,0,0,0,0,0,0,-,-,34.15420150756836,-118.80580139160156,LOS ANGELES,WESTLAKE VILLAGE,NA,NA
9477530,2022,2022-08-03,1900,2022-06-16,1224,525750,0612,4,5,6,1985,0,0,0,NA,0,61T1/D,WHITES CANYON RD,PLEASANTDALE RD,0,NA,Y,A,-,N,NA,NA,NA,NA,NA,NA,NA,NA,NA,Y,2,0,1,3,A,-,08,22107,NA,N,C,C,A,A,C,-,A,B,0,NA,NA,Y,NA,Y,NA,D,22,1,0,0,0,0,0,0,0,1,-,-,34.420738220214844,-118.4722137451172,LOS ANGELES,SANTA CLARITA,-118.4722137451172,34.420806884765625
9477531,2022,2022-08-03,1900,2022-06-10,1738,623588,0641,5,5,6,1985,0,0,0,NA,0,64T1,COPPER HILL DR,PARAGON DR,0,NA,Y,A,-,N,NA,NA,NA,NA,NA,NA,NA,NA,NA,Y,2,0,1,2,A,-,09,21802,A,N,E,I,A,A,H,-,A,A,0,NA,NA,Y,NA,Y,NA,D,22,1,0,0,0,0,0,0,0,1,-,-,34.460479736328125,-118.5255889892578,LOS ANGELES,SANTA CLARITA,-118.52559661865234,34.460487365722656
94775313,2025,2025-07-24,9575,2025-07-17,2210,022084,NA,4,3,5,1902,0,1,1,NA,2,065,I-210 E/B (FOOTHILL FREEWAY),BALDWIN AVE,2170,W,N,A,-,Y,LA,NA,210,NA,R,30.372,H,NA,R,N,4,0,2,2,A,-,07,21658,A,N,B,C,A,A,H,-,C,D,0,NA,NA,NA,NA,Y,NA,A,07,0,0,2,0,0,0,0,0,0,-,-,34.1485481262207,-118.05795288085938,LOS ANGELES,ARCADIA,-118.05795288085938,34.14860534667969
9477532,2022,2022-08-02,1900,2022-06-23,0515,647475,0612,4,5,6,1985,0,0,0,NA,0,61T1,SOLEDAD CANYON RD,CROSSGLADE AV,125,W,N,A,-,N,NA,NA,NA,NA,NA,NA,NA,NA,NA,Y,4,0,4,3,A,-,03,22350,NA,N,C,C,A,A,H,-,B,D,0,NA,NA,NA,NA,Y,NA,A,01,0,0,4,0,0,0,0,0,0,-,-,34.41584014892578,-118.46688842773438,LOS ANGELES,SANTA CLARITA,-118.466796875,34.41566467285156
9477533,2022,2022-08-02,1900,2022-06-15,1945,652853,0625,3,5,6,1985,0,0,0,NA,0,62T1,12TH ST,RAILROAD AV,10,W,N,A,-,N,NA,NA,NA,NA,NA,NA,NA,NA,NA,N,2,0,1,2,A,-,09,21801,A,N,D,G,A,A,H,-,B,D,0,NA,Y,NA,NA,Y,NA,D,22,1,0,0,0,0,0,1,0,0,-,-,34.38343048095703,-118.53048706054688,LOS ANGELES,SANTA CLARITA,-118.53041839599608,34.38348388671875
9477535,2022,2022-08-03,1900,2022-06-30,1525,652853,0629,4,5,6,1985,0,0,0,NA,0,62T1,LYONS AV,APPLE ST,0,NA,Y,A,-,N,NA,NA,NA,NA,NA,NA,NA,NA,NA,Y,4,0,2,2,D,-,00,NA,NA,N,D,C,A,A,H,-,A,A,0,NA,NA,NA,NA,Y,NA,-,-,0,0,2,0,0,0,0,0,0,-,-,34.37976837158203,-118.54247283935548,LOS ANGELES,SANTA CLARITA,-118.54248046875,34.379737854003906
94775377,2025,2025-07-24,9540,2025-07-17,245,022940,NA,4,3,6,1985,0,1,3,NA,1,143,SR-14 S/B (ANTELOPE VALLEY FREEWAY),THE OLD ROAD,175,N,N,A,-,Y,LA,NA,14,NA,R,24.919,H,NA,L,Y,2,0,1,1,A,-,08,22107,NA,N,E,8,A,A,H,-,D,D,0,NA,NA,NA,NA,Y,NA,A,07,1,0,0,0,0,0,0,0,0,-,-,34.33551025390625,-118.5084991455078,LOS ANGELES,SANTA CLARITA,-118.50837707519533,34.33550262451172
94775400,2025,2025-07-24,9535,2025-07-14,1055,023070,NA,1,1,7,1942,0,3,5,NA,2,001,DOZIER ST,FORD BLVD,0,NA,Y,A,-,N,NA,NA,NA,NA,NA,NA,NA,NA,NA,Y,4,0,2,2,A,-,09,21802,A,N,D,C,A,A,H,-,A,A,0,NA,NA,NA,NA,Y,NA,A,07,0,0,2,0,0,0,0,0,0,-,-,34.04153823852539,-118.16918182373048,LOS ANGELES,LOS ANGELES,-118.16921997070313,34.041500091552734
94775423,2025,2025-07-24,9545,2025-07-14,950,024553,NA,1,1,6,1992,0,1,3,NA,2,011,SR-14 N/B,AVENUE H,89,S,N,A,-,Y,LA,NA,14,NA,R,69.829,H,NA,R,Y,3,0,2,1,A,-,08,22107,NA,N,E,I,A,A,D,E,A,D,0,NA,NA,NA,NA,Y,NA,A,07,0,2,0,0,0,0,0,0,0,-,-,34.71638107299805,-118.17005920410156,LOS ANGELES,LANCASTER,-118.16998291015624,34.71638107299805
94775435,2025,2025-07-24,9575,2025-07-18,825,023227,NA,5,1,6,1912,0,1,1,NA,2,051,I-5 S/B (GOLDEN STATE FREEWAY),BUENA VISTA ST,740,N,N,A,-,Y,LA,NA,5,NA,NA,31.404,H,NA,L,N,4,0,2,1,C,-,18,NA,NA,N,E,J,A,A,H,-,A,D,0,NA,NA,NA,NA,Y,NA,-,-,0,0,2,0,0,0,0,0,0,-,-,34.20061111450195,-118.33925628662108,LOS ANGELES,BURBANK,-118.33924102783205,34.200618743896484
94775443,2025,2025-07-24,9580,2025-07-17,1905,021966,NA,4,2,7,1942,0,1,2,NA,2,104,US-101 N/B (VENTURA FREEWAY) TO TAMPA AVE,TAMPA AVE.,160,S,N,A,-,Y,NA,NA,NA,NA,NA,NA,NA,NA,NA,N,4,0,1,2,A,-,03,22350,NA,M,C,C,A,A,H,-,A,D,0,NA,NA,NA,NA,Y,Y,A,01,0,0,1,0,0,0,0,0,0,-,-,34.173919677734375,-118.55281829833984,LOS ANGELES,LOS ANGELES,-118.55328369140624,34.173641204833984
94775446,2025,2025-07-24,9580,2025-07-19,1240,024014,NA,6,1,7,1942,0,1,2,NA,2,102,US-101 N/B (VENTURA FREEWAY),I-405 S/B (SAN DIEGO FWY),630,N,N,A,-,Y,LA,NA,101,NA,NA,17.31,H,NA,R,N,3,0,1,2,A,-,03,22350,NA,N,C,C,A,A,H,-,A,D,0,NA,NA,Y,NA,Y,NA,C,02,0,1,0,0,0,0,0,0,1,-,-,34.162559509277344,-118.47122955322266,LOS ANGELES,LOS ANGELES,-118.47122192382813,34.16256332397461
94775453,2025,2025-07-24,9580,2025-07-20,115,024428,NA,7,3,7,1942,0,1,2,NA,2,104,US-101 N/B (VENTURA FREEWAY),RESEDA BLVD,2112,N,N,A,-,Y,LA,NA,101,NA,NA,21.717,H,NA,R,N,4,0,1,2,A,-,03,22350,NA,F,C,C,A,A,H,-,D,D,0,NA,NA,NA,NA,Y,NA,A,01,0,0,1,0,0,0,0,0,0,-,-,34.17348861694336,-118.5439682006836,LOS ANGELES,LOS ANGELES,-118.5439682006836,34.173500061035156
94775477,2025,2025-07-24,9580,2025-07-20,1235,024014,NA,7,1,7,1942,0,1,2,NA,2,102,US-101 N/B (VENTURA FREEWAY),SEPULVEDA BLVD,2000,S,N,A,-,Y,LA,NA,101,NA,NA,16.554,H,NA,R,N,4,0,2,3,A,-,03,22350,NA,N,C,C,A,A,H,-,A,D,0,NA,NA,NA,NA,Y,NA,A,07,0,0,2,0,0,0,0,0,0,-,-,34.1591682434082,-118.45932006835938,LOS ANGELES,LOS ANGELES,-118.45931243896484,34.15918731689453
94775501,2025,2025-07-24,9545,2025-07-15,708,024553,NA,2,1,9,1900,0,1,3,NA,2,021,SIERRA HWY,SR-14 S/B TO SIERRA HWY,0,NA,Y,A,-,Y,NA,NA,NA,NA,NA,NA,NA,NA,NA,Y,3,0,2,2,A,-,09,21802,A,N,D,C,A,A,H,-,A,A,0,NA,NA,NA,NA,Y,NA,A,07,0,2,0,0,0,0,0,0,0,-,-,34.51115036010742,-118.10978698730467,LOS ANGELES,UNINCORPORATED,-118.12741088867188,34.64015579223633
94775521,2025,2025-07-24,9550,2025-07-14,1550,024565,NA,1,2,9,1900,0,3,5,NA,2,003,LOS ROBLES AVENUE,TURNBULL CANYON ROAD,0,NA,Y,A,-,N,NA,NA,NA,NA,NA,NA,NA,NA,NA,Y,2,0,2,2,A,-,12,21453,A,N,D,C,A,A,H,-,A,A,0,NA,NA,NA,NA,Y,NA,A,01,1,1,0,0,0,0,0,0,0,-,-,34.00822067260742,-117.97982025146484,LOS ANGELES,UNINCORPORATED,-117.97978973388672,34.00813674926758
9477553,2022,2022-08-03,1900,2022-06-12,2023,617242,1126,7,5,6,1992,0,0,0,NA,0,112T1P,AVENUE L,10TH ST WEST,390,W,N,A,-,N,NA,NA,NA,NA,NA,NA,NA,NA,NA,Y,4,0,1,3,A,-,08,22107,NA,N,C,C,A,A,H,-,C,A,0,NA,NA,Y,NA,Y,NA,A,01,0,0,1,0,0,0,0,0,0,-,-,NA,NA,LOS ANGELES,LANCASTER,-118.14913177490234,34.660369873046875
94775530,2025,2025-07-24,9550,2025-05-02,2345,024062,NA,5,3,9,1900,0,2,4,NA,1,051,FULLERTON AVENUE,LOS PALACIOS DRIVE,360,S,N,A,-,N,NA,NA,NA,NA,NA,NA,NA,NA,NA,Y,2,0,1,2,A,-,08,22107,NA,N,D,C,A,A,H,-,C,D,0,NA,NA,Y,NA,Y,NA,A,01,1,0,0,0,0,0,0,0,1,-,-,33.98992919921875,-117.90554809570313,LOS ANGELES,UNINCORPORATED,-117.90554809570313,33.98995590209961
9477554,2022,2022-08-02,1900,2022-06-17,1344,652873,1120,5,5,6,1992,0,0,0,NA,0,112T4,AVENUE G,WILLIAM J BARNES AV,60,E,N,A,-,N,NA,NA,NA,NA,NA,NA,NA,NA,NA,N,3,0,1,2,A,-,09,21802,A,N,D,C,A,A,H,-,A,D,0,NA,NA,Y,NA,Y,NA,C,02,0,1,0,0,0,0,0,0,1,-,-,34.73291015625,-118.2190170288086,LOS ANGELES,LANCASTER,-118.21939849853516,34.73308563232422
94775549,2025,2025-07-24,9535,2025-07-14,1708,023354,NA,1,2,5,1943,0,1,1,NA,2,104,I-105 E/B (CENTURY FREEWAY),I-710 (LONG BEACH FREEWAY) S/B,885,W,N,A,-,Y,LA,NA,105,NA,R,13.296,H,NA,R,N,4,0,4,2,A,-,03,22350,NA,F,C,C,A,A,H,-,A,D,0,NA,NA,NA,NA,Y,NA,A,01,0,0,4,0,0,0,0,0,0,-,-,33.91373062133789,-118.18300628662108,LOS ANGELES,LYNWOOD,-118.18304443359376,33.91366195678711
9477555,2022,2022-08-02,1900,2022-06-30,0410,648715,1123,4,5,6,1992,0,0,0,NA,0,111T1,BEECH AV,AVENUE J-2,0,NA,Y,A,-,N,NA,NA,NA,NA,NA,NA,NA,NA,NA,N,4,0,1,3,A,-,08,22107,NA,N,C,E,A,A,H,-,C,A,0,NA,NA,NA,NA,Y,NA,A,07,0,0,1,0,0,0,0,0,0,-,-,34.687591552734375,-118.13687133789064,LOS ANGELES,LANCASTER,-118.13688659667967,34.687583923339844
94775564,2025,2025-07-24,9550,2025-07-08,810,023831,NA,2,1,9,1900,0,2,4,NA,1,042,COLIMA ROAD,LARKVANE ROAD,0,NA,Y,A,-,N,NA,NA,NA,NA,NA,NA,NA,NA,NA,Y,3,0,1,2,A,-,12,21453,A,N,D,2,A,A,H,-,A,A,0,NA,NA,NA,Y,Y,NA,A,01,0,1,0,0,0,0,0,0,0,-,-,33.988548278808594,-117.90969848632813,LOS ANGELES,UNINCORPORATED,-117.90969848632813,33.98859786987305
9477557,2022,2022-07-29,1900,2022-07-10,1546,648715,1122,7,5,6,1992,0,0,0,NA,0,112T2,SIERRA HWY,JACKMAN ST,0,NA,Y,A,-,N,NA,NA,NA,NA,NA,NA,NA,NA,NA,N,4,0,2,2,A,-,03,22350,NA,N,C,C,A,A,H,-,A,A,0,NA,NA,NA,NA,Y,NA,D,22,0,0,2,0,0,0,0,0,0,-,-,34.701908111572266,-118.13744354248048,LOS ANGELES,LANCASTER,-118.13751983642578,34.70196533203125
94775570,2025,2025-07-24,9535,2025-07-14,1115,023448,NA,1,1,6,1922,0,1,1,NA,2,400,I-10 (SAN BERNARDINO FREEWAY) E/B,DURFEE AVE,144.35,E,N,A,-,Y,LA,NA,10,NA,NA,30.544,H,NA,R,Y,3,0,1,2,A,-,07,21658,A,N,C,C,A,A,H,-,A,D,0,NA,NA,Y,NA,Y,NA,A,01,0,1,0,0,0,0,0,0,1,-,-,34.06418991088867,-118.01072692871094,LOS ANGELES,EL MONTE,-118.01071166992188,34.06425094604492
94775681,2025,2025-12-15,9550,2025-07-07,2336,024389,NA,1,3,6,1920,0,1,1,NA,2,651,I-605 NB FROM STUDEBAKER RD,STUDEBAKER RD,100,W,N,A,-,Y,NA,NA,NA,NA,NA,NA,NA,NA,NA,Y,4,0,1,1,A,-,08,22107,NA,N,E,8,A,A,H,-,C,D,0,NA,NA,NA,NA,Y,NA,A,01,0,0,1,0,0,0,0,0,0,-,-,33.9356803894043,-118.09851837158205,LOS ANGELES,DOWNEY,-118.09937286376952,33.868125915527344