CASE_ID,ACCIDENT_YEAR,PROC_DATE,JURIS,COLLISION_DATE,COLLISION_TIME,OFFICER_ID,REPORTING_DISTRICT,DAY_OF_WEEK,CHP_SHIFT,POPULATION,CNTY_CITY_LOC,SPECIAL_COND,BEAT_TYPE,CHP_BEAT_TYPE,CITY_DIVISION_LAPD,CHP_BEAT_CLASS,BEAT_NUMBER,PRIMARY_RD,SECONDARY_RD,DISTANCE,DIRECTION,INTERSECTION,WEATHER_1,WEATHER_2,STATE_HWY_IND,CALTRANS_COUNTY,CALTRANS_DISTRICT,STATE_ROUTE,ROUTE_SUFFIX,POSTMILE_PREFIX,POSTMILE,LOCATION_TYPE,RAMP_INTERSECTION,SIDE_OF_HWY,TOW_AWAY,COLLISION_SEVERITY,NUMBER_KILLED,NUMBER_INJURED,PARTY_COUNT,PRIMARY_COLL_FACTOR,PCF_CODE_OF_VIOL,PCF_VIOL_CATEGORY,PCF_VIOLATION,PCF_VIOL_SUBSECTION,HIT_AND_RUN,TYPE_OF_COLLISION,MVIW,PED_ACTION,ROAD_SURFACE,ROAD_COND_1,ROAD_COND_2,LIGHTING,CONTROL_DEVICE,CHP_ROAD_TYPE,PEDESTRIAN_ACCIDENT,BICYCLE_ACCIDENT,MOTORCYCLE_ACCIDENT,TRUCK_ACCIDENT,NOT_PRIVATE_PROPERTY,ALCOHOL_INVOLVED,STWD_VEHTYPE_AT_FAULT,CHP_VEHTYPE_AT_FAULT,COUNT_SEVERE_INJ,COUNT_VISIBLE_INJ,COUNT_COMPLAINT_PAIN,COUNT_PED_KILLED,COUNT_PED_INJURED,COUNT_BICYCLIST_KILLED,COUNT_BICYCLIST_INJURED,COUNT_MC_KILLED,COUNT_MC_INJURED,PRIMARY_RAMP,SECONDARY_RAMP,LATITUDE,LONGITUDE,COUNTY,CITY,POINT_X,POINT_Y
94775682,2025,2025-07-24,9540,2025-07-06,2015,023580,NA,7,2,9,1900,0,2,4,NA,2,010,THE OLD RD SOUTHBOUND,PICO CANYON RD,440,S,N,A,-,N,NA,NA,NA,NA,NA,NA,NA,NA,NA,Y,4,0,2,3,A,-,04,21703,NA,N,C,C,A,A,H,-,B,A,0,NA,NA,NA,NA,Y,NA,A,01,0,0,2,0,0,0,0,0,0,-,-,34.38248062133789,-118.5712432861328,LOS ANGELES,UNINCORPORATED,-118.57081604003906,34.37986755371094
94775688,2025,2025-07-24,9550,2025-07-11,1504,024558,NA,5,2,3,1964,0,1,1,NA,2,500,I-5 NORTHBOUND,FLORENCE AVE OVERCROSSING,175,N,N,A,-,Y,LA,NA,5,NA,NA,6.424,H,NA,R,N,4,0,2,2,A,-,03,22350,NA,N,C,C,A,A,H,-,A,D,0,NA,NA,NA,Y,Y,NA,F,26,0,0,2,0,0,0,0,0,0,-,-,33.9359016418457,-118.0928192138672,LOS ANGELES,SANTA FE SPRINGS,-118.09295654296876,33.93583297729492
94775696,2025,2025-11-12,9565,2025-07-12,1555,024401,NA,6,2,9,1900,0,3,5,NA,2,006,W/B WILSHIRE BOULEVARD,SEPULVEDA BOULEVARD,50,E,N,A,-,N,NA,NA,NA,NA,NA,NA,NA,NA,NA,Y,4,0,4,3,A,-,03,22350,NA,N,C,C,A,A,H,-,A,A,0,NA,NA,NA,NA,Y,NA,A,01,0,0,4,0,0,0,0,0,0,-,-,34.056278228759766,-118.45147705078124,LOS ANGELES,UNINCORPORATED,-118.45145416259766,34.05617904663086
94775708,2025,2025-07-24,9580,2025-07-22,630,020800,NA,2,1,7,1942,0,1,1,NA,2,406,I-405 S/B (SAN DIEGO FWY),SATICOY ST,80,N,N,A,-,Y,LA,NA,405,NA,NA,42.902,H,NA,L,Y,3,0,2,3,A,-,03,22350,NA,N,C,C,A,A,H,-,A,D,0,NA,NA,NA,NA,Y,NA,D,22,0,1,1,0,0,0,0,0,0,-,-,34.2087516784668,-118.47354125976564,LOS ANGELES,LOS ANGELES,-118.47344207763672,34.20874786376953
94775713,2025,2025-07-24,9580,2025-07-22,2310,022561,NA,2,3,7,1942,0,1,3,NA,2,117,SR-118 W/B TO HAYVENHURST AVE,HAYVENHURST AVE,5,W,N,A,-,Y,NA,NA,NA,NA,NA,NA,NA,NA,NA,Y,4,0,1,2,A,-,07,21658,A,N,C,C,A,A,H,-,D,D,0,NA,NA,NA,NA,Y,NA,A,01,0,0,1,0,0,0,0,0,0,-,-,34.275428771972656,-118.49324798583984,LOS ANGELES,LOS ANGELES,-118.493408203125,34.274959564208984
94775722,2025,2025-07-24,9540,2025-06-29,2142,023580,NA,7,2,6,1985,0,1,1,NA,2,506,I-5 N/B,MCBEAN PKY,1051,S,N,A,-,Y,LA,NA,5,NA,R,51.198,H,NA,R,Y,4,0,1,2,A,-,03,22350,NA,M,C,C,A,A,H,-,C,D,0,NA,NA,Y,NA,Y,NA,C,02,0,0,1,0,0,0,0,0,1,-,-,34.390830993652344,-118.57022094726564,LOS ANGELES,SANTA CLARITA,-118.5702896118164,34.39081954956055
94775760,2025,2025-07-24,9565,2025-07-14,827,024161,NA,1,1,9,1900,0,1,1,NA,2,012,I-105 W/B,WILTON PLACE,100,E,N,B,-,Y,LA,NA,105,NA,R,5.539,H,NA,L,N,3,0,2,3,A,-,03,22350,NA,N,C,C,A,A,D,-,A,D,0,NA,NA,NA,NA,Y,NA,A,01,0,2,0,0,0,0,0,0,0,-,-,33.92560958862305,-118.31250762939452,LOS ANGELES,UNINCORPORATED,-118.31250762939452,33.92559051513672
9477577,2022,2022-09-14,1900,2022-07-07,1150,526692,1414,4,5,1,1932,0,0,0,NA,0,141T2,STAFFORD ST,UNRUH AV,116,E,N,A,-,N,NA,NA,NA,NA,NA,NA,NA,NA,NA,N,4,0,1,2,A,-,08,22100,A,N,D,C,A,A,H,-,A,D,0,NA,NA,NA,Y,Y,NA,G,25,0,0,1,0,0,0,0,0,0,-,-,34.028411865234375,-117.96354675292967,LOS ANGELES,INDUSTRY,-117.9636459350586,34.02846908569336
94775773,2025,2025-07-24,9575,2025-07-23,1705,022336,NA,3,2,7,1942,0,1,3,NA,2,042,SR-134 W/B (VENTURA FREEWAY),SR-2 E/B (GLENDALE FREEWAY),2000,E,N,A,-,Y,LA,NA,134,NA,R,9.359,H,NA,L,Y,4,0,1,2,A,-,03,22350,NA,N,C,C,A,A,H,-,A,D,0,NA,NA,NA,NA,Y,NA,A,01,0,0,1,0,0,0,0,0,0,-,-,34.14530944824219,-118.2197265625,LOS ANGELES,LOS ANGELES,-118.21973419189452,34.145294189453125
94775808,2025,2025-07-24,9575,2025-07-21,1744,023031,NA,1,2,7,1942,0,1,1,NA,2,052,I-5 N/B (GOLDEN STATE FREEWAY),PENROSE ST.,1790,S,N,A,-,Y,LA,NA,5,NA,NA,33.941,H,NA,R,N,4,0,1,4,A,-,03,22350,NA,N,C,C,A,A,H,-,A,D,0,NA,NA,NA,NA,Y,NA,A,01,0,0,1,0,0,0,0,0,0,-,-,34.222999572753906,-118.37098693847656,LOS ANGELES,LOS ANGELES,-118.37096405029295,34.2230339050293
94775812,2025,2025-07-24,9565,2025-07-13,1745,024474,NA,7,2,9,1900,0,3,5,NA,2,005,VIA MARINA,MARQUESAS WAY,0,NA,Y,A,-,N,NA,NA,NA,NA,NA,NA,NA,NA,NA,Y,4,0,2,2,A,-,09,21801,A,N,D,C,A,A,H,-,A,A,0,NA,NA,NA,NA,Y,NA,A,07,0,0,2,0,0,0,0,0,0,-,-,33.97642135620117,-118.45912933349608,LOS ANGELES,UNINCORPORATED,-118.4591827392578,33.976402282714844
9477582,2022,2022-08-03,1900,2022-06-28,0816,403161,1418,2,5,1,1932,0,0,0,NA,0,141T2,GALE AV,PLAZA DR,0,NA,Y,A,-,N,NA,NA,NA,NA,NA,NA,NA,NA,NA,N,3,0,1,2,A,-,10,21950,A,N,G,G,B,A,H,-,A,A,0,Y,NA,NA,NA,Y,NA,D,22,0,1,0,0,1,0,0,0,0,-,-,33.99559020996094,-117.90663909912108,LOS ANGELES,INDUSTRY,NA,NA
9477586,2022,2022-07-28,1900,2022-05-19,0845,623347,1412,4,5,1,1932,0,0,0,NA,0,140Z2,TEMPLE AV,PEREZ PL,1054,N,N,A,-,N,NA,NA,NA,NA,NA,NA,NA,NA,NA,N,3,0,1,2,A,-,04,21703,NA,N,C,C,A,A,H,-,A,D,0,NA,NA,NA,Y,Y,NA,G,25,0,1,0,0,0,0,0,0,0,-,-,34.05704879760742,-117.99854278564452,LOS ANGELES,INDUSTRY,-118.00086975097656,34.054649353027344
94775860,2025,2025-07-24,9580,2025-07-18,852,021491,NA,5,1,9,1900,0,2,4,NA,1,128,KANAN DUME RD,MULHOLLAND HWY,528,S,N,A,-,N,NA,NA,NA,NA,NA,NA,NA,NA,NA,N,4,0,2,2,A,-,08,22107,NA,N,D,C,A,A,H,-,A,D,0,NA,NA,NA,NA,Y,NA,A,07,0,0,2,0,0,0,0,0,0,-,-,34.0953483581543,-118.81455230712892,LOS ANGELES,UNINCORPORATED,-118.81400299072266,34.09562683105469
94775924,2025,2025-07-24,9580,2025-07-22,825,021491,NA,2,1,9,1900,0,1,3,NA,1,271,SR-27 S/B (TOPANGA CYN. BLVD.),HILLSIDE DR,0,NA,Y,A,-,Y,LA,NA,27,NA,NA,5.832,H,NA,L,N,4,0,3,2,A,-,03,22350,NA,N,C,C,A,A,H,-,A,D,0,NA,NA,NA,NA,Y,NA,A,01,0,0,3,0,0,0,0,0,0,-,-,34.103790283203125,-118.59275817871094,LOS ANGELES,UNINCORPORATED,-118.5927276611328,34.10379409790039
94775937,2025,2025-07-24,9575,2025-05-27,2323,022946,NA,2,3,6,1925,0,1,3,NA,2,042,SR-134 E/B (VENTURA FREEWAY),SINCLAIR AVE,285,W,N,A,-,Y,LA,NA,134,NA,R,8.54,H,NA,R,Y,2,0,2,3,A,-,01,23152,A,N,E,8,A,A,H,-,C,D,0,NA,NA,NA,NA,Y,Y,A,07,1,1,0,0,0,0,0,0,0,-,-,34.149681091308594,-118.23316955566406,LOS ANGELES,GLENDALE,-118.23308563232422,34.14977264404297
94775943,2025,2025-07-24,9565,2025-07-13,1400,024379,NA,7,2,5,1928,0,1,S,NA,2,904,I-405 N/B FROM HAWTHORNE BLVD,HAWTHORNE BLVD,30,E,N,A,-,Y,NA,NA,NA,NA,NA,NA,NA,NA,NA,N,4,0,1,2,A,-,08,22107,NA,N,B,C,A,A,H,-,A,D,0,NA,NA,NA,NA,Y,NA,-,-,0,0,1,0,0,0,0,0,0,-,-,33.88494873046875,-118.35163116455078,LOS ANGELES,HAWTHORNE,-118.35287475585938,33.88497543334961
9477599,2022,2022-08-11,1900,2022-06-09,1425,647475,0631,4,5,6,1985,0,0,0,NA,0,61T1,SAND CANYON RD,RT 14,0,NA,Y,A,-,Y,LA,7,14,-,-,33.228,R,4,N,N,3,0,1,2,A,-,05,21202,A,N,D,G,A,A,H,-,A,A,0,NA,Y,NA,NA,Y,NA,L,04,0,1,0,0,0,0,1,0,0,-,-,34.42451095581055,-118.4237823486328,LOS ANGELES,SANTA CLARITA,-118.42666625976564,34.42377471923828
9477600,2022,2022-08-03,1900,2022-06-08,1628,476466,0617,3,5,6,1985,0,0,0,NA,0,61T1,LOST CANYON RD,GOLDEN VALLEY RD,814,S,N,A,-,N,NA,NA,NA,NA,NA,NA,NA,NA,NA,Y,4,0,1,2,A,-,09,21804,A,N,D,C,A,A,H,-,A,D,0,NA,NA,NA,NA,Y,NA,D,22,0,0,1,0,0,0,0,0,0,-,-,34.39567947387695,-118.46257019042967,LOS ANGELES,SANTA CLARITA,-118.46298217773438,34.3938102722168
9477601,2022,2022-07-27,1938,2022-06-23,1207,1269,AREA2,4,5,4,1938,0,0,0,NA,0,002,ARROW HWY,A ST,20,W,N,A,-,N,NA,NA,NA,NA,NA,NA,NA,NA,NA,N,3,0,1,3,A,-,03,22350,NA,N,C,C,A,A,D,-,A,D,0,NA,NA,NA,NA,Y,NA,A,01,0,1,0,0,0,0,0,0,0,-,-,NA,NA,LOS ANGELES,LA VERNE,-117.77723693847656,34.09929656982422
94776027,2025,2025-07-24,9545,2025-07-02,2147,024372,NA,3,2,9,1900,0,3,5,NA,2,004,PALMDALE BLVD,LONGVIEW RD,15,W,N,A,-,N,NA,NA,NA,NA,NA,NA,NA,NA,NA,Y,4,0,1,2,A,-,03,22350,NA,F,C,C,A,A,H,-,D,D,0,NA,NA,NA,NA,Y,Y,D,22,0,0,1,0,0,0,0,0,0,-,-,34.58000183105469,-117.88971710205078,LOS ANGELES,UNINCORPORATED,-117.88965606689452,34.58000183105469
94776032,2025,2025-09-29,9550,2025-07-15,1545,022769,NA,2,2,9,1900,0,1,1,NA,2,650,I-605 NB,PECK RD.,1300,N,N,A,-,Y,LA,NA,605,NA,R,16.923,H,NA,R,Y,3,0,3,4,A,-,08,22107,NA,F,C,C,A,A,H,-,A,D,0,NA,NA,NA,NA,Y,NA,-,99,0,2,1,0,0,0,0,0,0,-,-,34.029380798339844,-118.03359985351564,LOS ANGELES,UNINCORPORATED,-118.03355407714844,34.02931594848633
94776118,2025,2025-07-24,9565,2025-07-12,1557,022764,NA,6,2,7,1942,0,1,1,NA,2,063,I-405 S/B (SAN DIEGO FWY),SANTA MONICA BLVD,2640,S,N,A,-,Y,LA,NA,405,NA,NA,30.406,H,NA,L,N,4,0,1,2,A,-,03,22350,NA,N,C,C,A,A,H,-,A,D,0,NA,NA,NA,NA,Y,NA,A,01,0,0,1,0,0,0,0,0,0,-,-,34.04151153564453,-118.44204711914064,LOS ANGELES,LOS ANGELES,-118.4420928955078,34.04148483276367
94776125,2025,2025-07-24,9535,2025-04-15,2250,023962,NA,2,3,9,1900,0,3,5,NA,2,006,SR-164 (ROSEMEAD BLVD)(3700 BLOCK),GALLATIN RD,500,N,N,A,-,Y,NA,NA,NA,NA,NA,NA,NA,NA,NA,N,4,0,1,2,A,-,08,22105,NA,N,C,C,A,A,H,-,C,D,0,NA,NA,NA,NA,Y,NA,A,01,0,0,1,0,0,0,0,0,0,-,-,34.02119827270508,-118.07354736328124,LOS ANGELES,UNINCORPORATED,NA,NA
94776135,2025,2025-07-24,9550,2025-07-18,1325,022037,NA,5,1,6,1949,0,1,1,NA,2,500,I-5 N/B,NORWALK BOULEVARD,1848,S,N,A,-,Y,LA,NA,5,NA,NA,4.053,H,NA,R,Y,4,0,2,3,A,-,03,22350,NA,N,C,C,A,A,H,-,A,D,0,NA,NA,NA,NA,Y,NA,A,01,0,0,2,0,0,0,0,0,0,-,-,33.908668518066406,-118.06870269775392,LOS ANGELES,NORWALK,-118.06867218017578,33.90869140625
94776142,2025,2025-07-24,9525,2025-07-14,2246,021233,NA,1,3,4,1913,0,1,1,NA,2,207,SR-210 W/B (FOOTHILL FWY),BASE LINE RD.,755,E,N,A,-,Y,NA,NA,NA,NA,NA,NA,NA,NA,NA,N,3,0,1,1,A,-,08,22107,NA,N,E,I,A,A,H,-,D,D,0,NA,NA,NA,NA,Y,NA,A,01,0,1,0,0,0,0,0,0,0,-,-,34.12350845336914,-117.69586944580078,LOS ANGELES,CLAREMONT,-117.69622039794922,34.12192153930664
94776183,2025,2025-07-24,9545,2025-07-20,410,023770,NA,7,3,9,1900,0,3,5,NA,2,004,PALLET CREEK RD,FORT TEJON RD,250,S,N,A,-,N,NA,NA,NA,NA,NA,NA,NA,NA,NA,N,4,0,1,1,A,-,03,22350,NA,M,E,8,A,A,H,-,D,D,0,NA,NA,NA,NA,Y,Y,A,01,0,0,1,0,0,0,0,0,0,-,-,34.45989990234375,-117.86672973632813,LOS ANGELES,UNINCORPORATED,-117.86662292480467,34.459964752197266
94776201,2025,2025-07-24,9535,2025-07-12,1850,024519,NA,6,2,3,1968,0,1,3,NA,2,066,SR-164 S/B (ROSEMEAD BOUELVARD),SR-60 (POMONA FREEWAY),1180,N,N,A,-,Y,LA,NA,164,NA,NA,3.582,H,NA,L,Y,4,0,1,2,A,-,03,22350,NA,N,C,C,A,A,H,-,A,A,0,NA,NA,NA,NA,Y,NA,A,07,0,0,1,0,0,0,0,0,0,-,-,34.044700622558594,-118.06442260742188,LOS ANGELES,SOUTH EL MONTE,-118.06437683105467,34.044700622558594
94776221,2025,2025-07-24,9535,2025-07-07,1835,022797,NA,1,2,3,1914,0,1,1,NA,2,501,I-5 S/B (SANTA ANA FREEWAY),GARFIELD AVE,1056,N,N,A,-,Y,LA,NA,5,NA,NA,11.282,H,NA,L,N,4,0,2,3,A,-,03,22350,NA,N,C,C,A,A,H,-,A,D,0,NA,NA,NA,NA,Y,NA,-,-,0,0,2,0,0,0,0,0,0,-,-,33.99211120605469,-118.14190673828124,LOS ANGELES,COMMERCE,-118.14197540283205,33.992069244384766
94776230,2025,2025-07-24,9550,2025-07-23,915,022037,NA,3,1,6,1949,0,1,1,NA,2,501,I-5 N/B,BLOOMFIELD AVENUE,250,N,N,A,-,Y,LA,NA,5,NA,NA,3.748,H,NA,R,Y,4,0,1,2,A,-,03,22350,NA,N,C,C,A,A,H,-,A,D,0,NA,NA,NA,NA,Y,NA,A,01,0,0,1,0,0,0,0,0,0,-,-,33.9051513671875,-118.06526184082033,LOS ANGELES,NORWALK,-118.06514739990234,33.90524673461914
94776234,2025,2025-07-24,9535,2025-06-20,1430,022861,NA,5,2,4,1962,0,1,1,NA,2,420,I-10 (SAN BERNARDINO FREEWAY) E/B,DEL MAR AVE,672,W,N,A,-,Y,LA,NA,10,NA,NA,25.186,H,NA,R,Y,4,0,1,3,A,-,03,22350,NA,N,C,C,A,A,H,-,A,D,0,NA,NA,NA,NA,Y,NA,D,22,0,0,1,0,0,0,0,0,0,-,-,34.071781158447266,-118.1021728515625,LOS ANGELES,SAN GABRIEL,-118.10216522216795,34.07169723510742
94776251,2025,2025-07-30,9575,2025-07-17,1048,023049,NA,4,1,7,1942,0,1,3,NA,2,043,SR-134 E/B (VENTURA FREEWAY),RIVERSIDE DR.,1056,W,N,A,-,Y,LA,NA,134,NA,NA,4.593,H,NA,R,N,4,0,3,3,A,-,03,22350,NA,N,C,C,A,A,H,-,A,D,0,NA,NA,NA,NA,Y,NA,A,07,0,0,3,0,0,0,0,0,0,-,-,34.1557502746582,-118.29769134521484,LOS ANGELES,LOS ANGELES,-118.29769897460938,34.15570831298828
94776255,2025,2025-07-24,9550,2025-07-23,935,017042,NA,3,1,6,1949,0,1,1,NA,2,500,I-5 NORTHBOUND,PIONEER BLVD,1637,N,N,A,-,Y,LA,NA,5,NA,NA,5.492,H,NA,R,N,4,0,1,2,A,-,07,21658,A,N,B,C,A,A,H,-,A,D,0,NA,NA,NA,Y,Y,NA,G,25,0,0,1,0,0,0,0,0,0,-,-,33.92430114746094,-118.08470153808594,LOS ANGELES,NORWALK,-118.08479309082033,33.924251556396484
94776308,2025,2025-07-25,9565,2025-07-12,1645,024390,NA,6,2,7,1942,0,1,1,NA,2,061,I-405 SOUTHBOUND,HOWARD HUGHES PARKWAY,100,N,N,A,-,Y,LA,NA,405,NA,NA,24.722,H,NA,L,N,4,0,1,2,A,-,03,22350,NA,N,C,C,A,A,H,-,A,D,0,NA,NA,NA,Y,Y,NA,F,26,0,0,1,0,0,0,0,0,0,-,-,33.975181579589844,-118.38458251953124,LOS ANGELES,LOS ANGELES,-118.3845443725586,33.97523880004883
94776313,2025,2025-07-25,9535,2025-07-14,915,024497,NA,1,1,5,1915,0,1,1,NA,2,075,I-710 (LONG BEACH FREEWAY) S/B,ALONDRA BLVD,300,S,N,A,-,Y,LA,NA,710,NA,NA,13.706,H,NA,L,N,3,0,1,2,A,-,03,22350,NA,N,C,C,A,A,H,-,A,D,0,NA,NA,NA,Y,Y,NA,F,25,0,1,0,0,0,0,0,0,0,-,-,33.88587951660156,-118.19036102294922,LOS ANGELES,COMPTON,-118.19034576416016,33.8858757019043
9477649,2022,2022-08-02,1972,2022-06-22,1747,21239,NA,3,5,6,1972,0,0,0,NA,0,NA,KASHIWA ST,TELO AV,250,W,N,A,-,N,NA,NA,NA,NA,NA,NA,NA,NA,NA,Y,4,0,1,2,A,-,09,21804,A,N,D,C,A,A,H,-,A,A,0,NA,NA,NA,NA,Y,NA,A,NA,0,0,1,0,0,0,0,0,0,-,-,NA,NA,LOS ANGELES,TORRANCE,-118.33804321289064,33.8143310546875
9477659,2022,2022-08-10,1900,2022-06-07,1200,643294,1365,2,5,5,1952,0,0,0,NA,0,129G6,DOWNEY AV,ROSECRANS AV,100,S,N,A,-,N,NA,NA,NA,NA,NA,NA,NA,NA,NA,N,4,0,2,2,A,-,04,21703,NA,N,C,C,A,A,H,-,A,D,0,NA,NA,NA,NA,Y,Y,A,01,0,0,2,0,0,0,0,0,0,-,-,NA,NA,LOS ANGELES,PARAMOUNT,-118.15155792236328,33.90339660644531
9477665,2022,2022-08-10,1900,2022-07-21,1545,430275,1516,4,5,5,1954,0,0,0,NA,0,151T2,ROSEMEAD BL,MAXINE ST,0,NA,Y,A,-,N,NA,NA,NA,NA,NA,NA,NA,NA,NA,N,3,0,1,2,A,-,09,21802,A,N,D,C,A,A,H,-,A,A,0,NA,NA,NA,NA,Y,NA,A,07,0,1,0,0,0,0,0,0,0,-,-,33.9651985168457,-118.10749816894533,LOS ANGELES,PICO RIVERA,-118.10771942138672,33.96540451049805
9477666,2022,2022-08-10,1900,2022-07-22,1415,430275,1510,5,5,5,1954,0,0,0,NA,0,151T1,PARAMOUNT BL,BEVERLY PARK PL,13,N,N,A,-,N,NA,NA,NA,NA,NA,NA,NA,NA,NA,Y,4,0,1,1,C,-,18,NA,NA,N,E,I,A,A,H,-,A,A,0,NA,NA,NA,NA,Y,NA,-,-,0,0,1,0,0,0,0,0,0,-,-,34.01070022583008,-118.08609771728516,LOS ANGELES,PICO RIVERA,-118.08609771728516,34.010746002197266
9477667,2022,2022-08-10,1900,2022-07-23,1858,499039,1510,6,5,5,1954,0,0,0,NA,0,151T2,WHITTIER BL,ORANGE ST,0,NA,Y,A,-,N,NA,NA,NA,NA,NA,NA,NA,NA,NA,Y,4,0,1,2,A,-,09,21804,A,N,D,C,A,A,H,-,A,D,0,NA,NA,NA,NA,Y,NA,A,01,0,0,1,0,0,0,0,0,0,-,-,34.005699157714844,-118.09381103515624,LOS ANGELES,PICO RIVERA,-118.09378051757813,34.00577926635742
94776684,2025,2025-07-25,9590,2025-07-13,400,024222,NA,7,3,7,1942,0,1,1,NA,2,065,I-10 E/B (SANTA MONICA FREEWAY),MAPLE AVENUE,20,E,N,A,-,Y,LA,NA,10,NA,NA,15.789,H,NA,R,N,3,0,1,2,A,-,01,23152,A,N,B,C,A,A,H,-,C,D,0,NA,NA,NA,NA,Y,Y,A,01,0,1,0,0,0,0,0,0,0,-,-,34.031070709228516,-118.25994110107422,LOS ANGELES,LOS ANGELES,-118.25992584228516,34.03110122680664
94776691,2025,2025-07-25,9590,2025-07-08,220,024537,NA,2,3,7,1942,0,1,1,NA,2,063,I-10 W/B (SANTA MONICA FREEWAY) TO I-110,GRAND AVE,2.5,E,N,A,-,Y,LA,NA,10,NA,NA,15.31,H,NA,L,N,4,0,2,2,A,-,07,21658,A,N,B,C,A,A,H,-,C,D,0,NA,NA,NA,NA,Y,NA,-,-,0,0,2,0,0,0,0,0,0,-,-,34.034671783447266,-118.26692962646484,LOS ANGELES,LOS ANGELES,-118.26696014404295,34.034629821777344
94776707,2025,2025-07-25,9590,2025-07-05,150,024101,NA,6,3,7,1942,0,1,1,NA,2,040,I-5 NB (SANTA ANA FREEWAY),EUCLID AVENUE,275,N,N,A,-,Y,NA,NA,NA,NA,NA,NA,NA,NA,NA,N,4,0,1,2,A,-,07,21658,A,F,C,C,A,A,H,-,C,D,0,NA,NA,NA,NA,Y,NA,A,01,0,0,1,0,0,0,0,0,0,-,-,34.02769088745117,-118.21041107177734,LOS ANGELES,LOS ANGELES,-118.21036529541016,34.02757263183594
94776714,2025,2025-07-25,9530,2025-07-15,1505,017755,NA,2,2,5,1977,0,1,1,NA,2,410,I-405 S/B (SAN DIEGO FREEWAY),AVALON BLVD.,1525,N,N,A,-,Y,LA,NA,405,NA,NA,11.545,H,NA,L,N,4,0,1,2,A,-,03,22350,NA,F,C,C,A,A,H,-,A,D,0,NA,NA,NA,NA,Y,NA,-,99,0,0,1,0,0,0,0,0,0,-,-,33.84265899658203,-118.2668914794922,LOS ANGELES,CARSON,-118.26685333251952,33.842681884765625
94776717,2025,2025-07-25,9530,2025-07-15,735,017860,NA,2,1,7,1941,0,1,1,NA,2,430,I-405 S/B (SAN DIEGO FREEWAY),LAKEWOOD BLVD.,8,N,N,B,-,Y,LA,NA,405,NA,NA,3.338,H,NA,L,Y,4,0,1,2,A,-,03,22350,NA,N,C,C,A,A,H,-,A,D,0,NA,NA,NA,NA,Y,NA,A,01,0,0,1,0,0,0,0,0,0,-,-,33.805789947509766,-118.1428680419922,LOS ANGELES,LONG BEACH,-118.14288330078124,33.80573654174805
94776719,2025,2025-07-25,9590,2025-07-07,830,024451,NA,1,1,7,1942,0,1,1,NA,2,052,I-110 N/B (HARBOR FREEWAY),30TH STREET,100,N,N,A,-,Y,LA,NA,110,NA,NA,20.49,H,NA,R,N,4,0,2,3,A,-,03,22350,NA,N,C,C,A,A,H,-,A,D,0,NA,NA,NA,Y,Y,NA,F,25,0,0,2,0,0,0,0,0,0,-,-,34.02457809448242,-118.27593994140624,LOS ANGELES,LOS ANGELES,-118.27608489990234,34.02465057373047
94776720,2025,2025-07-25,9530,2025-07-15,1157,017755,NA,2,1,4,1939,0,1,1,NA,2,400,I-405 N/B (SAN DIEGO FREEWAY),MANHATTAN BEACH BLVD.,430,N,N,A,-,Y,LA,NA,405,NA,NA,17.958,H,NA,R,Y,4,0,1,2,A,-,03,22350,NA,N,C,C,A,A,H,-,A,D,0,NA,NA,NA,NA,Y,NA,A,01,0,0,1,0,0,0,0,0,0,-,-,33.88813018798828,-118.35733032226564,LOS ANGELES,LAWNDALE,-118.35728454589844,33.88817596435547
94776724,2025,2025-07-25,9545,2025-07-22,616,019414,NA,2,1,9,1900,0,1,3,NA,1,044,SR-18,228TH ST  E,120,E,N,A,-,Y,LA,NA,18,NA,NA,3.455,H,NA,R,Y,3,0,1,1,A,-,08,22107,NA,N,E,I,A,A,H,-,A,D,0,NA,NA,NA,NA,Y,NA,A,07,0,1,0,0,0,0,0,0,0,-,-,34.49858856201172,-117.72135925292967,LOS ANGELES,UNINCORPORATED,-117.72135925292967,34.498497009277344
94776726,2025,2025-07-25,9540,2025-07-17,1815,023817,NA,4,2,6,1985,0,1,1,NA,2,506,I-5 N/B,TO MAGIC MOUNTAIN PARKWAY,0,NA,Y,A,-,Y,LA,NA,5,NA,R,53.307,H,NA,R,Y,4,0,1,2,A,-,03,22350,NA,N,C,C,A,A,H,-,A,D,0,NA,NA,NA,NA,Y,NA,A,07,0,0,1,0,0,0,0,0,0,-,-,34.419898986816406,-118.5813217163086,LOS ANGELES,SANTA CLARITA,-118.5814208984375,34.419864654541016
94776727,2025,2025-07-25,9545,2025-07-19,1730,023856,NA,6,2,9,1900,0,1,3,NA,2,011,SR-14 N/B TO AVENUE L,AVENUE L,100,S,N,A,-,Y,NA,NA,NA,NA,NA,NA,NA,NA,NA,N,4,0,1,2,A,-,01,23152,A,N,C,C,A,A,H,-,A,A,0,NA,NA,NA,NA,Y,Y,A,01,0,0,1,0,0,0,0,0,0,-,-,34.66004943847656,-118.15193939208984,LOS ANGELES,UNINCORPORATED,-118.15317535400392,34.66009521484375