CASE_ID,ACCIDENT_YEAR,PROC_DATE,JURIS,COLLISION_DATE,COLLISION_TIME,OFFICER_ID,REPORTING_DISTRICT,DAY_OF_WEEK,CHP_SHIFT,POPULATION,CNTY_CITY_LOC,SPECIAL_COND,BEAT_TYPE,CHP_BEAT_TYPE,CITY_DIVISION_LAPD,CHP_BEAT_CLASS,BEAT_NUMBER,PRIMARY_RD,SECONDARY_RD,DISTANCE,DIRECTION,INTERSECTION,WEATHER_1,WEATHER_2,STATE_HWY_IND,CALTRANS_COUNTY,CALTRANS_DISTRICT,STATE_ROUTE,ROUTE_SUFFIX,POSTMILE_PREFIX,POSTMILE,LOCATION_TYPE,RAMP_INTERSECTION,SIDE_OF_HWY,TOW_AWAY,COLLISION_SEVERITY,NUMBER_KILLED,NUMBER_INJURED,PARTY_COUNT,PRIMARY_COLL_FACTOR,PCF_CODE_OF_VIOL,PCF_VIOL_CATEGORY,PCF_VIOLATION,PCF_VIOL_SUBSECTION,HIT_AND_RUN,TYPE_OF_COLLISION,MVIW,PED_ACTION,ROAD_SURFACE,ROAD_COND_1,ROAD_COND_2,LIGHTING,CONTROL_DEVICE,CHP_ROAD_TYPE,PEDESTRIAN_ACCIDENT,BICYCLE_ACCIDENT,MOTORCYCLE_ACCIDENT,TRUCK_ACCIDENT,NOT_PRIVATE_PROPERTY,ALCOHOL_INVOLVED,STWD_VEHTYPE_AT_FAULT,CHP_VEHTYPE_AT_FAULT,COUNT_SEVERE_INJ,COUNT_VISIBLE_INJ,COUNT_COMPLAINT_PAIN,COUNT_PED_KILLED,COUNT_PED_INJURED,COUNT_BICYCLIST_KILLED,COUNT_BICYCLIST_INJURED,COUNT_MC_KILLED,COUNT_MC_INJURED,PRIMARY_RAMP,SECONDARY_RAMP,LATITUDE,LONGITUDE,COUNTY,CITY,POINT_X,POINT_Y
9478396,2022,2022-08-01,1900,2022-06-02,2130,656781,1135,4,5,6,1992,0,0,0,NA,0,114,30TH ST EAST,AVENUE I,0,NA,Y,A,-,N,NA,NA,NA,NA,NA,NA,NA,NA,NA,N,4,0,1,2,A,-,09,21801,A,N,D,C,A,A,H,-,C,A,0,NA,NA,NA,NA,Y,NA,A,07,0,0,1,0,0,0,0,0,0,-,-,NA,NA,LOS ANGELES,LANCASTER,-118.07708740234376,34.70442199707031
9478397,2022,2022-08-01,1900,2022-06-29,1257,652873,1192,3,5,6,1992,0,0,0,NA,0,112T4,20TH ST WEST,AVENUE K-8,0,NA,Y,A,-,N,NA,NA,NA,NA,NA,NA,NA,NA,NA,Y,4,0,2,2,A,-,07,21658,A,N,D,C,A,A,D,-,A,A,0,NA,NA,NA,NA,Y,NA,A,01,0,0,2,0,0,0,0,0,0,-,-,NA,NA,LOS ANGELES,LANCASTER,-118.16569519042967,34.667667388916016
9478401,2022,2022-08-02,1913,2022-06-26,1755,4259,27,7,5,4,1913,0,0,0,NA,0,NA,ARROW HWY,CUCAMONGA AV,0,NA,Y,A,-,N,NA,NA,NA,NA,NA,NA,NA,NA,NA,Y,4,0,1,2,A,-,12,22450,A,N,D,C,A,A,H,-,A,A,0,NA,NA,NA,NA,Y,NA,A,01,0,0,1,0,0,0,0,0,0,-,-,NA,NA,LOS ANGELES,CLAREMONT,-117.71183013916016,34.090721130371094
94784011,2025,2025-07-31,9575,2025-07-30,2058,021538,NA,3,2,7,1942,0,1,3,NA,2,043,SR-134 W/B TO FOREST LAWN DR.,FOREST LAWN DR.,40,E,N,A,-,Y,NA,NA,NA,NA,NA,NA,NA,NA,NA,Y,3,0,1,2,A,-,03,22350,NA,N,B,2,A,A,H,-,D,A,0,NA,NA,NA,NA,Y,NA,A,01,0,1,0,0,0,0,0,0,0,-,-,34.15547180175781,-118.31079864501952,LOS ANGELES,LOS ANGELES,-118.31075286865234,34.155059814453125
94784012,2025,2025-07-31,9575,2025-07-30,1315,021538,NA,3,1,7,1942,0,1,3,NA,2,043,SR-134 W/B (VENTURA FREEWAY),RIVERSIDE DR.,1855,W,N,A,-,Y,LA,NA,134,NA,NA,4.454,H,NA,L,Y,3,0,2,2,A,-,03,22350,NA,N,C,C,A,A,H,-,A,D,0,NA,NA,NA,NA,Y,NA,A,07,0,2,0,0,0,0,0,0,0,-,-,34.156341552734375,-118.300048828125,LOS ANGELES,LOS ANGELES,-118.30006408691406,34.15628433227539
94784015,2025,2025-07-31,9575,2025-07-21,510,024163,NA,1,3,6,1912,0,1,1,NA,2,051,I-5 N/B (GOLDEN STATE FREEWAY),EMPIRE AVENUE,22,S,N,A,-,Y,LA,NA,5,NA,NA,30.439,H,NA,R,Y,4,0,2,2,A,-,03,22350,NA,N,C,C,A,A,H,-,B,D,0,NA,NA,NA,NA,Y,NA,A,01,0,0,2,0,0,0,0,0,0,-,-,34.19145965576172,-118.32676696777344,LOS ANGELES,BURBANK,-118.32683563232422,34.191402435302734
94784016,2025,2025-07-31,9525,2025-07-29,1810,023815,NA,2,2,9,1900,0,3,5,NA,2,003,VALLEY BLVD,YORBITA ROAD,9,W,N,A,-,N,NA,NA,NA,NA,NA,NA,NA,NA,NA,N,4,0,1,2,A,-,07,21658,A,N,B,C,A,A,H,-,A,A,0,NA,NA,NA,NA,Y,NA,A,07,0,0,1,0,0,0,0,0,0,-,-,34.005550384521484,-117.90392303466795,LOS ANGELES,UNINCORPORATED,-117.90377807617188,34.00567626953125
94784017,2025,2025-09-26,9535,2025-07-17,1720,023354,NA,4,2,9,1900,0,2,4,NA,2,025,S. ATLANTIC BLVD.,EAGLE STREET,150,N,N,A,-,N,NA,NA,NA,NA,NA,NA,NA,NA,NA,N,4,0,4,3,A,-,03,22350,NA,N,B,C,A,A,H,-,A,B,0,NA,NA,NA,NA,Y,NA,A,01,0,0,4,0,0,0,0,0,0,-,-,34.02762985229492,-118.15512084960938,LOS ANGELES,UNINCORPORATED,-118.15512084960938,34.027549743652344
94784019,2025,2025-07-31,9530,2025-07-07,1715,024495,NA,1,2,9,1900,0,3,5,NA,2,002,124TH ST (12300 BLOCK),WILMINGTON AVE,0,NA,Y,A,-,N,NA,NA,NA,NA,NA,NA,NA,NA,NA,N,3,0,1,2,A,-,10,21950,A,F,G,B,B,A,H,-,A,A,0,Y,NA,NA,NA,Y,NA,-,99,0,1,0,0,1,0,0,0,0,-,-,33.919960021972656,-118.2390594482422,LOS ANGELES,UNINCORPORATED,-118.23915100097656,33.919837951660156
9478402,2022,2022-08-02,1913,2022-06-28,0815,4321,1913,2,5,4,1913,0,0,0,NA,0,NA,INDIAN HILL BL,SCRIPPS DR,0,NA,Y,A,-,N,NA,NA,NA,NA,NA,NA,NA,NA,NA,N,4,0,1,2,A,-,05,21650,1,N,D,G,A,A,H,-,A,A,0,NA,Y,NA,NA,Y,NA,L,04,0,0,1,0,0,0,1,0,0,-,-,NA,NA,LOS ANGELES,CLAREMONT,-117.72032165527344,34.116085052490234
94784020,2025,2025-07-31,9530,2025-07-19,112,024512,NA,6,3,7,1941,0,1,1,NA,2,420,I-405 N/B FROM WARDLOW RD,WARDLOW RD,50,N,N,A,-,Y,LA,NA,405,NA,NA,6.547,H,NA,R,N,4,0,1,1,A,-,08,22107,NA,N,F,A,A,A,H,-,D,D,0,NA,NA,Y,NA,Y,NA,C,02,0,0,1,0,0,0,0,0,1,-,-,33.81951904296875,-118.19123840332033,LOS ANGELES,LONG BEACH,-118.1914520263672,33.8193359375
94784026,2025,2025-07-31,9540,2025-07-24,1645,021657,NA,4,2,7,1942,0,1,1,NA,1,405,I-405 S/B (SAN DIEGO FREEWAY),SR-118 W/B (RONALD REAGAN FREEWAY),1162,N,N,A,-,Y,LA,NA,405,NA,NA,47.084,H,NA,L,N,4,0,1,2,A,-,04,21703,NA,N,C,C,A,A,H,-,A,D,0,NA,NA,NA,NA,Y,NA,D,22,0,0,1,0,0,0,0,0,0,-,-,34.2694091796875,-118.47235107421876,LOS ANGELES,LOS ANGELES,-118.47225189208984,34.2694091796875
94784028,2025,2025-07-31,9575,2025-07-21,1950,022085,NA,1,2,7,1942,0,1,1,NA,2,050,I-5 S/B FROM COLORADO ST. FREEWAY EXTENSION,I-5 S/B (GOLDEN STATE FREEWAY),65,W,N,A,-,Y,LA,NA,5,NA,NA,25.868,H,NA,L,Y,4,0,1,1,A,-,03,22350,NA,N,E,I,A,A,H,-,B,D,0,NA,NA,Y,NA,Y,NA,C,02,0,0,1,0,0,0,0,0,1,-,-,34.1420783996582,-118.27842712402344,LOS ANGELES,LOS ANGELES,-118.2781219482422,34.14212417602539
94784029,2025,2025-07-31,9575,2025-07-23,1735,022085,NA,3,2,7,1942,0,2,4,NA,2,320,ANGELES FOREST HIGHWAY,CFM 24.37,160,N,N,A,-,Y,NA,NA,NA,NA,NA,NA,NA,NA,NA,Y,3,0,1,1,A,-,03,22350,NA,N,E,8,A,A,H,-,A,D,0,NA,NA,NA,NA,Y,NA,D,22,0,1,0,0,0,0,0,0,0,-,-,34.275001525878906,-118.16297912597656,LOS ANGELES,LOS ANGELES,NA,NA
9478403,2022,2022-08-02,1913,2022-06-01,1519,3983,49,3,5,4,1913,0,0,0,NA,0,NA,BASELINE RD,INDIAN HILL BL,38,E,N,A,-,N,NA,NA,NA,NA,NA,NA,NA,NA,NA,N,4,0,1,2,A,-,03,22350,NA,N,C,C,A,A,H,-,A,A,0,NA,NA,NA,NA,Y,NA,A,01,0,0,1,0,0,0,0,0,0,-,-,NA,NA,LOS ANGELES,CLAREMONT,-117.72012329101564,34.12160873413086
94784030,2025,2025-07-31,9535,2025-07-22,1400,024280,NA,2,2,9,1900,0,2,4,NA,2,025,ATLANTIC BOULEVARD (1000 BLOCK),LOUIS PLACE,70,S,N,A,-,N,NA,NA,NA,NA,NA,NA,NA,NA,NA,N,4,0,1,2,A,-,03,22350,NA,N,C,C,A,A,H,-,A,D,0,NA,NA,NA,NA,Y,NA,A,01,0,0,1,0,0,0,0,0,0,-,-,34.01905059814453,-118.15779876708984,LOS ANGELES,UNINCORPORATED,-118.15769958496094,34.01909255981445
9478404,2022,2022-08-02,1913,2022-06-03,1937,4260,69,5,5,4,1913,0,0,0,NA,0,NA,MILLS AV,BLUEFIELD DR,87,N,N,A,-,N,NA,NA,NA,NA,NA,NA,NA,NA,NA,Y,3,0,2,1,A,-,08,22107,A,N,A,I,A,A,H,-,B,D,0,NA,NA,NA,NA,Y,NA,A,07,0,2,0,0,0,0,0,0,0,-,-,NA,NA,LOS ANGELES,CLAREMONT,-117.70721435546876,34.12732696533203
94784040,2025,2025-07-31,9535,2025-07-03,833,023604,NA,4,1,9,1900,0,1,1,NA,2,501,I-5 S/B (SANTA ANA FREEWAY),DITMAN AVENUE,201,S,N,A,-,Y,LA,NA,5,NA,NA,14.746,H,NA,L,N,3,0,1,2,A,-,08,22107,NA,N,B,C,A,A,H,-,A,D,0,NA,NA,NA,Y,Y,NA,G,25,0,1,0,0,0,0,0,0,0,-,-,34.02001190185547,-118.1885986328125,LOS ANGELES,UNINCORPORATED,-118.1885986328125,34.02006912231445
94784064,2025,2025-07-31,9575,2025-07-22,230,021712,NA,2,3,9,1900,0,3,5,NA,2,008,SAN GABRIEL BLVD,LORAIN RD,217,N,N,A,-,N,NA,NA,NA,NA,NA,NA,NA,NA,NA,Y,4,0,1,1,A,-,01,23152,A,N,E,8,A,A,H,-,D,D,0,NA,NA,NA,NA,Y,Y,A,01,0,0,1,0,0,0,0,0,0,-,-,34.12289047241211,-118.09049224853516,LOS ANGELES,UNINCORPORATED,-118.09063720703124,34.12287139892578
94784089,2025,2025-07-31,9575,2025-07-22,1550,022336,NA,2,2,6,1925,0,1,3,NA,2,090,SR-2 W/B (GLENDALE FREEWAY),COLORADO BLVD.,30,E,N,A,-,Y,LA,NA,2,NA,R,18.551,H,NA,L,Y,4,0,1,2,A,-,02,22400,A,N,C,C,A,A,H,-,A,D,0,NA,NA,NA,Y,Y,NA,A,08,0,0,1,0,0,0,0,0,0,-,-,34.143001556396484,-118.22752380371094,LOS ANGELES,GLENDALE,-118.2275161743164,34.14299774169922
94784096,2025,2025-07-31,9580,2025-07-29,350,020791,NA,2,3,7,1942,0,1,2,NA,2,100,US-101 N/B (HOLLYWOOD FREEWAY),VINELAND AVE,500,S,N,A,-,Y,LA,NA,101,NA,NA,11.053,H,NA,R,Y,3,0,1,2,A,-,01,23152,A,N,C,C,A,A,H,-,D,D,0,NA,NA,NA,NA,Y,Y,A,01,0,1,0,0,0,0,0,0,0,-,-,34.146240234375,-118.36929321289064,LOS ANGELES,LOS ANGELES,-118.3692626953125,34.14626693725586
9478410,2022,2022-08-02,1900,2022-06-29,1858,652863,2262,3,5,2,1993,0,0,0,NA,0,226,RUSSELL RANCH RD,LINDERO CANYON RD,2640,E,N,A,-,N,NA,NA,NA,NA,NA,NA,NA,NA,NA,Y,2,0,2,2,A,-,01,23153,A,N,D,C,A,A,H,-,A,A,0,NA,NA,NA,NA,Y,Y,A,01,1,1,0,0,0,0,0,0,0,-,-,34.14799880981445,-118.79672241210938,LOS ANGELES,WESTLAKE VILLAGE,-118.79598999023438,34.14812469482422
94784106,2025,2025-07-31,9535,2025-07-21,1830,024302,NA,1,2,3,1914,0,1,1,NA,2,500,I-5 N/B (SANTA ANA FREEWAY),WOODS AVE,452,N,N,A,-,N,NA,NA,NA,NA,NA,NA,NA,NA,NA,N,3,0,1,2,A,-,07,21658,A,N,C,C,A,A,H,-,A,D,0,NA,NA,Y,NA,Y,NA,A,01,0,1,0,0,0,0,0,0,1,-,-,34.011810302734375,-118.16204833984376,LOS ANGELES,COMMERCE,-118.16079711914064,34.01128005981445
9478411,2022,2022-08-02,1900,2022-06-06,1730,618139,0641,1,5,6,1985,0,0,0,NA,0,64T1,COPPER HILL DR,KENTON LN,178,W,N,A,-,N,NA,NA,NA,NA,NA,NA,NA,NA,NA,Y,3,0,1,1,C,-,18,NA,NA,N,E,I,A,A,H,-,A,D,0,NA,NA,NA,NA,Y,NA,-,-,0,1,0,0,0,0,0,0,0,-,-,34.459049224853516,-118.5212631225586,LOS ANGELES,SANTA CLARITA,-118.52123260498048,34.4590950012207
94784113,2025,2025-07-31,9545,2025-07-20,420,022678,NA,7,3,6,1950,0,1,3,NA,2,021,SR-14 S/B,10TH ST W,1500,N,N,A,-,Y,LA,NA,14,NA,R,62.058,H,NA,L,Y,4,0,1,2,A,-,03,22350,NA,N,C,C,A,A,C,D,C,D,0,NA,NA,NA,NA,Y,NA,A,01,0,0,1,0,0,0,0,0,0,-,-,34.60813903808594,-118.15128326416016,LOS ANGELES,PALMDALE,-118.15126800537108,34.60814666748047
9478412,2022,2022-08-02,1900,2022-06-26,2310,625432,0629,7,5,6,1985,0,0,0,NA,0,62T1,RAILROAD AV,LYONS AV,0,NA,Y,A,-,N,NA,NA,NA,NA,NA,NA,NA,NA,NA,Y,3,0,2,2,D,-,00,NA,NA,N,B,C,A,A,H,-,C,A,0,NA,NA,NA,NA,Y,NA,-,-,0,1,1,0,0,0,0,0,0,-,-,34.38187026977539,-118.529052734375,LOS ANGELES,SANTA CLARITA,-118.52906036376952,34.38188171386719
9478413,2022,2022-08-02,1900,2022-06-09,2125,652853,0622,4,5,6,1985,0,0,0,NA,0,62T1,RAILROAD AV,DRAYTON ST,635,S,N,A,-,N,NA,NA,NA,NA,NA,NA,NA,NA,NA,Y,3,0,2,3,A,-,09,21804,A,N,E,C,A,A,H,-,C,D,0,NA,NA,NA,NA,Y,NA,A,01,0,1,1,0,0,0,0,0,0,-,-,34.40959167480469,-118.54026794433594,LOS ANGELES,SANTA CLARITA,-118.54035186767578,34.40961837768555
94784133,2025,2025-07-31,9590,2025-07-12,2110,023946,NA,6,2,7,1942,0,1,1,NA,2,050,I-110 N/B (HARBOR FREEWAY),FLORENCE AVENUE,195,N,N,A,-,Y,LA,NA,110,NA,NA,17.039,H,NA,R,N,4,0,4,4,A,-,03,22350,NA,M,C,C,A,A,H,-,C,D,0,NA,NA,NA,NA,Y,NA,A,01,0,0,4,0,0,0,0,0,0,-,-,33.975341796875,-118.28060913085938,LOS ANGELES,LOS ANGELES,-118.28072357177734,33.975341796875
9478414,2022,2022-08-02,1900,2022-06-14,1545,625432,0629,2,5,6,1985,0,0,0,NA,0,62T1,CALGROVE BL,WILEY CANYON RD,0,NA,Y,A,-,N,NA,NA,NA,NA,NA,NA,NA,NA,NA,Y,4,0,1,2,A,-,09,21802,A,N,D,C,A,A,H,-,A,A,0,NA,NA,NA,NA,Y,NA,A,01,0,0,1,0,0,0,0,0,0,-,-,34.36429977416992,-118.55290985107422,LOS ANGELES,SANTA CLARITA,-118.5528564453125,34.36427688598633
9478415,2022,2022-08-18,1900,2022-06-15,1820,476466,0617,3,5,6,1985,0,0,0,NA,0,61T1,LOST CANYON RD,GOLDEN VALLEY RD,814,S,N,A,-,N,NA,NA,NA,NA,NA,NA,NA,NA,NA,Y,4,0,3,2,A,-,09,21804,A,N,D,C,A,A,H,-,A,D,0,NA,NA,NA,NA,Y,NA,A,01,0,0,3,0,0,0,0,0,0,-,-,34.39617919921875,-118.46286010742188,LOS ANGELES,SANTA CLARITA,-118.46298217773438,34.3938102722168
9478416,2022,2022-08-02,1900,2022-06-03,1601,476466,0633,5,5,6,1985,0,0,0,NA,0,61T1,SIERRA HWY,JAKES WY,0,NA,Y,A,-,N,NA,NA,NA,NA,NA,NA,NA,NA,NA,N,4,0,1,2,A,-,04,21703,NA,N,C,C,A,A,H,-,A,A,0,NA,NA,NA,NA,Y,NA,A,07,0,0,1,0,0,0,0,0,0,-,-,34.41167068481445,-118.45646667480467,LOS ANGELES,SANTA CLARITA,-118.45867919921876,34.410526275634766
94784164,2025,2025-07-31,9530,2025-07-19,1440,024052,NA,6,2,7,1942,0,1,1,NA,2,110,I-110 S/B (HARBOR FREEWAY),IMPERIAL HWY,600,N,N,A,-,Y,LA,NA,110,NA,NA,14.106,H,NA,L,N,4,0,1,2,A,-,07,21658,A,N,B,C,A,A,H,-,A,D,0,NA,NA,Y,NA,Y,NA,A,01,0,0,1,0,0,0,0,0,1,-,-,33.932891845703125,-118.28060150146484,LOS ANGELES,LOS ANGELES,-118.2807159423828,33.93290328979492
9478417,2022,2022-08-02,1900,2022-06-30,1850,480768,0641,4,5,6,1985,0,0,0,NA,0,64T1,SECO CANYON RD,BOUQUET CANYON RD,606,N,N,A,-,N,NA,NA,NA,NA,NA,NA,NA,NA,NA,Y,4,0,2,2,A,-,07,21658,A,N,C,C,A,A,H,-,A,D,0,NA,NA,NA,NA,Y,NA,A,01,0,0,2,0,0,0,0,0,0,-,-,34.434940338134766,-118.53182983398438,LOS ANGELES,SANTA CLARITA,-118.53188323974608,34.434844970703125
9478418,2022,2022-08-02,1900,2022-06-28,0950,656337,0610,2,5,6,1985,0,0,0,NA,0,61K,SOLEDAD CANYON RD,PENLON WY,0,NA,Y,A,-,N,NA,NA,NA,NA,NA,NA,NA,NA,NA,Y,4,0,1,2,A,-,07,21658,A,N,C,C,A,A,H,-,A,D,0,NA,NA,NA,NA,Y,NA,A,01,0,0,1,0,0,0,0,0,0,-,-,34.417049407958984,-118.48095703125,LOS ANGELES,SANTA CLARITA,-118.48088836669922,34.41702651977539
94784188,2025,2025-07-31,9575,2025-07-22,115,024142,NA,2,3,7,1942,0,1,3,NA,2,041,SR-134 W/B (VENTRUA FREEWAY),HARVEY DR.,2895,E,N,A,-,Y,LA,NA,134,NA,R,9.375,H,NA,L,Y,2,0,1,1,A,-,08,22107,NA,N,E,I,A,A,H,-,C,D,0,NA,NA,NA,NA,Y,NA,A,01,1,0,0,0,0,0,0,0,0,-,-,34.14537811279297,-118.21945190429688,LOS ANGELES,LOS ANGELES,-118.21946716308594,34.145259857177734
94784205,2025,2025-07-31,9565,2025-07-21,1110,024390,NA,1,1,9,1900,0,2,4,NA,1,041,HAWTHORNE BOULEVARD,LENNOX BOULEVARD,0,NA,Y,A,-,N,NA,NA,NA,NA,NA,NA,NA,NA,NA,N,4,0,2,2,A,-,12,21453,A,N,D,C,A,A,H,-,A,A,0,NA,NA,NA,Y,Y,NA,F,26,0,0,2,0,0,0,0,0,0,-,-,33.9382209777832,-118.35270690917967,LOS ANGELES,UNINCORPORATED,-118.35271453857422,33.93818283081055
94784296,2025,2025-07-31,9530,2025-07-19,1933,024460,NA,6,2,6,1972,0,1,1,NA,2,400,I-405 S/B (SAN DIEGO FREEWAY),ARTESIA BLVD.,350,N,N,A,-,Y,LA,NA,405,NA,NA,16.629,H,NA,L,N,4,0,1,2,A,-,08,22107,NA,M,B,C,A,A,H,-,C,D,0,NA,NA,NA,NA,Y,NA,-,99,0,0,1,0,0,0,0,0,0,-,-,33.87351989746094,-118.34284973144533,LOS ANGELES,TORRANCE,-118.34281158447266,33.873538970947266
94784302,2025,2025-07-31,9545,2025-07-28,1325,019414,NA,1,1,9,1900,0,1,3,NA,1,042,SR-138,87TH STREET EAST,80,E,N,A,-,Y,LA,NA,138,NA,NA,55.236,H,NA,R,Y,4,0,1,2,A,-,03,22350,NA,N,C,C,A,A,H,-,A,A,0,NA,NA,NA,Y,Y,NA,A,01,0,0,1,0,0,0,0,0,0,-,-,34.521148681640625,-117.97444915771484,LOS ANGELES,UNINCORPORATED,-117.97444915771484,34.521141052246094
94784325,2025,2025-07-31,9535,2025-06-30,420,023962,NA,1,3,9,1900,0,2,4,NA,2,022,OLYMPIC BLVD (4600 BLOCK),MCBRIDE AVE,122,W,N,A,-,N,NA,NA,NA,NA,NA,NA,NA,NA,NA,N,2,0,1,3,A,-,09,21801,A,N,D,C,A,A,H,-,C,A,0,NA,NA,NA,NA,Y,NA,A,01,1,0,0,0,0,0,0,0,0,-,-,34.018890380859375,-118.17072296142578,LOS ANGELES,UNINCORPORATED,-118.17066192626952,34.018829345703125
94784330,2025,2025-07-31,9575,2025-07-27,950,024356,NA,7,1,7,1942,0,1,1,NA,2,052,I-5 S/B (GOLDEN STATE FREEWAY),LANKERSHIM BLVD.,1355,N,N,A,-,Y,LA,NA,5,NA,NA,35.255,H,NA,L,N,4,0,1,3,A,-,03,22350,NA,N,C,C,A,A,H,-,A,D,0,NA,NA,NA,NA,Y,NA,A,01,0,0,1,0,0,0,0,0,0,-,-,34.22829818725586,-118.39195251464844,LOS ANGELES,LOS ANGELES,-118.39198303222656,34.22825622558594
94784333,2025,2025-07-31,9530,2025-07-21,925,023797,NA,1,1,7,1942,0,1,1,NA,2,200,I-105 W/B (GLENN ANDERSON FWY),VERMONT AVE.,230,E,N,A,-,Y,LA,NA,105,NA,R,6.817,H,NA,L,Y,4,0,2,2,A,-,03,22350,NA,M,C,C,A,A,H,-,A,D,0,NA,NA,NA,NA,Y,NA,-,99,0,0,2,0,0,0,0,0,0,-,-,33.9288215637207,-118.29071807861328,LOS ANGELES,LOS ANGELES,-118.29071807861328,33.92889404296875
94784350,2025,2025-07-31,9575,2025-07-27,1553,024136,NA,7,2,7,1942,0,1,1,NA,2,050,COLORADO STREET FREEWAY EXTENSION W/B,I-5 N/B (GOLDEN STATE FREEWAY),540,E,N,A,-,Y,LA,NA,5,S,NA,25.672,H,NA,R,N,4,0,3,2,A,-,01,23152,A,N,C,C,A,A,H,-,A,D,0,NA,NA,NA,NA,Y,Y,A,01,0,0,3,0,0,0,0,0,0,-,-,34.141319274902344,-118.27555847167967,LOS ANGELES,LOS ANGELES,-118.27555084228516,34.14129638671875
94784379,2025,2025-07-31,9530,2025-07-20,315,024460,NA,7,3,5,1977,0,1,1,NA,2,410,I-405 S/B (SAN DIEGO FREEWAY),CARSON ST.,95,S,N,A,-,Y,LA,NA,405,NA,NA,10.51,H,NA,L,Y,4,0,1,1,A,-,08,22107,NA,M,E,J,A,A,H,-,C,D,0,NA,NA,NA,NA,Y,NA,A,01,0,0,1,0,0,0,0,0,0,-,-,33.831050872802734,-118.25553131103516,LOS ANGELES,CARSON,-118.25547027587892,33.83108901977539
94784444,2024,2025-07-31,9565,2024-09-21,340,023626,NA,6,3,9,1900,0,3,5,NA,2,003,NORTHBOUND LA CIENEGA BLVD,STOCKER ST,30,S,N,A,-,N,NA,NA,NA,NA,NA,NA,NA,NA,NA,Y,2,0,1,1,A,-,01,23152,A,N,E,8,A,A,H,-,C,D,0,NA,NA,NA,NA,Y,Y,A,01,1,0,0,0,0,0,0,0,0,-,-,33.99794006347656,-118.36937713623048,LOS ANGELES,UNINCORPORATED,-118.36956024169922,33.99797058105469
94784464,2025,2025-07-31,9590,2025-07-28,1120,019303,NA,1,1,7,1942,0,1,1,NA,2,052,I-110 NB (HARBOR FREEWAY) (HAF),3RD STREET,200,S,N,A,-,Y,LA,NA,110,NA,NA,23.137,H,NA,R,N,4,0,2,2,A,-,03,22350,NA,N,C,C,A,A,H,-,A,D,0,NA,NA,NA,NA,Y,NA,A,01,0,0,2,0,0,0,0,0,0,-,-,34.05625915527344,-118.25563049316406,LOS ANGELES,LOS ANGELES,-118.25572204589844,34.05632019042969
94784466,2025,2025-08-18,9530,2025-07-19,2245,024151,NA,6,3,5,1943,0,1,1,NA,2,210,SR-91 W/B (ARTESIA FREEWAY),ATLANTIC AVE.,695,W,N,A,-,Y,LA,NA,105,NA,R,12.74,H,NA,L,Y,4,0,1,2,A,-,03,22350,NA,N,C,C,A,A,H,-,D,D,0,NA,NA,Y,NA,Y,NA,C,02,0,0,1,0,0,0,0,0,1,-,-,33.917030334472656,-118.19174957275392,LOS ANGELES,LYNWOOD,-118.19171905517578,33.91707992553711
9478450,2022,2022-08-03,1925,2022-07-07,1729,26161,278,4,5,6,1925,0,0,0,NA,0,002,BRAND BL,LAUREL ST,0,NA,Y,A,-,N,NA,NA,NA,NA,NA,NA,NA,NA,NA,N,3,0,1,2,A,-,17,21235,G,N,G,B,B,A,H,-,A,A,0,Y,NA,NA,NA,Y,NA,N,60,0,1,0,0,1,0,0,0,0,-,-,NA,NA,LOS ANGELES,GLENDALE,-118.25495910644533,34.127586364746094
94784500,2025,2025-07-31,9530,2025-07-19,1554,023843,NA,6,2,9,1900,0,3,5,NA,2,001,COMPTON AVE.,65TH STREET,50,N,N,A,-,N,NA,NA,NA,NA,NA,NA,NA,NA,NA,N,4,0,1,3,A,-,03,22350,NA,N,C,C,A,A,H,-,A,D,0,NA,NA,NA,NA,Y,NA,A,01,0,0,1,0,0,0,0,0,0,-,-,33.9809684753418,-118.2477798461914,LOS ANGELES,UNINCORPORATED,-118.24771881103516,33.9809455871582
9478451,2022,2022-08-03,1925,2022-07-19,0929,28595,195,2,5,6,1925,0,0,0,NA,0,001,WESTERN AV,GLENOAKS BL,275,S,N,A,-,N,NA,NA,NA,NA,NA,NA,NA,NA,NA,Y,3,0,1,2,A,-,09,21804,A,N,D,C,A,A,H,-,A,D,0,NA,NA,NA,NA,Y,NA,A,01,0,1,0,0,0,0,0,0,0,-,-,NA,NA,LOS ANGELES,GLENDALE,-118.29035186767578,34.170467376708984
9478452,2022,2022-08-08,1925,2022-07-17,1950,28823,4,7,5,6,1925,0,0,0,NA,0,150,VERDUGO RD,CALLE VAQUERO,182,S,N,A,-,N,NA,NA,NA,NA,NA,NA,NA,NA,NA,N,3,0,1,2,A,-,08,22107,NA,N,B,G,A,B,H,-,A,D,0,NA,Y,NA,NA,Y,NA,L,04,0,1,0,0,0,0,1,0,0,-,-,NA,NA,LOS ANGELES,GLENDALE,-118.2335205078125,34.16372299194336