CASE_ID,ACCIDENT_YEAR,PROC_DATE,JURIS,COLLISION_DATE,COLLISION_TIME,OFFICER_ID,REPORTING_DISTRICT,DAY_OF_WEEK,CHP_SHIFT,POPULATION,CNTY_CITY_LOC,SPECIAL_COND,BEAT_TYPE,CHP_BEAT_TYPE,CITY_DIVISION_LAPD,CHP_BEAT_CLASS,BEAT_NUMBER,PRIMARY_RD,SECONDARY_RD,DISTANCE,DIRECTION,INTERSECTION,WEATHER_1,WEATHER_2,STATE_HWY_IND,CALTRANS_COUNTY,CALTRANS_DISTRICT,STATE_ROUTE,ROUTE_SUFFIX,POSTMILE_PREFIX,POSTMILE,LOCATION_TYPE,RAMP_INTERSECTION,SIDE_OF_HWY,TOW_AWAY,COLLISION_SEVERITY,NUMBER_KILLED,NUMBER_INJURED,PARTY_COUNT,PRIMARY_COLL_FACTOR,PCF_CODE_OF_VIOL,PCF_VIOL_CATEGORY,PCF_VIOLATION,PCF_VIOL_SUBSECTION,HIT_AND_RUN,TYPE_OF_COLLISION,MVIW,PED_ACTION,ROAD_SURFACE,ROAD_COND_1,ROAD_COND_2,LIGHTING,CONTROL_DEVICE,CHP_ROAD_TYPE,PEDESTRIAN_ACCIDENT,BICYCLE_ACCIDENT,MOTORCYCLE_ACCIDENT,TRUCK_ACCIDENT,NOT_PRIVATE_PROPERTY,ALCOHOL_INVOLVED,STWD_VEHTYPE_AT_FAULT,CHP_VEHTYPE_AT_FAULT,COUNT_SEVERE_INJ,COUNT_VISIBLE_INJ,COUNT_COMPLAINT_PAIN,COUNT_PED_KILLED,COUNT_PED_INJURED,COUNT_BICYCLIST_KILLED,COUNT_BICYCLIST_INJURED,COUNT_MC_KILLED,COUNT_MC_INJURED,PRIMARY_RAMP,SECONDARY_RAMP,LATITUDE,LONGITUDE,COUNTY,CITY,POINT_X,POINT_Y
94785120,2025,2025-07-31,9580,2025-07-26,2105,023709,NA,6,2,9,1900,0,1,3,NA,2,115,SR-118 W/B (RONALD REAGAN FWY.) TO I-405 S/B,DEVONSHIRE ST,1200,N,N,A,-,Y,LA,NA,118,NA,R,10.38,H,NA,L,Y,3,0,2,2,A,-,08,22107,NA,N,B,2,A,A,H,-,C,D,0,NA,NA,NA,NA,Y,NA,-,-,0,1,1,0,0,0,0,0,0,-,-,34.26620101928711,-118.46202087402344,LOS ANGELES,UNINCORPORATED,-118.46202087402344,34.26602554321289
94785169,2025,2025-07-31,9525,2025-07-31,1420,023085,NA,4,2,6,1955,0,1,3,NA,2,572,SR-57 N/B (ORANGE FWY),I-10 (SAN BERNARDINO FWY),2455,S,N,A,-,Y,LA,NA,57,NA,R,7.234,H,NA,R,N,3,0,1,1,A,-,03,22350,NA,N,F,A,A,A,H,-,A,D,0,NA,NA,Y,NA,Y,NA,C,02,0,1,0,0,0,0,0,0,1,-,-,34.05852127075195,-117.80433654785156,LOS ANGELES,POMONA,-117.80433654785156,34.05852127075195
94785175,2025,2025-07-31,9565,2025-07-22,1025,024279,NA,2,1,4,1918,0,1,1,NA,2,061,I-405 S/B,PORT RD,355,N,N,B,-,Y,LA,NA,405,NA,NA,26.363,H,NA,L,N,4,0,1,2,A,-,03,22350,NA,F,C,C,A,A,H,-,A,D,0,NA,NA,NA,NA,Y,NA,-,99,0,0,1,0,0,0,0,0,0,-,-,33.99272155761719,-118.40323638916016,LOS ANGELES,CULVER CITY,-118.40319061279295,33.99274826049805
94785176,2025,2025-08-12,9590,2025-07-17,1754,024353,NA,4,2,7,1942,0,1,S,NA,2,904,I-10 W/B (SANTA MONICA FREEWAY),11TH STREET,700,E,N,A,-,Y,LA,NA,10,NA,R,2.52,H,NA,L,N,4,0,1,4,A,-,03,22350,NA,N,C,C,A,A,H,-,A,D,0,NA,NA,NA,NA,Y,NA,A,07,0,0,1,0,0,0,0,0,0,-,-,34.018280029296875,-118.48110961914064,LOS ANGELES,LOS ANGELES,-118.48110198974608,34.01827621459961
94785177,2025,2025-07-31,9535,2025-07-12,1640,024519,NA,6,2,5,1948,0,1,3,NA,2,600,SR-60 E/B (POMONA FREEWAY),ATLANTIC BOULEVARD,530,E,N,A,-,Y,LA,NA,60,NA,R,4.576,H,NA,R,N,3,0,1,3,A,-,08,22107,NA,M,C,C,A,A,H,-,A,D,0,NA,NA,NA,Y,Y,NA,-,99,0,1,0,0,0,0,0,0,0,-,-,34.03424835205078,-118.14836120605467,LOS ANGELES,MONTEREY PARK,-118.14835357666016,34.03425979614258
94785183,2025,2025-07-31,9565,2025-07-22,700,024321,NA,2,1,6,1933,0,1,1,NA,2,060,I-405 N/B TO MANCHESTER BOULEVARD,ARBOR VITAE STREET,1180,S,N,B,-,Y,LA,NA,405,NA,NA,22.514,H,NA,R,N,4,0,1,1,A,-,08,22107,NA,N,B,J,A,A,H,-,A,D,0,NA,NA,NA,NA,Y,NA,A,07,0,0,1,0,0,0,0,0,0,-,-,33.94947814941406,-118.36823272705078,LOS ANGELES,INGLEWOOD,-118.36846160888672,33.949462890625
9478519,2022,2022-08-05,1900,2022-07-10,1547,654794,1328,7,5,5,1935,0,0,0,NA,0,132T1,DEL AMO BL,BLOOMFIELD AV,265,W,N,A,-,N,NA,NA,NA,NA,NA,NA,NA,NA,NA,Y,3,0,5,4,A,-,03,22350,NA,N,B,C,A,A,H,-,A,A,0,NA,NA,NA,NA,Y,NA,A,08,0,2,3,0,0,0,0,0,0,-,-,NA,NA,LOS ANGELES,LAKEWOOD,-118.06437683105467,33.84609603881836
94785196,2025,2025-08-01,9565,2025-07-22,1010,024279,NA,2,1,7,1942,0,1,1,NA,2,061,I-405 N/B,CENTINELA AVE,50,S,N,B,-,Y,LA,NA,405,NA,NA,25.297,H,NA,R,N,4,0,1,2,A,-,03,22350,NA,F,C,C,A,A,H,-,A,D,0,NA,NA,NA,NA,Y,NA,A,01,0,0,1,0,0,0,0,0,0,-,-,33.979949951171875,-118.39292144775392,LOS ANGELES,LOS ANGELES,-118.3928451538086,33.9799919128418
94785215,2025,2025-08-01,9525,2025-07-29,1047,020719,NA,2,1,5,1906,0,1,1,NA,2,103,I-10 W/B (SAN BERNARDINO FWY),FRANCISQUITO AVE,2640,E,N,A,-,Y,LA,NA,10,NA,NA,33.169,H,NA,L,Y,2,0,3,6,A,-,03,22350,NA,F,C,C,A,A,H,-,D,D,0,NA,NA,Y,NA,Y,NA,-,99,2,1,0,0,0,0,0,0,3,-,-,34.069801330566406,-117.96531677246094,LOS ANGELES,BALDWIN PARK,-117.96531677246094,34.06978225708008
94785216,2025,2025-08-01,9545,2025-07-19,1935,022678,NA,6,2,9,1900,0,1,3,NA,1,012,SR-138 (AVENUE D),90TH ST W,0,NA,Y,A,-,Y,LA,NA,138,NA,NA,30.077,H,NA,R,Y,2,0,1,2,A,-,09,21802,A,N,D,C,A,A,H,-,A,A,0,NA,NA,NA,Y,Y,NA,A,01,1,0,0,0,0,0,0,0,0,-,-,34.776458740234375,-118.29017639160156,LOS ANGELES,UNINCORPORATED,-118.29017639160156,34.776432037353516
9478527,2022,2022-08-05,1900,2022-07-12,1556,610045,1362,2,5,5,1952,0,0,0,NA,0,136E,DOWNEY AV,S SUMERSET RANCH RD,0,NA,Y,A,-,N,NA,NA,NA,NA,NA,NA,NA,NA,NA,Y,3,0,2,2,A,-,12,21453,A,N,D,C,A,A,H,-,A,A,0,NA,NA,NA,NA,Y,NA,D,22,0,2,0,0,0,0,0,0,0,-,-,NA,NA,LOS ANGELES,PARAMOUNT,-118.15231323242188,33.912052154541016
9478529,2022,2022-08-03,1900,2022-06-09,0159,487219,1368,4,5,5,1952,0,0,0,NA,0,136E,PARAMOUNT BL,ALONDRA BL,0,NA,Y,A,-,N,NA,NA,NA,NA,NA,NA,NA,NA,NA,Y,3,0,2,2,A,-,12,21453,A,N,D,C,A,A,H,-,C,A,0,NA,NA,NA,NA,Y,NA,D,22,0,1,1,0,0,0,0,0,0,-,-,NA,NA,LOS ANGELES,PARAMOUNT,-118.16014862060548,33.88914108276367
9478533,2022,2022-08-03,1900,2022-06-30,0025,614025,1332,4,5,5,1908,0,0,0,NA,0,133T1,SOMERSET BL,LIBLEN AV,150,W,N,A,-,N,NA,NA,NA,NA,NA,NA,NA,NA,NA,Y,4,0,1,2,A,-,08,22107,NA,N,C,E,A,A,H,-,C,D,0,NA,NA,NA,NA,Y,NA,A,01,0,0,1,0,0,0,0,0,0,-,-,NA,NA,LOS ANGELES,BELLFLOWER,-118.13711547851564,33.896541595458984
9478535,2022,2022-08-03,1900,2022-06-26,0030,624371,1366,7,5,5,1952,0,0,0,NA,0,136B,ALONDRA BL,HUNSAKER AV,100,W,N,A,-,N,NA,NA,NA,NA,NA,NA,NA,NA,NA,Y,3,0,1,2,A,-,03,22350,NA,N,C,C,A,A,H,-,C,A,0,NA,NA,NA,NA,Y,NA,A,01,0,1,0,0,0,0,0,0,0,-,-,33.8891716003418,-118.1824188232422,LOS ANGELES,PARAMOUNT,-118.18302917480467,33.888797760009766
9478539,2022,2022-08-05,1900,2022-07-04,2229,613235,1335,1,5,5,1908,0,0,0,NA,0,133D,DOWNEY AV,CEDAR ST,400,S,N,A,-,N,NA,NA,NA,NA,NA,NA,NA,NA,NA,Y,2,0,1,4,A,-,03,22350,NA,N,F,E,A,A,H,-,C,D,0,NA,NA,NA,NA,Y,NA,A,01,1,0,0,0,0,0,0,0,0,-,-,NA,NA,LOS ANGELES,BELLFLOWER,-118.15126800537108,33.869964599609375
9478540,2022,2022-08-30,1900,2022-04-23,1550,613235,1365,6,5,5,1952,0,0,0,NA,0,136D,SOMERSET BL,DOWNEY AV,0,NA,Y,A,-,N,NA,NA,NA,NA,NA,NA,NA,NA,NA,N,3,0,1,2,A,-,12,21453,A,M,D,C,A,A,H,-,A,A,0,NA,NA,NA,NA,Y,NA,D,22,0,1,0,0,0,0,0,0,0,-,-,NA,NA,LOS ANGELES,PARAMOUNT,-118.15149688720705,33.89640426635742
9478541,2022,2022-09-09,1900,2022-06-19,1530,407852,1320,7,5,5,1935,0,0,0,NA,0,132T1,LAKEWOOD BL,CANDLEWOOD ST,250,S,N,A,-,N,NA,NA,NA,NA,NA,NA,NA,NA,NA,Y,4,0,1,3,A,-,03,22350,NA,N,C,C,A,A,H,-,A,D,0,NA,NA,NA,NA,Y,NA,D,22,0,0,1,0,0,0,0,0,0,-,-,NA,NA,LOS ANGELES,LAKEWOOD,-118.14238739013672,33.853145599365234
9478544,2022,2022-08-12,1900,2022-05-06,1935,613235,1368,5,5,5,1952,0,0,0,NA,0,136E,ALONDRA BL,PARAMOUNT BL,0,NA,Y,A,-,N,NA,NA,NA,NA,NA,NA,NA,NA,NA,Y,3,0,1,2,A,-,12,21453,A,N,D,C,A,A,H,-,B,A,0,NA,NA,Y,NA,Y,NA,D,22,0,1,0,0,0,0,0,0,1,-,-,NA,NA,LOS ANGELES,PARAMOUNT,-118.16014862060548,33.88914108276367
9478545,2022,2022-09-19,1900,2022-02-25,1700,652793,1326,5,5,5,1935,0,0,0,NA,0,133D,TURNERGROVE DR,CHESTEROARK DR,250,W,N,A,-,N,NA,NA,NA,NA,NA,NA,NA,NA,NA,Y,3,0,1,3,A,-,08,22107,NA,N,B,E,A,A,H,-,C,D,0,NA,NA,NA,NA,Y,NA,D,22,0,1,0,0,0,0,0,0,0,-,-,NA,NA,LOS ANGELES,LAKEWOOD,-118.11286926269533,33.851051330566406
9478548,2022,2022-08-11,1900,2022-07-05,2130,636464,1327,2,5,5,1935,0,0,0,NA,0,132B,DEL AMO BL,LOS COYOTES BL,6,E,N,A,-,N,NA,NA,NA,NA,NA,NA,NA,NA,NA,Y,4,0,2,2,A,-,09,21802,A,N,D,C,A,A,H,-,C,D,0,NA,NA,NA,NA,Y,NA,A,07,0,0,2,0,0,0,0,0,0,-,-,NA,NA,LOS ANGELES,LAKEWOOD,-118.08489227294922,33.84593200683594
9478549,2022,2022-08-03,1900,2022-06-19,2245,642730,1348,7,5,3,1903,0,0,0,NA,0,134A,NORWALK BL,KOUDEKERK ST,0,NA,Y,A,-,N,NA,NA,NA,NA,NA,NA,NA,NA,NA,Y,3,0,1,2,A,-,09,21801,A,N,A,C,A,A,H,-,C,A,0,NA,NA,NA,NA,Y,NA,D,22,0,1,0,0,0,0,0,0,0,-,-,NA,NA,LOS ANGELES,ARTESIA,-118.07254028320313,33.87070083618164
9478550,2022,2022-08-12,1900,2022-05-18,0855,657904,1321,3,5,5,1935,0,0,0,NA,0,132D,CLARK AV,SOUTH ST,280,N,N,A,-,N,NA,NA,NA,NA,NA,NA,NA,NA,NA,Y,3,0,1,3,A,-,21,22106,NA,N,B,C,A,A,H,-,A,A,0,NA,NA,NA,NA,Y,NA,D,22,0,1,0,0,0,0,0,0,0,-,-,33.51219940185547,-118.07450103759766,LOS ANGELES,LAKEWOOD,-118.1337890625,33.86105728149414
9478553,2022,2022-08-03,1900,2022-06-30,1940,640404,1365,4,5,5,1952,0,0,0,NA,0,136D,ROSECRANS BL,CASTANA AV,0,NA,Y,A,-,N,NA,NA,NA,NA,NA,NA,NA,NA,NA,Y,4,0,1,2,A,-,09,21802,A,N,B,C,A,A,H,-,A,A,0,NA,NA,NA,NA,Y,NA,A,01,0,0,1,0,0,0,0,0,0,-,-,NA,NA,LOS ANGELES,PARAMOUNT,-118.14690399169922,33.903907775878906
94785688,2025,2025-08-01,9580,2025-07-30,1629,023129,NA,3,2,7,1942,0,1,1,NA,2,407,I-405 S/B (SAN DIEGO FWY) TO NORDHOFF ST,NORDHOFF ST,424,N,N,A,-,Y,LA,NA,405,NA,NA,44.832,H,NA,L,N,4,0,6,4,A,-,03,22350,NA,N,C,2,A,A,H,-,A,A,0,NA,NA,NA,Y,Y,NA,F,26,0,0,6,0,0,0,0,0,0,-,-,34.236820220947266,-118.47344970703124,LOS ANGELES,LOS ANGELES,-118.4731674194336,34.23681640625
94785706,2025,2025-08-01,9580,2025-07-30,1530,023500,NA,3,2,7,1942,0,1,2,NA,2,100,US-101 N/B (VENTURA FREEWAY),COLDWATER CANYON AVE,528,S,N,A,-,Y,LA,NA,101,NA,NA,13.626,H,NA,R,N,4,0,1,2,A,-,03,22350,NA,N,C,C,A,A,H,-,A,D,0,NA,NA,NA,NA,Y,NA,A,01,0,0,1,0,0,0,0,0,0,-,-,34.15681076049805,-118.40930938720705,LOS ANGELES,LOS ANGELES,-118.40930938720705,34.15681076049805
94785714,2025,2025-08-01,9580,2025-07-28,1455,021966,NA,1,2,7,1942,0,1,2,NA,2,107,US-101 S/B TO MULHOLLAND DR.,MULHOLLAND DR,430,N,N,A,-,Y,NA,NA,NA,NA,NA,NA,NA,NA,NA,Y,4,0,2,2,A,-,03,22350,NA,N,C,C,A,A,H,-,A,D,0,NA,NA,NA,NA,Y,NA,A,01,0,0,2,0,0,0,0,0,0,-,-,34.15863037109375,-118.63852691650392,LOS ANGELES,LOS ANGELES,-118.3427963256836,34.12397384643555
94785720,2025,2025-08-01,9580,2025-07-23,1650,022717,NA,3,2,7,1942,0,1,1,NA,2,404,I-405 N/B (SAN DIEGO FWY),MULHOLLAND DR,205,N,N,A,-,Y,LA,NA,405,NA,NA,37.08,H,NA,R,N,4,0,1,2,A,-,08,22107,NA,M,B,C,A,A,H,-,A,D,0,NA,NA,NA,NA,Y,NA,-,-,0,0,1,0,0,0,0,0,0,-,-,34.12702178955078,-118.47486114501952,LOS ANGELES,LOS ANGELES,-118.47486877441406,34.12702178955078
94785742,2025,2025-08-01,9540,2025-07-25,1725,022041,NA,5,2,9,1900,0,2,4,NA,2,010,THE OLD RD,SAGECREST CIR.,0,NA,Y,A,-,N,NA,NA,NA,NA,NA,NA,NA,NA,NA,Y,3,0,3,2,A,-,09,21801,A,N,A,2,A,A,H,-,A,A,0,NA,NA,NA,NA,Y,NA,D,22,0,2,1,0,0,0,0,0,0,-,-,34.371578216552734,-118.56163024902344,LOS ANGELES,UNINCORPORATED,-118.56781005859376,34.37790298461914
94785778,2025,2025-08-01,9590,2025-07-22,2300,024492,NA,2,3,7,1942,0,1,1,NA,2,061,I-10 W/B (SANTA MONICA FREEWAY),LA BREA AVENUE,825,W,N,A,-,Y,LA,NA,10,NA,R,10.283,H,NA,L,Y,3,0,1,2,A,-,03,22350,NA,N,C,C,A,A,H,-,D,D,0,NA,NA,NA,NA,Y,NA,A,01,0,1,0,0,0,0,0,0,0,-,-,34.03422927856445,-118.35298919677734,LOS ANGELES,LOS ANGELES,-118.35298919677734,34.03424835205078
94785785,2025,2025-08-01,9590,2025-07-20,825,021848,NA,7,1,7,1942,0,1,1,NA,2,053,I-110 S/B (HARBOR FREEWAY),ADAMS BOULEVARD,200,S,N,B,-,Y,LA,NA,110,NA,NA,20.661,H,NA,L,N,2,0,1,1,A,-,08,22107,NA,N,E,I,A,A,H,-,A,D,0,NA,NA,NA,NA,Y,NA,A,07,1,0,0,0,0,0,0,0,0,-,-,34.026878356933594,-118.27483367919922,LOS ANGELES,LOS ANGELES,-118.2749252319336,34.026912689208984
94785802,2025,2025-08-01,9530,2025-07-22,1700,022454,NA,2,2,7,1941,0,1,1,NA,2,072,I-710 N/B (LONG BEACH FREEWAY),WARDLOW RD.,2250,S,N,A,-,Y,LA,NA,710,NA,NA,8.637,H,NA,R,N,4,0,1,2,A,-,03,22350,NA,N,C,C,A,A,H,-,A,D,0,NA,NA,NA,NA,Y,NA,A,01,0,0,1,0,0,0,0,0,0,-,-,33.81521987915039,-118.2069091796875,LOS ANGELES,LONG BEACH,-118.20687866210938,33.81521987915039
94785805,2025,2025-08-01,9535,2025-07-23,1505,023388,NA,3,2,5,1943,0,1,1,NA,2,100,I-105 E/B (CENTURY FREEWAY),ATLANTIC AVE,100,E,N,A,-,Y,LA,NA,105,NA,R,12.892,H,NA,R,N,4,0,3,2,A,-,03,22350,NA,N,C,C,A,A,H,-,A,D,0,NA,NA,NA,NA,Y,NA,A,01,0,0,3,0,0,0,0,0,0,-,-,33.91585159301758,-118.18919372558594,LOS ANGELES,LYNWOOD,-118.1892318725586,33.915771484375
94785832,2025,2025-08-01,9530,2025-07-22,605,023399,NA,2,1,7,1942,0,1,1,NA,2,120,I-110 N/B (HARBOR FREEWAY),PACIFIC COAST HWY.,100,N,N,B,-,Y,LA,NA,110,NA,NA,4.105,H,NA,R,Y,3,0,1,1,A,-,03,22350,NA,N,F,I,A,A,H,-,A,D,0,NA,NA,Y,NA,Y,NA,C,02,0,1,0,0,0,0,0,0,1,-,-,33.79098129272461,-118.28208923339844,LOS ANGELES,LOS ANGELES,-118.28208923339844,33.79098129272461
94785853,2025,2025-08-01,9530,2025-07-22,830,024013,NA,2,1,7,1941,0,1,1,NA,2,430,I-405 S/B (SAN DIEGO FREEWAY),CARFAX AVE.,105,S,N,B,-,Y,LA,NA,405,NA,NA,1.266,H,NA,L,Y,3,0,2,2,A,-,03,22350,NA,N,C,C,A,A,H,-,A,D,0,NA,NA,NA,NA,Y,NA,A,01,0,1,1,0,0,0,0,0,0,-,-,33.79806900024414,-118.10971069335938,LOS ANGELES,LONG BEACH,-118.10968017578124,33.798099517822266
94785868,2025,2025-08-01,9545,2025-07-24,2345,024536,NA,4,3,9,1900,0,3,5,NA,2,001,SIERRA HWY,AVENUE E,0,NA,Y,A,-,N,NA,NA,NA,NA,NA,NA,NA,NA,NA,Y,4,0,2,2,A,-,09,21802,A,N,D,2,A,A,H,-,C,A,0,NA,NA,NA,NA,Y,NA,A,01,0,0,2,0,0,0,0,0,0,-,-,34.76247024536133,-118.14679718017578,LOS ANGELES,UNINCORPORATED,-118.14682006835938,34.762428283691406
94785893,2025,2025-08-01,9535,2025-07-23,1555,022797,NA,3,2,3,1968,0,1,1,NA,2,651,I-605 S/B (SAN GABRIEL RIVER FREEWAY),SR-60 W/B,20,N,N,A,-,Y,LA,NA,605,NA,R,17.43,H,NA,L,N,4,0,1,3,A,-,03,22350,NA,N,C,C,A,A,H,-,A,D,0,NA,NA,NA,NA,Y,NA,A,07,0,0,1,0,0,0,0,0,0,-,-,34.034278869628906,-118.02696228027344,LOS ANGELES,SOUTH EL MONTE,-118.02694702148438,34.03426742553711
94785903,2025,2025-08-01,9535,2025-07-23,1730,022812,NA,3,2,9,1900,0,1,1,NA,2,070,I-710 (LONG BEACH FREEWAY) N/B,I-10 (SAN BERNARDINO FREEWAY),300,S,N,A,-,Y,LA,NA,710,NA,NA,26.243,H,NA,R,N,4,0,1,2,A,-,03,22350,NA,N,C,C,A,A,H,-,A,A,0,NA,NA,NA,NA,Y,NA,A,01,0,0,1,0,0,0,0,0,0,-,-,34.057579040527344,-118.16513824462892,LOS ANGELES,UNINCORPORATED,-118.16509246826172,34.05759048461914
94785913,2025,2025-08-01,9565,2025-07-22,2250,024562,NA,2,3,9,1900,0,3,5,NA,2,002,CENTURY BOULEVARD E/B,VERMONT AVENUE,24,W,N,A,-,N,NA,NA,NA,NA,NA,NA,NA,NA,NA,N,4,0,3,2,A,-,03,22350,NA,N,C,C,A,A,H,-,C,A,0,NA,NA,NA,NA,Y,NA,A,01,0,0,3,0,0,0,0,0,0,-,-,33.94548034667969,-118.29197692871094,LOS ANGELES,UNINCORPORATED,-118.29199981689452,33.945491790771484
94785939,2025,2025-08-01,9530,2025-07-22,520,024013,NA,2,3,9,1900,0,3,5,NA,2,006,SEPULVEDA BLVD. (800 BLOCK),I-110 S/B TO AND FROM SEPULVEDA BLVD.,0,NA,Y,B,-,N,NA,NA,NA,NA,NA,NA,NA,NA,NA,Y,3,0,3,3,A,-,12,21453,A,N,D,C,A,A,H,-,C,A,0,NA,NA,NA,Y,Y,NA,A,01,0,1,2,0,0,0,0,0,0,-,-,33.8095588684082,-118.28881072998048,LOS ANGELES,UNINCORPORATED,-118.3948211669922,33.98103713989258
94785959,2025,2025-08-01,9535,2025-07-24,610,021643,NA,4,1,5,1915,0,1,1,NA,2,074,I-710 N/B (LONG BEACH FREEWAY),ALONDRA BOULEVARD,1625,N,N,A,-,Y,LA,NA,710,NA,NA,14.266,H,NA,R,Y,2,0,1,2,A,-,06,21755,A,N,C,C,A,A,H,-,A,D,0,NA,NA,NA,Y,Y,NA,A,01,1,0,0,0,0,0,0,0,0,-,-,33.893638610839844,-118.18768310546876,LOS ANGELES,COMPTON,-118.18782806396484,33.89365768432617
94786053,2025,2025-08-01,9565,2025-02-20,35,021808,NA,4,3,7,1942,0,1,1,NA,2,064,I-405 FREEWAY (SAN DIEGO FWY.),GETTY CENTER DRIVE,600,N,N,C,-,Y,LA,NA,405,NA,NA,34.338,H,NA,R,Y,2,0,1,4,A,-,03,22350,NA,F,C,C,A,A,H,-,D,D,0,NA,NA,NA,NA,Y,NA,A,01,1,0,0,0,0,0,0,0,0,-,-,34.0903205871582,-118.47570037841795,LOS ANGELES,LOS ANGELES,-118.47544097900392,34.0903434753418
94786122,2025,2025-08-01,9535,2025-07-23,333,022214,NA,3,3,5,1959,0,1,1,NA,2,400,I-10 W/B (SAN BERNARDINO FREEWAY),SAN GABRIEL BLVD.,360,W,N,A,-,Y,LA,NA,10,NA,NA,25.77,H,NA,R,Y,3,0,1,2,A,-,01,23152,A,N,B,C,A,A,H,-,D,D,0,NA,NA,NA,Y,Y,Y,A,01,0,1,0,0,0,0,0,0,0,-,-,34.07183074951172,-118.09197235107422,LOS ANGELES,ROSEMEAD,-118.09197235107422,34.07182693481445
94786133,2025,2025-08-01,9530,2025-07-20,2115,024076,NA,7,2,9,1900,0,3,5,NA,2,001,ALAMEDA ST. (8000 BLOCK),NADEAU STREET,300,S,N,A,-,N,NA,NA,NA,NA,NA,NA,NA,NA,NA,Y,4,0,1,4,A,-,08,22107,NA,N,A,C,A,A,H,-,C,D,0,NA,NA,NA,NA,Y,NA,A,01,0,0,1,0,0,0,0,0,0,-,-,33.965999603271484,-118.23287963867188,LOS ANGELES,UNINCORPORATED,-118.23303985595705,33.96664047241211
94786145,2025,2025-10-03,9565,2025-07-22,2200,024534,NA,2,3,9,1900,0,1,1,NA,2,012,I- 105 E/B,WESTERN AVE,100,E,N,A,-,Y,LA,NA,105,NA,R,5.795,H,NA,R,Y,4,0,6,3,A,-,03,22350,NA,F,C,C,A,A,D,-,C,D,0,NA,NA,NA,NA,Y,NA,D,22,0,0,6,0,0,0,0,0,0,-,-,33.92565155029297,-118.30812072753906,LOS ANGELES,UNINCORPORATED,-118.30810546875,33.92560577392578
94786173,2025,2025-08-01,9580,2025-07-23,1620,022717,NA,3,2,7,1942,0,1,2,NA,2,103,US-101 S/B (VENTURA FREEWAY),HAYVENHURST AVE,900,S,N,A,-,Y,LA,NA,101,NA,NA,18.436,H,NA,L,N,4,0,1,2,A,-,03,22350,NA,M,C,C,A,A,H,-,A,D,0,NA,NA,NA,NA,Y,NA,-,99,0,0,1,0,0,0,0,0,0,-,-,34.16511154174805,-118.4892578125,LOS ANGELES,LOS ANGELES,-118.4892578125,34.16510772705078
94786204,2025,2025-08-01,9565,2025-05-23,2300,023925,NA,5,3,9,1900,0,3,5,NA,2,002,106TH STREET,VERMONT AVENUE,50,W,N,A,-,N,NA,NA,NA,NA,NA,NA,NA,NA,NA,N,4,0,1,2,A,-,10,21952,NA,N,G,B,F,A,H,-,C,D,0,Y,NA,NA,NA,Y,NA,D,22,0,0,1,0,1,0,0,0,0,-,-,33.94010925292969,-118.29213714599608,LOS ANGELES,UNINCORPORATED,-118.29208374023438,33.940040588378906
94786234,2025,2025-08-01,9540,2025-07-27,1610,022047,NA,7,2,9,1900,0,1,3,NA,1,143,SR-14 S/B,SIERRA HWY,114,S,N,A,-,Y,LA,NA,14,NA,R,25.126,H,NA,L,Y,3,0,1,2,A,-,08,22107,NA,N,C,4,A,A,H,-,A,D,0,NA,NA,Y,NA,Y,NA,C,02,0,1,0,0,0,0,0,0,1,-,-,34.3384895324707,-118.50747680664064,LOS ANGELES,UNINCORPORATED,-118.50737762451172,34.33846664428711
94786239,2025,2025-08-01,9540,2025-07-25,855,021395,NA,5,1,9,1900,0,2,4,NA,2,010,THE OLD ROAD N/B,STEVENSON RANCH PKWY,550,S,N,A,-,N,NA,NA,NA,NA,NA,NA,NA,NA,NA,Y,3,0,1,2,A,-,09,21804,A,N,D,2,A,A,H,-,A,D,0,NA,NA,NA,NA,Y,NA,A,01,0,1,0,0,0,0,0,0,0,-,-,34.39189147949219,-118.57386016845705,LOS ANGELES,UNINCORPORATED,-118.57405853271484,34.39202117919922
94786274,2025,2025-08-01,9540,2025-05-29,2240,023508,NA,4,3,7,1942,0,1,1,NA,2,500,I-5 NORTHBOUND,ROXFORD ST,1689,S,N,A,-,Y,LA,NA,5,NA,NA,42.32,H,NA,R,Y,1,2,0,3,A,-,07,21658,A,N,C,C,A,A,H,-,C,D,0,NA,NA,NA,Y,Y,NA,A,01,0,0,0,0,0,0,0,0,0,-,-,34.2996711730957,-118.47579956054688,LOS ANGELES,LOS ANGELES,-118.47592926025392,34.299583435058594
94786401,2025,2025-08-01,9525,2025-07-23,1819,022569,NA,3,2,1,1934,0,1,1,NA,2,214,I-210 E/B (FOOTHILL FWY),IRWINDALE AVE,800,W,N,A,-,Y,LA,NA,210,NA,R,37.106,H,NA,R,N,4,0,1,2,A,-,03,22350,NA,N,C,C,A,A,H,-,A,D,0,NA,NA,Y,NA,Y,NA,C,02,0,0,1,0,0,0,0,0,1,-,-,34.13066101074219,-117.94629669189452,LOS ANGELES,IRWINDALE,-117.94628143310548,34.13069534301758