CASE_ID,ACCIDENT_YEAR,PROC_DATE,JURIS,COLLISION_DATE,COLLISION_TIME,OFFICER_ID,REPORTING_DISTRICT,DAY_OF_WEEK,CHP_SHIFT,POPULATION,CNTY_CITY_LOC,SPECIAL_COND,BEAT_TYPE,CHP_BEAT_TYPE,CITY_DIVISION_LAPD,CHP_BEAT_CLASS,BEAT_NUMBER,PRIMARY_RD,SECONDARY_RD,DISTANCE,DIRECTION,INTERSECTION,WEATHER_1,WEATHER_2,STATE_HWY_IND,CALTRANS_COUNTY,CALTRANS_DISTRICT,STATE_ROUTE,ROUTE_SUFFIX,POSTMILE_PREFIX,POSTMILE,LOCATION_TYPE,RAMP_INTERSECTION,SIDE_OF_HWY,TOW_AWAY,COLLISION_SEVERITY,NUMBER_KILLED,NUMBER_INJURED,PARTY_COUNT,PRIMARY_COLL_FACTOR,PCF_CODE_OF_VIOL,PCF_VIOL_CATEGORY,PCF_VIOLATION,PCF_VIOL_SUBSECTION,HIT_AND_RUN,TYPE_OF_COLLISION,MVIW,PED_ACTION,ROAD_SURFACE,ROAD_COND_1,ROAD_COND_2,LIGHTING,CONTROL_DEVICE,CHP_ROAD_TYPE,PEDESTRIAN_ACCIDENT,BICYCLE_ACCIDENT,MOTORCYCLE_ACCIDENT,TRUCK_ACCIDENT,NOT_PRIVATE_PROPERTY,ALCOHOL_INVOLVED,STWD_VEHTYPE_AT_FAULT,CHP_VEHTYPE_AT_FAULT,COUNT_SEVERE_INJ,COUNT_VISIBLE_INJ,COUNT_COMPLAINT_PAIN,COUNT_PED_KILLED,COUNT_PED_INJURED,COUNT_BICYCLIST_KILLED,COUNT_BICYCLIST_INJURED,COUNT_MC_KILLED,COUNT_MC_INJURED,PRIMARY_RAMP,SECONDARY_RAMP,LATITUDE,LONGITUDE,COUNTY,CITY,POINT_X,POINT_Y
94788371,2025,2025-08-04,9530,2025-07-23,800,022079,NA,3,1,9,1900,0,3,5,NA,2,002,IMPERIAL HWY,COMPTON AVE.,0,NA,Y,B,-,N,NA,NA,NA,NA,NA,NA,NA,NA,NA,N,3,0,1,2,A,-,09,21801,A,N,D,C,A,A,H,-,A,A,0,NA,NA,Y,NA,Y,NA,A,07,0,1,0,0,0,0,0,0,1,-,-,33.92940139770508,-118.246337890625,LOS ANGELES,UNINCORPORATED,-118.24627685546876,33.92948532104492
94788381,2025,2025-08-04,9525,2025-07-26,558,023899,NA,6,3,9,1900,0,3,5,NA,2,004,SUNSET AVE,AMAR RD,0,NA,Y,B,-,N,NA,NA,NA,NA,NA,NA,NA,NA,NA,Y,4,0,1,2,A,-,09,21801,A,N,D,C,A,A,H,-,A,A,0,NA,NA,NA,NA,Y,NA,A,01,0,0,1,0,0,0,0,0,0,-,-,34.045310974121094,-117.96315002441406,LOS ANGELES,UNINCORPORATED,-117.96314239501952,34.045345306396484
94788390,2025,2025-08-27,9580,2025-07-28,1713,023395,NA,1,2,7,1942,0,1,3,NA,2,171,SR-170 S/B (HOLLYWOOD FWY.),RIVERSIDE DR,1056,N,N,A,-,Y,LA,NA,170,NA,R,15.07,H,NA,L,N,4,0,2,4,A,-,03,22350,NA,N,C,C,A,A,H,-,A,D,0,NA,NA,NA,NA,Y,NA,A,08,0,0,2,0,0,0,0,0,0,-,-,34.16083908081055,-118.38107299804688,LOS ANGELES,LOS ANGELES,-118.38106536865234,34.16084289550781
94788400,2025,2025-08-04,9580,2025-07-28,1800,023709,NA,1,2,7,1942,0,1,1,NA,2,404,I-405 S/B (SAN DIEGO FWY),VICTORY BLVD,250,S,N,A,-,Y,LA,NA,405,NA,NA,42.534,H,NA,L,Y,3,0,3,3,A,-,08,22107,NA,N,B,2,A,A,H,-,A,D,0,NA,NA,NA,NA,Y,NA,-,99,0,1,2,0,0,0,0,0,0,-,-,34.20343017578125,-118.47353363037108,LOS ANGELES,LOS ANGELES,-118.47349548339844,34.20343017578125
94788425,2025,2025-08-04,9590,2025-07-21,20,024131,NA,1,3,7,1942,0,1,1,NA,2,051,I-110 S/B (HARBOR FREEWAY),39TH ST,350,S,N,A,-,Y,LA,NA,110,NA,NA,19.626,H,NA,L,Y,3,0,1,1,A,-,01,23152,A,N,E,I,A,A,H,-,C,D,0,NA,NA,NA,NA,Y,Y,A,08,0,1,0,0,0,0,0,0,0,-,-,34.012908935546875,-118.28140258789064,LOS ANGELES,LOS ANGELES,-118.28110504150392,34.012908935546875
94788510,2025,2025-08-04,9530,2025-07-18,1550,022438,NA,5,2,6,1972,0,1,1,NA,2,400,I-405 S/B (SAN DIEGO FREEWAY),ARTESIA BLVD.,330,N,N,A,-,Y,LA,NA,405,NA,NA,16.645,H,NA,L,N,4,0,1,2,A,-,03,22350,NA,F,C,C,A,A,H,-,A,D,0,NA,NA,NA,NA,Y,NA,-,99,0,0,1,0,0,0,0,0,0,-,-,33.873741149902344,-118.34293365478516,LOS ANGELES,TORRANCE,-118.34294128417967,33.87373352050781
94788536,2025,2025-08-04,9540,2025-08-02,540,022047,NA,6,3,9,1900,0,1,3,NA,2,146,SR-14 N/B,AGUA DULCE CYN RD,1584,N,N,A,-,Y,LA,NA,14,NA,NA,40.24,H,NA,R,Y,3,0,1,1,A,-,08,22107,NA,N,E,I,A,A,H,-,B,D,0,NA,NA,NA,NA,Y,NA,A,07,0,1,0,0,0,0,0,0,0,-,-,34.4674186706543,-118.32331085205078,LOS ANGELES,UNINCORPORATED,-118.32337951660156,34.46751403808594
9478854,2022,2022-08-09,1900,2022-07-11,2202,621336,1518,1,5,5,1954,0,0,0,NA,0,151T3,ROSEMEAD BL,SLAUSON AV,135,S,N,A,-,N,NA,NA,NA,NA,NA,NA,NA,NA,NA,NA,3,0,1,2,A,-,03,22350,NA,N,C,C,A,A,H,-,A,D,0,NA,NA,NA,NA,Y,NA,A,01,0,1,0,0,0,0,0,0,0,-,-,33.97050094604492,-118.10511016845705,LOS ANGELES,PICO RIVERA,-118.10513305664064,33.97056198120117
94788542,2025,2025-08-04,9525,2025-07-26,1615,024162,NA,6,2,6,1955,0,1,3,NA,2,615,SR-60 W/B (POMONA FWY),GAREY AVE,1352,E,N,A,-,Y,LA,NA,60,NA,R,29.656,H,NA,L,N,4,0,1,3,A,-,03,22350,NA,N,C,2,A,A,H,-,A,D,0,NA,NA,NA,NA,Y,NA,A,01,0,0,1,0,0,0,0,0,0,-,-,34.0240592956543,-117.74344635009766,LOS ANGELES,POMONA,-117.74346160888672,34.024112701416016
94788575,2025,2025-08-04,9525,2025-07-23,215,024088,NA,3,3,9,1900,0,3,5,NA,2,004,AMAR RD,SUNSET AVE,0,NA,Y,A,-,N,NA,NA,NA,NA,NA,NA,NA,NA,NA,Y,4,0,2,2,A,-,12,21453,A,N,D,C,A,A,H,-,C,A,0,NA,NA,NA,NA,Y,NA,-,-,0,0,2,0,0,0,0,0,0,-,-,34.04528045654297,-117.96315002441406,LOS ANGELES,UNINCORPORATED,-117.96314239501952,34.045345306396484
94788610,2025,2025-08-04,9525,2025-07-27,238,024045,NA,7,3,9,1900,0,3,5,NA,2,004,AMAR RD.,FEATHER AVE.,90,W,N,A,-,N,NA,NA,NA,NA,NA,NA,NA,NA,NA,Y,4,0,1,1,A,-,01,23152,A,N,E,8,A,A,H,-,C,A,0,NA,NA,NA,NA,Y,Y,A,01,0,0,1,0,0,0,0,0,0,-,-,34.05937957763672,-117.98538208007813,LOS ANGELES,UNINCORPORATED,-117.98529052734376,34.05933380126953
94788616,2025,2025-08-04,9565,2025-05-31,1505,024200,NA,6,2,4,1918,0,1,1,NA,2,061,INTERSTATE 405 S/B (SAN DIEGO FWY.),WASHINGTON BOULEVARD,98,S,N,A,-,Y,LA,NA,405,NA,NA,27.425,H,NA,L,Y,3,0,1,2,A,-,03,22350,NA,N,F,A,A,A,H,-,A,D,0,NA,NA,Y,NA,Y,NA,C,02,0,1,0,0,0,0,0,0,1,-,-,34.005611419677734,-118.41336059570313,LOS ANGELES,CULVER CITY,-118.41336822509766,34.00560760498047
9478862,2022,2022-08-16,1942,2022-07-17,2140,41072,1841,7,5,7,1942,0,0,0,R,0,25T37,VERMONT AV,IMPERIAL HWY,30,S,N,A,-,N,NA,NA,NA,NA,NA,NA,NA,NA,NA,N,3,0,3,2,A,-,03,22350,NA,F,C,C,A,A,H,-,C,A,0,NA,NA,NA,NA,Y,NA,-,99,0,3,0,0,0,0,0,0,0,-,-,NA,NA,LOS ANGELES,LOS ANGELES,-118.29190826416016,33.9308967590332
9478863,2022,2022-08-10,1942,2022-07-06,1755,38306,0336,3,5,7,1942,0,0,0,C,0,25MX18,WESTERN AV,29TH ST,60,N,N,A,-,N,NA,NA,NA,NA,NA,NA,NA,NA,NA,N,2,0,1,2,A,-,04,21703,NA,F,B,G,A,A,H,-,A,D,0,NA,Y,NA,NA,Y,NA,-,99,1,0,0,0,0,0,1,0,0,-,-,NA,NA,LOS ANGELES,LOS ANGELES,-118.30894470214844,34.02925491333008
9478864,2022,2022-08-10,1942,2022-07-10,1058,38111,0333,7,5,7,1942,0,0,0,C,0,25TL25,JEFFERSON BL,VIRGINIA RD,9,S,N,A,-,N,NA,NA,NA,NA,NA,NA,NA,NA,NA,N,3,0,1,2,A,-,09,21802,A,M,D,G,A,A,H,-,A,D,0,NA,Y,NA,NA,Y,NA,-,99,0,1,0,0,0,0,1,0,0,-,-,NA,NA,LOS ANGELES,LOS ANGELES,-118.3394775390625,34.025569915771484
9478865,2022,2022-08-10,1942,2022-07-10,1455,41923,0355,7,5,7,1942,0,0,0,C,0,25T21,WESTERN AV,EXPOSITION BL,28,S,N,A,-,N,NA,NA,NA,NA,NA,NA,NA,NA,NA,N,3,0,1,2,A,-,12,21453,A,F,H,G,A,A,H,-,A,A,0,NA,Y,NA,NA,Y,NA,-,99,0,1,0,0,0,0,1,0,0,-,-,NA,NA,LOS ANGELES,LOS ANGELES,-118.30892181396484,34.018184661865234
9478866,2022,2022-08-10,1942,2022-07-12,1610,33397,0311,2,5,7,1942,0,0,0,C,0,25MQ51,FAIRFAX AV,ADAMS BL,110,N,N,A,-,N,NA,NA,NA,NA,NA,NA,NA,NA,NA,N,2,0,1,2,A,-,09,21801,A,N,D,C,A,A,H,-,A,A,0,NA,NA,NA,NA,Y,NA,A,07,1,0,0,0,0,0,0,0,0,-,-,NA,NA,LOS ANGELES,LOS ANGELES,-118.37065887451172,34.0327262878418
94788662,2025,2025-08-04,9580,2025-07-30,1935,023181,NA,3,2,7,1942,0,1,1,NA,2,404,I-405 N/B (SAN DIEGO FWY),VENTURA BLVD,6336,S,N,A,-,Y,LA,NA,405,NA,NA,37.787,H,NA,R,N,4,0,1,3,A,-,08,22107,NA,F,B,C,A,A,H,-,B,D,0,NA,NA,Y,NA,Y,Y,-,99,0,0,1,0,0,0,0,0,1,-,-,34.1368408203125,-118.47122955322266,LOS ANGELES,LOS ANGELES,-118.47130584716795,34.13685607910156
94788669,2025,2025-08-04,9530,2025-07-24,2325,023930,NA,4,3,5,1924,0,1,1,NA,2,201,I-105 E/B (GLENN ANDERSON FWY),HOOVER ST,0,NA,Y,A,-,Y,LA,NA,105,NA,R,7.03,H,NA,R,Y,3,0,1,2,A,-,07,21658,A,N,B,C,A,A,H,-,C,D,0,NA,NA,NA,NA,Y,NA,A,01,0,1,0,0,0,0,0,0,0,-,-,33.92858123779297,-118.28697204589844,LOS ANGELES,GARDENA,-118.28697204589844,33.92853546142578
9478867,2022,2022-08-23,1942,2022-07-15,1745,42645,0363,5,5,7,1942,0,0,0,C,0,25T35,COLISEUM ST,S BRONSON AV,0,NA,N,A,-,N,NA,NA,NA,NA,NA,NA,NA,NA,NA,N,4,0,1,2,B,-,22,NA,NA,F,C,C,A,A,H,-,A,D,0,NA,NA,NA,NA,Y,NA,-,99,0,0,1,0,0,0,0,0,0,-,-,NA,NA,LOS ANGELES,LOS ANGELES,-118.3339385986328,34.018218994140625
9478868,2022,2022-08-11,1942,2022-07-20,1310,36238,1371,3,5,7,1942,0,0,0,M,0,24TL43,55TH ST,MAIN ST,0,NA,Y,A,-,N,NA,NA,NA,NA,NA,NA,NA,NA,NA,Y,4,0,1,2,A,-,01,23152,A,F,D,C,A,A,H,-,A,D,0,NA,NA,NA,NA,Y,Y,A,01,0,0,1,0,0,0,0,0,0,-,-,NA,NA,LOS ANGELES,LOS ANGELES,-118.27394104003906,33.99242401123047
9478869,2022,2022-08-11,1942,2022-07-10,2343,41068,1269,7,5,7,1942,0,0,0,L,0,27T32,MANCHESTER AV,CENTRAL AV,0,NA,Y,A,-,N,NA,NA,NA,NA,NA,NA,NA,NA,NA,Y,4,0,1,2,A,-,12,21453,A,F,D,C,A,A,H,-,C,A,0,NA,NA,NA,NA,Y,NA,A,01,0,0,1,0,0,0,0,0,0,-,-,NA,NA,LOS ANGELES,LOS ANGELES,-118.25641632080078,33.96015930175781
94788698,2025,2025-08-04,9580,2025-07-31,24,022158,NA,4,3,7,1942,0,1,3,NA,2,171,SR-170 S/B (HOLLYWOOD FWY.),MAGNOLIA BLVD,680,N,N,A,-,Y,LA,NA,170,NA,R,15.525,H,NA,L,Y,4,0,1,2,C,-,18,NA,NA,N,C,2,A,A,H,-,D,A,0,NA,NA,NA,NA,Y,NA,-,-,0,0,1,0,0,0,0,0,0,-,-,34.16682815551758,-118.38369750976564,LOS ANGELES,LOS ANGELES,-118.3836669921875,34.166839599609375
9478870,2022,2022-08-11,1942,2022-07-07,1340,40404,1803,4,5,7,1942,0,0,0,R,0,25TL25,AVALON BL,8TH PL,150,N,N,A,-,N,NA,NA,NA,NA,NA,NA,NA,NA,NA,N,3,0,1,2,A,-,06,21755,NA,F,G,B,E,A,H,-,A,A,0,Y,NA,NA,NA,Y,NA,-,99,0,1,0,0,1,0,0,0,0,-,-,NA,NA,LOS ANGELES,LOS ANGELES,NA,NA
94788704,2025,2025-08-04,9580,2025-07-31,845,020763,NA,4,1,7,1942,0,1,2,NA,2,105,US-101 S/B (VENTURA FREEWAY),TAMPA AVE,500,N,N,A,-,Y,LA,NA,101,NA,NA,22.288,H,NA,L,N,4,0,1,2,A,-,03,22350,NA,N,C,C,A,A,H,-,A,D,0,NA,NA,NA,NA,Y,NA,A,01,0,0,1,0,0,0,0,0,0,-,-,34.173458099365234,-118.55388641357422,LOS ANGELES,LOS ANGELES,-118.55388641357422,34.17346954345703
94788706,2025,2025-08-04,9580,2025-07-25,930,024014,NA,5,1,7,1942,0,1,2,NA,2,100,US-101 N/B (VENTURA FREEWAY),TUJUNGA AVE,1125,N,N,A,-,Y,LA,NA,101,NA,NA,12.079,H,NA,R,N,4,0,1,3,A,-,08,22107,NA,N,C,A,A,A,H,-,A,D,0,NA,NA,NA,NA,Y,NA,-,-,0,0,1,0,0,0,0,0,0,-,-,34.15449142456055,-118.38279724121094,LOS ANGELES,LOS ANGELES,-118.38279724121094,34.15458297729492
9478871,2022,2022-08-11,1942,2022-07-07,1550,39028,1822,4,5,7,1942,0,0,0,R,0,25MQ55,FIGUEROA ST,CENTURY BL,22,S,N,A,-,N,NA,NA,NA,NA,NA,NA,NA,NA,NA,N,4,0,1,2,A,-,03,22350,NA,F,C,C,A,A,H,-,A,A,0,NA,NA,NA,NA,Y,NA,-,99,0,0,1,0,0,0,0,0,0,-,-,NA,NA,LOS ANGELES,LOS ANGELES,-118.28264617919922,33.94548034667969
9478872,2022,2022-08-11,1942,2022-07-06,1755,38202,1269,3,5,7,1942,0,0,0,L,0,25MX84,WADSWORTH AV,79TH ST,0,NA,Y,B,-,N,NA,NA,NA,NA,NA,NA,NA,NA,NA,Y,3,0,1,2,A,-,12,22450,A,F,D,C,A,A,H,-,A,A,0,NA,NA,NA,NA,Y,NA,-,99,0,1,0,0,0,0,0,0,0,-,-,NA,NA,LOS ANGELES,LOS ANGELES,-118.25860595703124,33.96745681762695
94788728,2025,2025-08-15,9580,2025-07-31,1815,023129,NA,4,2,7,1942,0,1,3,NA,2,116,SR-118 E/B (RONALD REAGAN FWY.),BALBOA BLVD,2006,W,N,A,-,Y,LA,NA,118,NA,R,7.399,H,NA,R,Y,3,0,4,4,A,-,03,22350,NA,N,C,C,A,A,H,-,A,D,0,NA,NA,NA,NA,Y,NA,A,01,0,1,3,0,0,0,0,0,0,-,-,34.277801513671875,-118.50920104980467,LOS ANGELES,LOS ANGELES,-118.50920104980467,34.27781677246094
9478873,2022,2022-08-11,1942,2022-07-10,2025,43432,1822,7,5,7,1942,0,0,0,R,0,25TL31,GRAND AV,103RD ST,0,NA,Y,A,-,N,NA,NA,NA,NA,NA,NA,NA,NA,NA,N,4,0,1,2,A,-,03,22350,NA,F,C,G,A,A,H,-,B,D,0,NA,Y,NA,NA,Y,NA,-,99,0,0,1,0,0,0,1,0,0,-,-,NA,NA,LOS ANGELES,LOS ANGELES,-118.2805633544922,33.942832946777344
9478874,2022,2022-09-12,1942,2022-07-05,1435,41579,0397,2,5,7,1942,0,0,0,C,0,25MQ57,VERNON AV,DENVER AV,0,NA,Y,A,-,N,NA,NA,NA,NA,NA,NA,NA,NA,NA,Y,3,0,1,2,A,-,09,21800,D,F,D,C,A,A,H,-,A,A,0,NA,NA,Y,NA,Y,NA,-,99,0,1,0,0,0,0,0,0,1,-,-,NA,NA,LOS ANGELES,LOS ANGELES,-118.3045654296875,34.00371170043945
94788745,2025,2025-08-04,9575,2025-07-23,745,021795,NA,3,1,7,1942,0,1,1,NA,2,052,I-5 S/B (GOLDEN STATE FREEWAY),LANKERHSIM BLVD.,160,S,N,B,-,Y,LA,NA,5,NA,NA,34.951,H,NA,L,N,4,0,1,2,A,-,07,21658,A,N,B,2,A,A,H,-,A,D,0,NA,NA,NA,NA,Y,NA,A,07,0,0,1,0,0,0,0,0,0,-,-,34.22645950317383,-118.38710021972656,LOS ANGELES,LOS ANGELES,-118.38710784912108,34.22643280029297
94788749,2024,2025-08-04,9590,2024-09-21,505,023563,NA,6,3,7,1942,0,1,1,NA,2,063,INTERSTATE 10 WESTBOUND (SANTA MONICA FREEWAY),TOBERMAN STREET,704,E,N,A,-,Y,LA,NA,10,NA,NA,14.719,H,NA,L,Y,1,1,1,1,A,-,01,23152,G,N,E,I,A,A,H,-,C,D,0,NA,NA,NA,NA,Y,Y,A,07,1,0,0,0,0,0,0,0,0,-,-,34.038551330566406,-118.27603912353516,LOS ANGELES,LOS ANGELES,-118.27602386474608,34.03840637207031
9478875,2022,2023-01-24,1942,2022-07-15,1735,40099,0526,5,5,7,1942,0,0,0,E,0,25MX82,AVALON BL,F ST,2,N,N,A,-,N,NA,NA,NA,NA,NA,NA,NA,NA,NA,N,4,0,1,2,A,-,21,22106,NA,F,H,G,A,A,H,-,A,A,0,NA,Y,NA,NA,Y,NA,-,99,0,0,1,0,0,0,1,0,0,-,-,NA,NA,LOS ANGELES,LOS ANGELES,-118.2622299194336,33.77710723876953
94788762,2025,2025-08-04,9530,2025-06-27,1300,024337,NA,5,1,5,1943,0,1,1,NA,2,210,I-105 W/B (GLENN ANDERSON FWY),GERTRUDE AVE.,150,W,N,A,-,Y,LA,NA,105,NA,R,12.28,H,NA,L,N,4,0,1,3,A,-,07,21658,A,M,B,C,A,A,H,-,A,D,0,NA,NA,Y,NA,Y,Y,-,99,0,0,1,0,0,0,0,0,1,-,-,33.92018127441406,-118.19883728027344,LOS ANGELES,LYNWOOD,-118.19883728027344,33.92018508911133
94788764,2025,2025-08-04,9530,2025-06-26,1030,024337,NA,4,1,9,1900,0,3,5,NA,2,002,AVALON BLVD.,ROSECRANS AVE.,18,W,N,A,-,N,NA,NA,NA,NA,NA,NA,NA,NA,NA,N,4,0,1,2,A,-,10,21950,A,F,G,B,B,A,H,-,A,A,0,Y,NA,NA,NA,Y,Y,-,99,0,0,1,0,1,0,0,0,0,-,-,33.9020881652832,-118.2655029296875,LOS ANGELES,UNINCORPORATED,-118.26528167724608,33.90214157104492
94788766,2025,2025-08-04,9550,2025-07-20,750,023831,NA,7,1,6,1920,0,1,1,NA,2,500,INTERSTATE 5 NORTHBOUND,PARAMOUNT BOULEVARD,1320,S,N,A,-,Y,LA,NA,5,NA,NA,8.711,H,NA,R,N,3,0,1,2,A,-,08,22107,NA,N,B,C,A,A,H,-,A,D,0,NA,NA,NA,NA,Y,NA,-,-,0,1,0,0,0,0,0,0,0,-,-,33.9617805480957,-118.11704254150392,LOS ANGELES,DOWNEY,-118.11704254150392,33.96177673339844
9478877,2022,2022-08-11,1942,2022-07-09,1725,41072,0508,6,5,7,1942,0,0,0,E,0,25T37,235TH ST,PRESIDENT AV,42,W,N,A,-,N,NA,NA,NA,NA,NA,NA,NA,NA,NA,Y,4,0,1,2,A,-,09,21801,A,F,B,G,A,A,H,-,A,A,0,NA,Y,NA,NA,Y,NA,-,99,0,0,1,0,0,0,1,0,0,-,-,NA,NA,LOS ANGELES,LOS ANGELES,-118.30722045898438,33.81282424926758
94788775,2025,2025-08-04,9550,2025-07-22,240,024048,NA,2,3,9,1900,0,1,3,NA,2,601,STATE ROUTE 60 (POMONA FREEWAY) E/B,HACIENDA BOULEVARD,240,E,N,A,-,Y,LA,NA,60,NA,NA,16.003,H,NA,R,Y,4,0,2,2,A,-,03,22350,NA,N,C,C,A,A,H,-,D,D,0,NA,NA,NA,Y,Y,NA,G,25,0,0,2,0,0,0,0,0,0,-,-,34.0064811706543,-117.96350860595705,LOS ANGELES,UNINCORPORATED,-117.96348571777344,34.006526947021484
94788776,2024,2025-08-04,9525,2024-12-06,2230,023826,NA,5,3,6,1955,0,1,3,NA,2,604,SR-60 E/B (POMONA FWY),PHILLIPS RANCH ROAD,820,W,N,A,-,Y,LA,NA,60,NA,R,27.887,H,NA,R,Y,1,1,2,3,A,-,01,23152,A,N,C,4,A,A,H,-,D,D,0,NA,NA,NA,Y,Y,Y,A,07,1,0,1,0,0,0,0,0,0,-,-,34.024410247802734,-117.77353668212892,LOS ANGELES,POMONA,-117.7734832763672,34.02452850341797
9478878,2022,2022-08-11,1942,2022-07-10,1845,42282,0335,7,5,7,1942,0,0,0,C,0,25T37,JEFFERSON,ARLINGTON AV,0,NA,Y,A,-,N,NA,NA,NA,NA,NA,NA,NA,NA,NA,Y,3,0,1,2,A,-,12,22450,A,F,B,C,A,A,H,-,A,A,0,NA,NA,NA,NA,Y,NA,-,99,0,1,0,0,0,0,0,0,0,-,-,NA,NA,LOS ANGELES,LOS ANGELES,-118.31765747070313,34.0255241394043
94788783,2025,2025-08-04,9550,2025-07-21,1805,023782,NA,1,2,6,1949,0,1,1,NA,2,651,I605 N/B,FILESTONE BLVD,792,N,N,A,-,Y,LA,NA,605,NA,R,8.564,H,NA,R,N,4,0,1,3,A,-,03,22350,NA,N,B,C,A,A,H,-,A,D,0,NA,NA,Y,NA,Y,NA,C,02,0,0,1,0,0,0,0,0,1,-,-,33.927101135253906,-118.10341644287108,LOS ANGELES,NORWALK,-118.1033172607422,33.92707824707031
94788784,2025,2025-08-04,9550,2025-07-16,2050,023831,NA,3,2,9,1900,0,3,5,NA,2,001,BROADWAY AVENUE,BEXLEY DRIVE,0,NA,Y,A,-,N,NA,NA,NA,NA,NA,NA,NA,NA,NA,Y,3,0,2,2,A,-,09,21801,A,N,D,C,A,A,H,-,C,A,0,NA,NA,NA,NA,Y,NA,A,07,0,1,1,0,0,0,0,0,0,-,-,33.980838775634766,-118.0615005493164,LOS ANGELES,UNINCORPORATED,-118.06153869628906,33.98085021972656
9478879,2022,2022-08-11,1942,2022-07-08,2128,36705,RD070,5,5,7,1942,0,0,0,NA,0,27MQ73,LA CIENEGA BL,WARING AV,80,N,N,A,-,N,NA,NA,NA,NA,NA,NA,NA,NA,NA,Y,3,0,2,5,A,-,01,23152,A,N,B,E,A,A,H,-,C,D,0,NA,NA,NA,NA,Y,Y,A,07,0,1,1,0,0,0,0,0,0,-,-,NA,NA,LOS ANGELES,LOS ANGELES,-118.37648010253906,34.085548400878906
9478880,2022,2022-08-11,1900,2022-07-14,1800,627290,2116,4,5,5,1943,0,0,0,NA,0,212D1,LONG BEACH BL,CARLIN AV,0,NA,Y,A,-,N,NA,NA,NA,NA,NA,NA,NA,NA,NA,Y,2,0,3,2,A,-,09,21801,A,F,D,C,A,A,H,-,C,A,0,NA,NA,Y,NA,Y,NA,A,01,1,0,2,0,0,0,0,0,0,-,-,NA,NA,LOS ANGELES,LYNWOOD,-118.20928192138672,33.914791107177734
94788801,2025,2025-08-04,9565,2025-03-17,1540,024161,NA,1,2,9,1900,1,3,5,NA,2,003,CENTINELA AVENUE E/B,SHERBOURNE DRIVE,100,W,N,C,-,N,NA,NA,NA,NA,NA,NA,NA,NA,NA,Y,3,0,1,3,A,-,08,22107,NA,N,B,2,A,B,H,-,A,D,0,NA,NA,NA,NA,Y,NA,A,01,0,1,0,0,0,0,0,0,0,-,-,33.97642135620117,-118.38217926025392,LOS ANGELES,UNINCORPORATED,-118.38199615478516,33.976444244384766
94788805,2025,2025-08-04,9550,2025-07-19,2005,023732,NA,6,2,9,1900,0,1,1,NA,2,650,I-605 NB TO SR 60,STATE ROUTE 60 (POMONA FREEWAY),1109,S,N,A,-,Y,LA,NA,605,NA,R,17.177,H,NA,R,Y,4,0,1,2,A,-,03,22350,NA,N,C,C,A,A,H,-,B,D,0,NA,NA,NA,NA,Y,NA,A,01,0,0,1,0,0,0,0,0,0,-,-,34.03152847290039,-118.02993011474608,LOS ANGELES,UNINCORPORATED,-118.03005981445313,34.03164291381836
9478881,2022,2022-08-09,1942,2022-06-23,1305,41214,1256,4,5,7,1942,0,0,0,L,0,12A,BROADWAY,75TH ST,0,NA,Y,A,-,N,NA,NA,NA,NA,NA,NA,NA,NA,NA,Y,4,0,2,2,A,-,09,21802,A,F,D,C,A,A,H,-,A,A,0,NA,NA,NA,NA,Y,NA,-,99,0,0,2,0,0,0,0,0,0,-,-,NA,NA,LOS ANGELES,LOS ANGELES,-118.27831268310548,33.97175979614258
9478882,2022,2022-08-09,1942,2022-06-14,0450,41933,0336,2,5,7,1942,0,0,0,C,0,25T21,39TH ST,NORMANDIE AV,0,NA,Y,A,-,N,NA,NA,NA,NA,NA,NA,NA,NA,NA,N,3,0,1,2,A,-,12,21453,A,F,G,B,B,A,H,-,C,A,0,Y,NA,NA,NA,Y,NA,-,99,0,1,0,0,1,0,0,0,0,-,-,NA,NA,LOS ANGELES,LOS ANGELES,-118.3001708984375,34.01551818847656
9478883,2022,2022-08-09,1942,2022-06-18,1745,90031,1251,6,5,7,1942,0,0,0,L,0,12A73,CRENSHAW BL,67TH ST,0,NA,Y,A,-,N,NA,NA,NA,NA,NA,NA,NA,NA,NA,N,2,0,2,2,A,-,03,22350,NA,N,C,C,A,A,H,-,A,A,0,NA,NA,NA,NA,Y,NA,A,01,1,1,0,0,0,0,0,0,0,-,-,NA,NA,LOS ANGELES,LOS ANGELES,-118.33087921142578,33.97813034057617
9478884,2022,2022-08-09,1942,2022-06-22,0800,33599,1265,3,5,7,1942,0,0,0,L,0,25TL23,MANCHESTER AV,VERMONT,75,E,N,B,-,N,NA,NA,NA,NA,NA,NA,NA,NA,NA,N,4,0,1,3,A,-,03,22350,NA,F,C,C,A,A,H,-,A,D,0,NA,NA,NA,NA,Y,NA,-,99,0,0,1,0,0,0,0,0,0,-,-,NA,NA,LOS ANGELES,LOS ANGELES,-118.2915267944336,33.960018157958984
94788842,2025,2025-08-04,9550,2025-07-25,1040,022789,NA,5,1,7,1941,0,1,3,NA,2,090,STATE ROUTE 91 EASTBOUND,CHERRY AVENUE,515,W,N,A,-,Y,LA,NA,91,NA,R,13.004,H,NA,R,N,3,0,2,2,A,-,08,22107,NA,N,C,C,A,A,H,-,A,D,0,NA,NA,NA,NA,Y,Y,D,22,0,2,0,0,0,0,0,0,0,-,-,33.87636947631836,-118.17054748535156,LOS ANGELES,LONG BEACH,-118.17054748535156,33.87636947631836