CASE_ID,ACCIDENT_YEAR,PROC_DATE,JURIS,COLLISION_DATE,COLLISION_TIME,OFFICER_ID,REPORTING_DISTRICT,DAY_OF_WEEK,CHP_SHIFT,POPULATION,CNTY_CITY_LOC,SPECIAL_COND,BEAT_TYPE,CHP_BEAT_TYPE,CITY_DIVISION_LAPD,CHP_BEAT_CLASS,BEAT_NUMBER,PRIMARY_RD,SECONDARY_RD,DISTANCE,DIRECTION,INTERSECTION,WEATHER_1,WEATHER_2,STATE_HWY_IND,CALTRANS_COUNTY,CALTRANS_DISTRICT,STATE_ROUTE,ROUTE_SUFFIX,POSTMILE_PREFIX,POSTMILE,LOCATION_TYPE,RAMP_INTERSECTION,SIDE_OF_HWY,TOW_AWAY,COLLISION_SEVERITY,NUMBER_KILLED,NUMBER_INJURED,PARTY_COUNT,PRIMARY_COLL_FACTOR,PCF_CODE_OF_VIOL,PCF_VIOL_CATEGORY,PCF_VIOLATION,PCF_VIOL_SUBSECTION,HIT_AND_RUN,TYPE_OF_COLLISION,MVIW,PED_ACTION,ROAD_SURFACE,ROAD_COND_1,ROAD_COND_2,LIGHTING,CONTROL_DEVICE,CHP_ROAD_TYPE,PEDESTRIAN_ACCIDENT,BICYCLE_ACCIDENT,MOTORCYCLE_ACCIDENT,TRUCK_ACCIDENT,NOT_PRIVATE_PROPERTY,ALCOHOL_INVOLVED,STWD_VEHTYPE_AT_FAULT,CHP_VEHTYPE_AT_FAULT,COUNT_SEVERE_INJ,COUNT_VISIBLE_INJ,COUNT_COMPLAINT_PAIN,COUNT_PED_KILLED,COUNT_PED_INJURED,COUNT_BICYCLIST_KILLED,COUNT_BICYCLIST_INJURED,COUNT_MC_KILLED,COUNT_MC_INJURED,PRIMARY_RAMP,SECONDARY_RAMP,LATITUDE,LONGITUDE,COUNTY,CITY,POINT_X,POINT_Y
94791404,2025,2025-08-06,9530,2025-07-25,1305,024052,NA,5,1,7,1941,0,1,1,NA,2,071,I-710 S/B TO SR-91 E/B,ATLANTIC AVE,2800,S,N,A,-,Y,LA,NA,710,NA,NA,13.103,H,NA,L,N,4,0,1,2,A,-,03,22350,NA,F,C,C,A,A,H,-,A,D,0,NA,NA,NA,NA,Y,NA,-,99,0,0,1,0,0,0,0,0,0,-,-,33.8773193359375,-118.19300079345705,LOS ANGELES,LONG BEACH,-118.19281768798828,33.87729263305664
94791405,2025,2025-08-06,9550,2025-07-26,1755,023732,NA,6,2,9,1900,0,1,3,NA,2,600,SR 60 W/B,CROSSROADS PARKWAY,3010,E,N,A,-,Y,LA,NA,60,NA,NA,13.222,H,NA,L,N,4,0,1,2,A,-,03,22350,NA,N,C,C,A,A,H,-,A,D,0,NA,NA,NA,NA,Y,NA,A,07,0,0,1,0,0,0,0,0,0,-,-,34.028751373291016,-118.00228118896484,LOS ANGELES,UNINCORPORATED,-118.00227355957033,34.02876663208008
94791414,2025,2025-08-06,9530,2025-07-25,1430,024345,NA,5,2,7,1942,0,1,1,NA,2,110,I-110 N/B (HARBOR FREEWAY),IMPERIAL HWY,200,N,N,A,-,Y,LA,NA,110,NA,NA,14.101,H,NA,R,Y,4,0,1,2,A,-,07,21658,A,M,B,C,A,A,H,-,A,D,0,NA,NA,NA,NA,Y,NA,-,99,0,0,1,0,0,0,0,0,0,-,-,33.932830810546875,-118.27992248535156,LOS ANGELES,LOS ANGELES,-118.27997589111328,33.93283462524414
94791419,2025,2025-08-06,9540,2025-07-28,440,023260,NA,1,3,9,1900,0,1,3,NA,2,147,SR-14 S/B,SOLEDAD CANYON RD,4752,N,N,A,-,Y,LA,NA,14,NA,NA,36.665,H,NA,L,Y,4,0,2,3,A,-,03,22350,NA,N,C,C,A,A,H,-,D,D,0,NA,NA,NA,Y,Y,NA,A,01,0,0,2,0,0,0,0,0,0,-,-,34.43844985961914,-118.3704833984375,LOS ANGELES,UNINCORPORATED,-118.37049865722656,34.438472747802734
9479142,2022,2022-08-11,1900,2022-06-14,2350,657065,0975,2,5,4,1979,0,0,0,NA,0,91K2,FOUNTAIN AV,CRESCENT HEIGHTS BL,0,NA,Y,A,-,N,NA,NA,NA,NA,NA,NA,NA,NA,NA,Y,3,0,1,2,A,-,03,22350,NA,F,A,C,A,A,H,-,C,A,0,NA,NA,NA,NA,Y,NA,D,22,0,1,0,0,0,0,0,0,0,-,-,34.09440994262695,-118.36595153808594,LOS ANGELES,WEST HOLLYWOOD,-118.365966796875,34.09440231323242
94791421,2025,2025-08-06,9530,2025-07-25,1820,023862,NA,5,2,9,1900,0,3,5,NA,2,006,CARSON ST.,BUDLONG AVE.,0,NA,Y,A,-,N,NA,NA,NA,NA,NA,NA,NA,NA,NA,Y,4,0,1,2,A,-,09,21801,A,N,B,C,A,A,H,-,A,A,0,NA,NA,NA,NA,Y,NA,A,01,0,0,1,0,0,0,0,0,0,-,-,33.831661224365234,-118.29531097412108,LOS ANGELES,UNINCORPORATED,-118.2952880859375,33.831565856933594
9479144,2022,2022-08-16,1900,2022-06-20,1200,606099,0975,1,5,4,1979,0,0,0,NA,0,92T3,SANTA MONICA BL,CRESCENT HEIGHTS BL,0,NA,Y,A,-,N,NA,NA,NA,NA,NA,NA,NA,NA,NA,N,4,0,1,2,A,-,10,21950,NA,M,A,B,B,A,H,-,A,A,0,Y,NA,NA,NA,Y,NA,D,22,0,0,1,0,1,0,0,0,0,-,-,34.09074020385742,-118.36582946777344,LOS ANGELES,WEST HOLLYWOOD,-118.36593627929688,34.09079360961914
94791443,2025,2025-08-08,9530,2025-06-30,1930,024512,NA,1,2,9,1900,0,3,5,NA,2,002,135TH ST,SAN PEDRO ST,0,NA,Y,A,-,N,NA,NA,NA,NA,NA,NA,NA,NA,NA,Y,4,0,1,2,A,-,08,22100,A,N,D,2,A,A,H,-,A,A,0,NA,NA,NA,NA,Y,NA,A,01,0,0,1,0,0,0,0,0,0,-,-,33.909149169921875,-118.26976776123048,LOS ANGELES,UNINCORPORATED,-118.26966857910156,33.909156799316406
94791470,2025,2025-08-06,9530,2025-06-29,24,024609,NA,7,3,9,1900,0,3,5,NA,2,002,BROADWAY,EL SEGUNDO BLVD,589.3,S,N,A,-,N,NA,NA,NA,NA,NA,NA,NA,NA,NA,Y,3,0,1,2,A,-,08,22107,NA,N,B,C,A,A,H,-,C,D,0,NA,NA,Y,NA,Y,NA,A,01,0,1,0,0,0,0,0,0,1,-,-,33.91429901123047,-118.27835845947266,LOS ANGELES,UNINCORPORATED,-118.27837371826172,33.91480255126953
94791477,2025,2025-08-06,9580,2025-07-31,2143,023213,NA,4,2,7,1942,0,1,2,NA,2,102,US-101 N/B (VENTURA FREEWAY) TO I-405 (SAN DIEGO F,I-405 (SAN DIEGO FREEWAY),370,S,N,A,-,Y,LA,NA,101,NA,NA,17.085,H,NA,R,N,4,0,1,2,A,-,08,22107,NA,N,B,C,A,A,D,-,C,D,0,NA,NA,NA,NA,Y,NA,A,08,0,0,1,0,0,0,0,0,0,-,-,34.16048049926758,-118.46813201904295,LOS ANGELES,LOS ANGELES,-118.46824645996094,34.160308837890625
94791479,2025,2025-08-06,9580,2025-08-04,1604,023181,NA,1,2,7,1942,0,1,1,NA,2,407,I-405 S/B (SAN DIEGO FWY),NORDHOFF ST,1584,N,N,A,-,Y,LA,NA,405,NA,NA,45.232,H,NA,L,N,4,0,1,2,A,-,03,22350,NA,N,C,C,A,A,H,-,A,D,0,NA,NA,NA,NA,Y,NA,A,01,0,0,1,0,0,0,0,0,0,-,-,34.24256134033203,-118.47318267822266,LOS ANGELES,LOS ANGELES,-118.47311401367188,34.24256134033203
94791494,2025,2025-08-06,9580,2025-08-01,1030,022603,NA,5,1,7,1942,0,1,2,NA,2,103,US-101 S/B (VENTURA FREEWAY),HAYVENHURST AVE,100,S,N,A,-,Y,LA,NA,101,NA,NA,18.565,H,NA,L,N,4,0,2,3,A,-,08,22107,NA,N,B,C,A,A,H,-,A,D,0,NA,NA,NA,NA,Y,NA,-,-,0,0,2,0,0,0,0,0,0,-,-,34.16518020629883,-118.49149322509766,LOS ANGELES,LOS ANGELES,-118.49149322509766,34.1651611328125
94791510,2025,2025-08-06,9550,2025-07-25,210,024521,NA,5,3,9,1900,0,2,4,NA,1,032,GALE AVENUE,S STIMSON AVENUE,250,E,N,A,-,N,NA,NA,NA,NA,NA,NA,NA,NA,NA,N,4,0,1,2,A,-,08,22107,NA,N,B,G,A,A,H,-,C,D,0,NA,Y,NA,NA,Y,NA,A,01,0,0,1,0,0,0,1,0,0,-,-,34.00817108154297,-117.9542999267578,LOS ANGELES,UNINCORPORATED,-117.95526885986328,34.00849533081055
94791513,2025,2025-08-06,9530,2025-07-20,320,023568,NA,7,3,5,1915,0,1,3,NA,2,310,SR-91 W/B (ARTESIA FREEWAY),CENTRAL AVE.,2000,W,N,A,-,Y,LA,NA,91,NA,R,8.035,H,NA,L,Y,4,0,1,1,A,-,08,22107,NA,N,E,I,A,A,H,-,D,D,0,NA,NA,NA,NA,Y,NA,A,01,0,0,1,0,0,0,0,0,0,-,-,33.87369918823242,-118.25562286376952,LOS ANGELES,COMPTON,-118.25562286376952,33.87377166748047
94791522,2025,2025-08-06,9580,2025-08-01,1500,023129,NA,5,2,7,1942,0,1,1,NA,2,404,I-405 N/B (SAN DIEGO FWY),BURBANK BLVD,1724,S,N,A,-,Y,LA,NA,405,NA,NA,39.948,H,NA,R,N,4,0,1,2,A,-,03,22350,NA,N,C,C,A,A,H,-,A,D,0,NA,NA,NA,NA,Y,NA,D,22,0,0,1,0,0,0,0,0,0,-,-,34.16743850708008,-118.4689483642578,LOS ANGELES,LOS ANGELES,-118.4689483642578,34.167442321777344
94791528,2025,2025-08-06,9550,2025-07-19,1220,024590,NA,6,1,9,1900,0,1,1,NA,2,651,SR-60 EB,AZUSA AVE,600,E,N,A,-,Y,LA,NA,60,NA,NA,18.098,H,NA,R,N,3,0,1,2,A,-,08,22107,NA,N,B,C,A,A,H,-,A,D,0,NA,NA,NA,NA,Y,NA,A,01,0,1,0,0,0,0,0,0,0,-,-,33.99658966064453,-117.92900848388672,LOS ANGELES,UNINCORPORATED,-117.92901611328124,33.9965705871582
94791536,2025,2025-08-06,9575,2025-07-25,2010,022629,NA,5,2,6,1953,0,1,1,NA,2,064,I-210 W/B (FOOTHILL FREEWAY),LAKE AVENUE,1584,W,N,A,-,Y,LA,NA,210,NA,R,26.002,H,NA,L,Y,4,0,1,3,A,-,03,22350,NA,N,C,C,A,A,H,-,C,D,0,NA,NA,NA,NA,Y,NA,A,07,0,0,1,0,0,0,0,0,0,-,-,34.15201187133789,-118.1380615234375,LOS ANGELES,PASADENA,-118.1380615234375,34.15199279785156
94791557,2025,2025-09-01,9550,2025-07-29,745,022498,NA,2,1,9,1900,0,1,3,NA,2,600,SR-60 EB,7TH AVE,2880,E,N,A,-,Y,LA,NA,60,NA,NA,14.842,H,NA,R,Y,4,0,1,4,A,-,07,21658,A,N,B,2,A,A,H,-,A,D,0,NA,NA,NA,NA,Y,NA,A,01,0,0,1,0,0,0,0,0,0,-,-,34.01306915283203,-117.98206329345705,LOS ANGELES,UNINCORPORATED,-117.98202514648438,34.013099670410156
94791574,2025,2025-08-06,9540,2025-07-30,1650,022041,NA,3,2,9,1900,0,2,4,NA,2,010,THE OLD RD,CONSTITUTION AVE,0,NA,Y,A,-,N,NA,NA,NA,NA,NA,NA,NA,NA,NA,Y,4,0,1,2,A,-,12,21453,A,N,D,C,A,A,H,-,A,A,0,NA,NA,NA,NA,Y,NA,A,01,0,0,1,0,0,0,0,0,0,-,-,34.384361267089844,-118.57177734375,LOS ANGELES,UNINCORPORATED,-118.57176208496094,34.38431930541992
94791577,2025,2025-08-06,9535,2025-07-26,1522,023354,NA,6,2,5,1943,0,1,1,NA,2,075,I-710 S/B TO I-105,MARTIN LUTHER KING JR BLVD,805,N,N,A,-,Y,LA,NA,710,NA,R,16.268,H,NA,L,Y,4,0,1,4,A,-,03,22350,NA,N,C,C,A,A,H,-,A,D,0,NA,NA,NA,NA,Y,NA,A,01,0,0,1,0,0,0,0,0,0,-,-,33.921138763427734,-118.17865753173828,LOS ANGELES,LYNWOOD,-118.17847442626952,33.92111587524414
94791585,2025,2025-08-06,9580,2025-08-01,1618,023181,NA,5,2,7,1942,0,1,2,NA,2,102,US-101 N/B (VENTURA FREEWAY),BALBOA BLVD,1584,N,N,A,-,Y,LA,NA,101,NA,NA,19.903,H,NA,R,Y,4,0,3,3,A,-,08,22107,NA,N,C,C,A,A,H,-,A,D,0,NA,NA,NA,Y,Y,NA,A,01,0,0,3,0,0,0,0,0,0,-,-,34.17136001586914,-118.51275634765624,LOS ANGELES,LOS ANGELES,-118.51275634765624,34.17127990722656
94791597,2025,2025-08-06,9540,2025-07-28,634,024472,NA,1,1,9,1900,0,2,4,NA,1,202,SOLEDAD CANYON RD,INDIAN CANYON RD,500,N,N,A,-,N,NA,NA,NA,NA,NA,NA,NA,NA,NA,N,3,0,1,1,A,-,03,22350,NA,N,E,A,A,A,H,-,A,D,0,NA,NA,NA,NA,Y,NA,A,01,0,1,0,0,0,0,0,0,0,-,-,34.49623107910156,-118.27469635009766,LOS ANGELES,UNINCORPORATED,-118.27131652832033,34.437339782714844
94791622,2025,2025-08-06,9535,2025-07-27,1625,023365,NA,7,2,5,1906,0,1,1,NA,2,650,I-605 N/B (SAN GABRIEL RIVER FREEWAY),VALLEY BOULEVARD,528,N,N,A,-,Y,LA,NA,605,NA,R,19.511,H,NA,R,N,3,0,1,2,A,-,03,22350,NA,N,C,C,A,A,H,-,A,D,0,NA,NA,NA,NA,Y,NA,A,01,0,1,0,0,0,0,0,0,0,-,-,34.05564880371094,-118.00334167480467,LOS ANGELES,BALDWIN PARK,-118.00336456298828,34.055660247802734
94791629,2025,2025-08-06,9535,2025-07-26,2130,023443,NA,6,2,9,1900,0,3,5,NA,2,001,I-710 S/B TO FLORAL DR.,FLORAL DR.,0,NA,Y,A,-,N,NA,NA,NA,NA,NA,NA,NA,NA,NA,Y,4,0,1,2,A,-,12,21453,A,N,D,C,A,A,H,-,C,A,0,NA,NA,NA,NA,Y,NA,D,22,0,0,1,0,0,0,0,0,0,-,-,34.04417037963867,-118.17140197753906,LOS ANGELES,UNINCORPORATED,-118.17015075683594,34.0442008972168
94791657,2025,2025-08-06,9590,2025-07-28,1453,023162,NA,1,2,7,1942,0,1,1,NA,2,052,I-110 N/B (HARBOR FREEWAY) COLLECTOR ROAD,JAMES M WOOD BOULEVARD,500,S,N,A,-,Y,LA,NA,110,NA,NA,22.228,H,NA,R,N,4,0,1,3,A,-,08,22107,NA,N,C,C,A,A,H,-,A,D,0,NA,NA,NA,NA,Y,NA,A,07,0,0,1,0,0,0,0,0,0,-,-,34.04737091064453,-118.26718139648438,LOS ANGELES,LOS ANGELES,-118.26724243164064,34.04744338989258
94791678,2025,2025-08-06,9590,2025-07-28,1455,022690,NA,1,2,7,1942,0,1,1,NA,2,014,SR-110 N/B (ARROYO SECO PARKWAY),MARMION WAY,975,S,N,A,-,Y,LA,NA,110,NA,NA,29.075,H,NA,R,N,4,0,1,1,A,-,08,22107,NA,N,E,I,A,A,H,-,A,D,0,NA,NA,NA,NA,Y,NA,A,01,0,0,1,0,0,0,0,0,0,-,-,34.11130905151367,-118.18370056152344,LOS ANGELES,LOS ANGELES,-118.18369293212892,34.11130142211914
9479168,2022,2022-08-11,1941,2022-07-02,0812,6185,NA,6,5,7,1941,0,0,0,NA,0,NA,MAGNOLIA AV,19TH ST,0,NA,Y,A,-,N,NA,NA,NA,NA,NA,NA,NA,NA,NA,Y,4,0,2,2,A,-,09,21802,A,N,-,C,A,A,H,-,A,A,0,NA,NA,NA,NA,Y,NA,A,NA,0,0,2,0,0,0,0,0,0,-,-,NA,NA,LOS ANGELES,LONG BEACH,-118.1981201171875,33.79167175292969
94791687,2025,2025-08-06,9590,2025-08-05,50,024196,NA,2,3,7,1942,0,1,2,NA,2,070,US-101 N/B (SAF),MISSION ROAD,60,S,N,A,-,Y,LA,NA,101,NA,S,1.293,H,NA,R,N,4,0,1,2,A,-,07,21658,A,M,B,C,A,A,H,-,C,D,0,NA,NA,NA,NA,Y,NA,A,01,0,0,1,0,0,0,0,0,0,-,-,34.05270004272461,-118.22582244873048,LOS ANGELES,LOS ANGELES,-118.22582244873048,34.05270767211914
94791689,2025,2025-08-06,9575,2025-08-01,900,024014,NA,5,1,7,1942,0,1,S,NA,2,904,SR-134 W/B,FORMAN AVE,165,W,N,A,-,Y,LA,NA,134,NA,NA,1.333,H,NA,L,N,4,0,1,2,A,-,08,22107,NA,N,C,C,A,A,H,-,A,D,0,NA,NA,NA,NA,Y,NA,D,22,0,0,1,0,0,0,0,0,0,-,-,34.15309143066406,-118.35336303710938,LOS ANGELES,LOS ANGELES,-118.35336303710938,34.15314865112305
9479169,2022,2022-08-11,1941,2022-06-22,1652,5572,NA,3,5,7,1941,0,0,0,NA,0,NA,WARDLOW RD,PALO VERDE AV,0,NA,Y,A,-,N,NA,NA,NA,NA,NA,NA,NA,NA,NA,Y,4,0,3,4,A,-,12,21453,A,N,D,C,A,A,H,-,A,A,0,NA,NA,NA,NA,Y,NA,A,NA,0,0,3,0,0,0,0,0,0,-,-,NA,NA,LOS ANGELES,LONG BEACH,-118.10787200927734,33.81875991821289
94791690,2025,2025-08-06,9575,2025-07-24,2215,024142,NA,4,3,6,1953,0,1,1,NA,2,064,I-210 W/B (FOOTHILL FREEWAY),LOS ROBLES AVE.,650,E,N,A,-,Y,LA,NA,210,NA,R,25.938,H,NA,L,N,4,0,2,3,A,-,07,21658,A,N,B,2,A,A,H,-,C,D,0,NA,NA,NA,NA,Y,NA,A,07,0,0,2,0,0,0,0,0,0,-,-,34.152000427246094,-118.1391830444336,LOS ANGELES,PASADENA,-118.1391830444336,34.15200424194336
94791691,2025,2025-08-06,9590,2025-07-28,1520,023269,NA,1,2,7,1942,0,1,2,NA,2,070,US-101 NB (HOLLYWOOD FREEWAY),SILVER LAKE BLVD,150,N,N,A,-,Y,LA,NA,101,NA,NA,3.829,H,NA,R,N,4,0,2,3,A,-,03,22350,NA,N,C,C,A,A,H,-,A,D,0,NA,NA,NA,NA,Y,NA,A,01,0,0,2,0,0,0,0,0,0,-,-,34.07743835449219,-118.28215789794922,LOS ANGELES,LOS ANGELES,-118.2821807861328,34.07738494873047
94791692,2025,2025-08-06,9590,2025-08-04,2225,022673,NA,1,3,7,1942,0,1,1,NA,2,081,I-5 S/B (GSF) TO I-5 S/B (SAF),7TH STREET,370,N,N,A,-,Y,LA,NA,5,NA,NA,16.954,H,NA,L,Y,3,0,2,2,A,-,03,22350,NA,F,C,C,A,A,H,-,C,D,0,NA,NA,NA,NA,Y,NA,A,01,0,2,0,0,0,0,0,0,0,-,-,34.03522872924805,-118.22103881835938,LOS ANGELES,LOS ANGELES,-118.22117614746094,34.03527069091797
9479170,2022,2022-09-01,1941,2022-07-01,1621,11516,NA,5,5,7,1941,0,0,0,NA,0,NA,EAST 7TH ST,LIME AV,0,NA,Y,A,-,N,NA,NA,NA,NA,NA,NA,NA,NA,NA,N,4,0,1,2,-,-,-,NA,NA,N,C,C,A,A,H,-,A,A,0,NA,NA,NA,NA,Y,NA,D,NA,0,0,1,0,0,0,0,0,0,-,-,NA,NA,LOS ANGELES,LONG BEACH,-118.18367767333984,33.77534484863281
94791700,2025,2025-08-06,9590,2025-08-04,1900,023266,NA,1,2,7,1942,0,1,2,NA,2,072,US-101 NB (HOLLYWOOD FREEWAY),SANTA MONICA BOULEVARD,940,S,N,A,-,Y,LA,NA,101,NA,NA,5.357,H,NA,R,N,3,0,2,2,A,-,03,22350,NA,N,C,C,A,A,H,-,A,D,0,NA,NA,NA,NA,Y,NA,A,01,0,1,1,0,0,0,0,0,0,-,-,34.08835983276367,-118.30471801757813,LOS ANGELES,LOS ANGELES,-118.30479431152344,34.08831787109375
94791712,2025,2025-08-06,9590,2025-07-31,915,016856,NA,4,1,7,1942,0,1,1,NA,2,063,I-10 W/B (SANTA MONICA FREEWAY),WESTERN AVENUE OVER CROSSING,377,E,N,A,-,Y,LA,NA,10,NA,R,12.901,H,NA,L,N,4,0,1,3,A,-,03,22350,NA,N,C,C,A,A,H,-,A,D,0,NA,NA,NA,NA,Y,NA,A,07,0,0,1,0,0,0,0,0,0,-,-,34.03718185424805,-118.30760192871094,LOS ANGELES,LOS ANGELES,-118.30760192871094,34.03725051879883
9479172,2022,2022-09-27,1941,2022-06-27,2107,11530,NA,1,5,7,1941,0,0,0,NA,0,NA,PCH,WALNUT AV,0,NA,Y,A,-,Y,LA,7,1,-,-,5.261,I,5,S,N,3,0,1,2,A,-,-,NA,NA,N,H,B,B,A,H,-,C,A,0,Y,NA,NA,NA,Y,Y,-,-,0,1,0,0,1,0,0,0,0,-,-,NA,NA,LOS ANGELES,LONG BEACH,-118.1719970703125,33.7898063659668
9479173,2022,2022-09-12,1941,2022-07-04,1745,10729,NA,1,5,7,1941,0,0,0,NA,0,NA,ATLANTIC PL,S 71ST ST,5,N,N,A,-,N,NA,NA,NA,NA,NA,NA,NA,NA,NA,N,3,0,1,3,A,-,03,22350,NA,N,D,C,A,A,H,-,A,D,0,NA,NA,NA,NA,Y,NA,A,NA,0,1,0,0,0,0,0,0,0,-,-,NA,NA,LOS ANGELES,LONG BEACH,-118.18585968017578,33.883644104003906
94791730,2025,2025-08-06,9550,2025-07-30,1950,022952,NA,3,2,6,1920,0,1,1,NA,2,651,I-605 NORTHBOUND,FLORENCE AVE,500,S,N,A,-,Y,LA,NA,605,NA,R,9.09,H,NA,R,Y,4,0,1,2,A,-,07,21658,A,N,E,I,A,A,H,-,A,D,0,NA,NA,Y,NA,Y,NA,A,01,0,0,1,0,0,0,0,0,1,-,-,33.93424987792969,-118.10002899169922,LOS ANGELES,DOWNEY,-118.10009765625,33.93427276611328
94791738,2025,2025-08-06,9580,2025-08-03,105,022800,NA,7,3,7,1942,0,1,2,NA,2,105,US-101 S/B (VENTURA FREEWAY),VENTURA BLVD,60,S,N,A,-,Y,LA,NA,101,NA,NA,25.75,H,NA,L,N,4,0,2,2,A,-,07,21658,A,F,B,C,A,A,H,-,D,D,0,NA,NA,NA,NA,Y,NA,-,99,0,0,2,0,0,0,0,0,0,-,-,34.1692008972168,-118.61221313476564,LOS ANGELES,LOS ANGELES,-118.61220550537108,34.16919708251953
9479174,2022,2022-08-11,1941,2022-06-19,1617,11227,NA,7,5,7,1941,0,0,0,NA,0,NA,BELL FLOWER BL,SPRING ST,5,S,N,A,-,N,NA,NA,NA,NA,NA,NA,NA,NA,NA,Y,4,0,2,4,A,-,12,21453,A,N,D,C,A,A,H,-,A,A,0,NA,NA,NA,NA,Y,NA,A,NA,0,0,2,0,0,0,0,0,0,-,-,NA,NA,LOS ANGELES,LONG BEACH,-118.12532806396484,33.810455322265625
9479175,2022,2022-08-23,1941,2022-07-18,0100,11524,NA,1,5,7,1941,0,0,0,NA,0,NA,REDONDO AV,8TH ST,0,NA,Y,A,-,N,NA,NA,NA,NA,NA,NA,NA,NA,NA,Y,2,0,2,2,A,-,01,23153,A,N,A,C,A,A,H,-,C,D,0,NA,NA,NA,NA,Y,Y,A,NA,1,0,1,0,0,0,0,0,0,-,-,NA,NA,LOS ANGELES,LONG BEACH,-118.15242004394533,33.77714538574219
94791767,2025,2025-08-06,9580,2025-08-03,300,023284,NA,7,3,7,1942,0,1,3,NA,2,170,SR-170 N/B (HOLLYWOOD FWY.),ROSCOE BLVD.,280,N,N,A,-,Y,LA,NA,170,NA,R,19.798,H,NA,R,Y,2,0,1,1,A,-,01,23152,A,N,E,I,A,A,H,-,C,D,0,NA,NA,Y,NA,Y,Y,C,02,1,0,0,0,0,0,0,0,1,-,-,34.22254180908203,-118.41018676757813,LOS ANGELES,LOS ANGELES,-118.41027069091795,34.22252655029297
94791772,2025,2025-08-06,9535,2025-07-27,115,023437,NA,7,3,3,1914,0,1,1,NA,2,501,I-5 S/B (SANTA ANA FREEWAY),ATLANTIC BLVD,947,S,N,A,-,Y,LA,NA,5,NA,NA,12.601,H,NA,L,Y,4,0,1,1,A,-,08,22107,NA,N,E,I,A,A,H,-,D,D,0,NA,NA,NA,NA,Y,NA,A,01,0,0,1,0,0,0,0,0,0,-,-,34.006961822509766,-118.1561279296875,LOS ANGELES,COMMERCE,-118.15619659423828,34.00688552856445
94791786,2025,2025-08-06,9575,2025-08-01,1116,023761,NA,5,1,7,1942,0,1,1,NA,2,053,I-5 N/B (GOLDEN STATE FREEWAY),VAN NUYS BLVD,740,N,N,A,-,Y,LA,NA,5,NA,NA,38.665,H,NA,R,N,4,0,3,2,A,-,03,22350,NA,N,C,C,A,A,H,-,A,D,0,NA,NA,NA,NA,Y,NA,A,01,0,0,3,0,0,0,0,0,0,-,-,34.258399963378906,-118.43659210205078,LOS ANGELES,LOS ANGELES,-118.43666839599608,34.25834274291992
94791808,2025,2025-08-06,9575,2025-08-01,1905,023500,NA,5,2,7,1942,0,1,1,NA,2,053,I-5 N/B (GOLDEN STATE FREEWAY),VAN NUYS BLVD,528,S,N,A,-,Y,LA,NA,5,NA,NA,38.405,H,NA,R,Y,4,0,1,4,A,-,08,22107,NA,N,B,C,A,A,H,-,B,D,0,NA,NA,NA,NA,Y,NA,A,07,0,0,1,0,0,0,0,0,0,-,-,34.25556182861328,-118.43360900878906,LOS ANGELES,LOS ANGELES,-118.43367767333984,34.25551223754883
94791816,2025,2025-08-06,9535,2025-07-27,1120,023070,NA,7,1,9,1900,0,1,1,NA,2,651,I-605 SB,SAN JOSE BRIDGE,1003,N,N,A,-,Y,LA,NA,605,NA,R,17.917,H,NA,L,Y,4,0,3,3,A,-,03,22350,NA,N,C,C,A,A,H,-,A,D,0,NA,NA,NA,Y,Y,NA,F,25,0,0,3,0,0,0,0,0,0,-,-,34.03902053833008,-118.02031707763672,LOS ANGELES,UNINCORPORATED,-118.0202865600586,34.038963317871094
94791828,2025,2025-08-06,9535,2025-07-27,1210,023070,NA,7,1,6,1922,0,1,1,NA,2,401,I-10 W/B (SAN BERNARDINO FREEWAY),COGSWELL RD,140,E,N,A,-,Y,LA,NA,10,NA,NA,30.168,H,NA,L,Y,4,0,2,3,A,-,03,22350,NA,N,C,C,A,A,H,-,A,D,0,NA,NA,NA,NA,Y,NA,A,07,0,0,2,0,0,0,0,0,0,-,-,34.0659294128418,-118.0168914794922,LOS ANGELES,EL MONTE,-118.0168914794922,34.0659294128418
94791839,2025,2025-08-06,9590,2025-07-30,700,021848,NA,3,1,7,1942,0,1,2,NA,2,070,US-101 N/B (HOLLYWOOD FREEWAY),BONNIE BRAE STREET,100,S,N,A,-,Y,LA,NA,101,NA,NA,2.693,H,NA,R,N,3,0,2,2,A,-,07,21658,A,N,B,C,A,A,H,-,A,D,0,NA,NA,Y,NA,Y,NA,A,01,0,2,0,0,0,0,0,0,2,-,-,34.07088088989258,-118.26422119140624,LOS ANGELES,LOS ANGELES,-118.26419830322266,34.07091522216797
94791842,2025,2025-08-06,9590,2025-07-31,655,021848,NA,4,1,7,1942,0,1,1,NA,2,011,SR-110 S/B (ARROYO SECO PARKWAY),PARK ROW DRIVE,1000,N,N,A,-,Y,LA,NA,110,NA,NA,25.373,H,NA,L,N,4,0,1,2,A,-,08,22107,NA,F,B,C,A,A,H,-,A,D,0,NA,NA,NA,NA,Y,NA,-,99,0,0,1,0,0,0,0,0,0,-,-,34.078609466552734,-118.22834777832033,LOS ANGELES,LOS ANGELES,-118.22838592529295,34.078643798828125