CASE_ID,ACCIDENT_YEAR,PROC_DATE,JURIS,COLLISION_DATE,COLLISION_TIME,OFFICER_ID,REPORTING_DISTRICT,DAY_OF_WEEK,CHP_SHIFT,POPULATION,CNTY_CITY_LOC,SPECIAL_COND,BEAT_TYPE,CHP_BEAT_TYPE,CITY_DIVISION_LAPD,CHP_BEAT_CLASS,BEAT_NUMBER,PRIMARY_RD,SECONDARY_RD,DISTANCE,DIRECTION,INTERSECTION,WEATHER_1,WEATHER_2,STATE_HWY_IND,CALTRANS_COUNTY,CALTRANS_DISTRICT,STATE_ROUTE,ROUTE_SUFFIX,POSTMILE_PREFIX,POSTMILE,LOCATION_TYPE,RAMP_INTERSECTION,SIDE_OF_HWY,TOW_AWAY,COLLISION_SEVERITY,NUMBER_KILLED,NUMBER_INJURED,PARTY_COUNT,PRIMARY_COLL_FACTOR,PCF_CODE_OF_VIOL,PCF_VIOL_CATEGORY,PCF_VIOLATION,PCF_VIOL_SUBSECTION,HIT_AND_RUN,TYPE_OF_COLLISION,MVIW,PED_ACTION,ROAD_SURFACE,ROAD_COND_1,ROAD_COND_2,LIGHTING,CONTROL_DEVICE,CHP_ROAD_TYPE,PEDESTRIAN_ACCIDENT,BICYCLE_ACCIDENT,MOTORCYCLE_ACCIDENT,TRUCK_ACCIDENT,NOT_PRIVATE_PROPERTY,ALCOHOL_INVOLVED,STWD_VEHTYPE_AT_FAULT,CHP_VEHTYPE_AT_FAULT,COUNT_SEVERE_INJ,COUNT_VISIBLE_INJ,COUNT_COMPLAINT_PAIN,COUNT_PED_KILLED,COUNT_PED_INJURED,COUNT_BICYCLIST_KILLED,COUNT_BICYCLIST_INJURED,COUNT_MC_KILLED,COUNT_MC_INJURED,PRIMARY_RAMP,SECONDARY_RAMP,LATITUDE,LONGITUDE,COUNTY,CITY,POINT_X,POINT_Y
94800805,2025,2025-08-13,9575,2025-08-04,1047,020702,NA,1,1,6,1925,0,1,1,NA,2,062,I-210 E/B (FOOTHILL FREEWAY),PENNSYLVANIA AVE.,500,E,N,A,-,Y,LA,NA,210,NA,R,16.896,H,NA,R,N,4,0,1,2,A,-,07,21658,A,N,B,C,A,A,H,-,A,D,0,NA,NA,NA,Y,Y,NA,F,25,0,0,1,0,0,0,0,0,0,-,-,34.22211837768555,-118.24722290039064,LOS ANGELES,GLENDALE,-118.24718475341795,34.22216796875
94800856,2025,2025-08-13,9565,2025-07-30,1430,024379,NA,3,2,7,1942,0,1,1,NA,2,082,I-10 E/B,CENTINELA AVE,200,E,N,A,-,Y,LA,NA,10,NA,R,4.435,H,NA,R,N,4,0,1,2,A,-,07,21658,A,N,C,C,A,A,H,-,A,D,0,NA,NA,Y,NA,Y,NA,A,07,0,0,1,0,0,0,0,0,1,-,-,34.027809143066406,-118.45079803466795,LOS ANGELES,LOS ANGELES,-118.45078277587892,34.027774810791016
9480086,2022,2022-07-19,1953,2022-07-01,0855,3775,1953,5,5,6,1953,0,0,0,NA,0,003,COLORADO BL,PARKWOOD AV,0,NA,Y,A,-,N,NA,NA,NA,NA,NA,NA,NA,NA,NA,Y,3,0,3,2,A,-,09,21802,A,N,D,C,A,A,H,-,A,A,0,NA,NA,NA,NA,Y,NA,A,01,0,1,2,0,0,0,0,0,0,-,-,NA,NA,LOS ANGELES,PASADENA,-118.11185455322266,34.146026611328125
94800868,2025,2025-08-13,9550,2025-08-06,1445,021100,NA,3,2,9,1900,0,3,5,NA,2,004,WEDGEWORTH DR,FIELDGATE AVENUE,331,E,N,A,-,N,NA,NA,NA,NA,NA,NA,NA,NA,NA,N,3,0,1,2,A,-,06,21755,A,N,H,G,A,A,H,-,A,D,0,NA,Y,NA,NA,Y,NA,L,04,0,1,0,0,0,0,1,0,0,-,-,33.99750900268555,-117.94866943359376,LOS ANGELES,UNINCORPORATED,-117.94869232177734,33.997528076171875
9480087,2022,2022-07-19,1902,2022-07-02,1134,816,4,6,5,5,1902,0,0,0,NA,0,001,FOOTHILL BL,2ND AV,50,E,N,A,-,N,NA,NA,NA,NA,NA,NA,NA,NA,NA,N,4,0,1,2,A,-,03,22350,NA,N,C,C,A,A,H,-,A,A,0,NA,NA,NA,NA,Y,NA,A,01,0,0,1,0,0,0,0,0,0,-,-,NA,NA,LOS ANGELES,ARCADIA,-118.02524566650392,34.151058197021484
9480088,2022,2022-07-19,1942,2022-06-15,1836,44238,1993,3,5,7,1942,0,0,0,NA,0,NA,WOODMAN AV,SATICOY ST,0,NA,Y,A,-,N,NA,NA,NA,NA,NA,NA,NA,NA,NA,Y,4,0,1,2,A,-,12,21453,A,F,D,C,A,A,H,-,A,A,0,NA,NA,NA,NA,Y,NA,A,01,0,0,1,0,0,0,0,0,0,-,-,NA,NA,LOS ANGELES,LOS ANGELES,-118.43115997314452,34.20945739746094
94800884,2025,2025-08-13,9565,2025-07-30,1035,024401,NA,3,1,9,1900,0,3,5,NA,2,002,WESTBOUND CENTURY BOULEVARD,NORMANDIE AVENUE,175,W,N,A,-,N,NA,NA,NA,NA,NA,NA,NA,NA,NA,N,4,0,1,2,A,-,21,22106,NA,N,G,B,E,A,H,-,A,D,0,Y,NA,NA,NA,Y,NA,I,19,0,0,1,0,1,0,0,0,0,-,-,33.945560455322266,-118.30087280273438,LOS ANGELES,UNINCORPORATED,-118.30085754394533,33.94548034667969
9480089,2022,2022-07-19,1942,2022-06-21,1920,33504,1918,2,5,7,1942,0,0,0,NA,0,26TL36,HUBBARD ST,FOOTHILL BL,100,W,N,A,-,N,NA,NA,NA,NA,NA,NA,NA,NA,NA,Y,4,0,1,2,A,-,08,22107,NA,F,C,C,A,A,H,-,A,A,0,NA,NA,NA,NA,Y,NA,-,99,0,0,1,0,0,0,0,0,0,-,-,NA,NA,LOS ANGELES,LOS ANGELES,-118.43051147460938,34.3072509765625
9480090,2022,2022-07-19,1942,2022-06-23,1700,32263,1981,4,5,7,1942,0,0,0,NA,0,26M26,PARTHENIA ST,ORION AV,0,NA,Y,A,-,N,NA,NA,NA,NA,NA,NA,NA,NA,NA,N,3,0,1,3,A,-,09,21802,A,F,D,C,A,A,H,-,A,A,0,NA,NA,NA,NA,Y,NA,-,99,0,1,0,0,0,0,0,0,0,-,-,NA,NA,LOS ANGELES,LOS ANGELES,-118.47202301025392,34.228294372558594
94800905,2025,2025-08-13,9535,2025-08-01,1315,024280,NA,5,1,6,1912,0,1,S,NA,2,904,INTERSTATE 5 SB (GOLDEN STATE FREEWAY),BURBANK BOULEVARD,898,S,N,A,-,Y,LA,NA,5,NA,NA,29.59,H,NA,L,Y,4,0,1,2,A,-,08,22107,NA,N,C,2,A,A,H,-,A,D,0,NA,NA,Y,NA,Y,NA,A,01,0,0,1,0,0,0,0,0,1,-,-,34.18339920043945,-118.31591033935548,LOS ANGELES,BURBANK,-118.31577301025392,34.18345642089844
94800966,2025,2025-08-13,9565,2025-08-01,0,023741,NA,5,3,9,1900,0,3,5,NA,2,002,94TH STREET,NORMANDIE AVENUE,500,E,N,A,-,N,NA,NA,NA,NA,NA,NA,NA,NA,NA,Y,3,0,1,4,A,-,01,23152,A,N,C,C,A,A,H,-,D,D,0,NA,NA,NA,NA,Y,Y,A,01,0,1,0,0,0,0,0,0,0,-,-,33.95090103149414,-118.29746246337892,LOS ANGELES,UNINCORPORATED,-118.29863739013672,33.95094299316406
9480100,2022,2022-07-20,1942,2022-06-23,2110,38273,1962,4,5,7,1942,0,0,0,NA,0,26T54,BURNET AV,NORDHOFF ST,0,NA,Y,A,-,N,NA,NA,NA,NA,NA,NA,NA,NA,NA,Y,3,0,2,3,A,-,09,21802,A,F,D,C,A,A,H,-,C,A,0,NA,NA,NA,NA,Y,NA,-,NA,0,2,0,0,0,0,0,0,0,-,-,NA,NA,LOS ANGELES,LOS ANGELES,-118.46324920654295,34.235496520996094
94801002,2025,2025-08-13,9535,2025-06-26,2125,024446,NA,4,2,9,1900,0,3,5,NA,2,007,BANDINI BLVD,DOWNEY RD,0,NA,Y,A,-,N,NA,NA,NA,NA,NA,NA,NA,NA,NA,Y,4,0,1,2,A,-,12,21453,A,F,D,C,A,A,H,-,C,A,0,NA,NA,NA,NA,Y,NA,-,99,0,0,1,0,0,0,0,0,0,-,-,34.00865936279297,-118.20498657226564,LOS ANGELES,UNINCORPORATED,-118.20499420166016,34.00863265991211
94801008,2025,2025-08-13,9575,2025-08-02,1940,024136,NA,6,2,9,1900,0,1,3,NA,2,300,SR-2 (ANGELES CREST HIGHWAY),MPM 32.62,5,E,N,A,-,Y,LA,NA,2,NA,NA,32.654,H,NA,R,Y,2,0,2,2,A,-,03,22350,NA,N,A,C,A,A,H,-,A,D,0,NA,NA,Y,NA,Y,Y,C,02,1,1,0,0,0,0,0,0,1,-,-,34.26734924316406,-118.17125701904295,LOS ANGELES,UNINCORPORATED,-118.1712646484375,34.267372131347656
94801019,2025,2025-08-13,9565,2025-08-04,1550,024390,NA,1,2,9,1900,0,1,1,NA,2,012,I-105 EASTBOUND,CRENSHAW BOULEVARD,50,E,N,A,-,Y,LA,NA,105,NA,R,4.761,H,NA,R,N,4,0,1,2,A,-,08,22107,NA,N,C,C,A,A,H,-,A,D,0,NA,NA,NA,NA,Y,NA,A,01,0,0,1,0,0,0,0,0,0,-,-,33.925010681152344,-118.32613372802734,LOS ANGELES,UNINCORPORATED,-118.32613372802734,33.925018310546875
94801028,2025,2025-08-13,9530,2025-08-01,1350,022978,NA,5,1,5,1943,0,1,1,NA,2,210,I-105 E/B (GLENN ANDERSON FWY),LONG BEACH BLVD.,1500,W,N,A,-,Y,LA,NA,105,NA,R,11.26,H,NA,R,N,4,0,1,2,A,-,03,22350,NA,N,C,C,A,A,H,-,A,D,0,NA,NA,NA,NA,Y,NA,A,01,0,0,1,0,0,0,0,0,0,-,-,33.92673110961914,-118.2144775390625,LOS ANGELES,LYNWOOD,-118.21448516845705,33.92672348022461
94801034,2025,2025-08-13,9530,2025-08-01,1510,024418,NA,5,2,4,1939,0,1,1,NA,2,400,I-405 N/B (SAN DIEGO FREEWAY),INGLEWOOD AVENUE,2300,S,N,A,-,Y,LA,NA,405,NA,NA,17.805,H,NA,R,N,4,0,1,2,A,-,03,22350,NA,N,C,C,A,A,H,-,A,D,0,NA,NA,NA,NA,Y,NA,A,07,0,0,1,0,0,0,0,0,0,-,-,33.8867301940918,-118.3552703857422,LOS ANGELES,LAWNDALE,-118.35526275634766,33.88673400878906
94801056,2025,2025-08-13,9565,2025-08-04,1445,024161,NA,1,2,7,1942,0,1,1,NA,2,064,I-405 S/B,CHURCH LANE,500,N,N,A,-,Y,LA,NA,405,NA,NA,33.327,H,NA,L,N,3,0,2,6,A,-,03,22350,NA,N,C,C,A,A,H,-,A,D,0,NA,NA,NA,NA,Y,NA,A,01,0,2,0,0,0,0,0,0,0,-,-,34.07680892944336,-118.46980285644533,LOS ANGELES,LOS ANGELES,-118.46983337402344,34.0767936706543
94801140,2025,2025-08-13,9530,2025-08-01,610,024418,NA,5,1,7,1942,0,1,1,NA,2,200,I-105 W/B (GLENN ANDERSON FWY),SAN PEDRO STREET,110,W,N,B,-,Y,LA,NA,105,NA,R,7.976,H,NA,L,Y,4,0,1,4,A,-,08,22107,NA,M,B,C,A,A,H,-,C,D,0,NA,NA,NA,NA,Y,NA,-,99,0,0,1,0,0,0,0,0,0,-,-,33.927799224853516,-118.27062225341795,LOS ANGELES,LOS ANGELES,-118.2706298828125,33.92772674560547
94801142,2025,2025-08-13,9535,2025-08-01,1605,023371,NA,5,2,9,1900,0,2,4,NA,2,011,EASTERN AVE (1700 BLOCK),MEDFORD ST,5,S,N,A,-,N,NA,NA,NA,NA,NA,NA,NA,NA,NA,N,4,0,1,2,A,-,03,22350,NA,N,C,C,A,A,H,-,A,D,0,NA,NA,NA,NA,Y,NA,A,01,0,0,1,0,0,0,0,0,0,-,-,34.06140899658203,-118.17800903320313,LOS ANGELES,UNINCORPORATED,-118.1784896850586,34.06153106689453
94801163,2025,2025-09-04,9590,2025-08-03,1920,023946,NA,7,2,7,1942,0,1,1,NA,2,050,I-110 N/B (HARBOR FREEWAY),W. 43RD STREET,291,N,N,A,-,Y,LA,NA,110,NA,NA,19.193,H,NA,R,N,3,0,1,2,A,-,03,22350,NA,F,C,C,A,A,H,-,A,D,0,NA,NA,NA,NA,Y,NA,-,99,0,1,0,0,0,0,0,0,0,-,-,34.0064697265625,-118.2808837890625,LOS ANGELES,LOS ANGELES,-118.28099060058594,34.0064697265625
94801186,2025,2025-08-13,9535,2025-08-01,115,023567,NA,5,3,3,1914,0,1,1,NA,2,501,I-5 S/B (SANTA ANA FREEWAY),TRIGGS ST.,160,N,N,A,-,Y,LA,NA,5,NA,NA,12.953,H,NA,L,Y,2,0,1,1,A,-,03,22350,NA,N,E,I,A,A,H,-,C,D,0,NA,NA,Y,NA,Y,NA,C,02,1,0,0,0,0,0,0,0,1,-,-,34.01063919067383,-118.16036224365234,LOS ANGELES,COMMERCE,-118.1604232788086,34.01059341430664
94801209,2025,2025-08-13,9575,2025-08-06,1820,024136,NA,3,2,9,1900,0,1,3,NA,2,301,SR-2 W/B (ANGELES CREST HIGHWAY),MPM 36.00,440,E,N,A,-,Y,LA,NA,2,NA,NA,36.16,H,NA,L,Y,4,0,1,1,A,-,08,22107,NA,N,E,8,A,A,H,-,A,D,0,NA,NA,NA,NA,Y,NA,A,01,0,0,1,0,0,0,0,0,0,-,-,34.26116943359375,-118.11656188964844,LOS ANGELES,UNINCORPORATED,-118.11660003662108,34.26115417480469
94801211,2025,2025-08-13,9580,2025-08-04,1315,023272,NA,1,1,7,1942,0,1,2,NA,2,101,US-101 S/B (VENTURA FREEWAY),LAUREL CANYON BLVD,2112,N,N,A,-,Y,LA,NA,101,NA,NA,13.365,H,NA,L,N,4,0,1,3,A,-,03,22350,NA,N,C,C,A,A,H,-,A,D,0,NA,NA,NA,NA,Y,NA,A,07,0,0,1,0,0,0,0,0,0,-,-,34.15663146972656,-118.40467071533205,LOS ANGELES,LOS ANGELES,-118.40467071533205,34.15659713745117
94801215,2025,2025-08-13,9580,2025-08-07,1210,020849,NA,4,1,9,1900,0,1,3,NA,1,121,MALIBU CANYON RD,PIUMA RD,130,S,N,A,-,N,NA,NA,NA,NA,NA,NA,NA,NA,NA,N,4,0,1,1,A,-,08,22107,NA,N,E,I,A,A,H,-,A,D,0,NA,NA,NA,NA,Y,NA,D,22,0,0,1,0,0,0,0,0,0,-,-,34.08192825317383,-118.70445251464844,LOS ANGELES,UNINCORPORATED,-118.7043914794922,34.08175277709961
94801236,2025,2025-08-13,9580,2025-08-09,2235,023725,NA,6,3,7,1942,0,1,2,NA,2,102,US-101 N/B (VENTURA FREEWAY),SEPULVEDA BLVD,500,S,N,A,-,Y,LA,NA,101,NA,NA,16.675,H,NA,R,N,3,0,1,4,A,-,03,22350,NA,N,C,C,A,A,H,-,D,D,0,NA,NA,NA,NA,Y,NA,A,07,0,1,0,0,0,0,0,0,0,-,-,34.159568786621094,-118.4613800048828,LOS ANGELES,LOS ANGELES,-118.46138763427734,34.15949249267578
94801264,2025,2025-08-13,9580,2025-08-11,1623,023395,NA,1,2,7,1942,0,1,2,NA,2,103,US-101 S/B (VENTURA FREEWAY),VAN NUYS BLVD,528,N,N,A,-,Y,LA,NA,101,NA,NA,16.615,H,NA,L,N,4,0,1,2,A,-,03,22350,NA,N,C,C,A,A,H,-,A,D,0,NA,NA,NA,NA,Y,NA,A,01,0,0,1,0,0,0,0,0,0,-,-,34.15932083129883,-118.46031951904295,LOS ANGELES,LOS ANGELES,-118.46035003662108,34.15919494628906
94801278,2025,2025-08-13,9530,2025-07-11,310,023654,NA,5,3,7,1942,0,1,1,NA,2,110,I-110 SOUTHBOUND,FIGUEROA STREET OVERCROSSING,60,S,N,A,-,Y,LA,NA,110,NA,NA,13.185,H,NA,L,Y,3,0,1,1,A,-,01,23152,A,N,E,J,A,A,H,-,D,D,0,NA,NA,NA,NA,Y,Y,A,01,0,1,0,0,0,0,0,0,0,-,-,33.92015838623047,-118.28334808349608,LOS ANGELES,LOS ANGELES,-118.28323364257813,33.92008590698242
94801304,2025,2025-08-13,9530,2025-07-25,1715,024409,NA,5,2,9,1900,0,3,5,NA,2,002,AVALON BLVD,EL SEGUNDO BLVD,100,N,N,A,-,N,NA,NA,NA,NA,NA,NA,NA,NA,NA,N,3,0,1,2,A,-,11,21954,A,F,G,B,D,A,H,-,A,A,0,Y,NA,NA,NA,Y,NA,N,60,0,1,0,0,1,0,0,0,0,-,-,33.91680908203125,-118.26522064208984,LOS ANGELES,UNINCORPORATED,-118.2652587890625,33.91669464111328
94801315,2025,2025-08-13,9530,2025-07-06,1552,024460,NA,7,2,9,1900,0,3,5,NA,2,002,MAIN ST.,126TH,100,S,N,A,-,N,NA,NA,NA,NA,NA,NA,NA,NA,NA,N,4,0,1,2,A,-,08,22107,NA,M,B,C,A,A,H,-,A,D,0,NA,NA,Y,NA,Y,NA,-,99,0,0,1,0,0,0,0,0,1,-,-,33.918701171875,-118.27403259277344,LOS ANGELES,UNINCORPORATED,-118.27398681640624,33.91858673095703
94801370,2025,2025-09-22,9530,2025-07-27,317,023143,NA,7,3,9,1900,0,1,1,NA,2,410,I-405 N/B (SAN DIEGO FREEWAY),ALAMEDA ST.,50,N,N,A,-,Y,LA,NA,405,NA,NA,8.806,H,NA,R,Y,3,0,1,2,A,-,03,22350,NA,N,C,C,A,A,H,-,B,D,0,NA,NA,NA,NA,Y,NA,A,01,0,1,0,0,0,0,0,0,0,-,-,33.825679779052734,-118.22830200195313,LOS ANGELES,UNINCORPORATED,-118.22830200195313,33.82564163208008
94801378,2025,2025-08-13,9530,2025-07-27,805,023865,NA,7,1,9,1900,0,3,5,NA,2,001,92ND ST.,SUCCESS AVE.,180,W,N,A,-,N,NA,NA,NA,NA,NA,NA,NA,NA,NA,Y,4,0,1,2,A,-,08,22107,NA,N,A,C,A,A,H,-,A,D,0,NA,NA,NA,NA,Y,NA,A,01,0,0,1,0,0,0,0,0,0,-,-,33.95330047607422,-118.24944305419922,LOS ANGELES,UNINCORPORATED,-118.2494659423828,33.95329666137695
94801455,2025,2025-08-13,9535,2025-08-02,1000,023247,NA,6,1,9,1900,0,1,3,NA,2,621,SR-60 W/B (POMONA FREEWAY),SANTA ANITA AVENUE,200,E,N,A,-,Y,LA,NA,60,NA,NA,10.345,H,NA,L,Y,4,0,4,4,A,-,03,22350,NA,F,C,2,A,A,H,-,A,A,0,NA,NA,NA,NA,Y,NA,-,99,0,0,4,0,0,0,0,0,0,-,-,34.03955078125,-118.04989624023438,LOS ANGELES,UNINCORPORATED,-118.04990386962892,34.039520263671875
9480146,2022,2022-10-04,1955,2022-05-06,0931,42150,006,5,5,6,1955,0,0,0,NA,0,005,WHITE AV,RANCHO VALLEY DR,25,E,N,A,-,N,NA,NA,NA,NA,NA,NA,NA,NA,NA,Y,4,0,1,2,A,-,03,22350,NA,N,C,C,A,A,H,-,A,A,0,NA,NA,NA,NA,Y,NA,A,01,0,0,1,0,0,0,0,0,0,-,-,34.0348014831543,-117.75859832763672,LOS ANGELES,POMONA,-117.75853729248048,34.0348014831543
94801466,2025,2025-08-13,9530,2025-07-23,1210,023456,NA,3,1,9,1900,0,1,1,NA,2,120,I-110 N/B (HARBOR FREEWAY),I-405 N/B (SAN DIEGO FREEWAY),600,N,N,A,-,Y,LA,NA,110,NA,NA,8.99,H,NA,R,Y,4,0,1,1,A,-,08,22107,NA,N,F,A,A,A,H,-,A,D,0,NA,NA,NA,NA,Y,NA,A,01,0,0,1,0,0,0,0,0,0,-,-,33.86008834838867,-118.28447723388672,LOS ANGELES,UNINCORPORATED,-118.28458404541016,33.86008071899414
94801467,2025,2025-08-13,9535,2025-08-04,1945,024213,NA,1,2,9,1900,0,2,4,NA,2,016,1ST ST (3500 BLOCK),INDIANA AVE,5,E,N,A,-,N,NA,NA,NA,NA,NA,NA,NA,NA,NA,N,3,0,1,2,A,-,10,21950,A,N,G,B,B,A,H,-,A,A,0,Y,NA,NA,NA,Y,NA,D,22,0,1,0,0,1,0,0,0,0,-,-,34.03596115112305,-118.19228363037108,LOS ANGELES,UNINCORPORATED,-118.15350341796876,33.897369384765625
94801469,2025,2025-08-13,9530,2025-07-11,605,023799,NA,5,1,7,1941,0,1,1,NA,2,430,I-405 S/B (SAN DIEGO FREEWAY),LAKEWOOD BLVD.,2200,N,N,A,-,Y,LA,NA,405,NA,NA,3.759,H,NA,L,Y,3,0,1,1,C,-,18,NA,NA,N,E,I,A,A,H,-,A,D,0,NA,NA,NA,NA,Y,NA,-,-,0,1,0,0,0,0,0,0,0,-,-,33.8066291809082,-118.1501235961914,LOS ANGELES,LONG BEACH,-118.15008544921876,33.80679702758789
94801471,2025,2025-08-13,9530,2025-07-25,2127,024409,NA,5,2,9,1900,0,3,5,NA,2,002,MONA BOULEVARD (12300 BLOCK),124TH STREET,20,N,N,A,-,N,NA,NA,NA,NA,NA,NA,NA,NA,NA,Y,2,0,3,2,B,-,22,NA,NA,N,D,C,A,A,H,-,C,A,0,NA,NA,NA,NA,Y,NA,J,48,1,0,2,0,0,0,0,0,0,-,-,33.919960021972656,-118.2281494140625,LOS ANGELES,UNINCORPORATED,-118.22811889648438,33.91984176635742
94801477,2025,2025-08-13,9535,2025-08-03,1636,024287,NA,7,2,5,1947,0,1,3,NA,2,601,SR-60 W/B (POMONA FREEWAY),MARKLAND DR.,105,W,N,A,-,Y,LA,NA,60,NA,R,6.286,H,NA,L,N,4,0,1,2,A,-,03,22350,NA,N,C,C,A,A,H,-,A,D,0,NA,NA,NA,NA,Y,NA,A,01,0,0,1,0,0,0,0,0,0,-,-,34.033329010009766,-118.11847686767578,LOS ANGELES,MONTEBELLO,-118.11847686767578,34.03336715698242
94801479,2025,2025-08-13,9530,2025-08-02,750,022995,NA,6,1,7,1941,0,1,1,NA,2,420,I-405 N/B (SAN DIEGO FREEWAY),I-710 (LONG BEACH FREEWAY),0,NA,Y,B,-,Y,LA,NA,405,NA,NA,7.607,H,NA,R,Y,4,0,1,1,A,-,08,22107,NA,N,E,I,A,A,H,-,A,A,0,NA,NA,NA,NA,Y,NA,D,22,0,0,1,0,0,0,0,0,0,-,-,33.8266487121582,-118.20767974853516,LOS ANGELES,LONG BEACH,-118.20768737792967,33.826560974121094
9480148,2022,2022-07-21,1955,2022-05-03,1525,40624,92,2,5,6,1955,0,0,0,NA,0,004,RESERVOIR ST,9TH ST,0,NA,Y,A,-,N,NA,NA,NA,NA,NA,NA,NA,NA,NA,N,4,0,1,2,A,-,12,21453,A,N,D,C,A,A,H,-,A,A,0,NA,NA,NA,NA,Y,NA,D,22,0,0,1,0,0,0,0,0,0,-,-,34.0518913269043,-117.73245239257813,LOS ANGELES,POMONA,-117.73247528076172,34.0518684387207
94801485,2025,2025-08-13,9535,2025-08-04,530,024085,NA,1,3,9,1900,0,3,5,NA,2,002,ROWAN AVE (4000 BLOCK),PERCY ST,0,NA,Y,A,-,N,NA,NA,NA,NA,NA,NA,NA,NA,NA,Y,4,0,1,2,A,-,09,21802,A,N,D,C,A,A,H,-,B,A,0,NA,NA,NA,NA,Y,NA,A,07,0,0,1,0,0,0,0,0,0,-,-,34.02532958984375,-118.18744659423828,LOS ANGELES,UNINCORPORATED,-118.18743896484376,34.02531814575195
9480149,2022,2022-07-22,1942,2022-07-01,2245,43872,1018,5,5,7,1942,0,0,0,J,0,10A39W,HASKELL AV,COHASSET ST,10,S,N,A,-,N,NA,NA,NA,NA,NA,NA,NA,NA,NA,Y,3,0,1,2,A,-,05,21651,B,F,A,C,A,A,H,-,C,D,0,NA,NA,NA,NA,Y,NA,A,01,0,1,0,0,0,0,0,0,0,-,-,NA,NA,LOS ANGELES,LOS ANGELES,-118.47492980957033,34.20660400390625
94801491,2025,2025-08-13,9525,2025-08-06,1610,024525,NA,3,2,9,1900,0,3,5,NA,2,004,VINELAND AVE (900 N BLOCK),TEMPLE AVE.,285,N,N,A,-,N,NA,NA,NA,NA,NA,NA,NA,NA,NA,N,3,0,1,2,A,-,09,21804,A,N,D,2,A,A,H,-,A,D,0,NA,NA,NA,NA,Y,NA,A,01,0,1,0,0,0,0,0,0,0,-,-,34.054561614990234,-117.9860610961914,LOS ANGELES,UNINCORPORATED,-117.9861297607422,34.05449676513672
94801495,2025,2025-08-13,9565,2025-08-04,930,024379,NA,1,1,7,1942,0,1,1,NA,2,061,I-405 N/B,HOWARD HUGHES PKY,1600,S,N,A,-,Y,LA,NA,405,NA,NA,24.952,H,NA,R,Y,3,0,1,3,A,-,03,22350,NA,N,C,C,A,A,H,-,A,D,0,NA,NA,NA,NA,Y,NA,A,08,0,1,0,0,0,0,0,0,0,-,-,33.9770393371582,-118.38804626464844,LOS ANGELES,LOS ANGELES,-118.38801574707033,33.977088928222656
94801525,2025,2025-08-13,9530,2025-08-04,1615,017860,NA,1,2,7,1941,0,1,1,NA,2,430,I-405 S/B (SAN DIEGO FREEWAY),REDONDO AVE.,688,N,N,A,-,Y,LA,NA,405,NA,NA,3.971,H,NA,L,N,4,0,1,3,A,-,03,22350,NA,N,C,C,A,A,H,-,A,D,0,NA,NA,NA,NA,Y,NA,A,07,0,0,1,0,0,0,0,0,0,-,-,33.80744934082031,-118.15367889404295,LOS ANGELES,LONG BEACH,-118.15369415283205,33.807411193847656
9480153,2022,2022-07-22,1942,2022-07-09,1240,41316,1708,6,5,7,1942,0,0,0,Q,0,26TL75,SAN FERNANDO RD,SEPULVEDA BL,0,NA,Y,A,-,N,NA,NA,NA,NA,NA,NA,NA,NA,NA,Y,2,0,3,2,A,-,09,21802,A,F,A,C,A,A,H,-,A,A,0,NA,NA,NA,NA,Y,NA,A,07,1,2,0,0,0,0,0,0,0,-,-,NA,NA,LOS ANGELES,LOS ANGELES,-118.49066162109376,34.31510925292969
9480154,2022,2022-07-25,1942,2022-07-08,1220,41316,2156,5,5,7,1942,0,0,0,NA,0,26T675,VICTORY BL,CANOGA AV,50,W,N,A,-,N,NA,NA,NA,NA,NA,NA,NA,NA,NA,Y,4,0,1,2,A,-,01,23152,A,N,B,C,A,A,H,-,A,D,0,NA,NA,NA,NA,Y,Y,D,22,0,0,1,0,0,0,0,0,0,-,-,NA,NA,LOS ANGELES,LOS ANGELES,-118.59764862060548,34.1883659362793
94801551,2025,2025-08-13,9530,2025-08-04,1650,024486,NA,1,2,7,1942,0,1,1,NA,2,110,I-110 N/B (HARBOR FREEWAY),ALONDRA BLVD.,120,S,N,A,-,Y,LA,NA,110,NA,NA,10.723,H,NA,R,Y,4,0,1,2,A,-,03,22350,NA,N,C,C,A,A,H,-,A,D,0,NA,NA,Y,NA,Y,NA,C,02,0,0,1,0,0,0,0,0,1,-,-,33.8850212097168,-118.28526306152344,LOS ANGELES,LOS ANGELES,-118.28529357910156,33.88501739501953
9480156,2022,2022-07-21,1955,2022-05-05,1446,42822,93,4,5,6,1955,0,0,0,NA,0,004,MISSION BL,SAN ANTONIO AV,48,E,N,A,-,N,NA,NA,NA,NA,NA,NA,NA,NA,NA,Y,4,0,1,2,A,-,01,23152,A,N,A,C,A,A,H,-,A,A,0,NA,NA,NA,NA,Y,Y,A,07,0,0,1,0,0,0,0,0,0,-,-,34.0554084777832,-117.73696136474608,LOS ANGELES,POMONA,-117.7367935180664,34.05544662475586